Epoch,sparse_flops,val_set_gradient_magnintude,val_set_Hg_magnitude,val_accuracy,test_set_gradient_magnitude,test_set_Hg_magnitude,test_accuracy
-1,131612752.0,0.5879819989204407,2.3445004160294047e-07,31.58,0.5832257270812988,2.6769595251607825e-07,31.23
0,4079995312.0,0.5785028338432312,2.6904405103778117e-07,32.2,0.5754569172859192,2.7013786052521027e-07,32.01
10,43563820912.0,0.45870113372802734,2.934195038051257e-07,52.9,0.46278199553489685,3.507588814954943e-07,53.57
20,83047646512.0,0.4393346309661865,2.534753491545416e-07,58.4,0.4439132809638977,3.7244222994559095e-07,58.49
30,122531472112.0,0.4073514938354492,3.2108920322571066e-07,67.08,0.4121597111225128,4.1315021803711716e-07,66.57
40,162015297712.0,0.30320438742637634,6.045173677193816e-07,84.6,0.31394392251968384,7.550661393906921e-07,82.47
50,201499123312.0,0.2753707468509674,1.4986280802986585e-06,87.7,0.29462388157844543,2.104510713252239e-06,84.44
