Epoch,sparse_flops,val_set_gradient_magnitude,val_accuracy,test_set_gradient_magnitude,test_accuracy
-1,0,0.9120413661003113,78.08,0.8445048332214355,77.8
0,17325886080.0,0.19173425436019897,95.26,0.20487824082374573,91.02
10,190584746880.0,0.08631115406751633,96.76,0.1435803771018982,92.49
20,363843607680.0,0.07502472400665283,97.72,0.17702487111091614,92.69
30,537102468480.0,0.07595489919185638,97.9,0.17358160018920898,92.88
40,710361329280.0,0.04995734989643097,98.5,0.17456354200839996,92.97
50,883620190080.0,0.06065912917256355,98.5,0.17037120461463928,92.94
