Epoch,sparse_flops,val_set_gradient_magnitude,val_accuracy,test_set_gradient_magnitude,test_accuracy
-1,0,0.6244333386421204,29.48,0.6375495791435242,29.07
0,15882810240.0,0.5597591996192932,34.44,0.5760490894317627,34.18
10,174710912640.0,0.2969440221786499,82.9,0.31171914935112,81.22
20,333539015040.0,0.2809935510158539,84.12,0.2738693654537201,82.34
30,492367117440.0,0.22371557354927063,85.36,0.33899953961372375,82.86
40,651195219840.0,0.2483338862657547,88.46,0.3519962430000305,85.1
50,810023322240.0,0.16654594242572784,90.08,0.3053787648677826,86.93
