;Epoch;test_accuracy;train-saturation_conv1;train-saturation_layer1-0-conv1;train-saturation_layer1-0-conv2;train-saturation_layer1-0-conv3;train-saturation_layer1-0-shortcut-0;train-saturation_layer1-1-conv1;train-saturation_layer1-1-conv2;train-saturation_layer1-1-conv3;train-saturation_layer1-2-conv1;train-saturation_layer1-2-conv2;train-saturation_layer1-2-conv3;train-saturation_layer2-0-conv1;train-saturation_layer2-0-conv2;train-saturation_layer2-0-conv3;train-saturation_layer2-0-shortcut-0;train-saturation_layer2-1-conv1;train-saturation_layer2-1-conv2;train-saturation_layer2-1-conv3;train-saturation_layer2-2-conv1;train-saturation_layer2-2-conv2;train-saturation_layer2-2-conv3;train-saturation_layer2-3-conv1;train-saturation_layer2-3-conv2;train-saturation_layer2-3-conv3;train-saturation_layer3-0-conv1;train-saturation_layer3-0-conv2;train-saturation_layer3-0-conv3;train-saturation_layer3-0-shortcut-0;train-saturation_layer3-1-conv1;train-saturation_layer3-1-conv2;train-saturation_layer3-1-conv3;train-saturation_layer3-2-conv1;train-saturation_layer3-2-conv2;train-saturation_layer3-2-conv3;train-saturation_layer3-3-conv1;train-saturation_layer3-3-conv2;train-saturation_layer3-3-conv3;train-saturation_layer3-4-conv1;train-saturation_layer3-4-conv2;train-saturation_layer3-4-conv3;train-saturation_layer3-5-conv1;train-saturation_layer3-5-conv2;train-saturation_layer3-5-conv3;train-saturation_layer4-0-conv1;train-saturation_layer4-0-conv2;train-saturation_layer4-0-conv3;train-saturation_layer4-0-shortcut-0;train-saturation_layer4-1-conv1;train-saturation_layer4-1-conv2;train-saturation_layer4-1-conv3;train-saturation_layer4-2-conv1;train-saturation_layer4-2-conv2;train-saturation_layer4-2-conv3;train-saturation_linear;eval-saturation_conv1;eval-saturation_layer1-0-conv1;eval-saturation_layer1-0-conv2;eval-saturation_layer1-0-conv3;eval-saturation_layer1-0-shortcut-0;eval-saturation_layer1-1-conv1;eval-saturation_layer1-1-conv2;eval-saturation_layer1-1-conv3;eval-saturation_layer1-2-conv1;eval-saturation_layer1-2-conv2;eval-saturation_layer1-2-conv3;eval-saturation_layer2-0-conv1;eval-saturation_layer2-0-conv2;eval-saturation_layer2-0-conv3;eval-saturation_layer2-0-shortcut-0;eval-saturation_layer2-1-conv1;eval-saturation_layer2-1-conv2;eval-saturation_layer2-1-conv3;eval-saturation_layer2-2-conv1;eval-saturation_layer2-2-conv2;eval-saturation_layer2-2-conv3;eval-saturation_layer2-3-conv1;eval-saturation_layer2-3-conv2;eval-saturation_layer2-3-conv3;eval-saturation_layer3-0-conv1;eval-saturation_layer3-0-conv2;eval-saturation_layer3-0-conv3;eval-saturation_layer3-0-shortcut-0;eval-saturation_layer3-1-conv1;eval-saturation_layer3-1-conv2;eval-saturation_layer3-1-conv3;eval-saturation_layer3-2-conv1;eval-saturation_layer3-2-conv2;eval-saturation_layer3-2-conv3;eval-saturation_layer3-3-conv1;eval-saturation_layer3-3-conv2;eval-saturation_layer3-3-conv3;eval-saturation_layer3-4-conv1;eval-saturation_layer3-4-conv2;eval-saturation_layer3-4-conv3;eval-saturation_layer3-5-conv1;eval-saturation_layer3-5-conv2;eval-saturation_layer3-5-conv3;eval-saturation_layer4-0-conv1;eval-saturation_layer4-0-conv2;eval-saturation_layer4-0-conv3;eval-saturation_layer4-0-shortcut-0;eval-saturation_layer4-1-conv1;eval-saturation_layer4-1-conv2;eval-saturation_layer4-1-conv3;eval-saturation_layer4-2-conv1;eval-saturation_layer4-2-conv2;eval-saturation_layer4-2-conv3;eval-saturation_linear
0;0;33.03;0.03125;0.0625;0.125;0.02734375;0.0234375;0.078125;0.109375;0.015625;0.0625;0.03125;0.00390625;0.0078125;0.015625;0.0;0.00390625;0.0;0.0234375;0.00390625;0.0078125;0.015625;0.001953125;0.0;0.0078125;0.001953125;0.0;0.00390625;0.0009765625;0.001953125;0.00390625;0.01171875;0.00390625;0.00390625;0.01171875;0.001953125;0.00390625;0.01171875;0.001953125;0.00390625;0.0078125;0.00390625;0.00390625;0.01171875;0.0048828125;0.001953125;0.001953125;0.0;0.00048828125;0.00390625;0.0078125;0.00048828125;0.0;0.005859375;0.00048828125;0.3;0.03125;0.0625;0.140625;0.0390625;0.01953125;0.125;0.171875;0.03515625;0.171875;0.109375;0.01171875;0.0390625;0.078125;0.013671875;0.021484375;0.0234375;0.125;0.037109375;0.046875;0.078125;0.029296875;0.0390625;0.0625;0.02734375;0.03125;0.03125;0.0107421875;0.0224609375;0.0234375;0.03515625;0.015625;0.02734375;0.02734375;0.009765625;0.02734375;0.015625;0.0087890625;0.01953125;0.02734375;0.0234375;0.0546875;0.03125;0.01953125;0.041015625;0.01953125;0.0078125;0.0068359375;0.01171875;0.0390625;0.0126953125;0.044921875;0.0390625;0.00390625;0.3
1;1;48.22;0.046875;0.09375;0.140625;0.03515625;0.03515625;0.109375;0.125;0.015625;0.09375;0.03125;0.00390625;0.0078125;0.0234375;0.001953125;0.0078125;0.0;0.03125;0.005859375;0.0078125;0.015625;0.00390625;0.0;0.0078125;0.001953125;0.00390625;0.0078125;0.001953125;0.00390625;0.00390625;0.02734375;0.0068359375;0.00390625;0.01171875;0.0029296875;0.00390625;0.01171875;0.00390625;0.00390625;0.01171875;0.0068359375;0.0078125;0.015625;0.005859375;0.00390625;0.001953125;0.0;0.0009765625;0.013671875;0.0234375;0.00146484375;0.0;0.005859375;0.00048828125;0.4;0.03125;0.09375;0.1875;0.0546875;0.03125;0.1875;0.234375;0.0546875;0.265625;0.15625;0.015625;0.0703125;0.1171875;0.021484375;0.04296875;0.0390625;0.125;0.025390625;0.0625;0.109375;0.041015625;0.0546875;0.1171875;0.048828125;0.05859375;0.0390625;0.0166015625;0.0302734375;0.03125;0.0546875;0.033203125;0.0390625;0.03125;0.013671875;0.0546875;0.03125;0.0166015625;0.046875;0.02734375;0.0263671875;0.09375;0.05859375;0.03515625;0.10546875;0.025390625;0.00732421875;0.0166015625;0.017578125;0.05859375;0.01806640625;0.041015625;0.033203125;0.0029296875;0.4
2;2;57.05;0.046875;0.109375;0.1875;0.046875;0.0390625;0.15625;0.15625;0.01953125;0.125;0.046875;0.00390625;0.015625;0.03125;0.001953125;0.01171875;0.0078125;0.046875;0.009765625;0.0078125;0.015625;0.00390625;0.0;0.015625;0.001953125;0.00390625;0.0078125;0.0029296875;0.005859375;0.0078125;0.0390625;0.0107421875;0.00390625;0.01171875;0.0029296875;0.0078125;0.015625;0.00390625;0.00390625;0.01171875;0.0048828125;0.015625;0.01953125;0.005859375;0.00390625;0.001953125;0.0;0.001953125;0.015625;0.037109375;0.00244140625;0.0;0.005859375;0.00048828125;0.5;0.046875;0.109375;0.21875;0.06640625;0.0390625;0.234375;0.296875;0.0703125;0.359375;0.25;0.0234375;0.1171875;0.140625;0.03125;0.0625;0.0859375;0.15625;0.03125;0.0859375;0.1171875;0.0390625;0.0859375;0.1015625;0.048828125;0.078125;0.04296875;0.0185546875;0.0341796875;0.0390625;0.07421875;0.044921875;0.0625;0.06640625;0.0205078125;0.0703125;0.04296875;0.021484375;0.06640625;0.04296875;0.0302734375;0.109375;0.07421875;0.0439453125;0.1328125;0.0546875;0.0126953125;0.01953125;0.021484375;0.06640625;0.025390625;0.056640625;0.02734375;0.00244140625;0.6
3;3;63.01;0.0625;0.125;0.234375;0.05078125;0.0390625;0.171875;0.171875;0.0234375;0.140625;0.046875;0.00390625;0.015625;0.03125;0.001953125;0.017578125;0.0078125;0.0546875;0.01171875;0.0078125;0.0234375;0.005859375;0.0078125;0.015625;0.00390625;0.0078125;0.0234375;0.00390625;0.0107421875;0.01953125;0.06640625;0.017578125;0.01171875;0.01953125;0.0048828125;0.015625;0.0234375;0.005859375;0.015625;0.01953125;0.0068359375;0.03125;0.03125;0.0087890625;0.01171875;0.00390625;0.00048828125;0.00390625;0.021484375;0.048828125;0.00341796875;0.001953125;0.005859375;0.00048828125;0.6;0.046875;0.125;0.25;0.0703125;0.0390625;0.25;0.328125;0.078125;0.390625;0.3125;0.0390625;0.1484375;0.15625;0.03125;0.0625;0.09375;0.1640625;0.046875;0.1171875;0.140625;0.046875;0.109375;0.1171875;0.048828125;0.08984375;0.0546875;0.0224609375;0.0341796875;0.046875;0.0859375;0.044921875;0.0546875;0.06640625;0.0283203125;0.0703125;0.0546875;0.02734375;0.07421875;0.05859375;0.0361328125;0.11328125;0.10546875;0.0576171875;0.14453125;0.04296875;0.0087890625;0.0224609375;0.02734375;0.080078125;0.029296875;0.08984375;0.046875;0.00390625;0.6
4;4;58.87;0.0625;0.125;0.265625;0.05859375;0.0390625;0.21875;0.203125;0.0234375;0.171875;0.046875;0.00390625;0.0234375;0.0390625;0.001953125;0.0234375;0.015625;0.0703125;0.015625;0.015625;0.03125;0.005859375;0.0078125;0.015625;0.00390625;0.01171875;0.03125;0.005859375;0.013671875;0.0234375;0.07421875;0.0185546875;0.015625;0.0234375;0.005859375;0.01953125;0.01953125;0.0048828125;0.01953125;0.0234375;0.005859375;0.0390625;0.0390625;0.0087890625;0.015625;0.00390625;0.00048828125;0.00537109375;0.025390625;0.0625;0.00537109375;0.00390625;0.005859375;0.00048828125;0.7;0.0625;0.125;0.28125;0.078125;0.0390625;0.265625;0.359375;0.08984375;0.4375;0.421875;0.0703125;0.1953125;0.1796875;0.037109375;0.0625;0.1015625;0.171875;0.0546875;0.1328125;0.1640625;0.052734375;0.125;0.1328125;0.0546875;0.0859375;0.0625;0.021484375;0.033203125;0.046875;0.1015625;0.0546875;0.06640625;0.08984375;0.037109375;0.078125;0.0703125;0.0302734375;0.0859375;0.08203125;0.0419921875;0.11328125;0.109375;0.0537109375;0.126953125;0.044921875;0.00927734375;0.021484375;0.029296875;0.087890625;0.03515625;0.1015625;0.05078125;0.00390625;0.6
5;5;68.06;0.078125;0.125;0.265625;0.05859375;0.0390625;0.203125;0.203125;0.0234375;0.171875;0.046875;0.00390625;0.0234375;0.0390625;0.00390625;0.025390625;0.015625;0.078125;0.015625;0.015625;0.0390625;0.005859375;0.0078125;0.015625;0.00390625;0.015625;0.04296875;0.0078125;0.015625;0.02734375;0.09765625;0.0224609375;0.02734375;0.05078125;0.0087890625;0.03515625;0.04296875;0.0068359375;0.03125;0.04296875;0.009765625;0.0546875;0.06640625;0.01171875;0.02734375;0.0078125;0.00048828125;0.0078125;0.029296875;0.076171875;0.0068359375;0.0078125;0.005859375;0.00048828125;0.7;0.0625;0.125;0.296875;0.078125;0.0390625;0.265625;0.375;0.08984375;0.4375;0.4375;0.0859375;0.171875;0.1640625;0.033203125;0.048828125;0.09375;0.1640625;0.052734375;0.125;0.1640625;0.0546875;0.109375;0.1171875;0.046875;0.07421875;0.07421875;0.0234375;0.0302734375;0.0546875;0.12109375;0.0595703125;0.0703125;0.1015625;0.0380859375;0.07421875;0.078125;0.0283203125;0.0859375;0.1015625;0.044921875;0.1015625;0.12890625;0.05859375;0.12890625;0.052734375;0.013671875;0.02099609375;0.03125;0.095703125;0.03564453125;0.10546875;0.060546875;0.0068359375;0.6
6;6;67.58;0.078125;0.125;0.28125;0.06640625;0.0390625;0.234375;0.25;0.0234375;0.203125;0.046875;0.00390625;0.03125;0.0546875;0.001953125;0.029296875;0.0234375;0.09375;0.017578125;0.0234375;0.0546875;0.005859375;0.015625;0.0234375;0.00390625;0.0234375;0.0546875;0.009765625;0.0185546875;0.0390625;0.1171875;0.0283203125;0.0390625;0.07421875;0.0126953125;0.046875;0.0625;0.0107421875;0.046875;0.0546875;0.0107421875;0.0703125;0.078125;0.01171875;0.037109375;0.01171875;0.00048828125;0.01025390625;0.033203125;0.087890625;0.00927734375;0.01171875;0.005859375;0.00048828125;0.7;0.078125;0.125;0.296875;0.0703125;0.0390625;0.28125;0.390625;0.08984375;0.453125;0.46875;0.0859375;0.171875;0.1640625;0.033203125;0.044921875;0.1015625;0.1640625;0.052734375;0.125;0.1640625;0.056640625;0.1171875;0.1484375;0.052734375;0.07421875;0.078125;0.0234375;0.029296875;0.0546875;0.12890625;0.0556640625;0.06640625;0.11328125;0.04296875;0.07421875;0.09765625;0.0322265625;0.0859375;0.11328125;0.0478515625;0.10546875;0.140625;0.05859375;0.10546875;0.048828125;0.009765625;0.02099609375;0.03515625;0.099609375;0.0322265625;0.09375;0.06640625;0.00927734375;0.6
7;7;67.84;0.078125;0.125;0.296875;0.06640625;0.0390625;0.234375;0.265625;0.0234375;0.234375;0.0625;0.00390625;0.0390625;0.0625;0.00390625;0.033203125;0.0234375;0.1015625;0.017578125;0.03125;0.0625;0.0078125;0.0234375;0.03125;0.005859375;0.03125;0.06640625;0.01171875;0.0205078125;0.04296875;0.1328125;0.02734375;0.046875;0.08203125;0.013671875;0.0546875;0.07421875;0.009765625;0.0546875;0.06640625;0.01171875;0.078125;0.09375;0.01171875;0.044921875;0.017578125;0.0009765625;0.01171875;0.037109375;0.09765625;0.0107421875;0.013671875;0.005859375;0.00048828125;0.7;0.078125;0.140625;0.296875;0.0625;0.0390625;0.265625;0.359375;0.0625;0.40625;0.34375;0.03515625;0.140625;0.171875;0.03125;0.04296875;0.09375;0.171875;0.056640625;0.125;0.1875;0.052734375;0.125;0.171875;0.052734375;0.0703125;0.0859375;0.0205078125;0.02734375;0.05859375;0.14453125;0.0556640625;0.078125;0.1328125;0.0458984375;0.078125;0.11328125;0.0341796875;0.09375;0.125;0.0439453125;0.109375;0.1640625;0.0595703125;0.099609375;0.0546875;0.0126953125;0.02099609375;0.037109375;0.109375;0.03369140625;0.109375;0.076171875;0.01318359375;0.7
8;8;69.56;0.09375;0.125;0.328125;0.0625;0.0390625;0.25;0.265625;0.0234375;0.25;0.0625;0.00390625;0.046875;0.0703125;0.00390625;0.03515625;0.03125;0.1171875;0.01953125;0.0390625;0.078125;0.009765625;0.03125;0.0546875;0.005859375;0.0390625;0.078125;0.013671875;0.0224609375;0.046875;0.15234375;0.033203125;0.05859375;0.1171875;0.0205078125;0.06640625;0.08984375;0.0126953125;0.0703125;0.09375;0.013671875;0.09375;0.11328125;0.0126953125;0.056640625;0.02734375;0.00146484375;0.01513671875;0.0390625;0.10546875;0.01416015625;0.01953125;0.0078125;0.00048828125;0.7;0.09375;0.140625;0.34375;0.0703125;0.0390625;0.28125;0.421875;0.0859375;0.453125;0.515625;0.09765625;0.1640625;0.171875;0.0390625;0.0390625;0.09375;0.1796875;0.052734375;0.125;0.1875;0.048828125;0.125;0.1796875;0.056640625;0.0703125;0.09375;0.0224609375;0.0263671875;0.05859375;0.15625;0.0556640625;0.08203125;0.1484375;0.046875;0.08203125;0.12109375;0.033203125;0.08984375;0.12890625;0.0419921875;0.11328125;0.1640625;0.05078125;0.078125;0.0546875;0.009765625;0.01953125;0.0390625;0.111328125;0.03173828125;0.091796875;0.05078125;0.00537109375;0.7
9;9;68.15;0.09375;0.125;0.34375;0.06640625;0.0390625;0.25;0.296875;0.02734375;0.265625;0.0625;0.00390625;0.0625;0.09375;0.0078125;0.0390625;0.046875;0.1328125;0.021484375;0.0625;0.1015625;0.009765625;0.046875;0.0703125;0.0078125;0.05078125;0.08984375;0.0166015625;0.025390625;0.05859375;0.171875;0.0361328125;0.06640625;0.1328125;0.0205078125;0.0703125;0.1015625;0.01171875;0.07421875;0.09765625;0.0107421875;0.09765625;0.12890625;0.013671875;0.056640625;0.033203125;0.001953125;0.01708984375;0.041015625;0.1171875;0.013671875;0.021484375;0.009765625;0.00048828125;0.7;0.09375;0.140625;0.328125;0.06640625;0.0390625;0.265625;0.40625;0.06640625;0.40625;0.453125;0.078125;0.1484375;0.1640625;0.03125;0.037109375;0.0859375;0.1796875;0.048828125;0.1328125;0.1875;0.05078125;0.125;0.1640625;0.04296875;0.0703125;0.09765625;0.0224609375;0.02734375;0.0625;0.171875;0.0576171875;0.08203125;0.15234375;0.04296875;0.0859375;0.13671875;0.0380859375;0.09765625;0.15625;0.0400390625;0.11328125;0.17578125;0.05078125;0.072265625;0.05859375;0.00927734375;0.02001953125;0.041015625;0.123046875;0.03125;0.076171875;0.078125;0.01171875;0.7
10;10;70.55;0.09375;0.125;0.359375;0.06640625;0.04296875;0.25;0.3125;0.02734375;0.265625;0.078125;0.00390625;0.078125;0.1015625;0.0078125;0.041015625;0.0546875;0.15625;0.025390625;0.078125;0.1328125;0.01171875;0.0703125;0.09375;0.009765625;0.0625;0.11328125;0.01953125;0.0283203125;0.0625;0.1875;0.0419921875;0.078125;0.1484375;0.0234375;0.08203125;0.12109375;0.015625;0.08984375;0.12890625;0.0126953125;0.11328125;0.1640625;0.015625;0.064453125;0.044921875;0.0029296875;0.01953125;0.04296875;0.12109375;0.01904296875;0.02734375;0.013671875;0.00048828125;0.7;0.109375;0.140625;0.34375;0.06640625;0.04296875;0.265625;0.40625;0.07421875;0.421875;0.46875;0.0546875;0.140625;0.15625;0.033203125;0.037109375;0.09375;0.1875;0.048828125;0.1328125;0.1953125;0.048828125;0.140625;0.1875;0.046875;0.07421875;0.11328125;0.025390625;0.02734375;0.06640625;0.1796875;0.0546875;0.08984375;0.1640625;0.0419921875;0.08984375;0.14453125;0.0322265625;0.1015625;0.16796875;0.03515625;0.12109375;0.19140625;0.0439453125;0.0703125;0.0625;0.00830078125;0.02001953125;0.041015625;0.123046875;0.0263671875;0.060546875;0.052734375;0.0048828125;0.7
11;11;75.78;0.109375;0.125;0.34375;0.0625;0.04296875;0.25;0.3125;0.02734375;0.25;0.078125;0.00390625;0.0859375;0.1171875;0.009765625;0.04296875;0.0625;0.1796875;0.02734375;0.0859375;0.15625;0.013671875;0.0859375;0.109375;0.009765625;0.06640625;0.125;0.021484375;0.029296875;0.0703125;0.19921875;0.0390625;0.0859375;0.15234375;0.0205078125;0.0859375;0.12890625;0.0146484375;0.08984375;0.1328125;0.0126953125;0.1171875;0.1640625;0.013671875;0.064453125;0.048828125;0.00341796875;0.01953125;0.04296875;0.1328125;0.02197265625;0.029296875;0.013671875;0.00048828125;0.7;0.109375;0.125;0.34375;0.05859375;0.04296875;0.28125;0.421875;0.05859375;0.390625;0.328125;0.01953125;0.140625;0.171875;0.03125;0.041015625;0.1015625;0.1953125;0.05078125;0.140625;0.203125;0.048828125;0.1484375;0.1953125;0.0390625;0.078125;0.12890625;0.0263671875;0.029296875;0.07421875;0.19921875;0.0556640625;0.09375;0.16796875;0.0390625;0.09375;0.1484375;0.02734375;0.10546875;0.16796875;0.033203125;0.125;0.19921875;0.041015625;0.068359375;0.0703125;0.009765625;0.01953125;0.04296875;0.12890625;0.025390625;0.0546875;0.052734375;0.00439453125;0.7
12;12;76.88;0.109375;0.125;0.34375;0.0625;0.04296875;0.28125;0.359375;0.0390625;0.28125;0.078125;0.00390625;0.1015625;0.125;0.013671875;0.04296875;0.0859375;0.1953125;0.02734375;0.1015625;0.171875;0.015625;0.09375;0.125;0.009765625;0.07421875;0.140625;0.025390625;0.03125;0.07421875;0.21484375;0.05078125;0.08984375;0.17578125;0.029296875;0.09375;0.1484375;0.0185546875;0.10546875;0.16796875;0.0166015625;0.125;0.19140625;0.0166015625;0.06640625;0.0625;0.0048828125;0.02197265625;0.044921875;0.13671875;0.02392578125;0.029296875;0.01953125;0.00048828125;0.7;0.109375;0.140625;0.34375;0.0625;0.04296875;0.28125;0.4375;0.08203125;0.40625;0.5;0.0703125;0.140625;0.15625;0.033203125;0.0390625;0.109375;0.203125;0.048828125;0.140625;0.21875;0.05078125;0.140625;0.1875;0.037109375;0.078125;0.13671875;0.0263671875;0.029296875;0.0703125;0.20703125;0.0556640625;0.09375;0.17578125;0.0361328125;0.09765625;0.16015625;0.0283203125;0.109375;0.19140625;0.033203125;0.125;0.21484375;0.0400390625;0.06640625;0.0703125;0.00830078125;0.02099609375;0.04296875;0.1328125;0.02490234375;0.044921875;0.05078125;0.00341796875;0.7
13;13;75.93;0.109375;0.125;0.359375;0.06640625;0.046875;0.25;0.328125;0.03515625;0.265625;0.09375;0.00390625;0.1171875;0.140625;0.013671875;0.04296875;0.09375;0.2109375;0.03125;0.1171875;0.1953125;0.01953125;0.1171875;0.140625;0.013671875;0.078125;0.14453125;0.025390625;0.0322265625;0.07421875;0.22265625;0.0458984375;0.09375;0.18359375;0.03125;0.09765625;0.1640625;0.0185546875;0.11328125;0.1875;0.0185546875;0.1328125;0.2109375;0.0185546875;0.06640625;0.068359375;0.005859375;0.02197265625;0.044921875;0.140625;0.02197265625;0.033203125;0.021484375;0.00048828125;0.7;0.125;0.140625;0.34375;0.0625;0.046875;0.25;0.375;0.0546875;0.328125;0.328125;0.01953125;0.1328125;0.1640625;0.033203125;0.0390625;0.109375;0.21875;0.05078125;0.140625;0.2109375;0.046875;0.15625;0.2109375;0.037109375;0.08203125;0.13671875;0.025390625;0.0302734375;0.0703125;0.21484375;0.05078125;0.09375;0.18359375;0.037109375;0.09765625;0.16796875;0.0244140625;0.1171875;0.203125;0.03125;0.1328125;0.22265625;0.037109375;0.064453125;0.072265625;0.0078125;0.0205078125;0.04296875;0.134765625;0.02197265625;0.04296875;0.05078125;0.0029296875;0.7
14;14;73.62;0.125;0.125;0.328125;0.05859375;0.04296875;0.25;0.34375;0.03515625;0.28125;0.09375;0.00390625;0.125;0.1484375;0.015625;0.04296875;0.1015625;0.2109375;0.029296875;0.125;0.203125;0.017578125;0.125;0.1640625;0.015625;0.0859375;0.15234375;0.02734375;0.0322265625;0.078125;0.2265625;0.046875;0.1015625;0.19140625;0.029296875;0.10546875;0.1796875;0.021484375;0.1171875;0.19921875;0.0166015625;0.13671875;0.21484375;0.015625;0.068359375;0.078125;0.0068359375;0.0224609375;0.044921875;0.146484375;0.021484375;0.03125;0.0234375;0.00048828125;0.7;0.125;0.140625;0.3125;0.05078125;0.04296875;0.25;0.390625;0.05859375;0.34375;0.453125;0.046875;0.1328125;0.1640625;0.03125;0.037109375;0.109375;0.203125;0.044921875;0.140625;0.2265625;0.041015625;0.1484375;0.2109375;0.037109375;0.0859375;0.14453125;0.0283203125;0.0302734375;0.07421875;0.21875;0.052734375;0.1015625;0.1953125;0.037109375;0.10546875;0.18359375;0.029296875;0.12109375;0.2109375;0.0322265625;0.13671875;0.23046875;0.0302734375;0.06640625;0.080078125;0.00830078125;0.02099609375;0.04296875;0.13671875;0.021484375;0.0390625;0.0546875;0.00634765625;0.7
15;15;80.01;0.125;0.125;0.34375;0.05859375;0.046875;0.25;0.34375;0.03515625;0.265625;0.09375;0.00390625;0.125;0.1640625;0.01953125;0.04296875;0.109375;0.2265625;0.033203125;0.1328125;0.2109375;0.0234375;0.140625;0.203125;0.01953125;0.0859375;0.15625;0.02734375;0.033203125;0.078125;0.23828125;0.0517578125;0.10546875;0.1953125;0.0341796875;0.10546875;0.18359375;0.0234375;0.125;0.21484375;0.01953125;0.1484375;0.234375;0.01953125;0.0703125;0.0859375;0.0078125;0.0234375;0.044921875;0.150390625;0.02099609375;0.03125;0.02734375;0.00048828125;0.8;0.125;0.140625;0.3125;0.05078125;0.046875;0.25;0.390625;0.05859375;0.328125;0.375;0.0234375;0.1328125;0.1640625;0.03125;0.0390625;0.1171875;0.21875;0.044921875;0.1484375;0.21875;0.041015625;0.15625;0.2265625;0.037109375;0.0859375;0.15234375;0.02734375;0.0322265625;0.078125;0.23046875;0.052734375;0.1015625;0.1953125;0.037109375;0.10546875;0.18359375;0.0263671875;0.125;0.2265625;0.03125;0.1484375;0.25390625;0.03125;0.0703125;0.083984375;0.00830078125;0.0224609375;0.04296875;0.14453125;0.02099609375;0.037109375;0.052734375;0.00341796875;0.8
16;16;77.44;0.125;0.125;0.34375;0.0546875;0.046875;0.25;0.375;0.0390625;0.28125;0.125;0.00390625;0.1328125;0.1640625;0.01953125;0.04296875;0.109375;0.234375;0.03515625;0.140625;0.2265625;0.029296875;0.1484375;0.1953125;0.01953125;0.08984375;0.1640625;0.029296875;0.033203125;0.08203125;0.24609375;0.052734375;0.109375;0.203125;0.0341796875;0.11328125;0.20703125;0.0263671875;0.1328125;0.2421875;0.0244140625;0.15234375;0.2578125;0.0234375;0.07421875;0.0859375;0.0087890625;0.0234375;0.044921875;0.1484375;0.02001953125;0.037109375;0.041015625;0.00146484375;0.8;0.140625;0.140625;0.328125;0.05078125;0.046875;0.265625;0.390625;0.05859375;0.328125;0.40625;0.03125;0.1328125;0.1640625;0.029296875;0.0390625;0.109375;0.2265625;0.044921875;0.1484375;0.2265625;0.044921875;0.15625;0.21875;0.033203125;0.08984375;0.15625;0.0283203125;0.03125;0.078125;0.2421875;0.0537109375;0.10546875;0.19921875;0.037109375;0.11328125;0.20703125;0.029296875;0.1328125;0.25390625;0.037109375;0.15234375;0.2734375;0.03125;0.072265625;0.0859375;0.00830078125;0.0224609375;0.04296875;0.14453125;0.01904296875;0.037109375;0.0546875;0.00390625;0.8
17;17;79.14;0.125;0.140625;0.34375;0.05859375;0.046875;0.25;0.359375;0.0390625;0.25;0.09375;0.00390625;0.125;0.1484375;0.01953125;0.041015625;0.109375;0.234375;0.0390625;0.1484375;0.2265625;0.03125;0.15625;0.21875;0.021484375;0.08984375;0.171875;0.0302734375;0.033203125;0.08203125;0.25;0.0517578125;0.11328125;0.21484375;0.0361328125;0.12109375;0.2265625;0.0283203125;0.13671875;0.24609375;0.0263671875;0.16015625;0.26953125;0.0224609375;0.07421875;0.08984375;0.00927734375;0.0244140625;0.046875;0.154296875;0.01953125;0.033203125;0.037109375;0.0009765625;0.7;0.140625;0.140625;0.328125;0.0546875;0.046875;0.234375;0.390625;0.0625;0.296875;0.390625;0.03125;0.1171875;0.1484375;0.029296875;0.03515625;0.109375;0.2109375;0.046875;0.140625;0.21875;0.041015625;0.1640625;0.2265625;0.033203125;0.0859375;0.1640625;0.0302734375;0.0302734375;0.08203125;0.23828125;0.0498046875;0.109375;0.2109375;0.037109375;0.12109375;0.2265625;0.0302734375;0.13671875;0.2421875;0.0341796875;0.15625;0.265625;0.025390625;0.07421875;0.087890625;0.0087890625;0.0234375;0.04296875;0.146484375;0.0185546875;0.033203125;0.041015625;0.001953125;0.8
18;18;74.26;0.140625;0.140625;0.34375;0.05078125;0.046875;0.234375;0.359375;0.0390625;0.25;0.125;0.0078125;0.1328125;0.1640625;0.025390625;0.041015625;0.1171875;0.2421875;0.04296875;0.1484375;0.2421875;0.03125;0.1640625;0.2109375;0.021484375;0.09375;0.1796875;0.03125;0.0361328125;0.0859375;0.2578125;0.0546875;0.1171875;0.2265625;0.0390625;0.125;0.23046875;0.0322265625;0.14453125;0.265625;0.0302734375;0.16796875;0.28515625;0.0263671875;0.078125;0.091796875;0.00927734375;0.02490234375;0.046875;0.15625;0.0185546875;0.033203125;0.044921875;0.00146484375;0.7;0.140625;0.15625;0.3125;0.046875;0.046875;0.234375;0.359375;0.05859375;0.28125;0.375;0.03125;0.1171875;0.15625;0.029296875;0.03515625;0.109375;0.21875;0.044921875;0.140625;0.25;0.041015625;0.15625;0.21875;0.033203125;0.08984375;0.16796875;0.0302734375;0.033203125;0.08203125;0.24609375;0.0517578125;0.1171875;0.21875;0.0400390625;0.12109375;0.23046875;0.0341796875;0.140625;0.265625;0.033203125;0.16796875;0.29296875;0.0302734375;0.078125;0.09375;0.00927734375;0.02392578125;0.044921875;0.15234375;0.01904296875;0.03515625;0.056640625;0.00341796875;0.7
19;19;74.87;0.140625;0.125;0.328125;0.05078125;0.046875;0.234375;0.34375;0.0390625;0.25;0.109375;0.0078125;0.1328125;0.1640625;0.025390625;0.041015625;0.125;0.25;0.041015625;0.15625;0.25;0.03515625;0.171875;0.2265625;0.02734375;0.09375;0.18359375;0.0322265625;0.0361328125;0.08984375;0.265625;0.0546875;0.12109375;0.22265625;0.0390625;0.12890625;0.23828125;0.033203125;0.1484375;0.26953125;0.0361328125;0.17578125;0.29296875;0.0283203125;0.08203125;0.095703125;0.009765625;0.02587890625;0.046875;0.158203125;0.01806640625;0.03515625;0.048828125;0.001953125;0.8;0.140625;0.15625;0.3125;0.046875;0.04296875;0.234375;0.359375;0.0546875;0.296875;0.390625;0.0234375;0.125;0.15625;0.03125;0.037109375;0.1171875;0.234375;0.046875;0.1484375;0.25;0.044921875;0.1640625;0.234375;0.03515625;0.08984375;0.17578125;0.0322265625;0.0341796875;0.0859375;0.25390625;0.052734375;0.11328125;0.21484375;0.0390625;0.12890625;0.234375;0.0341796875;0.1484375;0.265625;0.0361328125;0.171875;0.29296875;0.0283203125;0.08203125;0.095703125;0.00927734375;0.02490234375;0.044921875;0.150390625;0.017578125;0.033203125;0.05078125;0.00244140625;0.7
20;20;72.4;0.140625;0.140625;0.328125;0.0546875;0.046875;0.234375;0.34375;0.0390625;0.25;0.109375;0.0078125;0.1328125;0.171875;0.02734375;0.041015625;0.125;0.25;0.04296875;0.15625;0.25;0.037109375;0.171875;0.2421875;0.02734375;0.09765625;0.1875;0.0341796875;0.037109375;0.08984375;0.2734375;0.0576171875;0.125;0.234375;0.0400390625;0.13671875;0.26171875;0.0380859375;0.16015625;0.28515625;0.037109375;0.18359375;0.31640625;0.03125;0.0859375;0.09765625;0.009765625;0.0263671875;0.046875;0.162109375;0.01806640625;0.03515625;0.046875;0.00146484375;0.7;0.140625;0.140625;0.3125;0.05078125;0.04296875;0.234375;0.34375;0.05078125;0.28125;0.296875;0.015625;0.1171875;0.1640625;0.03125;0.03515625;0.109375;0.234375;0.044921875;0.15625;0.2421875;0.044921875;0.1640625;0.2421875;0.03515625;0.09375;0.17578125;0.033203125;0.03515625;0.0859375;0.265625;0.0556640625;0.1171875;0.2265625;0.0390625;0.12890625;0.25390625;0.03515625;0.15234375;0.28515625;0.0380859375;0.1796875;0.3125;0.03125;0.0859375;0.099609375;0.009765625;0.02490234375;0.044921875;0.158203125;0.017578125;0.033203125;0.046875;0.00146484375;0.7
21;21;78.54;0.140625;0.140625;0.328125;0.0546875;0.046875;0.25;0.359375;0.04296875;0.25;0.109375;0.0078125;0.1328125;0.171875;0.02734375;0.041015625;0.125;0.25;0.044921875;0.1640625;0.2578125;0.03515625;0.171875;0.21875;0.02734375;0.09765625;0.19140625;0.0341796875;0.0380859375;0.09375;0.27734375;0.05859375;0.125;0.23828125;0.041015625;0.140625;0.25390625;0.0380859375;0.16796875;0.30078125;0.041015625;0.19140625;0.3203125;0.0322265625;0.091796875;0.103515625;0.01025390625;0.02685546875;0.046875;0.1640625;0.01806640625;0.033203125;0.052734375;0.001953125;0.8;0.140625;0.15625;0.296875;0.05078125;0.046875;0.25;0.359375;0.0625;0.265625;0.3125;0.0234375;0.1171875;0.1640625;0.03125;0.03515625;0.1171875;0.2265625;0.046875;0.15625;0.25;0.041015625;0.171875;0.21875;0.033203125;0.09765625;0.1875;0.0341796875;0.0361328125;0.08984375;0.26953125;0.0576171875;0.12109375;0.23046875;0.041015625;0.1328125;0.24609375;0.037109375;0.1640625;0.296875;0.0400390625;0.1875;0.3203125;0.033203125;0.08984375;0.103515625;0.01025390625;0.025390625;0.046875;0.16015625;0.017578125;0.03515625;0.056640625;0.00244140625;0.7
22;22;75.81;0.140625;0.140625;0.3125;0.05078125;0.046875;0.234375;0.34375;0.04296875;0.234375;0.125;0.0078125;0.1328125;0.171875;0.029296875;0.041015625;0.125;0.2421875;0.044921875;0.1640625;0.265625;0.0390625;0.171875;0.2421875;0.02734375;0.1015625;0.1953125;0.0361328125;0.0390625;0.09375;0.27734375;0.060546875;0.125;0.2421875;0.041015625;0.14453125;0.26171875;0.0390625;0.171875;0.3046875;0.041015625;0.19921875;0.32421875;0.0322265625;0.091796875;0.107421875;0.01025390625;0.02685546875;0.046875;0.1640625;0.01708984375;0.033203125;0.052734375;0.0029296875;0.7;0.140625;0.15625;0.28125;0.04296875;0.046875;0.234375;0.328125;0.0546875;0.265625;0.265625;0.015625;0.1171875;0.1640625;0.029296875;0.037109375;0.1171875;0.2265625;0.044921875;0.15625;0.25;0.041015625;0.171875;0.2421875;0.033203125;0.1015625;0.19140625;0.0361328125;0.037109375;0.09375;0.2734375;0.0595703125;0.125;0.23828125;0.041015625;0.140625;0.26171875;0.0380859375;0.16796875;0.29296875;0.0400390625;0.1953125;0.328125;0.033203125;0.08984375;0.10546875;0.009765625;0.02490234375;0.046875;0.158203125;0.017578125;0.033203125;0.048828125;0.00244140625;0.8
23;23;78.07;0.140625;0.140625;0.328125;0.0546875;0.046875;0.234375;0.328125;0.04296875;0.234375;0.125;0.0078125;0.1328125;0.171875;0.03125;0.041015625;0.125;0.25;0.04296875;0.1640625;0.2734375;0.044921875;0.171875;0.2265625;0.033203125;0.1015625;0.19921875;0.037109375;0.0400390625;0.09375;0.28125;0.060546875;0.125;0.2421875;0.0419921875;0.1484375;0.2734375;0.0419921875;0.17578125;0.3125;0.04296875;0.19921875;0.32421875;0.0322265625;0.095703125;0.107421875;0.01025390625;0.0263671875;0.046875;0.1640625;0.01611328125;0.033203125;0.048828125;0.00244140625;0.7;0.140625;0.15625;0.296875;0.05078125;0.046875;0.234375;0.34375;0.05859375;0.25;0.28125;0.015625;0.1171875;0.1640625;0.03125;0.037109375;0.1171875;0.2421875;0.044921875;0.15625;0.2734375;0.048828125;0.1640625;0.2265625;0.03515625;0.09375;0.1953125;0.0361328125;0.037109375;0.08984375;0.2734375;0.060546875;0.12109375;0.2421875;0.0419921875;0.14453125;0.265625;0.0400390625;0.171875;0.3125;0.04296875;0.1953125;0.33203125;0.033203125;0.095703125;0.107421875;0.009765625;0.025390625;0.044921875;0.15625;0.01611328125;0.03125;0.04296875;0.00244140625;0.8
24;24;77.18;0.140625;0.140625;0.3125;0.0546875;0.046875;0.234375;0.328125;0.0390625;0.203125;0.109375;0.0078125;0.1328125;0.171875;0.03125;0.041015625;0.125;0.2578125;0.044921875;0.1640625;0.2734375;0.04296875;0.171875;0.2421875;0.03125;0.10546875;0.19921875;0.0380859375;0.0400390625;0.09765625;0.29296875;0.0634765625;0.1328125;0.24609375;0.04296875;0.15625;0.28515625;0.0439453125;0.1796875;0.3359375;0.0478515625;0.2109375;0.3515625;0.0341796875;0.1015625;0.109375;0.01025390625;0.02734375;0.046875;0.169921875;0.01708984375;0.03125;0.052734375;0.00341796875;0.8;0.140625;0.15625;0.296875;0.046875;0.046875;0.203125;0.3125;0.05078125;0.21875;0.21875;0.01171875;0.1171875;0.1484375;0.029296875;0.03515625;0.1171875;0.2421875;0.044921875;0.15625;0.2734375;0.048828125;0.1640625;0.2421875;0.033203125;0.09765625;0.19140625;0.037109375;0.037109375;0.09375;0.28125;0.0625;0.12890625;0.23828125;0.0419921875;0.15234375;0.28125;0.04296875;0.17578125;0.328125;0.046875;0.20703125;0.33984375;0.0322265625;0.099609375;0.111328125;0.01025390625;0.02685546875;0.046875;0.169921875;0.01708984375;0.03125;0.05078125;0.0029296875;0.7
25;25;81.52;0.140625;0.140625;0.328125;0.05078125;0.046875;0.234375;0.328125;0.0390625;0.203125;0.125;0.01171875;0.1328125;0.1796875;0.03125;0.04296875;0.1328125;0.25;0.046875;0.171875;0.2734375;0.046875;0.1796875;0.2265625;0.029296875;0.10546875;0.203125;0.0390625;0.041015625;0.09765625;0.29296875;0.064453125;0.1328125;0.24609375;0.0439453125;0.15625;0.2890625;0.0439453125;0.18359375;0.33203125;0.0478515625;0.21484375;0.33984375;0.0341796875;0.1015625;0.111328125;0.01025390625;0.02783203125;0.046875;0.169921875;0.0166015625;0.03125;0.048828125;0.0029296875;0.7;0.140625;0.15625;0.296875;0.046875;0.046875;0.234375;0.328125;0.0546875;0.234375;0.171875;0.01953125;0.1171875;0.1640625;0.03515625;0.0390625;0.1171875;0.25;0.048828125;0.1640625;0.2734375;0.05078125;0.171875;0.234375;0.03515625;0.1015625;0.1953125;0.0380859375;0.0390625;0.09765625;0.28515625;0.0634765625;0.12890625;0.2421875;0.04296875;0.15234375;0.28515625;0.0439453125;0.18359375;0.32421875;0.0478515625;0.21484375;0.33984375;0.0341796875;0.1015625;0.11328125;0.01025390625;0.02685546875;0.046875;0.1640625;0.0166015625;0.03125;0.046875;0.0029296875;0.8
26;26;72.9;0.140625;0.15625;0.3125;0.05078125;0.046875;0.234375;0.34375;0.0390625;0.21875;0.125;0.0078125;0.125;0.171875;0.03125;0.041015625;0.1328125;0.265625;0.046875;0.1640625;0.28125;0.046875;0.1796875;0.234375;0.03125;0.109375;0.20703125;0.0380859375;0.0419921875;0.1015625;0.296875;0.064453125;0.13671875;0.25;0.046875;0.1640625;0.30859375;0.048828125;0.19140625;0.34765625;0.0517578125;0.2265625;0.35546875;0.03515625;0.107421875;0.1171875;0.0107421875;0.0283203125;0.046875;0.171875;0.01611328125;0.03125;0.046875;0.00341796875;0.7;0.15625;0.15625;0.28125;0.046875;0.046875;0.21875;0.34375;0.05078125;0.21875;0.234375;0.01171875;0.109375;0.15625;0.033203125;0.03515625;0.1171875;0.25;0.048828125;0.1484375;0.2734375;0.052734375;0.171875;0.234375;0.037109375;0.1015625;0.203125;0.037109375;0.0380859375;0.09765625;0.2890625;0.0634765625;0.1328125;0.25;0.046875;0.16015625;0.30078125;0.048828125;0.1875;0.34765625;0.0517578125;0.21875;0.359375;0.037109375;0.10546875;0.119140625;0.01025390625;0.02685546875;0.046875;0.16796875;0.0166015625;0.033203125;0.048828125;0.0029296875;0.8
27;27;81.64;0.140625;0.140625;0.3125;0.05078125;0.046875;0.21875;0.328125;0.04296875;0.203125;0.109375;0.0078125;0.1328125;0.1796875;0.033203125;0.041015625;0.1328125;0.2578125;0.046875;0.171875;0.2890625;0.052734375;0.1796875;0.2265625;0.03125;0.109375;0.2109375;0.0400390625;0.0419921875;0.1015625;0.30859375;0.0654296875;0.13671875;0.2578125;0.046875;0.1640625;0.30859375;0.046875;0.1953125;0.3515625;0.052734375;0.2265625;0.36328125;0.037109375;0.109375;0.11328125;0.0107421875;0.02783203125;0.046875;0.16796875;0.01611328125;0.03125;0.046875;0.00341796875;0.7;0.15625;0.15625;0.296875;0.05078125;0.046875;0.203125;0.328125;0.0546875;0.21875;0.203125;0.01171875;0.1171875;0.171875;0.033203125;0.037109375;0.125;0.25;0.046875;0.1640625;0.28125;0.0546875;0.171875;0.2421875;0.037109375;0.10546875;0.20703125;0.0400390625;0.0400390625;0.1015625;0.30078125;0.0654296875;0.13671875;0.2578125;0.046875;0.1640625;0.3046875;0.0478515625;0.19140625;0.3515625;0.0537109375;0.2265625;0.36328125;0.037109375;0.107421875;0.11328125;0.01025390625;0.02734375;0.044921875;0.166015625;0.0166015625;0.03125;0.046875;0.00341796875;0.8
28;28;77.83;0.140625;0.140625;0.3125;0.046875;0.046875;0.21875;0.328125;0.04296875;0.1875;0.09375;0.0078125;0.1328125;0.1796875;0.033203125;0.041015625;0.1328125;0.2578125;0.044921875;0.171875;0.28125;0.048828125;0.1796875;0.234375;0.03125;0.11328125;0.21484375;0.0400390625;0.0419921875;0.1015625;0.30859375;0.068359375;0.140625;0.2578125;0.046875;0.1640625;0.30859375;0.0478515625;0.19921875;0.35546875;0.0546875;0.23828125;0.38671875;0.0390625;0.11328125;0.12109375;0.0107421875;0.0283203125;0.046875;0.171875;0.01611328125;0.029296875;0.048828125;0.00341796875;0.7;0.15625;0.15625;0.296875;0.046875;0.046875;0.21875;0.328125;0.0546875;0.203125;0.203125;0.01171875;0.109375;0.1640625;0.033203125;0.03515625;0.1171875;0.2421875;0.044921875;0.15625;0.2734375;0.05078125;0.171875;0.234375;0.037109375;0.109375;0.20703125;0.0390625;0.0400390625;0.09765625;0.30078125;0.068359375;0.13671875;0.25;0.044921875;0.16015625;0.3046875;0.0478515625;0.1953125;0.34765625;0.052734375;0.23046875;0.38671875;0.0400390625;0.109375;0.1171875;0.01025390625;0.02783203125;0.044921875;0.16796875;0.015625;0.029296875;0.044921875;0.0029296875;0.7
29;29;83.22;0.140625;0.140625;0.296875;0.05078125;0.046875;0.21875;0.3125;0.04296875;0.203125;0.09375;0.0078125;0.1328125;0.1796875;0.03515625;0.041015625;0.1328125;0.265625;0.048828125;0.171875;0.28125;0.048828125;0.1953125;0.234375;0.033203125;0.1171875;0.21875;0.0419921875;0.0439453125;0.10546875;0.3046875;0.06640625;0.140625;0.26171875;0.0478515625;0.171875;0.31640625;0.0498046875;0.20703125;0.359375;0.0556640625;0.24609375;0.38671875;0.041015625;0.1171875;0.12109375;0.0107421875;0.02880859375;0.046875;0.169921875;0.015625;0.029296875;0.044921875;0.00341796875;0.8;0.15625;0.15625;0.28125;0.046875;0.046875;0.21875;0.3125;0.0546875;0.21875;0.15625;0.01171875;0.1171875;0.171875;0.037109375;0.037109375;0.125;0.25;0.048828125;0.1640625;0.265625;0.052734375;0.1875;0.2265625;0.033203125;0.11328125;0.21484375;0.0419921875;0.0419921875;0.10546875;0.30078125;0.0654296875;0.140625;0.2578125;0.0478515625;0.171875;0.31640625;0.048828125;0.203125;0.35546875;0.0556640625;0.2421875;0.39453125;0.04296875;0.115234375;0.12109375;0.0107421875;0.02783203125;0.044921875;0.16796875;0.015625;0.029296875;0.044921875;0.00341796875;0.8
30;30;82.17;0.140625;0.140625;0.3125;0.05078125;0.046875;0.234375;0.328125;0.04296875;0.1875;0.09375;0.0078125;0.1328125;0.1796875;0.033203125;0.041015625;0.1328125;0.2734375;0.046875;0.1796875;0.2890625;0.05078125;0.1875;0.2421875;0.033203125;0.11328125;0.21484375;0.041015625;0.044921875;0.10546875;0.3125;0.0673828125;0.14453125;0.26953125;0.048828125;0.17578125;0.328125;0.052734375;0.21484375;0.3828125;0.05859375;0.25390625;0.3984375;0.0419921875;0.119140625;0.123046875;0.0107421875;0.02880859375;0.046875;0.173828125;0.01611328125;0.029296875;0.044921875;0.0029296875;0.8;0.15625;0.15625;0.28125;0.046875;0.046875;0.21875;0.328125;0.0546875;0.203125;0.1875;0.0078125;0.1171875;0.1796875;0.03515625;0.037109375;0.1171875;0.265625;0.048828125;0.171875;0.28125;0.0546875;0.1875;0.234375;0.03515625;0.109375;0.2109375;0.0400390625;0.04296875;0.10546875;0.3046875;0.06640625;0.140625;0.26953125;0.0498046875;0.171875;0.32421875;0.0517578125;0.2109375;0.3828125;0.0595703125;0.25;0.3984375;0.04296875;0.119140625;0.12109375;0.0107421875;0.02783203125;0.044921875;0.169921875;0.015625;0.029296875;0.04296875;0.0029296875;0.8
31;31;84.32;0.15625;0.140625;0.328125;0.05078125;0.046875;0.21875;0.328125;0.04296875;0.203125;0.109375;0.01171875;0.1328125;0.1796875;0.03515625;0.041015625;0.1328125;0.2734375;0.046875;0.1796875;0.3046875;0.0546875;0.1875;0.234375;0.03125;0.11328125;0.21875;0.04296875;0.0458984375;0.10546875;0.3125;0.0693359375;0.14453125;0.26953125;0.048828125;0.17578125;0.32421875;0.052734375;0.21484375;0.375;0.0595703125;0.25390625;0.3984375;0.0419921875;0.12109375;0.123046875;0.0107421875;0.02880859375;0.046875;0.173828125;0.015625;0.029296875;0.044921875;0.00341796875;0.7;0.15625;0.15625;0.296875;0.046875;0.046875;0.21875;0.3125;0.0546875;0.203125;0.1875;0.01171875;0.125;0.171875;0.037109375;0.037109375;0.125;0.265625;0.048828125;0.1640625;0.2890625;0.056640625;0.1875;0.234375;0.037109375;0.11328125;0.2109375;0.0419921875;0.04296875;0.10546875;0.30859375;0.0693359375;0.14453125;0.26953125;0.048828125;0.17578125;0.31640625;0.0517578125;0.2109375;0.375;0.0595703125;0.25;0.390625;0.041015625;0.12109375;0.125;0.0107421875;0.0283203125;0.044921875;0.169921875;0.01513671875;0.029296875;0.044921875;0.00341796875;0.8
32;32;85.32;0.15625;0.140625;0.3125;0.05078125;0.046875;0.21875;0.3125;0.04296875;0.203125;0.140625;0.01171875;0.1328125;0.1796875;0.03515625;0.041015625;0.1328125;0.2734375;0.048828125;0.171875;0.296875;0.0546875;0.1953125;0.2421875;0.033203125;0.1171875;0.23046875;0.0439453125;0.0458984375;0.109375;0.3203125;0.068359375;0.1484375;0.28125;0.0498046875;0.18359375;0.33984375;0.0556640625;0.21875;0.38671875;0.0625;0.26171875;0.39453125;0.0439453125;0.125;0.126953125;0.0107421875;0.029296875;0.046875;0.177734375;0.01513671875;0.029296875;0.041015625;0.00341796875;0.8;0.15625;0.15625;0.296875;0.046875;0.046875;0.21875;0.3125;0.0546875;0.21875;0.171875;0.01171875;0.1171875;0.171875;0.03515625;0.037109375;0.125;0.2578125;0.05078125;0.1640625;0.28125;0.056640625;0.1875;0.2421875;0.037109375;0.11328125;0.2265625;0.04296875;0.044921875;0.109375;0.31640625;0.0673828125;0.1484375;0.28515625;0.0498046875;0.18359375;0.33984375;0.0556640625;0.21875;0.3828125;0.060546875;0.26171875;0.3984375;0.044921875;0.125;0.126953125;0.0107421875;0.02880859375;0.044921875;0.173828125;0.01513671875;0.029296875;0.041015625;0.00341796875;0.8
33;33;82.91;0.15625;0.140625;0.3125;0.05078125;0.046875;0.21875;0.3125;0.0390625;0.203125;0.125;0.0078125;0.1328125;0.1875;0.03515625;0.04296875;0.1328125;0.2734375;0.048828125;0.1796875;0.3046875;0.0546875;0.1953125;0.25;0.033203125;0.12109375;0.2265625;0.0439453125;0.046875;0.109375;0.3203125;0.0693359375;0.14453125;0.265625;0.0498046875;0.18359375;0.33984375;0.056640625;0.22265625;0.390625;0.0625;0.265625;0.40625;0.046875;0.12890625;0.130859375;0.01123046875;0.029296875;0.046875;0.17578125;0.015625;0.029296875;0.0390625;0.00341796875;0.8;0.15625;0.15625;0.296875;0.046875;0.046875;0.21875;0.296875;0.05078125;0.203125;0.171875;0.01171875;0.1171875;0.171875;0.037109375;0.037109375;0.1171875;0.265625;0.05078125;0.1640625;0.3046875;0.056640625;0.1875;0.2421875;0.037109375;0.11328125;0.22265625;0.0439453125;0.0439453125;0.10546875;0.3125;0.068359375;0.14453125;0.26171875;0.0498046875;0.1796875;0.3359375;0.056640625;0.21875;0.38671875;0.0625;0.26171875;0.41015625;0.046875;0.12890625;0.12890625;0.0107421875;0.02880859375;0.044921875;0.171875;0.015625;0.029296875;0.0390625;0.0029296875;0.8
34;34;82.76;0.15625;0.140625;0.3125;0.05078125;0.046875;0.21875;0.3125;0.046875;0.203125;0.109375;0.01171875;0.1328125;0.1796875;0.03515625;0.04296875;0.1328125;0.28125;0.05078125;0.171875;0.3125;0.0546875;0.1953125;0.2421875;0.033203125;0.12109375;0.234375;0.0439453125;0.0478515625;0.11328125;0.32421875;0.0712890625;0.15234375;0.28125;0.0517578125;0.1875;0.33984375;0.05859375;0.23046875;0.41015625;0.0634765625;0.2734375;0.4140625;0.0458984375;0.12890625;0.125;0.0107421875;0.029296875;0.044921875;0.169921875;0.0146484375;0.02734375;0.041015625;0.00341796875;0.8;0.15625;0.15625;0.28125;0.046875;0.046875;0.21875;0.296875;0.0546875;0.203125;0.1875;0.01171875;0.1171875;0.171875;0.03515625;0.037109375;0.125;0.2734375;0.05078125;0.1640625;0.3046875;0.05859375;0.1875;0.25;0.037109375;0.1171875;0.23046875;0.0439453125;0.044921875;0.109375;0.3125;0.0712890625;0.1484375;0.2734375;0.0517578125;0.18359375;0.3359375;0.056640625;0.2265625;0.41015625;0.0634765625;0.2734375;0.4140625;0.044921875;0.12890625;0.12109375;0.01025390625;0.0283203125;0.04296875;0.1640625;0.0146484375;0.029296875;0.041015625;0.00341796875;0.8
35;35;82.61;0.15625;0.140625;0.296875;0.05078125;0.046875;0.234375;0.328125;0.046875;0.203125;0.109375;0.01171875;0.1328125;0.1796875;0.037109375;0.04296875;0.1328125;0.2734375;0.05078125;0.1796875;0.3125;0.056640625;0.1953125;0.25;0.03515625;0.125;0.234375;0.044921875;0.0478515625;0.11328125;0.3359375;0.072265625;0.15625;0.28515625;0.052734375;0.19140625;0.3515625;0.0595703125;0.234375;0.41015625;0.0673828125;0.28125;0.421875;0.0498046875;0.13671875;0.12890625;0.01123046875;0.0302734375;0.046875;0.177734375;0.01513671875;0.02734375;0.037109375;0.00341796875;0.8;0.15625;0.15625;0.28125;0.046875;0.046875;0.21875;0.296875;0.0546875;0.21875;0.171875;0.01171875;0.1171875;0.171875;0.037109375;0.0390625;0.125;0.265625;0.05078125;0.171875;0.3046875;0.05859375;0.1875;0.25;0.041015625;0.12109375;0.23046875;0.0439453125;0.046875;0.109375;0.328125;0.0703125;0.15234375;0.28515625;0.0517578125;0.1875;0.3515625;0.0595703125;0.234375;0.40625;0.0673828125;0.28125;0.42578125;0.0498046875;0.13671875;0.130859375;0.0107421875;0.0302734375;0.044921875;0.17578125;0.01513671875;0.029296875;0.0390625;0.00341796875;0.8
36;36;80.71;0.15625;0.15625;0.328125;0.05078125;0.05078125;0.21875;0.328125;0.04296875;0.1875;0.109375;0.01171875;0.1328125;0.1796875;0.037109375;0.04296875;0.140625;0.2734375;0.05078125;0.1796875;0.3046875;0.05859375;0.203125;0.2421875;0.033203125;0.125;0.23828125;0.0458984375;0.048828125;0.11328125;0.33984375;0.072265625;0.15625;0.30078125;0.0546875;0.19921875;0.36328125;0.0625;0.23828125;0.41796875;0.06640625;0.2890625;0.43359375;0.0478515625;0.142578125;0.1328125;0.0107421875;0.03125;0.046875;0.177734375;0.0146484375;0.02734375;0.037109375;0.00341796875;0.8;0.15625;0.15625;0.296875;0.046875;0.046875;0.21875;0.328125;0.0546875;0.1875;0.171875;0.01171875;0.1171875;0.171875;0.037109375;0.0390625;0.125;0.265625;0.05078125;0.171875;0.296875;0.0625;0.1953125;0.2421875;0.037109375;0.12109375;0.23046875;0.044921875;0.046875;0.109375;0.328125;0.072265625;0.15234375;0.29296875;0.0537109375;0.19140625;0.35546875;0.0615234375;0.234375;0.40625;0.064453125;0.28515625;0.4296875;0.044921875;0.142578125;0.134765625;0.0107421875;0.02978515625;0.044921875;0.169921875;0.01416015625;0.02734375;0.03515625;0.0029296875;0.7
37;37;81.55;0.15625;0.140625;0.328125;0.05078125;0.05078125;0.21875;0.328125;0.04296875;0.203125;0.109375;0.0078125;0.1328125;0.1875;0.03515625;0.04296875;0.1328125;0.2734375;0.05078125;0.1796875;0.3125;0.060546875;0.1953125;0.25;0.03515625;0.125;0.23828125;0.0458984375;0.0498046875;0.11328125;0.3359375;0.07421875;0.15625;0.2890625;0.0537109375;0.1953125;0.36328125;0.0625;0.23828125;0.421875;0.06640625;0.29296875;0.4375;0.0517578125;0.140625;0.130859375;0.01123046875;0.029296875;0.044921875;0.173828125;0.0146484375;0.025390625;0.037109375;0.00341796875;0.8;0.15625;0.15625;0.296875;0.046875;0.046875;0.203125;0.3125;0.05859375;0.203125;0.171875;0.01171875;0.1171875;0.171875;0.037109375;0.0390625;0.125;0.265625;0.052734375;0.171875;0.296875;0.0625;0.1875;0.2421875;0.041015625;0.12109375;0.234375;0.0458984375;0.046875;0.109375;0.328125;0.0732421875;0.15625;0.2890625;0.0537109375;0.19140625;0.35546875;0.0615234375;0.234375;0.41015625;0.0654296875;0.2890625;0.43359375;0.0498046875;0.140625;0.126953125;0.0107421875;0.02880859375;0.044921875;0.169921875;0.01513671875;0.02734375;0.0390625;0.00341796875;0.8
38;38;74.83;0.15625;0.140625;0.3125;0.046875;0.046875;0.21875;0.328125;0.046875;0.203125;0.125;0.01171875;0.1328125;0.1875;0.037109375;0.044921875;0.1328125;0.28125;0.05078125;0.1875;0.3203125;0.0625;0.1953125;0.2421875;0.033203125;0.12890625;0.2421875;0.046875;0.0498046875;0.1171875;0.34375;0.07421875;0.16015625;0.29296875;0.0556640625;0.203125;0.36328125;0.0615234375;0.2421875;0.421875;0.06640625;0.296875;0.4375;0.048828125;0.14453125;0.134765625;0.01123046875;0.0302734375;0.044921875;0.17578125;0.0146484375;0.025390625;0.03515625;0.0029296875;0.8;0.15625;0.15625;0.28125;0.04296875;0.046875;0.203125;0.3125;0.05859375;0.203125;0.171875;0.0078125;0.125;0.171875;0.037109375;0.041015625;0.125;0.2734375;0.052734375;0.171875;0.3046875;0.0625;0.1953125;0.2578125;0.0390625;0.125;0.23828125;0.0458984375;0.0478515625;0.11328125;0.33203125;0.0732421875;0.15625;0.28515625;0.0546875;0.19921875;0.36328125;0.0615234375;0.23828125;0.4140625;0.0654296875;0.29296875;0.43359375;0.048828125;0.14453125;0.138671875;0.0107421875;0.0302734375;0.044921875;0.169921875;0.013671875;0.025390625;0.033203125;0.0029296875;0.7
39;39;83.42;0.15625;0.140625;0.3125;0.046875;0.046875;0.203125;0.3125;0.04296875;0.203125;0.140625;0.0078125;0.125;0.1875;0.037109375;0.04296875;0.1328125;0.2734375;0.05078125;0.1875;0.3203125;0.0625;0.203125;0.25;0.03515625;0.12890625;0.25390625;0.0478515625;0.05078125;0.1171875;0.34375;0.0751953125;0.1640625;0.296875;0.0556640625;0.20703125;0.375;0.064453125;0.25;0.42578125;0.068359375;0.30078125;0.43359375;0.048828125;0.1484375;0.13671875;0.01123046875;0.03076171875;0.044921875;0.17578125;0.0146484375;0.025390625;0.033203125;0.00341796875;0.7;0.15625;0.15625;0.28125;0.04296875;0.046875;0.1875;0.296875;0.05859375;0.203125;0.15625;0.01171875;0.1171875;0.171875;0.03515625;0.037109375;0.125;0.2578125;0.052734375;0.171875;0.3046875;0.0625;0.1953125;0.25;0.0390625;0.125;0.24609375;0.046875;0.048828125;0.11328125;0.33984375;0.07421875;0.16015625;0.29296875;0.0556640625;0.203125;0.37109375;0.0625;0.24609375;0.4140625;0.0673828125;0.29296875;0.4296875;0.048828125;0.14453125;0.13671875;0.01123046875;0.02978515625;0.044921875;0.171875;0.01416015625;0.025390625;0.03125;0.0029296875;0.8
40;40;82.3;0.15625;0.140625;0.3125;0.046875;0.046875;0.21875;0.328125;0.046875;0.203125;0.125;0.01171875;0.1328125;0.1875;0.037109375;0.044921875;0.140625;0.2890625;0.05078125;0.1875;0.3203125;0.060546875;0.2109375;0.25;0.03515625;0.1328125;0.25390625;0.048828125;0.05078125;0.12109375;0.3515625;0.078125;0.16796875;0.296875;0.056640625;0.2109375;0.3828125;0.0654296875;0.25390625;0.43359375;0.0703125;0.3125;0.4453125;0.0517578125;0.15234375;0.134765625;0.01123046875;0.03125;0.044921875;0.173828125;0.01513671875;0.025390625;0.033203125;0.00341796875;0.7;0.15625;0.15625;0.28125;0.04296875;0.046875;0.21875;0.328125;0.05859375;0.203125;0.171875;0.01171875;0.1171875;0.171875;0.037109375;0.0390625;0.1328125;0.28125;0.052734375;0.1796875;0.3046875;0.064453125;0.203125;0.25;0.0390625;0.12890625;0.24609375;0.048828125;0.048828125;0.1171875;0.34765625;0.078125;0.1640625;0.296875;0.056640625;0.20703125;0.37890625;0.0654296875;0.25390625;0.43359375;0.0712890625;0.30859375;0.4453125;0.0517578125;0.15234375;0.138671875;0.0107421875;0.0302734375;0.044921875;0.171875;0.0146484375;0.025390625;0.033203125;0.00341796875;0.8
41;41;86.13;0.15625;0.140625;0.296875;0.05078125;0.046875;0.21875;0.328125;0.046875;0.1875;0.09375;0.0078125;0.1328125;0.1875;0.037109375;0.04296875;0.140625;0.2890625;0.052734375;0.1953125;0.3125;0.0625;0.2109375;0.25;0.037109375;0.1328125;0.2578125;0.0478515625;0.0517578125;0.12109375;0.3515625;0.0771484375;0.1640625;0.30859375;0.05859375;0.21484375;0.38671875;0.0673828125;0.2578125;0.4453125;0.076171875;0.31640625;0.45703125;0.0537109375;0.154296875;0.140625;0.01123046875;0.03125;0.044921875;0.17578125;0.01513671875;0.025390625;0.03515625;0.00341796875;0.8;0.15625;0.15625;0.28125;0.046875;0.046875;0.203125;0.296875;0.0625;0.1875;0.140625;0.0078125;0.1171875;0.1796875;0.0390625;0.037109375;0.1328125;0.28125;0.0546875;0.1796875;0.296875;0.064453125;0.1953125;0.25;0.041015625;0.125;0.2421875;0.046875;0.048828125;0.1171875;0.33984375;0.076171875;0.15625;0.29296875;0.05859375;0.20703125;0.37890625;0.0673828125;0.25390625;0.4453125;0.07421875;0.3125;0.453125;0.0546875;0.15234375;0.138671875;0.01123046875;0.03125;0.044921875;0.173828125;0.0146484375;0.025390625;0.03515625;0.00341796875;0.8
42;42;85.96;0.15625;0.15625;0.3125;0.05078125;0.046875;0.21875;0.328125;0.046875;0.1875;0.109375;0.0078125;0.140625;0.1796875;0.037109375;0.044921875;0.1484375;0.28125;0.052734375;0.1953125;0.3125;0.0625;0.2109375;0.25;0.03515625;0.1328125;0.25;0.048828125;0.052734375;0.125;0.35546875;0.0791015625;0.16796875;0.30859375;0.056640625;0.21875;0.39453125;0.068359375;0.265625;0.453125;0.076171875;0.32421875;0.4609375;0.0546875;0.158203125;0.138671875;0.01123046875;0.0322265625;0.044921875;0.181640625;0.01416015625;0.025390625;0.033203125;0.00341796875;0.8;0.15625;0.171875;0.296875;0.046875;0.046875;0.21875;0.3125;0.0546875;0.203125;0.140625;0.0078125;0.125;0.171875;0.0390625;0.041015625;0.1328125;0.2734375;0.052734375;0.1875;0.3046875;0.06640625;0.203125;0.2578125;0.0390625;0.12890625;0.2421875;0.048828125;0.05078125;0.12109375;0.3515625;0.0791015625;0.1640625;0.30078125;0.056640625;0.2109375;0.390625;0.068359375;0.26171875;0.44921875;0.0751953125;0.3203125;0.45703125;0.0537109375;0.158203125;0.140625;0.01123046875;0.03173828125;0.044921875;0.17578125;0.01416015625;0.025390625;0.033203125;0.00341796875;0.8
43;43;86.17;0.15625;0.140625;0.3125;0.05078125;0.046875;0.21875;0.328125;0.04296875;0.1875;0.109375;0.01171875;0.140625;0.1875;0.037109375;0.04296875;0.1484375;0.28125;0.052734375;0.1953125;0.3359375;0.0625;0.2109375;0.25;0.03515625;0.13671875;0.265625;0.0498046875;0.0537109375;0.125;0.3671875;0.08203125;0.171875;0.3125;0.05859375;0.21875;0.3984375;0.0712890625;0.26953125;0.4609375;0.076171875;0.328125;0.46484375;0.0556640625;0.162109375;0.142578125;0.01171875;0.0322265625;0.044921875;0.1796875;0.01416015625;0.025390625;0.033203125;0.00341796875;0.8;0.15625;0.140625;0.28125;0.046875;0.046875;0.203125;0.3125;0.05859375;0.203125;0.15625;0.01171875;0.125;0.1796875;0.037109375;0.041015625;0.1328125;0.2734375;0.052734375;0.1796875;0.328125;0.06640625;0.203125;0.2578125;0.041015625;0.1328125;0.26171875;0.0498046875;0.0517578125;0.125;0.359375;0.080078125;0.16796875;0.3125;0.0595703125;0.2109375;0.39453125;0.0703125;0.265625;0.453125;0.0751953125;0.32421875;0.46875;0.056640625;0.162109375;0.14453125;0.01123046875;0.03173828125;0.044921875;0.17578125;0.01416015625;0.025390625;0.033203125;0.00341796875;0.8
44;44;84.81;0.15625;0.140625;0.3125;0.05078125;0.046875;0.234375;0.3125;0.046875;0.1875;0.09375;0.0078125;0.140625;0.1875;0.037109375;0.044921875;0.1484375;0.2890625;0.0546875;0.1953125;0.3203125;0.0625;0.2109375;0.2578125;0.037109375;0.13671875;0.265625;0.0498046875;0.0546875;0.12890625;0.3671875;0.08203125;0.17578125;0.3125;0.05859375;0.22265625;0.40234375;0.0712890625;0.27734375;0.46875;0.0771484375;0.33984375;0.4765625;0.0576171875;0.166015625;0.146484375;0.01171875;0.0322265625;0.044921875;0.181640625;0.01416015625;0.0234375;0.033203125;0.00341796875;0.7;0.15625;0.15625;0.28125;0.04296875;0.046875;0.21875;0.3125;0.0546875;0.203125;0.15625;0.01171875;0.1328125;0.1796875;0.0390625;0.041015625;0.140625;0.28125;0.056640625;0.1875;0.3125;0.06640625;0.203125;0.2578125;0.041015625;0.1328125;0.2578125;0.0498046875;0.052734375;0.12890625;0.359375;0.080078125;0.17578125;0.3125;0.05859375;0.22265625;0.40234375;0.072265625;0.27734375;0.46875;0.0771484375;0.3359375;0.47265625;0.0556640625;0.166015625;0.14453125;0.01123046875;0.03173828125;0.044921875;0.17578125;0.01416015625;0.0234375;0.033203125;0.00341796875;0.8
45;45;85.29;0.15625;0.140625;0.328125;0.05078125;0.046875;0.21875;0.328125;0.04296875;0.1875;0.09375;0.01171875;0.140625;0.1875;0.037109375;0.04296875;0.1484375;0.28125;0.052734375;0.203125;0.3359375;0.06640625;0.2109375;0.265625;0.037109375;0.140625;0.26171875;0.0498046875;0.0546875;0.125;0.36328125;0.08203125;0.17578125;0.31640625;0.060546875;0.22265625;0.41015625;0.0732421875;0.28125;0.47265625;0.080078125;0.33984375;0.48046875;0.0576171875;0.171875;0.1484375;0.01171875;0.03271484375;0.044921875;0.18359375;0.01416015625;0.025390625;0.033203125;0.00341796875;0.8;0.15625;0.15625;0.296875;0.046875;0.046875;0.21875;0.3125;0.0546875;0.203125;0.15625;0.0078125;0.125;0.171875;0.0390625;0.041015625;0.1328125;0.2734375;0.0546875;0.1875;0.328125;0.068359375;0.2109375;0.2734375;0.04296875;0.1328125;0.25390625;0.0498046875;0.052734375;0.125;0.34765625;0.0810546875;0.171875;0.3125;0.060546875;0.21875;0.40625;0.0732421875;0.27734375;0.46875;0.080078125;0.3359375;0.48046875;0.060546875;0.171875;0.1484375;0.01123046875;0.03271484375;0.044921875;0.177734375;0.01416015625;0.025390625;0.033203125;0.00341796875;0.8
46;46;86.92;0.15625;0.140625;0.3125;0.05078125;0.046875;0.21875;0.328125;0.046875;0.203125;0.109375;0.0078125;0.1328125;0.1875;0.0390625;0.044921875;0.1484375;0.2890625;0.0546875;0.1953125;0.34375;0.06640625;0.2265625;0.2578125;0.03515625;0.140625;0.265625;0.0517578125;0.0546875;0.1328125;0.375;0.0849609375;0.1796875;0.3203125;0.0615234375;0.23046875;0.41015625;0.0732421875;0.28515625;0.48046875;0.08203125;0.34375;0.48828125;0.060546875;0.17578125;0.1484375;0.01171875;0.033203125;0.044921875;0.185546875;0.013671875;0.0234375;0.033203125;0.00341796875;0.8;0.15625;0.15625;0.296875;0.046875;0.046875;0.21875;0.3125;0.0546875;0.21875;0.140625;0.01171875;0.125;0.1796875;0.0390625;0.041015625;0.140625;0.28125;0.0546875;0.1875;0.3359375;0.068359375;0.21875;0.2578125;0.041015625;0.13671875;0.2578125;0.05078125;0.052734375;0.12890625;0.3671875;0.083984375;0.17578125;0.31640625;0.0615234375;0.2265625;0.40625;0.0732421875;0.28125;0.4765625;0.080078125;0.33984375;0.484375;0.060546875;0.17578125;0.150390625;0.01123046875;0.033203125;0.044921875;0.17578125;0.013671875;0.025390625;0.033203125;0.00341796875;0.8
47;47;86.89;0.15625;0.140625;0.328125;0.05078125;0.046875;0.234375;0.328125;0.046875;0.1875;0.09375;0.01171875;0.140625;0.1953125;0.037109375;0.046875;0.1484375;0.2890625;0.0546875;0.1953125;0.34375;0.068359375;0.2265625;0.265625;0.0390625;0.140625;0.2578125;0.0517578125;0.0556640625;0.12890625;0.3671875;0.0849609375;0.1796875;0.3203125;0.0625;0.23046875;0.4140625;0.0732421875;0.2890625;0.484375;0.08203125;0.34765625;0.484375;0.05859375;0.17578125;0.146484375;0.01171875;0.03271484375;0.044921875;0.1796875;0.013671875;0.0234375;0.033203125;0.00341796875;0.8;0.15625;0.15625;0.296875;0.046875;0.046875;0.21875;0.3125;0.0546875;0.203125;0.140625;0.0078125;0.1328125;0.1875;0.0390625;0.04296875;0.140625;0.28125;0.05859375;0.1875;0.328125;0.0703125;0.21875;0.2734375;0.04296875;0.13671875;0.25390625;0.05078125;0.052734375;0.12890625;0.36328125;0.0849609375;0.17578125;0.3203125;0.0625;0.2265625;0.41015625;0.072265625;0.28515625;0.4765625;0.0810546875;0.34765625;0.484375;0.060546875;0.17578125;0.146484375;0.01123046875;0.03271484375;0.044921875;0.171875;0.0126953125;0.0234375;0.033203125;0.00341796875;0.8
48;48;87.87;0.15625;0.15625;0.3125;0.05078125;0.046875;0.234375;0.328125;0.046875;0.203125;0.109375;0.01171875;0.1484375;0.1875;0.0390625;0.046875;0.15625;0.296875;0.056640625;0.203125;0.34375;0.068359375;0.21875;0.265625;0.037109375;0.140625;0.265625;0.0517578125;0.056640625;0.1328125;0.37890625;0.0859375;0.1796875;0.31640625;0.0615234375;0.234375;0.4140625;0.076171875;0.29296875;0.48828125;0.083984375;0.3515625;0.4921875;0.0595703125;0.177734375;0.146484375;0.01171875;0.033203125;0.044921875;0.18359375;0.01416015625;0.0234375;0.033203125;0.00341796875;0.8;0.15625;0.171875;0.296875;0.046875;0.046875;0.21875;0.3125;0.05078125;0.21875;0.140625;0.0078125;0.1328125;0.1796875;0.0390625;0.04296875;0.1484375;0.2890625;0.056640625;0.1953125;0.3359375;0.0703125;0.21875;0.2734375;0.04296875;0.140625;0.26171875;0.0517578125;0.0556640625;0.1328125;0.37109375;0.0859375;0.1796875;0.3203125;0.0625;0.23046875;0.41015625;0.0751953125;0.29296875;0.48828125;0.083984375;0.35546875;0.49609375;0.0625;0.1796875;0.150390625;0.01123046875;0.033203125;0.044921875;0.17578125;0.01318359375;0.0234375;0.033203125;0.00341796875;0.8
49;49;86.64;0.15625;0.140625;0.3125;0.05078125;0.046875;0.234375;0.328125;0.046875;0.1875;0.125;0.01171875;0.1484375;0.1953125;0.0390625;0.046875;0.1484375;0.296875;0.05859375;0.203125;0.34375;0.0703125;0.21875;0.265625;0.037109375;0.1484375;0.2734375;0.052734375;0.0576171875;0.1328125;0.37890625;0.0869140625;0.18359375;0.32421875;0.0625;0.23828125;0.43359375;0.078125;0.30078125;0.4921875;0.0869140625;0.359375;0.48828125;0.060546875;0.18359375;0.150390625;0.01171875;0.033203125;0.044921875;0.181640625;0.013671875;0.0234375;0.03125;0.00341796875;0.8;0.15625;0.15625;0.296875;0.046875;0.046875;0.203125;0.296875;0.05859375;0.203125;0.140625;0.0078125;0.1328125;0.1875;0.0390625;0.04296875;0.140625;0.2890625;0.05859375;0.1953125;0.34375;0.072265625;0.21875;0.2734375;0.044921875;0.140625;0.265625;0.0517578125;0.0556640625;0.1328125;0.37109375;0.0859375;0.17578125;0.31640625;0.0625;0.234375;0.43359375;0.0791015625;0.296875;0.49609375;0.087890625;0.359375;0.49609375;0.0634765625;0.185546875;0.154296875;0.01123046875;0.033203125;0.044921875;0.181640625;0.013671875;0.0234375;0.033203125;0.00341796875;0.8
50;50;87.75;0.15625;0.140625;0.328125;0.0546875;0.046875;0.21875;0.328125;0.046875;0.21875;0.125;0.0078125;0.140625;0.1875;0.0390625;0.046875;0.1484375;0.296875;0.056640625;0.2109375;0.34375;0.068359375;0.2265625;0.265625;0.037109375;0.1484375;0.2734375;0.052734375;0.0576171875;0.1328125;0.37890625;0.087890625;0.18359375;0.328125;0.0634765625;0.2421875;0.4375;0.0810546875;0.3046875;0.50390625;0.0888671875;0.3671875;0.5078125;0.064453125;0.185546875;0.154296875;0.01171875;0.03369140625;0.044921875;0.181640625;0.013671875;0.0234375;0.033203125;0.00341796875;0.8;0.15625;0.15625;0.296875;0.05078125;0.046875;0.21875;0.3125;0.05859375;0.21875;0.140625;0.01171875;0.125;0.1796875;0.041015625;0.04296875;0.140625;0.2890625;0.05859375;0.203125;0.3359375;0.0703125;0.21875;0.2734375;0.044921875;0.14453125;0.265625;0.0517578125;0.056640625;0.1328125;0.3671875;0.087890625;0.1796875;0.31640625;0.0625;0.234375;0.4296875;0.080078125;0.30078125;0.5;0.0869140625;0.36328125;0.5;0.064453125;0.185546875;0.154296875;0.01123046875;0.033203125;0.044921875;0.17578125;0.01318359375;0.0234375;0.033203125;0.00341796875;0.8
51;51;87.48;0.15625;0.140625;0.328125;0.05078125;0.046875;0.21875;0.328125;0.04296875;0.203125;0.109375;0.01171875;0.140625;0.1953125;0.0390625;0.046875;0.1484375;0.2890625;0.05859375;0.203125;0.34375;0.0703125;0.2265625;0.265625;0.0390625;0.1484375;0.27734375;0.052734375;0.05859375;0.13671875;0.38671875;0.0888671875;0.18359375;0.3359375;0.064453125;0.23828125;0.43359375;0.0810546875;0.3046875;0.49609375;0.0908203125;0.3671875;0.5;0.0654296875;0.1875;0.15234375;0.01171875;0.03271484375;0.044921875;0.1796875;0.01318359375;0.0234375;0.033203125;0.00341796875;0.8;0.15625;0.15625;0.296875;0.046875;0.046875;0.21875;0.3125;0.05859375;0.21875;0.15625;0.01171875;0.125;0.1875;0.0390625;0.041015625;0.140625;0.2890625;0.05859375;0.1953125;0.3359375;0.072265625;0.2265625;0.265625;0.04296875;0.14453125;0.26953125;0.052734375;0.0556640625;0.1328125;0.3828125;0.0888671875;0.18359375;0.33203125;0.064453125;0.23828125;0.43359375;0.080078125;0.3046875;0.5;0.091796875;0.37109375;0.5078125;0.06640625;0.19140625;0.16015625;0.01123046875;0.033203125;0.044921875;0.177734375;0.01318359375;0.0234375;0.033203125;0.00341796875;0.8
52;52;87.92;0.15625;0.140625;0.328125;0.05078125;0.046875;0.234375;0.328125;0.046875;0.203125;0.109375;0.0078125;0.140625;0.1953125;0.0390625;0.046875;0.1484375;0.2890625;0.056640625;0.203125;0.34375;0.0703125;0.2265625;0.2734375;0.0390625;0.1484375;0.28125;0.0546875;0.05859375;0.13671875;0.38671875;0.08984375;0.1875;0.33203125;0.064453125;0.24609375;0.4375;0.0830078125;0.30859375;0.5078125;0.0888671875;0.375;0.5078125;0.0673828125;0.19140625;0.15234375;0.01171875;0.03369140625;0.044921875;0.177734375;0.0126953125;0.0234375;0.03125;0.00341796875;0.8;0.15625;0.15625;0.296875;0.046875;0.046875;0.203125;0.3125;0.05859375;0.21875;0.125;0.0078125;0.125;0.1875;0.0390625;0.041015625;0.140625;0.28125;0.056640625;0.1953125;0.328125;0.0703125;0.21875;0.2734375;0.044921875;0.14453125;0.27734375;0.0546875;0.0556640625;0.13671875;0.37890625;0.08984375;0.18359375;0.32421875;0.064453125;0.2421875;0.4375;0.08203125;0.3046875;0.5;0.087890625;0.37109375;0.50390625;0.068359375;0.193359375;0.16015625;0.01123046875;0.03369140625;0.044921875;0.177734375;0.0126953125;0.0234375;0.03125;0.00341796875;0.8
53;53;89.49;0.15625;0.140625;0.328125;0.05078125;0.046875;0.21875;0.328125;0.05078125;0.203125;0.125;0.01171875;0.140625;0.1875;0.0390625;0.046875;0.1484375;0.296875;0.056640625;0.2109375;0.359375;0.072265625;0.2265625;0.265625;0.0390625;0.1484375;0.27734375;0.0556640625;0.05859375;0.13671875;0.390625;0.0908203125;0.19140625;0.33203125;0.064453125;0.24609375;0.4375;0.0830078125;0.3125;0.5078125;0.09375;0.3828125;0.515625;0.0654296875;0.1953125;0.15625;0.01171875;0.03369140625;0.044921875;0.1796875;0.01318359375;0.021484375;0.03125;0.00341796875;0.8;0.15625;0.15625;0.296875;0.046875;0.046875;0.21875;0.3125;0.0625;0.203125;0.140625;0.0078125;0.1328125;0.1875;0.0390625;0.04296875;0.140625;0.2890625;0.05859375;0.203125;0.3515625;0.07421875;0.2265625;0.2734375;0.044921875;0.14453125;0.2734375;0.0537109375;0.0576171875;0.13671875;0.3828125;0.08984375;0.1875;0.328125;0.064453125;0.2421875;0.4296875;0.0810546875;0.30859375;0.51171875;0.0927734375;0.37890625;0.51171875;0.0654296875;0.193359375;0.15625;0.01123046875;0.03271484375;0.044921875;0.173828125;0.0126953125;0.0234375;0.03125;0.00341796875;0.8
54;54;86.14;0.15625;0.140625;0.328125;0.05078125;0.046875;0.21875;0.3125;0.046875;0.203125;0.125;0.01171875;0.140625;0.1953125;0.041015625;0.046875;0.15625;0.3046875;0.05859375;0.2109375;0.3515625;0.072265625;0.234375;0.28125;0.0390625;0.15234375;0.28515625;0.0556640625;0.060546875;0.140625;0.390625;0.091796875;0.19140625;0.34375;0.068359375;0.25;0.453125;0.083984375;0.31640625;0.51953125;0.09375;0.38671875;0.5234375;0.068359375;0.197265625;0.158203125;0.01171875;0.03466796875;0.044921875;0.181640625;0.01318359375;0.021484375;0.03125;0.00341796875;0.8;0.15625;0.15625;0.296875;0.046875;0.046875;0.203125;0.296875;0.05859375;0.21875;0.140625;0.01171875;0.125;0.1875;0.041015625;0.041015625;0.1484375;0.3046875;0.05859375;0.1953125;0.34375;0.07421875;0.2265625;0.28125;0.044921875;0.14453125;0.2734375;0.0537109375;0.0576171875;0.13671875;0.37890625;0.087890625;0.18359375;0.3359375;0.0673828125;0.24609375;0.4453125;0.083984375;0.3125;0.51171875;0.0927734375;0.38671875;0.5234375;0.0673828125;0.201171875;0.16015625;0.01123046875;0.03466796875;0.044921875;0.177734375;0.0126953125;0.0234375;0.033203125;0.00341796875;0.8
55;55;86.01;0.15625;0.15625;0.328125;0.05078125;0.046875;0.21875;0.328125;0.046875;0.1875;0.125;0.01171875;0.140625;0.1875;0.041015625;0.046875;0.15625;0.3046875;0.060546875;0.2109375;0.3515625;0.072265625;0.234375;0.28125;0.041015625;0.15234375;0.28515625;0.056640625;0.060546875;0.140625;0.3984375;0.091796875;0.19140625;0.3515625;0.068359375;0.25390625;0.453125;0.0849609375;0.32421875;0.5234375;0.095703125;0.3984375;0.52734375;0.072265625;0.203125;0.154296875;0.01171875;0.03466796875;0.044921875;0.1796875;0.0126953125;0.021484375;0.03125;0.00341796875;0.8;0.15625;0.15625;0.296875;0.046875;0.046875;0.21875;0.296875;0.0546875;0.1875;0.140625;0.01171875;0.1328125;0.1796875;0.041015625;0.041015625;0.140625;0.2890625;0.060546875;0.203125;0.34375;0.07421875;0.21875;0.265625;0.044921875;0.14453125;0.27734375;0.0556640625;0.0576171875;0.140625;0.38671875;0.091796875;0.19140625;0.34375;0.068359375;0.25;0.44921875;0.0849609375;0.3203125;0.51953125;0.0947265625;0.39453125;0.52734375;0.0732421875;0.203125;0.16015625;0.01123046875;0.0341796875;0.044921875;0.17578125;0.0126953125;0.021484375;0.03125;0.00341796875;0.8
56;56;87.3;0.15625;0.140625;0.34375;0.05078125;0.046875;0.234375;0.328125;0.046875;0.1875;0.109375;0.0078125;0.140625;0.1953125;0.041015625;0.046875;0.15625;0.3046875;0.060546875;0.2109375;0.359375;0.07421875;0.234375;0.2734375;0.0390625;0.15625;0.2890625;0.0576171875;0.0615234375;0.140625;0.3984375;0.0927734375;0.19140625;0.33984375;0.068359375;0.2578125;0.45703125;0.08203125;0.328125;0.53125;0.0986328125;0.3984375;0.53125;0.072265625;0.205078125;0.162109375;0.01171875;0.03466796875;0.044921875;0.181640625;0.0126953125;0.021484375;0.03125;0.00341796875;0.8;0.15625;0.15625;0.3125;0.046875;0.046875;0.21875;0.3125;0.05859375;0.203125;0.140625;0.01171875;0.1328125;0.1796875;0.041015625;0.04296875;0.140625;0.296875;0.0625;0.203125;0.34375;0.076171875;0.2265625;0.2734375;0.044921875;0.1484375;0.28125;0.0576171875;0.05859375;0.140625;0.390625;0.0927734375;0.19140625;0.3359375;0.068359375;0.25390625;0.44921875;0.080078125;0.32421875;0.5234375;0.0966796875;0.39453125;0.52734375;0.0693359375;0.205078125;0.1640625;0.01171875;0.03466796875;0.044921875;0.177734375;0.0126953125;0.021484375;0.03125;0.00341796875;0.8
57;57;86.25;0.15625;0.140625;0.328125;0.05078125;0.046875;0.21875;0.328125;0.046875;0.203125;0.125;0.01171875;0.140625;0.1953125;0.041015625;0.046875;0.1484375;0.3046875;0.060546875;0.2109375;0.359375;0.07421875;0.234375;0.2734375;0.041015625;0.15234375;0.28515625;0.056640625;0.0615234375;0.140625;0.3984375;0.091796875;0.19140625;0.34765625;0.068359375;0.2578125;0.453125;0.0888671875;0.33203125;0.53125;0.099609375;0.40625;0.53515625;0.07421875;0.208984375;0.16015625;0.01171875;0.03466796875;0.044921875;0.17578125;0.01220703125;0.021484375;0.033203125;0.00341796875;0.8;0.15625;0.15625;0.296875;0.05078125;0.046875;0.203125;0.3125;0.05859375;0.21875;0.140625;0.0078125;0.125;0.1875;0.041015625;0.041015625;0.140625;0.296875;0.060546875;0.203125;0.3515625;0.07421875;0.2265625;0.265625;0.04296875;0.14453125;0.27734375;0.0556640625;0.0576171875;0.13671875;0.390625;0.0927734375;0.19140625;0.34375;0.0693359375;0.2578125;0.45703125;0.087890625;0.328125;0.53125;0.0986328125;0.40234375;0.53125;0.0732421875;0.20703125;0.158203125;0.01123046875;0.0341796875;0.044921875;0.171875;0.01220703125;0.021484375;0.033203125;0.00341796875;0.8
58;58;89.2;0.15625;0.140625;0.3125;0.05078125;0.046875;0.21875;0.328125;0.05078125;0.1875;0.125;0.0078125;0.1484375;0.203125;0.041015625;0.046875;0.15625;0.3046875;0.05859375;0.21875;0.359375;0.072265625;0.2421875;0.28125;0.0390625;0.16015625;0.296875;0.05859375;0.0625;0.14453125;0.40234375;0.0947265625;0.1953125;0.34375;0.0693359375;0.26171875;0.46484375;0.087890625;0.3359375;0.53515625;0.099609375;0.41015625;0.53515625;0.0732421875;0.212890625;0.1640625;0.01171875;0.03515625;0.044921875;0.181640625;0.0126953125;0.021484375;0.03125;0.00341796875;0.8;0.15625;0.15625;0.296875;0.046875;0.046875;0.21875;0.3125;0.0625;0.203125;0.15625;0.01171875;0.1328125;0.1875;0.041015625;0.044921875;0.1484375;0.2890625;0.05859375;0.2109375;0.34375;0.07421875;0.2421875;0.28125;0.046875;0.16015625;0.296875;0.05859375;0.0615234375;0.14453125;0.3984375;0.095703125;0.19140625;0.34375;0.0703125;0.2578125;0.4609375;0.087890625;0.3359375;0.53515625;0.1005859375;0.41015625;0.5390625;0.0751953125;0.21484375;0.1640625;0.01171875;0.03515625;0.044921875;0.177734375;0.01220703125;0.021484375;0.03125;0.00341796875;0.8
59;59;88.55;0.15625;0.140625;0.3125;0.046875;0.046875;0.234375;0.328125;0.046875;0.203125;0.125;0.0078125;0.1484375;0.203125;0.041015625;0.046875;0.15625;0.296875;0.056640625;0.21875;0.359375;0.07421875;0.2421875;0.28125;0.041015625;0.16015625;0.29296875;0.05859375;0.0634765625;0.1484375;0.40625;0.0947265625;0.19921875;0.35546875;0.0712890625;0.265625;0.4765625;0.0908203125;0.33984375;0.54296875;0.1015625;0.41796875;0.546875;0.076171875;0.216796875;0.166015625;0.01171875;0.03564453125;0.044921875;0.1796875;0.01220703125;0.01953125;0.033203125;0.00341796875;0.8;0.15625;0.15625;0.296875;0.04296875;0.046875;0.21875;0.3125;0.05859375;0.21875;0.15625;0.01171875;0.1328125;0.1875;0.041015625;0.044921875;0.1484375;0.2890625;0.05859375;0.2109375;0.3515625;0.07421875;0.234375;0.2734375;0.046875;0.16015625;0.28515625;0.05859375;0.0615234375;0.14453125;0.3984375;0.09375;0.1953125;0.3515625;0.0712890625;0.26171875;0.47265625;0.08984375;0.33984375;0.54296875;0.1015625;0.41796875;0.55078125;0.0771484375;0.21875;0.16796875;0.01171875;0.03564453125;0.044921875;0.17578125;0.01171875;0.021484375;0.03125;0.00341796875;0.8
60;60;85.38;0.15625;0.140625;0.328125;0.05078125;0.046875;0.21875;0.328125;0.05078125;0.203125;0.125;0.0078125;0.140625;0.203125;0.041015625;0.046875;0.1640625;0.296875;0.056640625;0.2265625;0.3671875;0.072265625;0.2421875;0.28125;0.04296875;0.16015625;0.296875;0.05859375;0.0634765625;0.14453125;0.4140625;0.09765625;0.19921875;0.35546875;0.0703125;0.265625;0.47265625;0.091796875;0.34375;0.5546875;0.1044921875;0.42578125;0.5546875;0.076171875;0.220703125;0.16796875;0.01171875;0.03564453125;0.044921875;0.185546875;0.0126953125;0.021484375;0.03125;0.00341796875;0.8;0.15625;0.15625;0.296875;0.046875;0.046875;0.203125;0.296875;0.05859375;0.21875;0.15625;0.01171875;0.1328125;0.1875;0.04296875;0.04296875;0.1484375;0.2890625;0.05859375;0.2109375;0.3515625;0.07421875;0.234375;0.28125;0.05078125;0.15625;0.2890625;0.05859375;0.0595703125;0.140625;0.3984375;0.0947265625;0.1953125;0.34765625;0.0712890625;0.26171875;0.46875;0.091796875;0.34375;0.55078125;0.10546875;0.421875;0.5546875;0.076171875;0.220703125;0.171875;0.01171875;0.03515625;0.044921875;0.177734375;0.01220703125;0.021484375;0.03125;0.00341796875;0.8
61;61;90.07;0.15625;0.140625;0.328125;0.05078125;0.046875;0.234375;0.328125;0.05078125;0.1875;0.125;0.01171875;0.1484375;0.203125;0.04296875;0.046875;0.15625;0.3046875;0.05859375;0.2265625;0.375;0.07421875;0.2421875;0.296875;0.04296875;0.1640625;0.29296875;0.0595703125;0.064453125;0.1484375;0.41796875;0.1015625;0.203125;0.359375;0.0712890625;0.26953125;0.48046875;0.0927734375;0.3515625;0.5546875;0.1044921875;0.4296875;0.55859375;0.076171875;0.224609375;0.16796875;0.01171875;0.03662109375;0.044921875;0.181640625;0.0126953125;0.01953125;0.033203125;0.00341796875;0.8;0.15625;0.15625;0.296875;0.046875;0.046875;0.21875;0.3125;0.0625;0.203125;0.140625;0.015625;0.1328125;0.1953125;0.04296875;0.044921875;0.15625;0.296875;0.060546875;0.21875;0.359375;0.076171875;0.2421875;0.296875;0.05078125;0.16015625;0.2890625;0.0595703125;0.0625;0.1484375;0.4140625;0.1005859375;0.203125;0.35546875;0.0712890625;0.265625;0.48046875;0.091796875;0.34765625;0.55078125;0.1044921875;0.4296875;0.56640625;0.0791015625;0.2265625;0.173828125;0.01171875;0.037109375;0.044921875;0.177734375;0.01220703125;0.01953125;0.033203125;0.00341796875;0.8
62;62;89.58;0.15625;0.15625;0.34375;0.05078125;0.046875;0.234375;0.328125;0.05078125;0.203125;0.125;0.01171875;0.1484375;0.203125;0.041015625;0.048828125;0.15625;0.3046875;0.060546875;0.2265625;0.3828125;0.076171875;0.25;0.2890625;0.041015625;0.1640625;0.296875;0.0595703125;0.064453125;0.1484375;0.41796875;0.1005859375;0.203125;0.35546875;0.0712890625;0.2734375;0.48046875;0.0966796875;0.3515625;0.5625;0.1064453125;0.43359375;0.5703125;0.083984375;0.2265625;0.171875;0.01171875;0.03662109375;0.044921875;0.185546875;0.01220703125;0.01953125;0.033203125;0.00341796875;0.8;0.15625;0.171875;0.3125;0.046875;0.05078125;0.234375;0.3125;0.05859375;0.203125;0.140625;0.015625;0.1328125;0.1875;0.04296875;0.044921875;0.15625;0.296875;0.0625;0.21875;0.375;0.078125;0.25;0.2890625;0.048828125;0.16015625;0.29296875;0.0595703125;0.0625;0.1484375;0.4140625;0.099609375;0.203125;0.3515625;0.0712890625;0.26953125;0.4765625;0.0947265625;0.34765625;0.55859375;0.10546875;0.4296875;0.55859375;0.0791015625;0.224609375;0.169921875;0.01171875;0.0361328125;0.044921875;0.177734375;0.01171875;0.01953125;0.03125;0.00341796875;0.8
63;63;90.67;0.15625;0.15625;0.328125;0.05078125;0.046875;0.234375;0.328125;0.05078125;0.1875;0.125;0.01171875;0.1484375;0.203125;0.04296875;0.048828125;0.1640625;0.3046875;0.060546875;0.2265625;0.375;0.076171875;0.25;0.2890625;0.041015625;0.1640625;0.30078125;0.060546875;0.0654296875;0.1484375;0.421875;0.1025390625;0.2109375;0.3671875;0.07421875;0.28125;0.49609375;0.0986328125;0.359375;0.56640625;0.107421875;0.4375;0.57421875;0.083984375;0.23046875;0.171875;0.01171875;0.03662109375;0.044921875;0.1796875;0.01171875;0.01953125;0.03125;0.00341796875;0.8;0.15625;0.171875;0.3125;0.046875;0.046875;0.234375;0.3125;0.05859375;0.21875;0.140625;0.01171875;0.140625;0.1953125;0.044921875;0.044921875;0.15625;0.296875;0.0625;0.21875;0.3671875;0.078125;0.2578125;0.296875;0.048828125;0.1640625;0.296875;0.0595703125;0.0634765625;0.1484375;0.421875;0.1015625;0.2109375;0.3671875;0.0751953125;0.28125;0.5;0.0986328125;0.359375;0.5625;0.1064453125;0.4375;0.57421875;0.0810546875;0.232421875;0.173828125;0.01171875;0.03662109375;0.044921875;0.17578125;0.01220703125;0.021484375;0.03125;0.00341796875;0.8
64;64;89.48;0.15625;0.15625;0.34375;0.05078125;0.046875;0.25;0.34375;0.046875;0.1875;0.125;0.01171875;0.1484375;0.2109375;0.04296875;0.048828125;0.1640625;0.3125;0.060546875;0.2265625;0.3828125;0.076171875;0.2578125;0.296875;0.04296875;0.16796875;0.296875;0.060546875;0.0654296875;0.15234375;0.42578125;0.1025390625;0.20703125;0.36328125;0.0732421875;0.28125;0.4921875;0.09765625;0.36328125;0.56640625;0.109375;0.4453125;0.56640625;0.0810546875;0.232421875;0.169921875;0.01171875;0.0361328125;0.044921875;0.18359375;0.01171875;0.01953125;0.033203125;0.00341796875;0.8;0.15625;0.171875;0.3125;0.05078125;0.046875;0.234375;0.328125;0.0625;0.21875;0.15625;0.01171875;0.1328125;0.203125;0.044921875;0.044921875;0.15625;0.3046875;0.060546875;0.21875;0.375;0.080078125;0.25;0.296875;0.048828125;0.1640625;0.29296875;0.060546875;0.0634765625;0.1484375;0.41796875;0.1015625;0.20703125;0.36328125;0.07421875;0.28125;0.49609375;0.0986328125;0.36328125;0.5703125;0.1103515625;0.4453125;0.57421875;0.08203125;0.236328125;0.17578125;0.01123046875;0.03662109375;0.044921875;0.1796875;0.01171875;0.01953125;0.03125;0.00390625;0.8
65;65;89.97;0.15625;0.140625;0.34375;0.05078125;0.046875;0.25;0.328125;0.05078125;0.1875;0.125;0.01171875;0.140625;0.1953125;0.04296875;0.048828125;0.1640625;0.3046875;0.060546875;0.234375;0.3828125;0.076171875;0.2578125;0.296875;0.044921875;0.16796875;0.3046875;0.0615234375;0.0654296875;0.15234375;0.43359375;0.1044921875;0.21484375;0.3671875;0.0732421875;0.2890625;0.5;0.099609375;0.37109375;0.578125;0.1103515625;0.453125;0.5859375;0.087890625;0.23828125;0.177734375;0.01171875;0.037109375;0.044921875;0.185546875;0.01171875;0.01953125;0.03125;0.00341796875;0.8;0.15625;0.15625;0.3125;0.05078125;0.046875;0.234375;0.3125;0.05859375;0.203125;0.140625;0.01171875;0.1328125;0.1875;0.044921875;0.044921875;0.15625;0.296875;0.060546875;0.2265625;0.3671875;0.078125;0.2578125;0.296875;0.05078125;0.1640625;0.3046875;0.0615234375;0.0634765625;0.15234375;0.42578125;0.1044921875;0.2109375;0.36328125;0.07421875;0.2890625;0.5;0.099609375;0.37109375;0.57421875;0.111328125;0.453125;0.58203125;0.0869140625;0.23828125;0.177734375;0.01171875;0.03662109375;0.044921875;0.177734375;0.01171875;0.021484375;0.029296875;0.00341796875;0.8
66;66;90.27;0.15625;0.15625;0.34375;0.05078125;0.046875;0.234375;0.328125;0.046875;0.203125;0.125;0.0078125;0.1484375;0.203125;0.04296875;0.048828125;0.1640625;0.3125;0.060546875;0.2265625;0.390625;0.078125;0.2578125;0.296875;0.044921875;0.16796875;0.30078125;0.0615234375;0.06640625;0.15625;0.43359375;0.10546875;0.2109375;0.375;0.076171875;0.2890625;0.50390625;0.09765625;0.375;0.578125;0.1123046875;0.45703125;0.578125;0.0849609375;0.2421875;0.17578125;0.01171875;0.03759765625;0.044921875;0.18359375;0.01171875;0.01953125;0.033203125;0.00341796875;0.8;0.15625;0.171875;0.3125;0.046875;0.046875;0.234375;0.3125;0.0625;0.203125;0.140625;0.01171875;0.140625;0.1953125;0.044921875;0.044921875;0.15625;0.3046875;0.0625;0.21875;0.375;0.080078125;0.2578125;0.2890625;0.048828125;0.1640625;0.296875;0.0615234375;0.064453125;0.15234375;0.4296875;0.10546875;0.2109375;0.37109375;0.076171875;0.2890625;0.50390625;0.0986328125;0.375;0.578125;0.111328125;0.45703125;0.578125;0.0859375;0.2421875;0.1796875;0.01171875;0.03759765625;0.044921875;0.1796875;0.01123046875;0.01953125;0.03125;0.00341796875;0.8
67;67;89.6;0.15625;0.15625;0.359375;0.05078125;0.05078125;0.25;0.328125;0.046875;0.203125;0.125;0.0078125;0.1484375;0.203125;0.04296875;0.048828125;0.1640625;0.3125;0.0625;0.234375;0.3828125;0.078125;0.2578125;0.3125;0.046875;0.16796875;0.296875;0.0615234375;0.0673828125;0.15234375;0.4296875;0.107421875;0.21484375;0.37890625;0.0771484375;0.29296875;0.5078125;0.099609375;0.37890625;0.5859375;0.1142578125;0.4609375;0.5859375;0.0869140625;0.244140625;0.173828125;0.01171875;0.037109375;0.044921875;0.185546875;0.01123046875;0.01953125;0.03125;0.00341796875;0.8;0.15625;0.171875;0.328125;0.046875;0.046875;0.234375;0.3125;0.05859375;0.21875;0.125;0.01171875;0.140625;0.1953125;0.044921875;0.044921875;0.15625;0.3046875;0.064453125;0.2265625;0.375;0.080078125;0.2578125;0.3125;0.052734375;0.1640625;0.29296875;0.0615234375;0.0654296875;0.15234375;0.421875;0.10546875;0.2109375;0.37890625;0.0771484375;0.2890625;0.5078125;0.099609375;0.37890625;0.58203125;0.111328125;0.4609375;0.5859375;0.0849609375;0.24609375;0.177734375;0.01171875;0.037109375;0.044921875;0.181640625;0.0107421875;0.01953125;0.03125;0.00341796875;0.8
68;68;90.88;0.15625;0.15625;0.34375;0.0546875;0.046875;0.25;0.328125;0.046875;0.203125;0.125;0.0078125;0.1484375;0.203125;0.044921875;0.048828125;0.171875;0.3125;0.060546875;0.234375;0.3984375;0.080078125;0.2578125;0.296875;0.044921875;0.171875;0.3046875;0.0615234375;0.0673828125;0.15625;0.4375;0.1064453125;0.21484375;0.375;0.0771484375;0.29296875;0.51171875;0.1015625;0.3828125;0.5859375;0.1142578125;0.46484375;0.58203125;0.0869140625;0.25;0.177734375;0.01171875;0.0380859375;0.044921875;0.185546875;0.0107421875;0.01953125;0.033203125;0.00341796875;0.8;0.15625;0.171875;0.328125;0.05078125;0.046875;0.234375;0.3125;0.05859375;0.21875;0.140625;0.01171875;0.140625;0.1953125;0.044921875;0.044921875;0.15625;0.3046875;0.0625;0.2265625;0.390625;0.08203125;0.2578125;0.296875;0.05078125;0.1640625;0.30078125;0.0615234375;0.064453125;0.15234375;0.43359375;0.1064453125;0.21484375;0.375;0.078125;0.29296875;0.51171875;0.099609375;0.3828125;0.58203125;0.11328125;0.46484375;0.5859375;0.0869140625;0.25;0.181640625;0.01171875;0.0380859375;0.044921875;0.18359375;0.01123046875;0.01953125;0.03125;0.00341796875;0.8
69;69;89.3;0.15625;0.140625;0.34375;0.05078125;0.05078125;0.25;0.34375;0.046875;0.203125;0.125;0.0078125;0.15625;0.203125;0.044921875;0.048828125;0.171875;0.3125;0.0625;0.2421875;0.390625;0.078125;0.265625;0.3125;0.046875;0.171875;0.3046875;0.0625;0.068359375;0.15625;0.44140625;0.107421875;0.22265625;0.38671875;0.0791015625;0.296875;0.515625;0.1044921875;0.38671875;0.59375;0.1171875;0.46875;0.59375;0.08984375;0.25390625;0.1796875;0.01171875;0.0380859375;0.044921875;0.189453125;0.01123046875;0.01953125;0.033203125;0.00341796875;0.8;0.15625;0.171875;0.3125;0.046875;0.05078125;0.21875;0.3125;0.0625;0.21875;0.125;0.01171875;0.140625;0.203125;0.044921875;0.044921875;0.15625;0.3046875;0.0625;0.2265625;0.375;0.080078125;0.2578125;0.3125;0.05078125;0.16796875;0.30078125;0.0615234375;0.0654296875;0.15234375;0.43359375;0.107421875;0.21484375;0.37890625;0.080078125;0.2890625;0.515625;0.1044921875;0.3828125;0.58984375;0.1171875;0.46875;0.59375;0.0888671875;0.255859375;0.185546875;0.01171875;0.03857421875;0.044921875;0.18359375;0.01123046875;0.01953125;0.03125;0.00341796875;0.8
70;70;90.48;0.15625;0.15625;0.328125;0.05078125;0.05078125;0.25;0.328125;0.046875;0.203125;0.140625;0.0078125;0.15625;0.203125;0.04296875;0.048828125;0.171875;0.3125;0.0625;0.234375;0.390625;0.078125;0.265625;0.3046875;0.046875;0.17578125;0.30859375;0.0625;0.068359375;0.16015625;0.4453125;0.1103515625;0.21875;0.37890625;0.0791015625;0.296875;0.51171875;0.103515625;0.390625;0.58984375;0.115234375;0.47265625;0.59375;0.087890625;0.255859375;0.1796875;0.01171875;0.0390625;0.044921875;0.185546875;0.0107421875;0.01953125;0.033203125;0.00341796875;0.8;0.15625;0.171875;0.296875;0.046875;0.05078125;0.21875;0.3125;0.0625;0.21875;0.140625;0.01171875;0.140625;0.1953125;0.044921875;0.044921875;0.15625;0.3046875;0.0625;0.2265625;0.375;0.080078125;0.2578125;0.3046875;0.052734375;0.16796875;0.30078125;0.0625;0.0654296875;0.15234375;0.43359375;0.1083984375;0.2109375;0.37109375;0.0791015625;0.29296875;0.515625;0.103515625;0.38671875;0.58984375;0.1162109375;0.47265625;0.6015625;0.0908203125;0.2578125;0.185546875;0.01171875;0.0390625;0.044921875;0.18359375;0.0107421875;0.01953125;0.03125;0.00341796875;0.8
71;71;91.5;0.15625;0.15625;0.34375;0.0546875;0.05078125;0.25;0.328125;0.046875;0.203125;0.125;0.0078125;0.15625;0.2109375;0.044921875;0.05078125;0.171875;0.3203125;0.0625;0.234375;0.3984375;0.080078125;0.265625;0.3046875;0.046875;0.17578125;0.31640625;0.064453125;0.0693359375;0.16015625;0.44921875;0.109375;0.22265625;0.3828125;0.0791015625;0.30078125;0.5234375;0.1064453125;0.39453125;0.6015625;0.1181640625;0.48046875;0.6015625;0.0908203125;0.259765625;0.185546875;0.01171875;0.03857421875;0.044921875;0.1875;0.0107421875;0.01953125;0.03125;0.00341796875;0.8;0.15625;0.171875;0.3125;0.05078125;0.05078125;0.234375;0.328125;0.0625;0.21875;0.140625;0.01171875;0.140625;0.203125;0.044921875;0.044921875;0.1640625;0.3125;0.0625;0.2265625;0.3828125;0.08203125;0.265625;0.3046875;0.05078125;0.171875;0.30859375;0.0634765625;0.0673828125;0.16015625;0.4453125;0.1103515625;0.21875;0.3828125;0.0791015625;0.296875;0.51953125;0.10546875;0.39453125;0.59765625;0.1171875;0.4765625;0.6015625;0.0908203125;0.259765625;0.185546875;0.01171875;0.03857421875;0.044921875;0.181640625;0.01025390625;0.01953125;0.029296875;0.00341796875;0.8
72;72;91.98;0.15625;0.15625;0.34375;0.0546875;0.05078125;0.25;0.34375;0.05078125;0.203125;0.140625;0.01171875;0.15625;0.21875;0.044921875;0.05078125;0.171875;0.3203125;0.0625;0.234375;0.390625;0.080078125;0.265625;0.3046875;0.046875;0.171875;0.30859375;0.0634765625;0.068359375;0.16015625;0.453125;0.111328125;0.22265625;0.3828125;0.0791015625;0.3046875;0.5234375;0.107421875;0.3984375;0.6015625;0.1171875;0.48828125;0.609375;0.0927734375;0.26171875;0.18359375;0.01171875;0.03857421875;0.044921875;0.19140625;0.0107421875;0.01953125;0.03515625;0.00341796875;0.8;0.15625;0.171875;0.328125;0.05078125;0.046875;0.234375;0.3125;0.0625;0.21875;0.171875;0.015625;0.140625;0.203125;0.046875;0.046875;0.1640625;0.3125;0.0625;0.2265625;0.3828125;0.08203125;0.265625;0.3125;0.052734375;0.16796875;0.3046875;0.0634765625;0.06640625;0.16015625;0.4453125;0.111328125;0.22265625;0.3828125;0.080078125;0.3046875;0.5234375;0.107421875;0.3984375;0.6015625;0.1181640625;0.48828125;0.609375;0.091796875;0.263671875;0.185546875;0.01171875;0.03857421875;0.04296875;0.185546875;0.01025390625;0.01953125;0.03125;0.00341796875;0.8
73;73;90.94;0.15625;0.15625;0.34375;0.0546875;0.05078125;0.25;0.34375;0.05078125;0.203125;0.140625;0.0078125;0.1484375;0.2109375;0.044921875;0.048828125;0.171875;0.3203125;0.064453125;0.234375;0.3984375;0.08203125;0.265625;0.3046875;0.044921875;0.17578125;0.3125;0.0634765625;0.0693359375;0.16015625;0.44921875;0.1123046875;0.22265625;0.390625;0.080078125;0.3046875;0.52734375;0.1083984375;0.40234375;0.6015625;0.1181640625;0.48828125;0.60546875;0.0908203125;0.263671875;0.181640625;0.01171875;0.0380859375;0.044921875;0.185546875;0.01025390625;0.017578125;0.033203125;0.00390625;0.8;0.15625;0.171875;0.3125;0.05078125;0.05078125;0.234375;0.3125;0.05859375;0.21875;0.15625;0.01171875;0.140625;0.203125;0.046875;0.044921875;0.1640625;0.3125;0.064453125;0.2265625;0.390625;0.083984375;0.265625;0.3125;0.052734375;0.171875;0.30859375;0.0634765625;0.068359375;0.16015625;0.4453125;0.1123046875;0.22265625;0.390625;0.080078125;0.30078125;0.52734375;0.1083984375;0.3984375;0.6015625;0.119140625;0.48828125;0.60546875;0.0888671875;0.263671875;0.185546875;0.01171875;0.03857421875;0.04296875;0.18359375;0.01025390625;0.01953125;0.03125;0.00341796875;0.8
74;74;92.43;0.15625;0.140625;0.359375;0.0546875;0.05078125;0.25;0.34375;0.05078125;0.21875;0.140625;0.0078125;0.15625;0.2109375;0.044921875;0.048828125;0.171875;0.3203125;0.0625;0.2421875;0.40625;0.08203125;0.2734375;0.3125;0.048828125;0.17578125;0.3125;0.0634765625;0.0703125;0.1640625;0.45703125;0.1142578125;0.2265625;0.39453125;0.0791015625;0.30859375;0.53125;0.1103515625;0.40625;0.609375;0.123046875;0.49609375;0.61328125;0.095703125;0.263671875;0.1796875;0.01220703125;0.0380859375;0.044921875;0.1875;0.009765625;0.01953125;0.033203125;0.00390625;0.8;0.15625;0.15625;0.328125;0.05078125;0.046875;0.234375;0.328125;0.0625;0.21875;0.15625;0.015625;0.140625;0.203125;0.046875;0.044921875;0.1640625;0.3125;0.0625;0.2265625;0.3984375;0.0859375;0.2734375;0.3125;0.052734375;0.171875;0.3046875;0.0634765625;0.068359375;0.16015625;0.453125;0.1142578125;0.2265625;0.390625;0.0791015625;0.30859375;0.53125;0.1103515625;0.40625;0.60546875;0.1220703125;0.49609375;0.6171875;0.095703125;0.267578125;0.185546875;0.01171875;0.03857421875;0.044921875;0.185546875;0.01025390625;0.01953125;0.03125;0.00341796875;0.8
75;75;92.1;0.15625;0.15625;0.34375;0.0546875;0.05078125;0.25;0.34375;0.05078125;0.203125;0.140625;0.0078125;0.1484375;0.2109375;0.044921875;0.048828125;0.171875;0.3203125;0.064453125;0.2421875;0.3984375;0.08203125;0.2734375;0.3203125;0.048828125;0.1796875;0.3125;0.0634765625;0.0703125;0.16015625;0.453125;0.1142578125;0.2265625;0.38671875;0.0791015625;0.30859375;0.53125;0.111328125;0.40625;0.60546875;0.123046875;0.5;0.609375;0.0947265625;0.26953125;0.18359375;0.01220703125;0.03857421875;0.044921875;0.185546875;0.009765625;0.017578125;0.033203125;0.00390625;0.8;0.15625;0.171875;0.3125;0.05078125;0.05078125;0.234375;0.328125;0.0625;0.21875;0.15625;0.01171875;0.140625;0.203125;0.046875;0.044921875;0.1640625;0.3125;0.064453125;0.234375;0.390625;0.083984375;0.2734375;0.3203125;0.052734375;0.17578125;0.30859375;0.0634765625;0.068359375;0.16015625;0.44921875;0.115234375;0.2265625;0.3828125;0.080078125;0.30859375;0.53125;0.111328125;0.40625;0.609375;0.123046875;0.5;0.6171875;0.095703125;0.2734375;0.189453125;0.01171875;0.03955078125;0.044921875;0.185546875;0.01025390625;0.01953125;0.03125;0.00341796875;0.8
76;76;92.6;0.15625;0.15625;0.359375;0.0546875;0.05078125;0.25;0.34375;0.05078125;0.21875;0.125;0.0078125;0.15625;0.2109375;0.044921875;0.048828125;0.171875;0.328125;0.064453125;0.2421875;0.3984375;0.080078125;0.2734375;0.3203125;0.046875;0.1796875;0.31640625;0.064453125;0.0703125;0.1640625;0.4609375;0.1171875;0.23046875;0.390625;0.0810546875;0.3125;0.53125;0.111328125;0.41015625;0.60546875;0.1240234375;0.50390625;0.6171875;0.0966796875;0.271484375;0.18359375;0.01220703125;0.03955078125;0.044921875;0.1875;0.01025390625;0.017578125;0.033203125;0.00390625;0.8;0.171875;0.171875;0.328125;0.05078125;0.05078125;0.25;0.328125;0.0625;0.21875;0.15625;0.015625;0.140625;0.203125;0.046875;0.046875;0.1640625;0.3203125;0.064453125;0.234375;0.390625;0.08203125;0.2734375;0.3203125;0.052734375;0.17578125;0.3125;0.064453125;0.0693359375;0.16015625;0.45703125;0.1162109375;0.2265625;0.390625;0.0810546875;0.3125;0.53515625;0.1123046875;0.41015625;0.609375;0.125;0.50390625;0.62109375;0.0966796875;0.2734375;0.18359375;0.01171875;0.03955078125;0.044921875;0.185546875;0.01025390625;0.01953125;0.03125;0.00341796875;0.8
77;77;92.47;0.15625;0.15625;0.359375;0.0546875;0.05078125;0.25;0.34375;0.05078125;0.21875;0.125;0.01171875;0.15625;0.2109375;0.044921875;0.05078125;0.171875;0.328125;0.064453125;0.2421875;0.40625;0.08203125;0.28125;0.3125;0.046875;0.1796875;0.3203125;0.0634765625;0.0703125;0.1640625;0.45703125;0.115234375;0.2265625;0.390625;0.080078125;0.3125;0.53515625;0.1103515625;0.41015625;0.61328125;0.1259765625;0.50390625;0.62109375;0.095703125;0.271484375;0.185546875;0.01171875;0.03955078125;0.044921875;0.189453125;0.009765625;0.01953125;0.033203125;0.00341796875;0.8;0.171875;0.171875;0.328125;0.05078125;0.05078125;0.234375;0.328125;0.0625;0.21875;0.15625;0.015625;0.140625;0.203125;0.046875;0.046875;0.1640625;0.3203125;0.064453125;0.234375;0.390625;0.083984375;0.2734375;0.3125;0.052734375;0.17578125;0.3125;0.0634765625;0.068359375;0.16015625;0.44921875;0.115234375;0.2265625;0.38671875;0.0810546875;0.3125;0.53515625;0.1103515625;0.41015625;0.61328125;0.1259765625;0.50390625;0.62109375;0.0966796875;0.2734375;0.189453125;0.01171875;0.0400390625;0.044921875;0.18359375;0.009765625;0.01953125;0.03125;0.00341796875;0.8
78;78;92.97;0.15625;0.15625;0.359375;0.0546875;0.05078125;0.25;0.34375;0.05078125;0.21875;0.140625;0.01171875;0.15625;0.2109375;0.044921875;0.048828125;0.171875;0.328125;0.064453125;0.2421875;0.40625;0.083984375;0.2734375;0.3046875;0.044921875;0.18359375;0.31640625;0.064453125;0.0703125;0.1640625;0.4609375;0.115234375;0.23046875;0.390625;0.0810546875;0.3125;0.53515625;0.11328125;0.4140625;0.6171875;0.125;0.5078125;0.62109375;0.0966796875;0.26953125;0.181640625;0.01171875;0.0390625;0.044921875;0.1875;0.00927734375;0.017578125;0.033203125;0.00341796875;0.8;0.15625;0.171875;0.328125;0.05078125;0.05078125;0.234375;0.328125;0.0625;0.21875;0.15625;0.015625;0.140625;0.203125;0.046875;0.046875;0.1640625;0.3203125;0.064453125;0.234375;0.3984375;0.0859375;0.2734375;0.3125;0.05078125;0.1796875;0.3125;0.0634765625;0.068359375;0.16015625;0.453125;0.115234375;0.23046875;0.38671875;0.0810546875;0.3125;0.53515625;0.11328125;0.4140625;0.6171875;0.1259765625;0.5078125;0.625;0.0986328125;0.2734375;0.1875;0.01171875;0.0400390625;0.044921875;0.185546875;0.00927734375;0.017578125;0.03125;0.00341796875;0.8
79;79;93.42;0.15625;0.15625;0.359375;0.0546875;0.05078125;0.25;0.359375;0.05078125;0.21875;0.140625;0.01171875;0.15625;0.2109375;0.044921875;0.05078125;0.171875;0.328125;0.064453125;0.2421875;0.4140625;0.083984375;0.2734375;0.3125;0.046875;0.1796875;0.31640625;0.064453125;0.0703125;0.1640625;0.4609375;0.115234375;0.234375;0.39453125;0.08203125;0.31640625;0.5390625;0.1142578125;0.4140625;0.6171875;0.1259765625;0.5078125;0.625;0.0966796875;0.2734375;0.185546875;0.01171875;0.03955078125;0.044921875;0.1875;0.00927734375;0.017578125;0.033203125;0.00341796875;0.8;0.15625;0.171875;0.328125;0.05078125;0.05078125;0.25;0.328125;0.0625;0.21875;0.15625;0.015625;0.1484375;0.203125;0.046875;0.046875;0.171875;0.3203125;0.064453125;0.234375;0.3984375;0.083984375;0.2734375;0.3203125;0.052734375;0.1796875;0.30859375;0.0634765625;0.0693359375;0.16015625;0.453125;0.1162109375;0.23046875;0.39453125;0.0830078125;0.31640625;0.5390625;0.1142578125;0.4140625;0.6171875;0.126953125;0.51171875;0.625;0.09765625;0.275390625;0.185546875;0.01171875;0.03955078125;0.044921875;0.185546875;0.00927734375;0.017578125;0.03125;0.00341796875;0.8
80;80;94.03;0.15625;0.15625;0.359375;0.0546875;0.05078125;0.25;0.359375;0.05078125;0.21875;0.125;0.01171875;0.15625;0.2109375;0.044921875;0.048828125;0.171875;0.328125;0.064453125;0.25;0.4140625;0.083984375;0.2734375;0.3125;0.046875;0.18359375;0.31640625;0.064453125;0.0712890625;0.1640625;0.46484375;0.1181640625;0.234375;0.3984375;0.08203125;0.3203125;0.54296875;0.1142578125;0.41796875;0.6171875;0.126953125;0.51171875;0.62109375;0.0966796875;0.2734375;0.1796875;0.01171875;0.03857421875;0.044921875;0.1875;0.00927734375;0.017578125;0.033203125;0.00341796875;0.8;0.15625;0.171875;0.328125;0.05078125;0.05078125;0.25;0.34375;0.0625;0.234375;0.15625;0.015625;0.140625;0.203125;0.046875;0.046875;0.1640625;0.3203125;0.06640625;0.2421875;0.3984375;0.0859375;0.2734375;0.3203125;0.052734375;0.1796875;0.3125;0.064453125;0.0703125;0.1640625;0.4609375;0.1181640625;0.234375;0.3984375;0.0830078125;0.31640625;0.5390625;0.1142578125;0.41796875;0.6171875;0.1279296875;0.515625;0.62890625;0.099609375;0.27734375;0.1875;0.01171875;0.0400390625;0.044921875;0.185546875;0.00927734375;0.017578125;0.03125;0.00341796875;0.8
81;81;93.52;0.15625;0.15625;0.359375;0.0546875;0.05078125;0.25;0.359375;0.05078125;0.21875;0.140625;0.01171875;0.15625;0.2109375;0.044921875;0.05078125;0.171875;0.328125;0.064453125;0.25;0.4140625;0.08203125;0.28125;0.3203125;0.046875;0.18359375;0.31640625;0.064453125;0.0703125;0.1640625;0.4609375;0.1181640625;0.234375;0.39453125;0.08203125;0.31640625;0.54296875;0.115234375;0.41796875;0.6171875;0.1279296875;0.51171875;0.625;0.0986328125;0.275390625;0.185546875;0.01171875;0.0390625;0.044921875;0.185546875;0.00927734375;0.017578125;0.033203125;0.00341796875;0.8;0.15625;0.171875;0.328125;0.05078125;0.05078125;0.234375;0.328125;0.0625;0.234375;0.15625;0.015625;0.1484375;0.203125;0.046875;0.046875;0.171875;0.328125;0.06640625;0.2421875;0.40625;0.0859375;0.2734375;0.3203125;0.0546875;0.1796875;0.31640625;0.064453125;0.0693359375;0.16015625;0.4609375;0.1181640625;0.234375;0.39453125;0.0830078125;0.31640625;0.54296875;0.115234375;0.41796875;0.62109375;0.1279296875;0.515625;0.62890625;0.0986328125;0.279296875;0.1875;0.01171875;0.04052734375;0.044921875;0.1875;0.00927734375;0.017578125;0.03125;0.00341796875;0.8
82;82;93.94;0.15625;0.15625;0.359375;0.0546875;0.05078125;0.25;0.359375;0.05078125;0.21875;0.125;0.01171875;0.15625;0.21875;0.046875;0.05078125;0.171875;0.328125;0.064453125;0.25;0.4140625;0.083984375;0.2734375;0.3203125;0.048828125;0.18359375;0.3203125;0.064453125;0.0712890625;0.1640625;0.46484375;0.1181640625;0.234375;0.3984375;0.08203125;0.32421875;0.546875;0.1142578125;0.421875;0.625;0.1279296875;0.51953125;0.62890625;0.099609375;0.27734375;0.18359375;0.01171875;0.0400390625;0.044921875;0.189453125;0.00927734375;0.017578125;0.033203125;0.00341796875;0.8;0.15625;0.171875;0.328125;0.05078125;0.05078125;0.25;0.34375;0.0625;0.234375;0.15625;0.015625;0.1484375;0.203125;0.046875;0.046875;0.1640625;0.328125;0.06640625;0.2421875;0.3984375;0.0859375;0.2734375;0.3203125;0.0546875;0.1796875;0.31640625;0.064453125;0.0703125;0.1640625;0.4609375;0.1181640625;0.234375;0.39453125;0.0830078125;0.3203125;0.54296875;0.115234375;0.421875;0.62109375;0.12890625;0.51953125;0.6328125;0.099609375;0.28125;0.1875;0.01171875;0.04052734375;0.04296875;0.185546875;0.00927734375;0.017578125;0.03125;0.00341796875;0.8
83;83;94.09;0.15625;0.15625;0.359375;0.0546875;0.05078125;0.25;0.359375;0.05078125;0.21875;0.140625;0.01171875;0.15625;0.21875;0.044921875;0.048828125;0.171875;0.328125;0.064453125;0.25;0.4140625;0.0859375;0.2734375;0.328125;0.048828125;0.18359375;0.31640625;0.064453125;0.0712890625;0.1640625;0.46484375;0.1181640625;0.23828125;0.3984375;0.0830078125;0.32421875;0.546875;0.115234375;0.421875;0.62109375;0.12890625;0.51953125;0.6328125;0.1005859375;0.27734375;0.181640625;0.01171875;0.0400390625;0.044921875;0.189453125;0.0087890625;0.017578125;0.033203125;0.00341796875;0.8;0.15625;0.171875;0.328125;0.05078125;0.05078125;0.25;0.34375;0.0625;0.234375;0.15625;0.015625;0.140625;0.203125;0.046875;0.046875;0.171875;0.328125;0.06640625;0.2421875;0.40625;0.087890625;0.28125;0.328125;0.0546875;0.1796875;0.3125;0.064453125;0.0703125;0.1640625;0.4609375;0.119140625;0.234375;0.3984375;0.083984375;0.3203125;0.546875;0.115234375;0.421875;0.62109375;0.12890625;0.5234375;0.63671875;0.1005859375;0.28125;0.185546875;0.01171875;0.0400390625;0.04296875;0.185546875;0.00927734375;0.017578125;0.03125;0.00341796875;0.8
84;84;94.18;0.15625;0.15625;0.359375;0.0546875;0.05078125;0.265625;0.359375;0.05078125;0.21875;0.140625;0.01171875;0.15625;0.21875;0.044921875;0.05078125;0.171875;0.328125;0.06640625;0.25;0.421875;0.0859375;0.2734375;0.328125;0.048828125;0.18359375;0.3203125;0.064453125;0.0712890625;0.1640625;0.46875;0.1201171875;0.23828125;0.40234375;0.083984375;0.32421875;0.55078125;0.1162109375;0.42578125;0.625;0.1298828125;0.51953125;0.6328125;0.0986328125;0.279296875;0.181640625;0.01171875;0.03955078125;0.044921875;0.189453125;0.0087890625;0.017578125;0.033203125;0.00341796875;0.8;0.15625;0.171875;0.328125;0.05078125;0.05078125;0.25;0.34375;0.0625;0.234375;0.140625;0.015625;0.140625;0.203125;0.046875;0.046875;0.1640625;0.3203125;0.06640625;0.2421875;0.40625;0.087890625;0.2734375;0.328125;0.0546875;0.1796875;0.3125;0.064453125;0.0693359375;0.1640625;0.4609375;0.119140625;0.23828125;0.3984375;0.083984375;0.3203125;0.546875;0.1162109375;0.421875;0.625;0.1298828125;0.51953125;0.63671875;0.1005859375;0.283203125;0.185546875;0.01171875;0.04052734375;0.04296875;0.185546875;0.0087890625;0.017578125;0.029296875;0.00341796875;0.8
85;85;94.37;0.15625;0.15625;0.359375;0.0546875;0.05078125;0.265625;0.359375;0.05078125;0.21875;0.140625;0.01171875;0.15625;0.2109375;0.044921875;0.05078125;0.171875;0.328125;0.064453125;0.25;0.4140625;0.0859375;0.28125;0.328125;0.048828125;0.18359375;0.31640625;0.064453125;0.0712890625;0.1640625;0.46875;0.119140625;0.23828125;0.40234375;0.083984375;0.32421875;0.546875;0.115234375;0.421875;0.62109375;0.1298828125;0.5234375;0.63671875;0.1025390625;0.279296875;0.181640625;0.01171875;0.0390625;0.04296875;0.189453125;0.0087890625;0.017578125;0.033203125;0.00341796875;0.8;0.15625;0.171875;0.328125;0.05078125;0.05078125;0.25;0.34375;0.0625;0.234375;0.15625;0.015625;0.1484375;0.203125;0.046875;0.046875;0.1640625;0.3203125;0.06640625;0.2421875;0.40625;0.087890625;0.2734375;0.328125;0.0546875;0.18359375;0.3125;0.064453125;0.0693359375;0.1640625;0.46484375;0.119140625;0.23828125;0.3984375;0.083984375;0.32421875;0.546875;0.115234375;0.42578125;0.62109375;0.1298828125;0.5234375;0.63671875;0.1015625;0.283203125;0.185546875;0.01171875;0.0400390625;0.04296875;0.185546875;0.0087890625;0.017578125;0.03125;0.00341796875;0.8
86;86;94.58;0.15625;0.15625;0.359375;0.0546875;0.05078125;0.25;0.359375;0.05078125;0.21875;0.140625;0.01171875;0.15625;0.21875;0.044921875;0.048828125;0.171875;0.328125;0.064453125;0.25;0.421875;0.0859375;0.2734375;0.3203125;0.046875;0.18359375;0.3203125;0.064453125;0.0712890625;0.1640625;0.47265625;0.1201171875;0.23828125;0.40234375;0.083984375;0.328125;0.55078125;0.1162109375;0.42578125;0.625;0.130859375;0.5234375;0.63671875;0.1025390625;0.279296875;0.1796875;0.01171875;0.03955078125;0.04296875;0.189453125;0.00830078125;0.017578125;0.033203125;0.00341796875;0.8;0.15625;0.171875;0.328125;0.05078125;0.05078125;0.25;0.34375;0.0625;0.234375;0.15625;0.015625;0.1484375;0.203125;0.046875;0.046875;0.1640625;0.3203125;0.06640625;0.2421875;0.40625;0.087890625;0.28125;0.328125;0.0546875;0.1796875;0.3125;0.064453125;0.0693359375;0.1640625;0.46484375;0.1201171875;0.23828125;0.3984375;0.083984375;0.32421875;0.546875;0.1162109375;0.42578125;0.62109375;0.1298828125;0.5234375;0.63671875;0.1015625;0.283203125;0.185546875;0.01171875;0.0400390625;0.04296875;0.185546875;0.0087890625;0.017578125;0.029296875;0.00341796875;0.8
87;87;94.64;0.15625;0.15625;0.359375;0.0546875;0.05078125;0.265625;0.359375;0.05078125;0.21875;0.140625;0.01171875;0.15625;0.21875;0.044921875;0.05078125;0.171875;0.328125;0.064453125;0.25;0.421875;0.0859375;0.28125;0.3203125;0.048828125;0.18359375;0.3203125;0.0654296875;0.072265625;0.1640625;0.46875;0.1201171875;0.23828125;0.40234375;0.083984375;0.32421875;0.55078125;0.1162109375;0.42578125;0.62109375;0.1279296875;0.5234375;0.6328125;0.1005859375;0.27734375;0.1796875;0.01171875;0.03857421875;0.044921875;0.1875;0.00830078125;0.017578125;0.033203125;0.00341796875;0.8;0.15625;0.171875;0.328125;0.05078125;0.05078125;0.25;0.34375;0.0625;0.234375;0.15625;0.015625;0.1484375;0.2109375;0.046875;0.046875;0.171875;0.3203125;0.06640625;0.2421875;0.40625;0.087890625;0.28125;0.328125;0.0546875;0.1796875;0.3125;0.064453125;0.0703125;0.1640625;0.46484375;0.1201171875;0.23828125;0.40234375;0.083984375;0.32421875;0.546875;0.1162109375;0.42578125;0.625;0.130859375;0.5234375;0.63671875;0.1015625;0.283203125;0.18359375;0.01171875;0.0400390625;0.04296875;0.185546875;0.0087890625;0.017578125;0.029296875;0.00341796875;0.8
88;88;94.62;0.15625;0.15625;0.359375;0.05859375;0.05078125;0.25;0.359375;0.05078125;0.21875;0.125;0.01171875;0.15625;0.2109375;0.044921875;0.048828125;0.171875;0.328125;0.064453125;0.25;0.4140625;0.0859375;0.2734375;0.3203125;0.046875;0.18359375;0.31640625;0.064453125;0.0712890625;0.1640625;0.46875;0.1201171875;0.23828125;0.40234375;0.083984375;0.32421875;0.546875;0.1162109375;0.42578125;0.6171875;0.12890625;0.51953125;0.6328125;0.1005859375;0.27734375;0.1796875;0.01171875;0.03857421875;0.04296875;0.1875;0.0087890625;0.017578125;0.033203125;0.00341796875;0.8;0.15625;0.171875;0.328125;0.05078125;0.05078125;0.25;0.34375;0.0625;0.234375;0.15625;0.015625;0.1484375;0.2109375;0.046875;0.046875;0.1640625;0.3203125;0.06640625;0.2421875;0.40625;0.087890625;0.28125;0.328125;0.0546875;0.1796875;0.3125;0.064453125;0.0693359375;0.1640625;0.46484375;0.1201171875;0.23828125;0.40234375;0.083984375;0.32421875;0.55078125;0.1162109375;0.42578125;0.625;0.130859375;0.52734375;0.640625;0.1015625;0.283203125;0.18359375;0.01171875;0.0400390625;0.04296875;0.185546875;0.0087890625;0.017578125;0.029296875;0.00341796875;0.8
89;89;94.54;0.15625;0.15625;0.359375;0.0546875;0.05078125;0.25;0.359375;0.05078125;0.21875;0.140625;0.01171875;0.15625;0.21875;0.044921875;0.05078125;0.171875;0.328125;0.064453125;0.25;0.421875;0.0859375;0.2734375;0.328125;0.048828125;0.18359375;0.31640625;0.064453125;0.0712890625;0.1640625;0.46875;0.1201171875;0.23828125;0.40625;0.083984375;0.328125;0.55078125;0.1162109375;0.42578125;0.625;0.130859375;0.5234375;0.63671875;0.1015625;0.279296875;0.1796875;0.01171875;0.0390625;0.04296875;0.189453125;0.00830078125;0.017578125;0.033203125;0.00341796875;0.8;0.15625;0.171875;0.328125;0.0546875;0.05078125;0.25;0.34375;0.0625;0.234375;0.15625;0.015625;0.1484375;0.2109375;0.046875;0.046875;0.171875;0.3203125;0.06640625;0.2421875;0.40625;0.087890625;0.28125;0.328125;0.0546875;0.18359375;0.3125;0.064453125;0.0693359375;0.1640625;0.46484375;0.1201171875;0.23828125;0.40234375;0.083984375;0.32421875;0.55078125;0.1162109375;0.42578125;0.625;0.130859375;0.52734375;0.63671875;0.1015625;0.283203125;0.181640625;0.01171875;0.0400390625;0.04296875;0.18359375;0.00830078125;0.017578125;0.029296875;0.00341796875;0.8
90;90;94.68;0.15625;0.15625;0.359375;0.05859375;0.05078125;0.25;0.359375;0.05078125;0.21875;0.125;0.01171875;0.15625;0.21875;0.044921875;0.05078125;0.171875;0.328125;0.064453125;0.25;0.421875;0.0859375;0.28125;0.328125;0.048828125;0.18359375;0.3203125;0.0654296875;0.0712890625;0.1640625;0.46875;0.12109375;0.23828125;0.40234375;0.0830078125;0.328125;0.55078125;0.1162109375;0.42578125;0.625;0.130859375;0.5234375;0.63671875;0.1005859375;0.279296875;0.1796875;0.01171875;0.0390625;0.04296875;0.1875;0.0087890625;0.017578125;0.033203125;0.00341796875;0.8;0.15625;0.171875;0.328125;0.05078125;0.05078125;0.25;0.34375;0.0625;0.234375;0.15625;0.015625;0.1484375;0.2109375;0.046875;0.046875;0.171875;0.3203125;0.06640625;0.2421875;0.40625;0.087890625;0.28125;0.328125;0.0546875;0.1796875;0.3125;0.064453125;0.0693359375;0.1640625;0.46484375;0.1201171875;0.23828125;0.40234375;0.083984375;0.32421875;0.55078125;0.1162109375;0.4296875;0.625;0.1318359375;0.52734375;0.63671875;0.1015625;0.283203125;0.181640625;0.01171875;0.0400390625;0.04296875;0.18359375;0.00830078125;0.017578125;0.029296875;0.00341796875;0.8
91;91;94.57;0.15625;0.15625;0.359375;0.0546875;0.05078125;0.25;0.359375;0.05078125;0.21875;0.140625;0.01171875;0.15625;0.21875;0.044921875;0.05078125;0.1796875;0.328125;0.06640625;0.25;0.421875;0.0859375;0.28125;0.328125;0.048828125;0.18359375;0.31640625;0.064453125;0.0712890625;0.1640625;0.46875;0.1201171875;0.23828125;0.40234375;0.083984375;0.328125;0.55078125;0.1162109375;0.42578125;0.625;0.130859375;0.5234375;0.6328125;0.1025390625;0.28125;0.177734375;0.01171875;0.03955078125;0.04296875;0.185546875;0.00830078125;0.017578125;0.033203125;0.00341796875;0.8;0.15625;0.171875;0.328125;0.05078125;0.05078125;0.25;0.34375;0.0625;0.234375;0.15625;0.015625;0.1484375;0.2109375;0.046875;0.046875;0.171875;0.3203125;0.06640625;0.2421875;0.40625;0.087890625;0.28125;0.328125;0.0546875;0.18359375;0.3125;0.064453125;0.0703125;0.1640625;0.46484375;0.1201171875;0.23828125;0.40234375;0.083984375;0.32421875;0.55078125;0.1162109375;0.4296875;0.625;0.1318359375;0.52734375;0.640625;0.1015625;0.283203125;0.181640625;0.01171875;0.0400390625;0.04296875;0.18359375;0.00830078125;0.017578125;0.029296875;0.00341796875;0.8
92;92;94.75;0.15625;0.15625;0.359375;0.0546875;0.05078125;0.265625;0.359375;0.05078125;0.21875;0.140625;0.01171875;0.15625;0.21875;0.044921875;0.05078125;0.171875;0.328125;0.064453125;0.25;0.4140625;0.0859375;0.28125;0.328125;0.048828125;0.18359375;0.3203125;0.064453125;0.0712890625;0.1640625;0.46484375;0.1201171875;0.23828125;0.40234375;0.0830078125;0.328125;0.546875;0.1162109375;0.42578125;0.625;0.130859375;0.5234375;0.6328125;0.1025390625;0.27734375;0.177734375;0.01171875;0.03857421875;0.04296875;0.1875;0.00830078125;0.017578125;0.033203125;0.00341796875;0.8;0.15625;0.171875;0.328125;0.0546875;0.05078125;0.25;0.34375;0.0625;0.234375;0.15625;0.015625;0.1484375;0.2109375;0.046875;0.046875;0.171875;0.3203125;0.06640625;0.2421875;0.40625;0.087890625;0.28125;0.328125;0.0546875;0.18359375;0.3125;0.064453125;0.0693359375;0.1640625;0.46484375;0.1201171875;0.23828125;0.40234375;0.083984375;0.32421875;0.55078125;0.1162109375;0.4296875;0.625;0.1318359375;0.52734375;0.640625;0.1015625;0.283203125;0.181640625;0.01171875;0.0400390625;0.04296875;0.18359375;0.00830078125;0.017578125;0.029296875;0.00341796875;0.8
93;93;94.76;0.15625;0.15625;0.359375;0.0546875;0.05078125;0.265625;0.359375;0.05078125;0.21875;0.140625;0.01171875;0.15625;0.2109375;0.044921875;0.05078125;0.1796875;0.328125;0.064453125;0.25;0.4140625;0.0859375;0.28125;0.328125;0.048828125;0.18359375;0.31640625;0.064453125;0.0712890625;0.1640625;0.46875;0.1201171875;0.23828125;0.40625;0.083984375;0.328125;0.55078125;0.1171875;0.4296875;0.625;0.130859375;0.52734375;0.63671875;0.103515625;0.28125;0.1796875;0.01171875;0.03955078125;0.04296875;0.1875;0.00830078125;0.017578125;0.033203125;0.00341796875;0.8;0.15625;0.171875;0.328125;0.0546875;0.05078125;0.25;0.34375;0.0625;0.234375;0.15625;0.015625;0.1484375;0.2109375;0.046875;0.046875;0.171875;0.3203125;0.06640625;0.2421875;0.40625;0.087890625;0.28125;0.328125;0.0546875;0.18359375;0.3125;0.064453125;0.0693359375;0.1640625;0.46484375;0.1201171875;0.23828125;0.40234375;0.0849609375;0.328125;0.55078125;0.1171875;0.4296875;0.625;0.1318359375;0.52734375;0.640625;0.1015625;0.283203125;0.181640625;0.01171875;0.03955078125;0.04296875;0.18359375;0.00830078125;0.017578125;0.029296875;0.00341796875;0.8
94;94;94.79;0.15625;0.15625;0.359375;0.0546875;0.05078125;0.265625;0.359375;0.05078125;0.21875;0.125;0.01171875;0.15625;0.21875;0.044921875;0.05078125;0.171875;0.328125;0.064453125;0.25;0.421875;0.0859375;0.28125;0.328125;0.048828125;0.18359375;0.3203125;0.064453125;0.0712890625;0.1640625;0.47265625;0.12109375;0.23828125;0.40625;0.083984375;0.328125;0.5546875;0.1162109375;0.4296875;0.62890625;0.1318359375;0.52734375;0.63671875;0.1005859375;0.28125;0.1796875;0.01171875;0.0390625;0.04296875;0.1875;0.00830078125;0.017578125;0.033203125;0.00341796875;0.8;0.15625;0.171875;0.328125;0.05078125;0.05078125;0.25;0.34375;0.0625;0.234375;0.15625;0.015625;0.1484375;0.2109375;0.046875;0.046875;0.171875;0.3203125;0.06640625;0.2421875;0.40625;0.087890625;0.28125;0.328125;0.0546875;0.18359375;0.3125;0.064453125;0.0703125;0.1640625;0.46484375;0.1201171875;0.23828125;0.40234375;0.0849609375;0.328125;0.55078125;0.1171875;0.4296875;0.625;0.1318359375;0.52734375;0.640625;0.1015625;0.283203125;0.181640625;0.01171875;0.03955078125;0.04296875;0.18359375;0.00830078125;0.017578125;0.029296875;0.00341796875;0.8
95;95;94.85;0.15625;0.15625;0.359375;0.0546875;0.05078125;0.25;0.359375;0.05078125;0.21875;0.125;0.01171875;0.15625;0.21875;0.044921875;0.05078125;0.1796875;0.328125;0.06640625;0.25;0.4140625;0.0859375;0.28125;0.328125;0.048828125;0.18359375;0.3203125;0.064453125;0.0712890625;0.1640625;0.46875;0.1201171875;0.23828125;0.40234375;0.083984375;0.328125;0.5546875;0.1171875;0.4296875;0.625;0.130859375;0.52734375;0.63671875;0.1015625;0.28125;0.181640625;0.01171875;0.03955078125;0.04296875;0.185546875;0.00830078125;0.017578125;0.033203125;0.00341796875;0.8;0.15625;0.171875;0.328125;0.0546875;0.05078125;0.25;0.34375;0.0625;0.234375;0.15625;0.015625;0.1484375;0.2109375;0.046875;0.046875;0.171875;0.3203125;0.06640625;0.2421875;0.40625;0.087890625;0.28125;0.328125;0.0546875;0.18359375;0.3125;0.064453125;0.0703125;0.1640625;0.46484375;0.1201171875;0.23828125;0.40234375;0.0849609375;0.328125;0.55078125;0.1162109375;0.4296875;0.625;0.1318359375;0.52734375;0.640625;0.1015625;0.283203125;0.181640625;0.01171875;0.03955078125;0.04296875;0.18359375;0.00830078125;0.017578125;0.029296875;0.00341796875;0.8
96;96;94.75;0.15625;0.15625;0.359375;0.05859375;0.05078125;0.25;0.359375;0.05078125;0.21875;0.140625;0.01171875;0.15625;0.21875;0.044921875;0.05078125;0.171875;0.328125;0.064453125;0.25;0.421875;0.0859375;0.28125;0.328125;0.048828125;0.18359375;0.31640625;0.0654296875;0.0712890625;0.1640625;0.46875;0.119140625;0.23828125;0.40625;0.083984375;0.328125;0.55078125;0.1162109375;0.4296875;0.625;0.1318359375;0.52734375;0.6328125;0.099609375;0.27734375;0.17578125;0.01171875;0.0390625;0.04296875;0.185546875;0.00830078125;0.017578125;0.033203125;0.00341796875;0.8;0.15625;0.171875;0.328125;0.05078125;0.05078125;0.25;0.34375;0.0625;0.234375;0.15625;0.015625;0.1484375;0.2109375;0.046875;0.046875;0.171875;0.3203125;0.06640625;0.2421875;0.40625;0.087890625;0.28125;0.328125;0.0546875;0.18359375;0.3125;0.064453125;0.0693359375;0.1640625;0.46484375;0.1201171875;0.23828125;0.40234375;0.083984375;0.328125;0.55078125;0.1171875;0.4296875;0.625;0.1318359375;0.52734375;0.640625;0.1025390625;0.283203125;0.181640625;0.01171875;0.0400390625;0.04296875;0.18359375;0.00830078125;0.017578125;0.029296875;0.00341796875;0.8
97;97;94.76;0.15625;0.15625;0.359375;0.0546875;0.05078125;0.25;0.359375;0.05078125;0.21875;0.140625;0.01171875;0.15625;0.21875;0.044921875;0.05078125;0.171875;0.328125;0.064453125;0.25;0.4140625;0.0859375;0.28125;0.3203125;0.048828125;0.18359375;0.31640625;0.0654296875;0.0712890625;0.1640625;0.46875;0.1201171875;0.23828125;0.40625;0.083984375;0.328125;0.55078125;0.1162109375;0.42578125;0.625;0.130859375;0.52734375;0.63671875;0.1015625;0.279296875;0.177734375;0.01171875;0.0390625;0.04296875;0.1875;0.00830078125;0.017578125;0.033203125;0.00341796875;0.8;0.15625;0.171875;0.328125;0.05078125;0.05078125;0.25;0.34375;0.0625;0.234375;0.15625;0.015625;0.1484375;0.2109375;0.046875;0.046875;0.171875;0.3203125;0.06640625;0.2421875;0.40625;0.087890625;0.28125;0.328125;0.0546875;0.1796875;0.3125;0.064453125;0.0693359375;0.1640625;0.46484375;0.1201171875;0.23828125;0.40234375;0.0849609375;0.328125;0.55078125;0.1171875;0.4296875;0.625;0.1318359375;0.52734375;0.640625;0.1025390625;0.283203125;0.181640625;0.01171875;0.03955078125;0.04296875;0.18359375;0.00830078125;0.017578125;0.029296875;0.00341796875;0.8
98;98;94.84;0.15625;0.15625;0.359375;0.0546875;0.05078125;0.25;0.359375;0.05078125;0.21875;0.140625;0.0078125;0.15625;0.21875;0.044921875;0.05078125;0.171875;0.328125;0.064453125;0.25;0.421875;0.0859375;0.2734375;0.328125;0.048828125;0.18359375;0.31640625;0.064453125;0.0712890625;0.1640625;0.46875;0.12109375;0.23828125;0.40234375;0.083984375;0.328125;0.55078125;0.1171875;0.4296875;0.62890625;0.1318359375;0.52734375;0.63671875;0.103515625;0.279296875;0.1796875;0.01171875;0.03857421875;0.04296875;0.1875;0.00830078125;0.017578125;0.033203125;0.00341796875;0.8;0.15625;0.171875;0.328125;0.05078125;0.05078125;0.25;0.34375;0.0625;0.234375;0.15625;0.015625;0.1484375;0.2109375;0.046875;0.046875;0.171875;0.3203125;0.06640625;0.2421875;0.40625;0.087890625;0.28125;0.328125;0.0546875;0.18359375;0.3125;0.064453125;0.0703125;0.1640625;0.46484375;0.1201171875;0.23828125;0.40234375;0.083984375;0.328125;0.55078125;0.1171875;0.4296875;0.625;0.1318359375;0.52734375;0.640625;0.1015625;0.283203125;0.181640625;0.01171875;0.0400390625;0.04296875;0.18359375;0.00830078125;0.017578125;0.029296875;0.00341796875;0.8
99;99;94.79;0.15625;0.15625;0.359375;0.0546875;0.05078125;0.265625;0.359375;0.05078125;0.21875;0.140625;0.01171875;0.15625;0.21875;0.044921875;0.05078125;0.1796875;0.328125;0.06640625;0.25;0.421875;0.0859375;0.28125;0.328125;0.048828125;0.18359375;0.3203125;0.0654296875;0.0712890625;0.1640625;0.46875;0.1201171875;0.23828125;0.40625;0.083984375;0.328125;0.546875;0.115234375;0.4296875;0.625;0.1298828125;0.52734375;0.6328125;0.1015625;0.279296875;0.177734375;0.01171875;0.0390625;0.04296875;0.185546875;0.00830078125;0.017578125;0.033203125;0.00341796875;0.8;0.15625;0.171875;0.328125;0.05078125;0.05078125;0.25;0.34375;0.0625;0.234375;0.15625;0.015625;0.1484375;0.2109375;0.046875;0.046875;0.171875;0.3203125;0.06640625;0.2421875;0.40625;0.087890625;0.28125;0.328125;0.0546875;0.18359375;0.3125;0.064453125;0.0693359375;0.1640625;0.46484375;0.1201171875;0.23828125;0.40234375;0.0849609375;0.328125;0.55078125;0.1171875;0.4296875;0.625;0.1318359375;0.52734375;0.640625;0.1015625;0.283203125;0.181640625;0.01171875;0.03955078125;0.04296875;0.18359375;0.00830078125;0.017578125;0.029296875;0.00341796875;0.8
