;Epoch;test_accuracy;train-saturation_conv1;train-saturation_layer1-0-conv1;train-saturation_layer1-0-conv2;train-saturation_layer1-0-conv3;train-saturation_layer1-0-shortcut-0;train-saturation_layer1-1-conv1;train-saturation_layer1-1-conv2;train-saturation_layer1-1-conv3;train-saturation_layer1-2-conv1;train-saturation_layer1-2-conv2;train-saturation_layer1-2-conv3;train-saturation_layer2-0-conv1;train-saturation_layer2-0-conv2;train-saturation_layer2-0-conv3;train-saturation_layer2-0-shortcut-0;train-saturation_layer2-1-conv1;train-saturation_layer2-1-conv2;train-saturation_layer2-1-conv3;train-saturation_layer2-2-conv1;train-saturation_layer2-2-conv2;train-saturation_layer2-2-conv3;train-saturation_layer2-3-conv1;train-saturation_layer2-3-conv2;train-saturation_layer2-3-conv3;train-saturation_layer3-0-conv1;train-saturation_layer3-0-conv2;train-saturation_layer3-0-conv3;train-saturation_layer3-0-shortcut-0;train-saturation_layer3-1-conv1;train-saturation_layer3-1-conv2;train-saturation_layer3-1-conv3;train-saturation_layer3-2-conv1;train-saturation_layer3-2-conv2;train-saturation_layer3-2-conv3;train-saturation_layer3-3-conv1;train-saturation_layer3-3-conv2;train-saturation_layer3-3-conv3;train-saturation_layer3-4-conv1;train-saturation_layer3-4-conv2;train-saturation_layer3-4-conv3;train-saturation_layer3-5-conv1;train-saturation_layer3-5-conv2;train-saturation_layer3-5-conv3;train-saturation_layer4-0-conv1;train-saturation_layer4-0-conv2;train-saturation_layer4-0-conv3;train-saturation_layer4-0-shortcut-0;train-saturation_layer4-1-conv1;train-saturation_layer4-1-conv2;train-saturation_layer4-1-conv3;train-saturation_layer4-2-conv1;train-saturation_layer4-2-conv2;train-saturation_layer4-2-conv3;train-saturation_linear;eval-saturation_conv1;eval-saturation_layer1-0-conv1;eval-saturation_layer1-0-conv2;eval-saturation_layer1-0-conv3;eval-saturation_layer1-0-shortcut-0;eval-saturation_layer1-1-conv1;eval-saturation_layer1-1-conv2;eval-saturation_layer1-1-conv3;eval-saturation_layer1-2-conv1;eval-saturation_layer1-2-conv2;eval-saturation_layer1-2-conv3;eval-saturation_layer2-0-conv1;eval-saturation_layer2-0-conv2;eval-saturation_layer2-0-conv3;eval-saturation_layer2-0-shortcut-0;eval-saturation_layer2-1-conv1;eval-saturation_layer2-1-conv2;eval-saturation_layer2-1-conv3;eval-saturation_layer2-2-conv1;eval-saturation_layer2-2-conv2;eval-saturation_layer2-2-conv3;eval-saturation_layer2-3-conv1;eval-saturation_layer2-3-conv2;eval-saturation_layer2-3-conv3;eval-saturation_layer3-0-conv1;eval-saturation_layer3-0-conv2;eval-saturation_layer3-0-conv3;eval-saturation_layer3-0-shortcut-0;eval-saturation_layer3-1-conv1;eval-saturation_layer3-1-conv2;eval-saturation_layer3-1-conv3;eval-saturation_layer3-2-conv1;eval-saturation_layer3-2-conv2;eval-saturation_layer3-2-conv3;eval-saturation_layer3-3-conv1;eval-saturation_layer3-3-conv2;eval-saturation_layer3-3-conv3;eval-saturation_layer3-4-conv1;eval-saturation_layer3-4-conv2;eval-saturation_layer3-4-conv3;eval-saturation_layer3-5-conv1;eval-saturation_layer3-5-conv2;eval-saturation_layer3-5-conv3;eval-saturation_layer4-0-conv1;eval-saturation_layer4-0-conv2;eval-saturation_layer4-0-conv3;eval-saturation_layer4-0-shortcut-0;eval-saturation_layer4-1-conv1;eval-saturation_layer4-1-conv2;eval-saturation_layer4-1-conv3;eval-saturation_layer4-2-conv1;eval-saturation_layer4-2-conv2;eval-saturation_layer4-2-conv3;eval-saturation_linear
0;0;24.75;0.125;0.40625;0.8125;0.2109375;0.140625;0.828125;0.90625;0.22265625;0.859375;0.921875;0.2265625;0.796875;0.890625;0.216796875;0.359375;0.875;0.921875;0.224609375;0.8828125;0.9296875;0.2265625;0.890625;0.921875;0.22265625;0.78515625;0.67578125;0.162109375;0.2099609375;0.66015625;0.68359375;0.166015625;0.671875;0.6796875;0.1650390625;0.66015625;0.68359375;0.1650390625;0.671875;0.69140625;0.16796875;0.66015625;0.671875;0.1611328125;0.4296875;0.13671875;0.03466796875;0.0341796875;0.138671875;0.13671875;0.03466796875;0.140625;0.13671875;0.03466796875;0.9;0.125;0.375;0.796875;0.20703125;0.13671875;0.8125;0.890625;0.22265625;0.859375;0.921875;0.2265625;0.7890625;0.8984375;0.21875;0.357421875;0.875;0.9296875;0.224609375;0.890625;0.9296875;0.2265625;0.890625;0.9296875;0.224609375;0.796875;0.74609375;0.1796875;0.2421875;0.734375;0.765625;0.1845703125;0.7421875;0.7578125;0.1826171875;0.73828125;0.765625;0.18359375;0.7421875;0.765625;0.185546875;0.74609375;0.76171875;0.1826171875;0.513671875;0.173828125;0.04345703125;0.04345703125;0.17578125;0.16796875;0.04296875;0.17578125;0.169921875;0.04296875;0.9
1;1;31.66;0.125;0.390625;0.796875;0.20703125;0.13671875;0.828125;0.890625;0.22265625;0.84375;0.921875;0.2265625;0.7890625;0.8828125;0.21484375;0.3515625;0.859375;0.90625;0.220703125;0.8671875;0.90625;0.21875;0.8671875;0.90625;0.216796875;0.75390625;0.62109375;0.1494140625;0.19921875;0.6171875;0.6328125;0.1513671875;0.61328125;0.6171875;0.146484375;0.60546875;0.62109375;0.1484375;0.61328125;0.62109375;0.1484375;0.60546875;0.61328125;0.1455078125;0.388671875;0.125;0.0322265625;0.03173828125;0.134765625;0.12890625;0.033203125;0.134765625;0.130859375;0.03369140625;0.8;0.125;0.375;0.78125;0.203125;0.13671875;0.8125;0.890625;0.21875;0.84375;0.921875;0.2265625;0.78125;0.890625;0.21484375;0.35546875;0.859375;0.90625;0.21875;0.8671875;0.90625;0.21875;0.8671875;0.90625;0.21875;0.76171875;0.68359375;0.1650390625;0.2265625;0.6796875;0.70703125;0.1689453125;0.68359375;0.69140625;0.166015625;0.68359375;0.70703125;0.169921875;0.69140625;0.70703125;0.169921875;0.67578125;0.69921875;0.16796875;0.462890625;0.16015625;0.04052734375;0.04052734375;0.16796875;0.158203125;0.041015625;0.166015625;0.158203125;0.04150390625;0.8
2;2;36.67;0.125;0.390625;0.796875;0.20703125;0.13671875;0.828125;0.890625;0.22265625;0.84375;0.921875;0.2265625;0.78125;0.875;0.212890625;0.353515625;0.8515625;0.90625;0.21875;0.8671875;0.8984375;0.216796875;0.8671875;0.8984375;0.216796875;0.75390625;0.6171875;0.1474609375;0.19921875;0.61328125;0.625;0.150390625;0.609375;0.609375;0.1435546875;0.59765625;0.609375;0.1455078125;0.60546875;0.61328125;0.1484375;0.59375;0.60546875;0.146484375;0.3828125;0.123046875;0.03173828125;0.03173828125;0.1328125;0.126953125;0.03271484375;0.1328125;0.126953125;0.03271484375;0.8;0.125;0.390625;0.796875;0.20703125;0.13671875;0.8125;0.875;0.21875;0.84375;0.921875;0.2265625;0.78125;0.890625;0.21484375;0.35546875;0.859375;0.90625;0.21875;0.8671875;0.90625;0.21875;0.8671875;0.90625;0.21875;0.765625;0.6796875;0.1630859375;0.2275390625;0.671875;0.69140625;0.166015625;0.671875;0.6796875;0.1611328125;0.66796875;0.6875;0.1650390625;0.67578125;0.6875;0.166015625;0.66796875;0.6796875;0.1640625;0.455078125;0.154296875;0.03955078125;0.0400390625;0.1640625;0.154296875;0.0400390625;0.1640625;0.15625;0.04052734375;0.7
3;3;40.41;0.140625;0.421875;0.8125;0.2109375;0.14453125;0.828125;0.890625;0.22265625;0.859375;0.921875;0.2265625;0.7890625;0.875;0.212890625;0.357421875;0.8515625;0.90625;0.21875;0.8671875;0.8984375;0.216796875;0.8671875;0.8984375;0.21484375;0.75;0.609375;0.14453125;0.1982421875;0.60546875;0.61328125;0.146484375;0.59375;0.5859375;0.13671875;0.578125;0.5859375;0.138671875;0.58203125;0.578125;0.138671875;0.5703125;0.57421875;0.1357421875;0.369140625;0.11328125;0.0302734375;0.03076171875;0.12890625;0.119140625;0.03125;0.12890625;0.123046875;0.0322265625;0.8;0.125;0.390625;0.796875;0.20703125;0.140625;0.8125;0.875;0.21875;0.84375;0.921875;0.22265625;0.7734375;0.8828125;0.212890625;0.35546875;0.8515625;0.90625;0.21875;0.8671875;0.8984375;0.216796875;0.8671875;0.90625;0.21875;0.76171875;0.6796875;0.162109375;0.2255859375;0.671875;0.6875;0.1669921875;0.671875;0.6796875;0.162109375;0.66796875;0.6875;0.1640625;0.6796875;0.68359375;0.166015625;0.671875;0.6875;0.1650390625;0.458984375;0.154296875;0.03955078125;0.04052734375;0.1640625;0.15625;0.04052734375;0.166015625;0.15625;0.041015625;0.7
4;4;43.19;0.125;0.390625;0.8125;0.2109375;0.1328125;0.8125;0.890625;0.21875;0.84375;0.90625;0.2265625;0.7734375;0.859375;0.2109375;0.349609375;0.8359375;0.8984375;0.21875;0.859375;0.890625;0.216796875;0.859375;0.8984375;0.21484375;0.74609375;0.6015625;0.14453125;0.193359375;0.59765625;0.609375;0.1474609375;0.59765625;0.58984375;0.1396484375;0.58203125;0.58984375;0.140625;0.58984375;0.5859375;0.1416015625;0.58203125;0.58984375;0.1416015625;0.373046875;0.115234375;0.03076171875;0.03076171875;0.12890625;0.12109375;0.03125;0.130859375;0.125;0.03271484375;0.7;0.125;0.390625;0.8125;0.20703125;0.13671875;0.8125;0.875;0.21875;0.84375;0.921875;0.22265625;0.7734375;0.875;0.212890625;0.35546875;0.8515625;0.8984375;0.21875;0.859375;0.8984375;0.216796875;0.8671875;0.8984375;0.216796875;0.7578125;0.66015625;0.1572265625;0.2216796875;0.65625;0.67578125;0.162109375;0.65625;0.6640625;0.158203125;0.6484375;0.66796875;0.1591796875;0.66015625;0.6640625;0.1591796875;0.65234375;0.66796875;0.1591796875;0.443359375;0.1484375;0.0380859375;0.03955078125;0.16015625;0.150390625;0.0390625;0.162109375;0.154296875;0.0400390625;0.7
5;5;45.61;0.125;0.40625;0.8125;0.20703125;0.13671875;0.8125;0.875;0.21875;0.84375;0.90625;0.22265625;0.7734375;0.859375;0.208984375;0.34765625;0.8359375;0.890625;0.21875;0.859375;0.890625;0.21484375;0.859375;0.890625;0.21484375;0.73828125;0.59375;0.1435546875;0.1904296875;0.58984375;0.59375;0.1435546875;0.58984375;0.578125;0.1376953125;0.57421875;0.58203125;0.140625;0.58203125;0.57421875;0.140625;0.5703125;0.578125;0.138671875;0.3671875;0.11328125;0.0302734375;0.03076171875;0.12890625;0.119140625;0.03076171875;0.12890625;0.123046875;0.03173828125;0.7;0.125;0.390625;0.8125;0.20703125;0.13671875;0.8125;0.875;0.21875;0.84375;0.90625;0.22265625;0.7734375;0.8671875;0.2109375;0.353515625;0.84375;0.8984375;0.216796875;0.859375;0.890625;0.21484375;0.859375;0.8984375;0.216796875;0.75;0.65234375;0.1552734375;0.2177734375;0.6484375;0.6640625;0.1591796875;0.6484375;0.65234375;0.15625;0.64453125;0.66015625;0.1591796875;0.65234375;0.65234375;0.158203125;0.6484375;0.66015625;0.158203125;0.439453125;0.146484375;0.0380859375;0.0390625;0.16015625;0.1484375;0.03857421875;0.162109375;0.15234375;0.0400390625;0.7
6;6;48.49;0.125;0.40625;0.8125;0.2109375;0.13671875;0.828125;0.890625;0.22265625;0.84375;0.90625;0.2265625;0.7734375;0.859375;0.208984375;0.3515625;0.84375;0.890625;0.216796875;0.859375;0.890625;0.212890625;0.8515625;0.890625;0.212890625;0.73828125;0.58203125;0.1376953125;0.1884765625;0.57421875;0.578125;0.13671875;0.56640625;0.5546875;0.1298828125;0.55078125;0.55078125;0.130859375;0.5546875;0.5390625;0.1298828125;0.54296875;0.5390625;0.1279296875;0.34765625;0.10546875;0.02880859375;0.02880859375;0.125;0.11328125;0.02978515625;0.125;0.1171875;0.03125;0.7;0.125;0.390625;0.8125;0.20703125;0.13671875;0.8125;0.875;0.21875;0.84375;0.921875;0.22265625;0.7734375;0.875;0.2109375;0.35546875;0.84375;0.890625;0.216796875;0.859375;0.8984375;0.216796875;0.859375;0.8984375;0.216796875;0.75390625;0.65234375;0.1572265625;0.2177734375;0.6484375;0.6640625;0.1591796875;0.65234375;0.6484375;0.1552734375;0.64453125;0.65625;0.158203125;0.65625;0.65234375;0.158203125;0.6484375;0.65625;0.15625;0.439453125;0.146484375;0.0380859375;0.0390625;0.16015625;0.146484375;0.03857421875;0.16015625;0.150390625;0.03955078125;0.7
7;7;49.27;0.125;0.40625;0.8125;0.2109375;0.1328125;0.8125;0.890625;0.21875;0.84375;0.90625;0.22265625;0.7734375;0.8515625;0.20703125;0.34765625;0.8359375;0.890625;0.216796875;0.8515625;0.890625;0.21484375;0.859375;0.890625;0.212890625;0.734375;0.578125;0.138671875;0.1865234375;0.58203125;0.58203125;0.138671875;0.578125;0.56640625;0.134765625;0.5625;0.56640625;0.1337890625;0.56640625;0.55078125;0.1337890625;0.5546875;0.55078125;0.1318359375;0.357421875;0.109375;0.02978515625;0.02978515625;0.125;0.115234375;0.0302734375;0.126953125;0.119140625;0.03125;0.7;0.125;0.40625;0.8125;0.2109375;0.13671875;0.8125;0.875;0.21875;0.84375;0.921875;0.22265625;0.7734375;0.8671875;0.208984375;0.353515625;0.8359375;0.890625;0.216796875;0.8515625;0.890625;0.21484375;0.8515625;0.890625;0.21484375;0.7421875;0.6328125;0.15234375;0.212890625;0.6328125;0.64453125;0.154296875;0.6328125;0.625;0.150390625;0.62109375;0.625;0.150390625;0.62890625;0.62109375;0.150390625;0.6171875;0.62109375;0.1494140625;0.41796875;0.138671875;0.03662109375;0.03759765625;0.154296875;0.138671875;0.03662109375;0.154296875;0.142578125;0.0380859375;0.7
8;8;50.43;0.125;0.421875;0.84375;0.21484375;0.140625;0.828125;0.890625;0.22265625;0.84375;0.921875;0.22265625;0.78125;0.859375;0.208984375;0.353515625;0.8359375;0.890625;0.216796875;0.8515625;0.8828125;0.2109375;0.8515625;0.8828125;0.208984375;0.73046875;0.56640625;0.134765625;0.1865234375;0.56640625;0.5625;0.1337890625;0.5546875;0.54296875;0.12890625;0.5390625;0.53515625;0.1259765625;0.5390625;0.5234375;0.125;0.5234375;0.515625;0.1220703125;0.337890625;0.099609375;0.0283203125;0.0283203125;0.12109375;0.109375;0.02880859375;0.123046875;0.111328125;0.02978515625;0.7;0.125;0.40625;0.828125;0.2109375;0.13671875;0.8125;0.875;0.21875;0.84375;0.90625;0.22265625;0.765625;0.859375;0.20703125;0.353515625;0.828125;0.8828125;0.212890625;0.84375;0.875;0.2109375;0.84375;0.8828125;0.2109375;0.73046875;0.61328125;0.1474609375;0.208984375;0.61328125;0.62109375;0.1484375;0.609375;0.60546875;0.14453125;0.59765625;0.60546875;0.1455078125;0.609375;0.59375;0.1435546875;0.59375;0.59375;0.1435546875;0.400390625;0.130859375;0.03515625;0.0361328125;0.150390625;0.134765625;0.03564453125;0.150390625;0.13671875;0.03662109375;0.7
9;9;52.35;0.125;0.40625;0.828125;0.2109375;0.140625;0.828125;0.890625;0.22265625;0.84375;0.921875;0.2265625;0.7734375;0.859375;0.208984375;0.353515625;0.8359375;0.890625;0.216796875;0.8515625;0.8828125;0.212890625;0.859375;0.890625;0.212890625;0.73828125;0.578125;0.138671875;0.1904296875;0.58203125;0.578125;0.138671875;0.57421875;0.55859375;0.1318359375;0.5546875;0.5546875;0.130859375;0.55859375;0.5390625;0.1298828125;0.5390625;0.53515625;0.12890625;0.34765625;0.103515625;0.02880859375;0.029296875;0.123046875;0.109375;0.02880859375;0.125;0.11328125;0.0302734375;0.7;0.125;0.40625;0.8125;0.2109375;0.140625;0.8125;0.875;0.21875;0.84375;0.921875;0.22265625;0.7734375;0.8671875;0.208984375;0.353515625;0.828125;0.890625;0.21484375;0.8515625;0.8828125;0.212890625;0.8515625;0.890625;0.212890625;0.73828125;0.62890625;0.1513671875;0.212890625;0.625;0.6328125;0.15234375;0.625;0.62109375;0.1484375;0.6171875;0.625;0.150390625;0.62109375;0.61328125;0.1494140625;0.6171875;0.62109375;0.1494140625;0.416015625;0.13671875;0.0361328125;0.03759765625;0.15234375;0.138671875;0.03662109375;0.154296875;0.142578125;0.0380859375;0.7
10;10;52.67;0.125;0.40625;0.828125;0.21484375;0.13671875;0.828125;0.890625;0.21875;0.84375;0.90625;0.22265625;0.7734375;0.8515625;0.20703125;0.349609375;0.8359375;0.890625;0.216796875;0.8515625;0.8828125;0.2109375;0.8515625;0.8828125;0.2109375;0.73046875;0.57421875;0.138671875;0.189453125;0.578125;0.578125;0.1376953125;0.57421875;0.55859375;0.1328125;0.55859375;0.5546875;0.1318359375;0.5625;0.54296875;0.12890625;0.546875;0.53515625;0.1279296875;0.3515625;0.10546875;0.029296875;0.02978515625;0.125;0.111328125;0.029296875;0.125;0.11328125;0.0302734375;0.7;0.125;0.40625;0.828125;0.2109375;0.140625;0.8125;0.875;0.21875;0.84375;0.90625;0.22265625;0.765625;0.859375;0.20703125;0.3515625;0.828125;0.8828125;0.21484375;0.84375;0.875;0.208984375;0.84375;0.875;0.208984375;0.72265625;0.6015625;0.1455078125;0.2060546875;0.6015625;0.6015625;0.1435546875;0.59765625;0.5859375;0.1376953125;0.58203125;0.58984375;0.140625;0.58984375;0.5703125;0.138671875;0.578125;0.5703125;0.1376953125;0.38671875;0.123046875;0.03369140625;0.03466796875;0.14453125;0.126953125;0.03369140625;0.146484375;0.1328125;0.0361328125;0.7
11;11;53.96;0.125;0.40625;0.828125;0.21484375;0.13671875;0.828125;0.890625;0.22265625;0.859375;0.921875;0.22265625;0.7734375;0.859375;0.208984375;0.353515625;0.8359375;0.890625;0.216796875;0.8515625;0.8828125;0.2109375;0.8515625;0.8828125;0.208984375;0.73046875;0.5703125;0.1357421875;0.189453125;0.5703125;0.56640625;0.1337890625;0.5625;0.546875;0.126953125;0.54296875;0.5390625;0.126953125;0.54296875;0.51953125;0.1240234375;0.52734375;0.50390625;0.1181640625;0.337890625;0.099609375;0.02783203125;0.02880859375;0.12109375;0.10546875;0.02783203125;0.12109375;0.109375;0.02978515625;0.7;0.125;0.40625;0.828125;0.2109375;0.140625;0.8125;0.875;0.21875;0.84375;0.90625;0.22265625;0.765625;0.859375;0.20703125;0.353515625;0.828125;0.8828125;0.212890625;0.84375;0.875;0.2109375;0.84375;0.875;0.208984375;0.7265625;0.60546875;0.146484375;0.2080078125;0.609375;0.609375;0.146484375;0.60546875;0.59765625;0.142578125;0.59375;0.60546875;0.1455078125;0.60546875;0.5859375;0.1435546875;0.58984375;0.58984375;0.1416015625;0.3984375;0.12890625;0.03466796875;0.0361328125;0.1484375;0.1328125;0.03515625;0.150390625;0.138671875;0.037109375;0.7
12;12;54.8;0.125;0.40625;0.828125;0.2109375;0.140625;0.828125;0.890625;0.22265625;0.84375;0.90625;0.22265625;0.7734375;0.8515625;0.20703125;0.3515625;0.828125;0.8828125;0.21484375;0.8515625;0.875;0.2109375;0.8515625;0.875;0.208984375;0.7265625;0.5625;0.134765625;0.1865234375;0.56640625;0.55859375;0.1328125;0.55859375;0.55078125;0.12890625;0.5390625;0.53515625;0.126953125;0.546875;0.51953125;0.1240234375;0.52734375;0.51171875;0.12109375;0.33984375;0.099609375;0.02783203125;0.02880859375;0.12109375;0.107421875;0.0283203125;0.123046875;0.111328125;0.02978515625;0.7;0.125;0.40625;0.828125;0.2109375;0.140625;0.828125;0.875;0.21875;0.84375;0.90625;0.22265625;0.765625;0.859375;0.205078125;0.353515625;0.828125;0.875;0.212890625;0.8359375;0.8671875;0.208984375;0.84375;0.8671875;0.20703125;0.72265625;0.59765625;0.14453125;0.205078125;0.6015625;0.6015625;0.14453125;0.59765625;0.58984375;0.1396484375;0.58203125;0.59375;0.142578125;0.59375;0.57421875;0.138671875;0.578125;0.57421875;0.138671875;0.388671875;0.125;0.0341796875;0.03515625;0.146484375;0.130859375;0.03466796875;0.1484375;0.134765625;0.03662109375;0.7
13;13;55.7;0.125;0.40625;0.828125;0.21484375;0.140625;0.828125;0.890625;0.22265625;0.84375;0.90625;0.22265625;0.7734375;0.8515625;0.20703125;0.353515625;0.828125;0.8828125;0.21484375;0.8515625;0.875;0.2109375;0.8515625;0.875;0.208984375;0.7265625;0.56640625;0.1357421875;0.1875;0.56640625;0.55859375;0.1328125;0.5625;0.54296875;0.1279296875;0.54296875;0.5390625;0.1279296875;0.54296875;0.51953125;0.123046875;0.52734375;0.5078125;0.12109375;0.337890625;0.099609375;0.02783203125;0.02880859375;0.12109375;0.10546875;0.0283203125;0.123046875;0.111328125;0.02978515625;0.7;0.140625;0.40625;0.828125;0.2109375;0.140625;0.828125;0.875;0.21875;0.84375;0.90625;0.22265625;0.765625;0.8515625;0.205078125;0.3515625;0.8203125;0.875;0.212890625;0.8359375;0.8671875;0.20703125;0.8359375;0.8671875;0.20703125;0.71875;0.58984375;0.142578125;0.203125;0.59765625;0.59375;0.142578125;0.58984375;0.58203125;0.1376953125;0.57421875;0.58203125;0.1396484375;0.58203125;0.56640625;0.1357421875;0.5703125;0.56640625;0.1357421875;0.380859375;0.12109375;0.03369140625;0.03466796875;0.14453125;0.126953125;0.0341796875;0.146484375;0.130859375;0.0361328125;0.7
14;14;56.13;0.125;0.40625;0.828125;0.21484375;0.13671875;0.828125;0.890625;0.21875;0.84375;0.90625;0.22265625;0.7734375;0.8515625;0.20703125;0.3515625;0.828125;0.8828125;0.21484375;0.84375;0.8828125;0.208984375;0.8515625;0.875;0.208984375;0.7265625;0.55859375;0.1337890625;0.1865234375;0.5703125;0.5625;0.134765625;0.55859375;0.54296875;0.126953125;0.54296875;0.53515625;0.126953125;0.546875;0.51953125;0.125;0.5234375;0.5078125;0.12109375;0.341796875;0.1015625;0.0283203125;0.02880859375;0.123046875;0.107421875;0.0283203125;0.12109375;0.109375;0.029296875;0.7;0.140625;0.40625;0.828125;0.2109375;0.140625;0.828125;0.875;0.21875;0.859375;0.90625;0.22265625;0.765625;0.859375;0.205078125;0.353515625;0.8203125;0.875;0.212890625;0.84375;0.875;0.208984375;0.84375;0.875;0.208984375;0.7265625;0.6015625;0.1455078125;0.2080078125;0.609375;0.609375;0.146484375;0.60546875;0.59375;0.1416015625;0.58984375;0.59765625;0.142578125;0.6015625;0.5859375;0.1416015625;0.58984375;0.5859375;0.1416015625;0.39453125;0.12890625;0.03515625;0.0361328125;0.1484375;0.1328125;0.03564453125;0.150390625;0.13671875;0.037109375;0.7
15;15;56.8;0.125;0.390625;0.828125;0.21484375;0.1328125;0.8125;0.890625;0.21875;0.84375;0.90625;0.22265625;0.7734375;0.8515625;0.20703125;0.349609375;0.828125;0.8828125;0.216796875;0.8515625;0.8828125;0.2109375;0.8515625;0.8828125;0.2109375;0.734375;0.578125;0.1396484375;0.1884765625;0.58203125;0.58203125;0.1396484375;0.578125;0.5625;0.1337890625;0.5625;0.55859375;0.1328125;0.56640625;0.55078125;0.1318359375;0.5546875;0.5390625;0.12890625;0.357421875;0.10546875;0.02880859375;0.02978515625;0.123046875;0.109375;0.02880859375;0.125;0.111328125;0.02978515625;0.7;0.140625;0.40625;0.828125;0.2109375;0.140625;0.828125;0.875;0.21875;0.859375;0.90625;0.22265625;0.7734375;0.859375;0.20703125;0.35546875;0.828125;0.875;0.21484375;0.84375;0.875;0.208984375;0.84375;0.875;0.208984375;0.7265625;0.60546875;0.1455078125;0.20703125;0.60546875;0.61328125;0.1474609375;0.60546875;0.59765625;0.1416015625;0.58984375;0.59375;0.1416015625;0.59765625;0.58203125;0.140625;0.5859375;0.5859375;0.140625;0.396484375;0.126953125;0.03466796875;0.0361328125;0.1484375;0.130859375;0.03515625;0.150390625;0.13671875;0.03662109375;0.7
16;16;57.02;0.140625;0.421875;0.84375;0.21484375;0.140625;0.828125;0.890625;0.22265625;0.84375;0.90625;0.22265625;0.7734375;0.8515625;0.20703125;0.3515625;0.828125;0.8828125;0.21484375;0.84375;0.875;0.208984375;0.84375;0.8671875;0.205078125;0.72265625;0.5546875;0.1337890625;0.1845703125;0.5625;0.55859375;0.1337890625;0.5546875;0.5390625;0.1259765625;0.53515625;0.5234375;0.1240234375;0.5390625;0.51953125;0.1220703125;0.51953125;0.5078125;0.119140625;0.337890625;0.099609375;0.02783203125;0.0283203125;0.123046875;0.107421875;0.0283203125;0.123046875;0.111328125;0.02978515625;0.7;0.140625;0.40625;0.828125;0.2109375;0.140625;0.8125;0.875;0.21875;0.84375;0.90625;0.22265625;0.765625;0.8515625;0.205078125;0.353515625;0.8203125;0.875;0.212890625;0.8359375;0.859375;0.20703125;0.8359375;0.8671875;0.205078125;0.71484375;0.5859375;0.1416015625;0.203125;0.59375;0.59375;0.142578125;0.58984375;0.57421875;0.13671875;0.57421875;0.5703125;0.13671875;0.578125;0.5625;0.1357421875;0.5625;0.55859375;0.134765625;0.380859375;0.12109375;0.03369140625;0.03466796875;0.146484375;0.125;0.03369140625;0.146484375;0.130859375;0.03564453125;0.7
17;17;57.5;0.125;0.40625;0.828125;0.21484375;0.140625;0.828125;0.890625;0.22265625;0.84375;0.921875;0.2265625;0.7734375;0.8515625;0.20703125;0.353515625;0.8359375;0.8828125;0.21484375;0.84375;0.875;0.208984375;0.84375;0.875;0.208984375;0.7265625;0.56640625;0.1376953125;0.1865234375;0.5703125;0.5625;0.134765625;0.55859375;0.54296875;0.126953125;0.54296875;0.53515625;0.1259765625;0.546875;0.5234375;0.125;0.52734375;0.51171875;0.12109375;0.341796875;0.099609375;0.02783203125;0.02880859375;0.12109375;0.103515625;0.02734375;0.12109375;0.107421875;0.029296875;0.7;0.140625;0.40625;0.828125;0.2109375;0.140625;0.8125;0.875;0.21875;0.84375;0.90625;0.22265625;0.7578125;0.84375;0.203125;0.3515625;0.8125;0.8671875;0.2109375;0.828125;0.859375;0.205078125;0.828125;0.859375;0.203125;0.7109375;0.578125;0.140625;0.201171875;0.5859375;0.5859375;0.1416015625;0.578125;0.5625;0.1337890625;0.56640625;0.55859375;0.1337890625;0.57421875;0.5546875;0.1337890625;0.5546875;0.55078125;0.1318359375;0.375;0.1171875;0.033203125;0.0341796875;0.14453125;0.125;0.03369140625;0.146484375;0.130859375;0.0361328125;0.7
18;18;58.51;0.125;0.421875;0.828125;0.21484375;0.140625;0.828125;0.890625;0.22265625;0.859375;0.921875;0.22265625;0.7734375;0.8515625;0.208984375;0.353515625;0.8359375;0.8828125;0.21484375;0.8515625;0.875;0.208984375;0.8515625;0.875;0.208984375;0.73046875;0.5703125;0.1376953125;0.1884765625;0.57421875;0.56640625;0.1357421875;0.56640625;0.55078125;0.12890625;0.546875;0.53515625;0.126953125;0.55078125;0.5234375;0.125;0.53515625;0.51953125;0.123046875;0.345703125;0.103515625;0.02880859375;0.029296875;0.123046875;0.107421875;0.0283203125;0.123046875;0.109375;0.02978515625;0.7;0.140625;0.421875;0.84375;0.21484375;0.140625;0.8125;0.875;0.21875;0.84375;0.90625;0.22265625;0.7578125;0.84375;0.203125;0.3515625;0.8125;0.8671875;0.2109375;0.828125;0.8515625;0.205078125;0.828125;0.859375;0.205078125;0.7109375;0.58203125;0.1416015625;0.2001953125;0.5859375;0.58203125;0.140625;0.578125;0.56640625;0.134765625;0.5625;0.55859375;0.1337890625;0.57421875;0.5546875;0.134765625;0.5546875;0.55078125;0.1318359375;0.376953125;0.1171875;0.033203125;0.0341796875;0.14453125;0.125;0.03369140625;0.146484375;0.12890625;0.03564453125;0.7
19;19;58.46;0.140625;0.421875;0.828125;0.21484375;0.140625;0.8125;0.890625;0.21875;0.84375;0.90625;0.22265625;0.7734375;0.84375;0.205078125;0.34765625;0.828125;0.875;0.21484375;0.84375;0.8671875;0.20703125;0.84375;0.8671875;0.20703125;0.72265625;0.55859375;0.1357421875;0.185546875;0.56640625;0.5625;0.134765625;0.5625;0.54296875;0.12890625;0.54296875;0.53515625;0.126953125;0.546875;0.52734375;0.1259765625;0.53515625;0.51953125;0.1259765625;0.34765625;0.103515625;0.029296875;0.029296875;0.123046875;0.109375;0.02880859375;0.125;0.11328125;0.0302734375;0.7;0.140625;0.421875;0.828125;0.21484375;0.140625;0.8125;0.875;0.21875;0.84375;0.90625;0.22265625;0.765625;0.84375;0.203125;0.3515625;0.8203125;0.8671875;0.212890625;0.8359375;0.859375;0.20703125;0.8359375;0.8671875;0.205078125;0.71875;0.59375;0.1435546875;0.203125;0.59375;0.58984375;0.142578125;0.58984375;0.578125;0.1376953125;0.57421875;0.5703125;0.13671875;0.5859375;0.5625;0.1357421875;0.56640625;0.5625;0.1357421875;0.384765625;0.12109375;0.0341796875;0.03515625;0.1484375;0.12890625;0.03466796875;0.150390625;0.1328125;0.03662109375;0.7
20;20;59.12;0.140625;0.421875;0.84375;0.21484375;0.14453125;0.828125;0.890625;0.21875;0.84375;0.90625;0.22265625;0.765625;0.84375;0.203125;0.349609375;0.8203125;0.875;0.212890625;0.8359375;0.859375;0.205078125;0.8359375;0.859375;0.203125;0.71484375;0.54296875;0.1298828125;0.1826171875;0.55078125;0.5390625;0.12890625;0.5390625;0.51953125;0.12109375;0.5234375;0.5078125;0.1201171875;0.52734375;0.5;0.119140625;0.5078125;0.4921875;0.1181640625;0.328125;0.095703125;0.02783203125;0.0283203125;0.119140625;0.1015625;0.02734375;0.12109375;0.109375;0.029296875;0.7;0.140625;0.421875;0.84375;0.21484375;0.140625;0.8125;0.875;0.21875;0.84375;0.90625;0.22265625;0.765625;0.84375;0.203125;0.3515625;0.8203125;0.8671875;0.212890625;0.8359375;0.859375;0.20703125;0.8359375;0.8671875;0.205078125;0.71875;0.58984375;0.1435546875;0.203125;0.59375;0.58984375;0.1416015625;0.5859375;0.5703125;0.134765625;0.5703125;0.5625;0.134765625;0.58203125;0.5546875;0.1337890625;0.55859375;0.5546875;0.1337890625;0.380859375;0.12109375;0.03466796875;0.03466796875;0.1484375;0.126953125;0.03466796875;0.1484375;0.1328125;0.03662109375;0.7
21;21;59.86;0.125;0.40625;0.828125;0.21484375;0.13671875;0.828125;0.890625;0.21875;0.84375;0.90625;0.22265625;0.7734375;0.8515625;0.20703125;0.3515625;0.828125;0.8828125;0.21484375;0.84375;0.875;0.208984375;0.84375;0.875;0.208984375;0.73046875;0.56640625;0.13671875;0.1875;0.5703125;0.5625;0.134765625;0.5625;0.5390625;0.1259765625;0.54296875;0.53515625;0.125;0.546875;0.51953125;0.1240234375;0.52734375;0.51171875;0.1220703125;0.341796875;0.099609375;0.0283203125;0.029296875;0.12109375;0.10546875;0.0283203125;0.123046875;0.111328125;0.02978515625;0.7;0.140625;0.421875;0.84375;0.21484375;0.140625;0.8125;0.875;0.21875;0.84375;0.90625;0.22265625;0.765625;0.84375;0.203125;0.353515625;0.8203125;0.875;0.212890625;0.8359375;0.859375;0.20703125;0.8359375;0.8671875;0.20703125;0.71875;0.58984375;0.14453125;0.2041015625;0.59765625;0.59375;0.142578125;0.58984375;0.57421875;0.1357421875;0.578125;0.56640625;0.134765625;0.58203125;0.55859375;0.1357421875;0.5625;0.5625;0.13671875;0.384765625;0.12109375;0.03466796875;0.03515625;0.1484375;0.126953125;0.03466796875;0.150390625;0.134765625;0.037109375;0.7
22;22;60.57;0.125;0.421875;0.84375;0.21875;0.140625;0.828125;0.890625;0.22265625;0.859375;0.90625;0.2265625;0.78125;0.859375;0.208984375;0.357421875;0.8359375;0.8828125;0.216796875;0.8515625;0.875;0.208984375;0.8515625;0.875;0.20703125;0.734375;0.56640625;0.1376953125;0.189453125;0.5703125;0.56640625;0.134765625;0.5625;0.5390625;0.125;0.54296875;0.52734375;0.123046875;0.54296875;0.515625;0.1220703125;0.51953125;0.49609375;0.1181640625;0.33984375;0.099609375;0.02783203125;0.02880859375;0.12109375;0.103515625;0.02783203125;0.12109375;0.107421875;0.029296875;0.7;0.140625;0.421875;0.84375;0.21484375;0.140625;0.828125;0.875;0.21875;0.84375;0.90625;0.22265625;0.765625;0.84375;0.203125;0.353515625;0.8125;0.8671875;0.212890625;0.8359375;0.859375;0.205078125;0.828125;0.859375;0.205078125;0.71484375;0.5859375;0.142578125;0.2021484375;0.58984375;0.58984375;0.1416015625;0.58203125;0.56640625;0.134765625;0.5703125;0.5546875;0.1328125;0.57421875;0.55859375;0.1337890625;0.5546875;0.546875;0.1318359375;0.376953125;0.119140625;0.03369140625;0.03466796875;0.146484375;0.125;0.0341796875;0.1484375;0.130859375;0.0361328125;0.7
23;23;60.84;0.125;0.421875;0.84375;0.21484375;0.140625;0.828125;0.890625;0.22265625;0.84375;0.90625;0.22265625;0.7734375;0.84375;0.20703125;0.353515625;0.828125;0.875;0.21484375;0.84375;0.8671875;0.20703125;0.84375;0.8671875;0.20703125;0.7265625;0.55859375;0.1357421875;0.1845703125;0.5625;0.55078125;0.130859375;0.55078125;0.5234375;0.123046875;0.53125;0.51171875;0.119140625;0.53125;0.49609375;0.119140625;0.51171875;0.48828125;0.1162109375;0.330078125;0.09765625;0.02783203125;0.0283203125;0.119140625;0.1015625;0.02734375;0.12109375;0.10546875;0.02880859375;0.7;0.140625;0.421875;0.84375;0.21484375;0.14453125;0.828125;0.875;0.21875;0.84375;0.90625;0.22265625;0.765625;0.84375;0.203125;0.3515625;0.8125;0.8671875;0.2109375;0.828125;0.8515625;0.205078125;0.828125;0.859375;0.203125;0.7109375;0.578125;0.1416015625;0.2001953125;0.58984375;0.5859375;0.140625;0.58203125;0.5625;0.1337890625;0.56640625;0.5546875;0.1318359375;0.5703125;0.546875;0.130859375;0.55078125;0.546875;0.130859375;0.375;0.1171875;0.03369140625;0.03466796875;0.146484375;0.125;0.0341796875;0.1484375;0.130859375;0.0361328125;0.7
24;24;61.3;0.125;0.421875;0.828125;0.21484375;0.140625;0.828125;0.890625;0.21875;0.84375;0.90625;0.22265625;0.7734375;0.84375;0.20703125;0.349609375;0.8203125;0.875;0.21484375;0.84375;0.8671875;0.208984375;0.8359375;0.8671875;0.20703125;0.72265625;0.55859375;0.1357421875;0.1875;0.56640625;0.55859375;0.1318359375;0.5546875;0.53125;0.125;0.5390625;0.51953125;0.1220703125;0.5390625;0.5078125;0.1220703125;0.51953125;0.5;0.119140625;0.337890625;0.099609375;0.0283203125;0.02880859375;0.123046875;0.103515625;0.02783203125;0.123046875;0.109375;0.02978515625;0.7;0.140625;0.421875;0.84375;0.21484375;0.14453125;0.828125;0.875;0.21875;0.84375;0.90625;0.22265625;0.765625;0.84375;0.203125;0.353515625;0.8125;0.8671875;0.2109375;0.8359375;0.859375;0.205078125;0.828125;0.859375;0.205078125;0.71484375;0.5859375;0.142578125;0.2021484375;0.59375;0.58984375;0.1416015625;0.58984375;0.5703125;0.1357421875;0.57421875;0.5625;0.134765625;0.58203125;0.55859375;0.134765625;0.56640625;0.5625;0.1357421875;0.384765625;0.125;0.03515625;0.03564453125;0.1484375;0.12890625;0.03515625;0.150390625;0.13671875;0.037109375;0.7
25;25;61.5;0.140625;0.421875;0.828125;0.21484375;0.140625;0.8125;0.890625;0.21875;0.84375;0.90625;0.22265625;0.765625;0.84375;0.205078125;0.349609375;0.8203125;0.875;0.212890625;0.84375;0.8671875;0.20703125;0.8359375;0.8671875;0.20703125;0.72265625;0.5625;0.13671875;0.185546875;0.5703125;0.55859375;0.1328125;0.55859375;0.53515625;0.1259765625;0.54296875;0.5234375;0.1220703125;0.5390625;0.515625;0.123046875;0.5234375;0.5078125;0.12109375;0.341796875;0.1015625;0.0283203125;0.02880859375;0.123046875;0.10546875;0.0283203125;0.123046875;0.109375;0.02978515625;0.7;0.140625;0.421875;0.84375;0.21484375;0.14453125;0.828125;0.875;0.21875;0.84375;0.90625;0.22265625;0.765625;0.8515625;0.205078125;0.353515625;0.8125;0.8671875;0.212890625;0.8359375;0.859375;0.205078125;0.828125;0.859375;0.205078125;0.71484375;0.5859375;0.142578125;0.2021484375;0.59375;0.58984375;0.1416015625;0.58984375;0.5703125;0.134765625;0.57421875;0.5625;0.1328125;0.578125;0.5546875;0.1328125;0.55859375;0.5546875;0.1337890625;0.3828125;0.123046875;0.03466796875;0.03515625;0.1484375;0.126953125;0.03466796875;0.1484375;0.1328125;0.03662109375;0.7
26;26;61.98;0.140625;0.421875;0.828125;0.21484375;0.140625;0.828125;0.890625;0.21875;0.84375;0.90625;0.22265625;0.7734375;0.84375;0.20703125;0.3515625;0.8203125;0.875;0.21484375;0.84375;0.8671875;0.20703125;0.8359375;0.8671875;0.205078125;0.71875;0.546875;0.1337890625;0.18359375;0.5546875;0.546875;0.130859375;0.546875;0.5234375;0.1220703125;0.52734375;0.5078125;0.1181640625;0.53125;0.5;0.119140625;0.51171875;0.48828125;0.1171875;0.330078125;0.09765625;0.02783203125;0.02783203125;0.119140625;0.1015625;0.02734375;0.12109375;0.107421875;0.029296875;0.7;0.140625;0.421875;0.84375;0.21484375;0.14453125;0.828125;0.875;0.21875;0.84375;0.90625;0.22265625;0.765625;0.84375;0.203125;0.3515625;0.8125;0.8671875;0.2109375;0.828125;0.8515625;0.205078125;0.828125;0.8515625;0.203125;0.7109375;0.578125;0.1416015625;0.201171875;0.58984375;0.58203125;0.1396484375;0.58203125;0.55859375;0.1328125;0.5625;0.55078125;0.130859375;0.5703125;0.54296875;0.1298828125;0.55078125;0.54296875;0.130859375;0.375;0.119140625;0.0341796875;0.03466796875;0.146484375;0.125;0.03369140625;0.146484375;0.130859375;0.0361328125;0.7
27;27;62.48;0.125;0.421875;0.84375;0.21484375;0.140625;0.828125;0.890625;0.22265625;0.84375;0.90625;0.22265625;0.7734375;0.8515625;0.208984375;0.353515625;0.828125;0.8828125;0.21484375;0.8515625;0.8671875;0.20703125;0.84375;0.8671875;0.205078125;0.7265625;0.5625;0.13671875;0.1865234375;0.56640625;0.5625;0.1337890625;0.5625;0.5390625;0.1259765625;0.54296875;0.5234375;0.1220703125;0.546875;0.51171875;0.1220703125;0.52734375;0.5078125;0.12109375;0.341796875;0.1015625;0.02880859375;0.029296875;0.123046875;0.103515625;0.02783203125;0.123046875;0.109375;0.029296875;0.7;0.140625;0.421875;0.84375;0.21484375;0.14453125;0.828125;0.875;0.21875;0.84375;0.90625;0.22265625;0.765625;0.84375;0.203125;0.3515625;0.8125;0.8671875;0.212890625;0.828125;0.8515625;0.205078125;0.828125;0.8515625;0.203125;0.7109375;0.58203125;0.142578125;0.201171875;0.58984375;0.5859375;0.140625;0.58203125;0.5625;0.1328125;0.56640625;0.55078125;0.130859375;0.56640625;0.54296875;0.1298828125;0.5546875;0.54296875;0.130859375;0.375;0.119140625;0.0341796875;0.03466796875;0.146484375;0.123046875;0.03369140625;0.1484375;0.1328125;0.03662109375;0.7
28;28;63.0;0.125;0.4375;0.84375;0.21484375;0.14453125;0.828125;0.890625;0.21875;0.84375;0.90625;0.22265625;0.765625;0.84375;0.205078125;0.349609375;0.8125;0.875;0.212890625;0.8359375;0.859375;0.205078125;0.8359375;0.859375;0.205078125;0.71484375;0.55078125;0.1337890625;0.1826171875;0.55859375;0.5546875;0.1328125;0.5546875;0.53515625;0.1259765625;0.5390625;0.51953125;0.1220703125;0.54296875;0.51171875;0.1220703125;0.5234375;0.5;0.1201171875;0.337890625;0.1015625;0.02880859375;0.02880859375;0.123046875;0.103515625;0.02783203125;0.123046875;0.109375;0.02978515625;0.7;0.140625;0.421875;0.84375;0.21484375;0.14453125;0.8125;0.875;0.21875;0.84375;0.90625;0.22265625;0.7578125;0.84375;0.203125;0.3515625;0.8125;0.8671875;0.2109375;0.828125;0.8515625;0.205078125;0.828125;0.859375;0.203125;0.7109375;0.58203125;0.142578125;0.2001953125;0.58984375;0.5859375;0.140625;0.58203125;0.56640625;0.134765625;0.5703125;0.5546875;0.1318359375;0.57421875;0.546875;0.1318359375;0.55859375;0.546875;0.1328125;0.37890625;0.12109375;0.0341796875;0.03515625;0.1484375;0.125;0.0341796875;0.1484375;0.134765625;0.03662109375;0.7
29;29;62.99;0.125;0.40625;0.828125;0.21484375;0.13671875;0.828125;0.890625;0.21875;0.84375;0.90625;0.22265625;0.7734375;0.84375;0.205078125;0.349609375;0.8203125;0.875;0.212890625;0.84375;0.859375;0.205078125;0.8359375;0.859375;0.203125;0.71484375;0.546875;0.134765625;0.1806640625;0.55078125;0.546875;0.130859375;0.55078125;0.53125;0.1259765625;0.53125;0.515625;0.1220703125;0.53515625;0.50390625;0.12109375;0.51953125;0.49609375;0.119140625;0.337890625;0.1015625;0.02880859375;0.02880859375;0.123046875;0.10546875;0.0283203125;0.123046875;0.111328125;0.0302734375;0.7;0.140625;0.421875;0.84375;0.21484375;0.14453125;0.828125;0.875;0.21875;0.84375;0.90625;0.22265625;0.7578125;0.84375;0.203125;0.3515625;0.8125;0.8671875;0.2109375;0.828125;0.8515625;0.203125;0.8203125;0.8515625;0.203125;0.70703125;0.578125;0.1416015625;0.19921875;0.58203125;0.578125;0.138671875;0.578125;0.55859375;0.1328125;0.5625;0.54296875;0.12890625;0.5625;0.53515625;0.12890625;0.546875;0.53125;0.1279296875;0.37109375;0.1171875;0.03369140625;0.0341796875;0.14453125;0.123046875;0.03369140625;0.146484375;0.130859375;0.0361328125;0.7
30;30;63.46;0.140625;0.4375;0.84375;0.21875;0.14453125;0.828125;0.890625;0.22265625;0.84375;0.90625;0.22265625;0.7734375;0.8515625;0.20703125;0.353515625;0.828125;0.875;0.21484375;0.84375;0.8671875;0.20703125;0.8359375;0.859375;0.205078125;0.71875;0.54296875;0.1318359375;0.18359375;0.5546875;0.54296875;0.12890625;0.54296875;0.5234375;0.1220703125;0.5234375;0.5;0.1171875;0.5234375;0.4921875;0.1162109375;0.50390625;0.484375;0.1142578125;0.33203125;0.095703125;0.02783203125;0.0283203125;0.12109375;0.103515625;0.02783203125;0.12109375;0.107421875;0.029296875;0.7;0.140625;0.421875;0.84375;0.21484375;0.14453125;0.828125;0.875;0.21875;0.84375;0.90625;0.22265625;0.7578125;0.8359375;0.203125;0.3515625;0.8046875;0.8671875;0.2109375;0.828125;0.84375;0.203125;0.8203125;0.84375;0.19921875;0.69921875;0.5625;0.1376953125;0.1962890625;0.5703125;0.56640625;0.134765625;0.5625;0.5390625;0.126953125;0.54296875;0.5234375;0.123046875;0.54296875;0.51171875;0.1220703125;0.5234375;0.5078125;0.12109375;0.353515625;0.109375;0.03271484375;0.033203125;0.142578125;0.1171875;0.0322265625;0.142578125;0.125;0.03466796875;0.7
31;31;64.0;0.125;0.421875;0.828125;0.21484375;0.140625;0.8125;0.875;0.21875;0.84375;0.90625;0.22265625;0.765625;0.8359375;0.203125;0.345703125;0.8125;0.8671875;0.212890625;0.8359375;0.8515625;0.203125;0.828125;0.8515625;0.201171875;0.70703125;0.53125;0.12890625;0.177734375;0.5390625;0.53125;0.126953125;0.53515625;0.51171875;0.1201171875;0.51953125;0.49609375;0.1162109375;0.51953125;0.48828125;0.1171875;0.5;0.4765625;0.1142578125;0.32421875;0.095703125;0.02734375;0.02783203125;0.119140625;0.1015625;0.02734375;0.119140625;0.107421875;0.029296875;0.7;0.140625;0.4375;0.84375;0.21484375;0.14453125;0.828125;0.875;0.21875;0.84375;0.90625;0.22265625;0.765625;0.84375;0.203125;0.353515625;0.8125;0.8671875;0.2109375;0.828125;0.8515625;0.203125;0.828125;0.8515625;0.203125;0.70703125;0.57421875;0.140625;0.19921875;0.58203125;0.58203125;0.138671875;0.578125;0.55859375;0.1318359375;0.5625;0.546875;0.1298828125;0.56640625;0.5390625;0.12890625;0.55078125;0.5390625;0.1298828125;0.373046875;0.1171875;0.0341796875;0.03466796875;0.146484375;0.125;0.0341796875;0.1484375;0.134765625;0.03662109375;0.7
32;32;63.89;0.140625;0.4375;0.84375;0.21875;0.14453125;0.828125;0.890625;0.22265625;0.84375;0.90625;0.22265625;0.7734375;0.84375;0.20703125;0.353515625;0.828125;0.875;0.21484375;0.84375;0.8671875;0.20703125;0.8359375;0.859375;0.203125;0.71875;0.54296875;0.130859375;0.181640625;0.546875;0.5390625;0.1279296875;0.5390625;0.515625;0.12109375;0.51953125;0.5;0.1162109375;0.51953125;0.48828125;0.1162109375;0.5;0.4765625;0.11328125;0.326171875;0.09375;0.02734375;0.02783203125;0.119140625;0.099609375;0.02734375;0.119140625;0.107421875;0.029296875;0.7;0.140625;0.4375;0.84375;0.21484375;0.14453125;0.828125;0.875;0.21875;0.84375;0.90625;0.22265625;0.765625;0.84375;0.203125;0.353515625;0.8125;0.8671875;0.2109375;0.828125;0.84375;0.203125;0.8203125;0.84375;0.201171875;0.703125;0.56640625;0.1396484375;0.1982421875;0.57421875;0.5703125;0.13671875;0.5703125;0.546875;0.1298828125;0.55078125;0.53515625;0.1259765625;0.5546875;0.52734375;0.125;0.5390625;0.5234375;0.1259765625;0.365234375;0.11328125;0.033203125;0.0341796875;0.14453125;0.12109375;0.033203125;0.146484375;0.12890625;0.03564453125;0.7
33;33;64.64;0.125;0.421875;0.828125;0.21484375;0.13671875;0.8125;0.890625;0.21875;0.84375;0.90625;0.22265625;0.765625;0.8359375;0.205078125;0.345703125;0.8125;0.875;0.212890625;0.84375;0.8671875;0.20703125;0.8359375;0.8671875;0.20703125;0.72265625;0.55859375;0.1376953125;0.185546875;0.5703125;0.5703125;0.1376953125;0.57421875;0.5546875;0.1318359375;0.55859375;0.54296875;0.1298828125;0.5625;0.53515625;0.1298828125;0.546875;0.53515625;0.12890625;0.357421875;0.107421875;0.02978515625;0.03076171875;0.126953125;0.111328125;0.02978515625;0.126953125;0.1171875;0.03125;0.7;0.140625;0.4375;0.84375;0.21484375;0.14453125;0.828125;0.875;0.21875;0.84375;0.90625;0.22265625;0.765625;0.8515625;0.205078125;0.35546875;0.8125;0.8671875;0.212890625;0.8359375;0.859375;0.20703125;0.8359375;0.859375;0.205078125;0.71875;0.58984375;0.14453125;0.203125;0.59375;0.59375;0.142578125;0.59375;0.578125;0.1376953125;0.58203125;0.56640625;0.134765625;0.58203125;0.55859375;0.1337890625;0.5703125;0.5625;0.134765625;0.388671875;0.125;0.03515625;0.0361328125;0.150390625;0.130859375;0.03564453125;0.15234375;0.138671875;0.03759765625;0.7
34;34;65.06;0.125;0.4375;0.84375;0.21484375;0.14453125;0.828125;0.890625;0.21875;0.84375;0.90625;0.22265625;0.7734375;0.84375;0.205078125;0.349609375;0.8125;0.8671875;0.212890625;0.8359375;0.859375;0.205078125;0.8359375;0.859375;0.205078125;0.71875;0.55078125;0.134765625;0.1826171875;0.55859375;0.5546875;0.1328125;0.55859375;0.53125;0.1259765625;0.5390625;0.5234375;0.123046875;0.5390625;0.51171875;0.123046875;0.52734375;0.5078125;0.12109375;0.341796875;0.103515625;0.02880859375;0.029296875;0.123046875;0.107421875;0.02880859375;0.125;0.11328125;0.03076171875;0.7;0.140625;0.4375;0.84375;0.21484375;0.14453125;0.828125;0.875;0.21875;0.84375;0.90625;0.22265625;0.765625;0.84375;0.203125;0.353515625;0.8046875;0.8671875;0.2109375;0.828125;0.8515625;0.203125;0.8203125;0.84375;0.201171875;0.703125;0.5703125;0.1396484375;0.1982421875;0.578125;0.578125;0.1376953125;0.57421875;0.5546875;0.130859375;0.55859375;0.5390625;0.1279296875;0.55859375;0.53515625;0.1279296875;0.54296875;0.53125;0.126953125;0.369140625;0.1171875;0.03369140625;0.03466796875;0.146484375;0.125;0.0341796875;0.1484375;0.130859375;0.0361328125;0.7
35;35;65.15;0.140625;0.421875;0.84375;0.21484375;0.140625;0.828125;0.890625;0.22265625;0.84375;0.90625;0.22265625;0.7734375;0.84375;0.20703125;0.349609375;0.8203125;0.875;0.21484375;0.84375;0.8671875;0.20703125;0.84375;0.8671875;0.205078125;0.72265625;0.55078125;0.134765625;0.1826171875;0.5546875;0.546875;0.130859375;0.55078125;0.5234375;0.123046875;0.53125;0.51171875;0.12109375;0.53515625;0.50390625;0.1201171875;0.515625;0.48828125;0.1162109375;0.3359375;0.099609375;0.0283203125;0.0283203125;0.12109375;0.103515625;0.02783203125;0.123046875;0.109375;0.029296875;0.7;0.140625;0.4375;0.84375;0.21484375;0.14453125;0.828125;0.875;0.21875;0.84375;0.90625;0.22265625;0.7578125;0.84375;0.203125;0.3515625;0.8046875;0.8671875;0.2109375;0.828125;0.84375;0.203125;0.8203125;0.8515625;0.201171875;0.703125;0.5703125;0.1396484375;0.1982421875;0.57421875;0.57421875;0.13671875;0.5703125;0.55078125;0.1298828125;0.5546875;0.5390625;0.1279296875;0.55859375;0.53125;0.126953125;0.54296875;0.52734375;0.1259765625;0.3671875;0.115234375;0.03369140625;0.03466796875;0.146484375;0.123046875;0.03369140625;0.1484375;0.130859375;0.0361328125;0.7
36;36;65.25;0.140625;0.421875;0.828125;0.21484375;0.140625;0.8125;0.890625;0.21875;0.84375;0.90625;0.22265625;0.765625;0.8359375;0.203125;0.34765625;0.8125;0.8671875;0.212890625;0.8359375;0.859375;0.205078125;0.828125;0.859375;0.203125;0.7109375;0.54296875;0.1337890625;0.1826171875;0.5546875;0.546875;0.1318359375;0.5546875;0.53125;0.1259765625;0.53125;0.51171875;0.1220703125;0.5390625;0.51171875;0.1220703125;0.5234375;0.50390625;0.12109375;0.33984375;0.1015625;0.0283203125;0.029296875;0.123046875;0.107421875;0.02880859375;0.123046875;0.111328125;0.0302734375;0.7;0.140625;0.4375;0.84375;0.21484375;0.14453125;0.828125;0.875;0.21875;0.84375;0.90625;0.22265625;0.7578125;0.8359375;0.201171875;0.3515625;0.8046875;0.859375;0.2109375;0.828125;0.8515625;0.203125;0.8203125;0.8515625;0.201171875;0.70703125;0.57421875;0.140625;0.19921875;0.58203125;0.58203125;0.138671875;0.578125;0.55859375;0.1328125;0.56640625;0.55078125;0.130859375;0.56640625;0.5390625;0.1298828125;0.5546875;0.54296875;0.1298828125;0.376953125;0.119140625;0.03466796875;0.03564453125;0.1484375;0.12890625;0.03515625;0.150390625;0.134765625;0.037109375;0.7
37;37;65.71;0.125;0.421875;0.84375;0.21484375;0.140625;0.828125;0.890625;0.22265625;0.84375;0.90625;0.22265625;0.7734375;0.84375;0.20703125;0.3515625;0.828125;0.875;0.21484375;0.8515625;0.875;0.208984375;0.84375;0.875;0.208984375;0.73046875;0.5703125;0.1396484375;0.1884765625;0.578125;0.57421875;0.138671875;0.58203125;0.55859375;0.1318359375;0.55859375;0.546875;0.12890625;0.5625;0.5390625;0.12890625;0.55078125;0.53125;0.1279296875;0.359375;0.107421875;0.02978515625;0.0302734375;0.125;0.109375;0.029296875;0.126953125;0.115234375;0.03076171875;0.7;0.140625;0.4375;0.84375;0.21484375;0.14453125;0.828125;0.875;0.21875;0.84375;0.90625;0.22265625;0.7578125;0.8359375;0.201171875;0.3515625;0.8046875;0.859375;0.2109375;0.828125;0.84375;0.203125;0.8203125;0.84375;0.201171875;0.703125;0.56640625;0.138671875;0.1962890625;0.5703125;0.56640625;0.1357421875;0.56640625;0.54296875;0.1279296875;0.55078125;0.53125;0.125;0.5546875;0.5234375;0.125;0.53515625;0.515625;0.1240234375;0.361328125;0.11328125;0.033203125;0.0341796875;0.14453125;0.123046875;0.033203125;0.146484375;0.12890625;0.03564453125;0.7
38;38;65.82;0.125;0.421875;0.84375;0.21484375;0.140625;0.8125;0.875;0.21875;0.84375;0.90625;0.22265625;0.765625;0.8359375;0.205078125;0.34765625;0.8125;0.8671875;0.212890625;0.8359375;0.8515625;0.203125;0.828125;0.8515625;0.201171875;0.7109375;0.546875;0.1337890625;0.1796875;0.55078125;0.54296875;0.130859375;0.55078125;0.52734375;0.123046875;0.53125;0.51171875;0.12109375;0.52734375;0.49609375;0.1201171875;0.515625;0.48828125;0.1171875;0.333984375;0.099609375;0.02880859375;0.02880859375;0.123046875;0.10546875;0.0283203125;0.123046875;0.111328125;0.0302734375;0.7;0.140625;0.4375;0.84375;0.21484375;0.14453125;0.828125;0.875;0.21875;0.84375;0.90625;0.22265625;0.7578125;0.8359375;0.201171875;0.3515625;0.8046875;0.859375;0.2109375;0.828125;0.84375;0.203125;0.8203125;0.84375;0.201171875;0.703125;0.56640625;0.138671875;0.197265625;0.57421875;0.5703125;0.13671875;0.5703125;0.546875;0.12890625;0.5546875;0.53515625;0.126953125;0.5546875;0.52734375;0.1259765625;0.54296875;0.5234375;0.1259765625;0.3671875;0.115234375;0.03369140625;0.03466796875;0.146484375;0.125;0.0341796875;0.1484375;0.1328125;0.03662109375;0.7
39;39;66.12;0.125;0.421875;0.84375;0.21484375;0.140625;0.828125;0.890625;0.22265625;0.84375;0.90625;0.22265625;0.765625;0.84375;0.205078125;0.349609375;0.8203125;0.8671875;0.212890625;0.84375;0.859375;0.205078125;0.8359375;0.859375;0.201171875;0.71875;0.5390625;0.1337890625;0.181640625;0.55078125;0.54296875;0.1298828125;0.54296875;0.515625;0.12109375;0.5234375;0.5;0.1171875;0.5234375;0.48828125;0.115234375;0.50390625;0.4765625;0.1123046875;0.328125;0.095703125;0.02783203125;0.0283203125;0.12109375;0.1015625;0.02783203125;0.12109375;0.109375;0.029296875;0.7;0.140625;0.4375;0.84375;0.21484375;0.14453125;0.828125;0.875;0.21875;0.84375;0.90625;0.22265625;0.765625;0.8359375;0.201171875;0.353515625;0.8046875;0.859375;0.2109375;0.828125;0.84375;0.203125;0.8203125;0.84375;0.201171875;0.703125;0.56640625;0.1396484375;0.1982421875;0.57421875;0.5703125;0.13671875;0.5703125;0.546875;0.1298828125;0.5546875;0.53515625;0.126953125;0.5546875;0.5234375;0.1259765625;0.54296875;0.5234375;0.1259765625;0.3671875;0.115234375;0.03369140625;0.03466796875;0.146484375;0.125;0.0341796875;0.1484375;0.130859375;0.0361328125;0.7
40;40;66.38;0.140625;0.421875;0.84375;0.21875;0.140625;0.828125;0.890625;0.22265625;0.84375;0.90625;0.22265625;0.7734375;0.84375;0.205078125;0.353515625;0.8203125;0.8671875;0.212890625;0.8359375;0.859375;0.205078125;0.8359375;0.859375;0.203125;0.71875;0.546875;0.134765625;0.181640625;0.55078125;0.546875;0.130859375;0.5546875;0.53125;0.1259765625;0.5390625;0.51953125;0.123046875;0.5390625;0.5078125;0.12109375;0.5234375;0.5;0.119140625;0.341796875;0.1015625;0.02880859375;0.029296875;0.123046875;0.107421875;0.02880859375;0.125;0.11328125;0.0302734375;0.7;0.140625;0.4375;0.84375;0.21484375;0.14453125;0.828125;0.875;0.21875;0.84375;0.90625;0.22265625;0.765625;0.8359375;0.201171875;0.353515625;0.8046875;0.859375;0.2109375;0.828125;0.84375;0.201171875;0.8203125;0.84375;0.201171875;0.703125;0.5625;0.138671875;0.1962890625;0.56640625;0.5625;0.134765625;0.56640625;0.5390625;0.1279296875;0.54296875;0.5234375;0.1240234375;0.55078125;0.515625;0.1220703125;0.53125;0.5078125;0.1220703125;0.359375;0.111328125;0.033203125;0.03369140625;0.14453125;0.12109375;0.033203125;0.146484375;0.126953125;0.03515625;0.7
41;41;66.08;0.125;0.421875;0.84375;0.21484375;0.140625;0.828125;0.890625;0.22265625;0.84375;0.90625;0.22265625;0.765625;0.8359375;0.205078125;0.349609375;0.8125;0.8671875;0.212890625;0.8359375;0.859375;0.205078125;0.8359375;0.859375;0.203125;0.71484375;0.54296875;0.134765625;0.1787109375;0.5546875;0.55078125;0.1328125;0.55078125;0.53125;0.126953125;0.54296875;0.51953125;0.123046875;0.54296875;0.515625;0.1240234375;0.53125;0.51171875;0.123046875;0.34375;0.10546875;0.029296875;0.02978515625;0.125;0.109375;0.029296875;0.126953125;0.1171875;0.03125;0.7;0.140625;0.4375;0.84375;0.21484375;0.14453125;0.828125;0.875;0.21875;0.84375;0.90625;0.22265625;0.7578125;0.8359375;0.201171875;0.3515625;0.796875;0.859375;0.208984375;0.8203125;0.8359375;0.201171875;0.8125;0.84375;0.19921875;0.6953125;0.55859375;0.1376953125;0.1943359375;0.5625;0.5625;0.1337890625;0.5625;0.5390625;0.126953125;0.54296875;0.51953125;0.1240234375;0.546875;0.51171875;0.1220703125;0.53125;0.5078125;0.1220703125;0.357421875;0.111328125;0.033203125;0.03369140625;0.142578125;0.12109375;0.03369140625;0.146484375;0.126953125;0.03564453125;0.7
42;42;66.57;0.140625;0.4375;0.84375;0.21875;0.14453125;0.828125;0.890625;0.22265625;0.84375;0.90625;0.22265625;0.7734375;0.8515625;0.208984375;0.3515625;0.8203125;0.875;0.21484375;0.84375;0.859375;0.20703125;0.84375;0.859375;0.205078125;0.72265625;0.55078125;0.1357421875;0.1845703125;0.55859375;0.546875;0.1318359375;0.55859375;0.52734375;0.125;0.5390625;0.515625;0.12109375;0.53515625;0.50390625;0.12109375;0.51953125;0.4921875;0.1181640625;0.337890625;0.099609375;0.02880859375;0.029296875;0.123046875;0.107421875;0.02880859375;0.125;0.111328125;0.02978515625;0.7;0.140625;0.4375;0.84375;0.21484375;0.14453125;0.828125;0.875;0.21875;0.84375;0.90625;0.22265625;0.7578125;0.8359375;0.201171875;0.3515625;0.8046875;0.859375;0.208984375;0.8203125;0.8359375;0.19921875;0.8125;0.8359375;0.19921875;0.6953125;0.55078125;0.13671875;0.1943359375;0.5625;0.5546875;0.1328125;0.55859375;0.52734375;0.125;0.53515625;0.51171875;0.12109375;0.5390625;0.50390625;0.1201171875;0.51953125;0.49609375;0.1201171875;0.353515625;0.109375;0.03271484375;0.033203125;0.142578125;0.12109375;0.033203125;0.146484375;0.125;0.03515625;0.7
43;43;66.47;0.125;0.4375;0.84375;0.21875;0.14453125;0.828125;0.890625;0.21875;0.84375;0.90625;0.22265625;0.7734375;0.84375;0.205078125;0.3515625;0.8125;0.8671875;0.212890625;0.8359375;0.859375;0.20703125;0.8359375;0.8671875;0.205078125;0.71875;0.55078125;0.1357421875;0.18359375;0.5625;0.55859375;0.1357421875;0.56640625;0.546875;0.12890625;0.546875;0.53125;0.1259765625;0.546875;0.5234375;0.1259765625;0.53515625;0.5078125;0.1220703125;0.34765625;0.10546875;0.029296875;0.02978515625;0.125;0.107421875;0.02880859375;0.125;0.11328125;0.03076171875;0.7;0.140625;0.4375;0.84375;0.21484375;0.14453125;0.828125;0.875;0.21875;0.84375;0.90625;0.22265625;0.7578125;0.8359375;0.201171875;0.3515625;0.8046875;0.859375;0.208984375;0.8203125;0.8359375;0.19921875;0.8125;0.84375;0.19921875;0.6953125;0.55859375;0.1376953125;0.1953125;0.56640625;0.5625;0.134765625;0.5625;0.53515625;0.1259765625;0.54296875;0.51953125;0.123046875;0.54296875;0.51171875;0.123046875;0.5234375;0.50390625;0.12109375;0.357421875;0.111328125;0.033203125;0.03369140625;0.142578125;0.12109375;0.033203125;0.14453125;0.126953125;0.03515625;0.7
44;44;67.16;0.140625;0.421875;0.84375;0.21484375;0.140625;0.8125;0.890625;0.21875;0.84375;0.90625;0.22265625;0.765625;0.8359375;0.203125;0.345703125;0.8125;0.8671875;0.212890625;0.8359375;0.859375;0.205078125;0.8359375;0.859375;0.203125;0.71484375;0.546875;0.1337890625;0.181640625;0.55859375;0.546875;0.1318359375;0.5546875;0.53125;0.1240234375;0.53125;0.50390625;0.12109375;0.53515625;0.50390625;0.1201171875;0.515625;0.4921875;0.1171875;0.33984375;0.1015625;0.02880859375;0.029296875;0.123046875;0.10546875;0.02880859375;0.123046875;0.111328125;0.02978515625;0.7;0.140625;0.4375;0.84375;0.21484375;0.14453125;0.828125;0.875;0.21875;0.84375;0.90625;0.22265625;0.765625;0.84375;0.203125;0.353515625;0.8046875;0.859375;0.2109375;0.828125;0.84375;0.203125;0.8203125;0.8515625;0.201171875;0.703125;0.5703125;0.140625;0.1982421875;0.578125;0.57421875;0.1376953125;0.57421875;0.5546875;0.130859375;0.55859375;0.5390625;0.12890625;0.5625;0.53515625;0.1279296875;0.546875;0.53125;0.1279296875;0.373046875;0.119140625;0.0341796875;0.03515625;0.1484375;0.126953125;0.03466796875;0.150390625;0.134765625;0.037109375;0.7
45;45;67.0;0.125;0.421875;0.84375;0.21484375;0.140625;0.828125;0.890625;0.21875;0.84375;0.90625;0.22265625;0.765625;0.8359375;0.205078125;0.349609375;0.8125;0.8671875;0.2109375;0.8359375;0.8515625;0.203125;0.8359375;0.859375;0.203125;0.71484375;0.54296875;0.1337890625;0.181640625;0.55078125;0.54296875;0.1318359375;0.5546875;0.53515625;0.126953125;0.5390625;0.515625;0.123046875;0.54296875;0.51171875;0.123046875;0.5234375;0.49609375;0.119140625;0.34375;0.103515625;0.029296875;0.02978515625;0.125;0.107421875;0.02880859375;0.125;0.11328125;0.0302734375;0.7;0.140625;0.4375;0.84375;0.21484375;0.14453125;0.828125;0.875;0.21875;0.84375;0.90625;0.22265625;0.765625;0.8359375;0.201171875;0.3515625;0.8046875;0.859375;0.2109375;0.8203125;0.84375;0.201171875;0.8203125;0.84375;0.201171875;0.703125;0.56640625;0.1396484375;0.1962890625;0.57421875;0.5703125;0.13671875;0.57421875;0.55078125;0.1298828125;0.5546875;0.53125;0.126953125;0.5546875;0.5234375;0.1259765625;0.5390625;0.51953125;0.1259765625;0.369140625;0.115234375;0.0341796875;0.03466796875;0.146484375;0.125;0.0341796875;0.1484375;0.130859375;0.0361328125;0.7
46;46;67.13;0.140625;0.4375;0.84375;0.21875;0.14453125;0.828125;0.890625;0.21875;0.84375;0.90625;0.22265625;0.765625;0.8359375;0.205078125;0.349609375;0.8125;0.8671875;0.2109375;0.828125;0.84375;0.201171875;0.828125;0.8515625;0.201171875;0.70703125;0.53125;0.130859375;0.1806640625;0.546875;0.5390625;0.1298828125;0.546875;0.51953125;0.123046875;0.52734375;0.5078125;0.1201171875;0.52734375;0.5;0.119140625;0.515625;0.48828125;0.1171875;0.3359375;0.1015625;0.02880859375;0.029296875;0.123046875;0.109375;0.029296875;0.125;0.11328125;0.03076171875;0.7;0.140625;0.4375;0.84375;0.21484375;0.14453125;0.828125;0.875;0.21875;0.84375;0.90625;0.22265625;0.765625;0.84375;0.203125;0.353515625;0.8046875;0.859375;0.2109375;0.828125;0.84375;0.201171875;0.8203125;0.8515625;0.201171875;0.70703125;0.5703125;0.1416015625;0.1982421875;0.578125;0.578125;0.138671875;0.578125;0.55859375;0.1318359375;0.5625;0.54296875;0.1298828125;0.56640625;0.53515625;0.1279296875;0.55078125;0.53515625;0.1298828125;0.375;0.119140625;0.03466796875;0.03515625;0.1484375;0.12890625;0.03466796875;0.150390625;0.134765625;0.037109375;0.7
47;47;67.58;0.140625;0.4375;0.84375;0.21875;0.14453125;0.828125;0.890625;0.21875;0.84375;0.90625;0.22265625;0.765625;0.8359375;0.203125;0.345703125;0.8046875;0.859375;0.2109375;0.828125;0.84375;0.19921875;0.828125;0.84375;0.19921875;0.70703125;0.53515625;0.130859375;0.177734375;0.546875;0.53515625;0.12890625;0.54296875;0.515625;0.1220703125;0.5234375;0.5;0.1181640625;0.52734375;0.4921875;0.119140625;0.5078125;0.48046875;0.115234375;0.333984375;0.099609375;0.02880859375;0.02880859375;0.123046875;0.107421875;0.029296875;0.125;0.11328125;0.0302734375;0.7;0.140625;0.4375;0.84375;0.21484375;0.1484375;0.828125;0.875;0.21875;0.84375;0.90625;0.22265625;0.765625;0.84375;0.203125;0.353515625;0.8046875;0.859375;0.2109375;0.828125;0.84375;0.201171875;0.8203125;0.8515625;0.201171875;0.70703125;0.5703125;0.140625;0.197265625;0.578125;0.57421875;0.1376953125;0.578125;0.5546875;0.1318359375;0.5625;0.54296875;0.1298828125;0.56640625;0.53515625;0.1279296875;0.55078125;0.53515625;0.12890625;0.375;0.119140625;0.03466796875;0.03515625;0.1484375;0.12890625;0.03515625;0.150390625;0.134765625;0.037109375;0.7
48;48;67.64;0.140625;0.4375;0.84375;0.21875;0.14453125;0.828125;0.890625;0.22265625;0.84375;0.90625;0.22265625;0.765625;0.8359375;0.205078125;0.349609375;0.8125;0.8671875;0.212890625;0.8359375;0.8515625;0.201171875;0.828125;0.8515625;0.19921875;0.70703125;0.5390625;0.1318359375;0.1787109375;0.546875;0.5390625;0.1279296875;0.54296875;0.51953125;0.1220703125;0.52734375;0.5;0.1171875;0.51953125;0.48828125;0.1162109375;0.5;0.47265625;0.11328125;0.330078125;0.09765625;0.0283203125;0.02880859375;0.123046875;0.103515625;0.02783203125;0.123046875;0.109375;0.02978515625;0.7;0.140625;0.4375;0.84375;0.21484375;0.1484375;0.828125;0.875;0.21875;0.84375;0.90625;0.22265625;0.765625;0.84375;0.203125;0.353515625;0.8046875;0.859375;0.2109375;0.8203125;0.8359375;0.19921875;0.8203125;0.84375;0.201171875;0.69921875;0.56640625;0.1396484375;0.1962890625;0.57421875;0.5703125;0.1357421875;0.5703125;0.546875;0.12890625;0.5546875;0.53125;0.126953125;0.5546875;0.5234375;0.125;0.5390625;0.5234375;0.1259765625;0.3671875;0.1171875;0.03369140625;0.03466796875;0.146484375;0.125;0.03369140625;0.1484375;0.130859375;0.0361328125;0.7
49;49;67.54;0.140625;0.4375;0.859375;0.21875;0.14453125;0.828125;0.890625;0.22265625;0.84375;0.90625;0.22265625;0.7734375;0.84375;0.20703125;0.353515625;0.8203125;0.875;0.21484375;0.84375;0.8671875;0.20703125;0.84375;0.8671875;0.20703125;0.72265625;0.5625;0.138671875;0.185546875;0.5703125;0.5625;0.1357421875;0.56640625;0.546875;0.1298828125;0.55078125;0.53515625;0.1259765625;0.55078125;0.52734375;0.1259765625;0.53515625;0.515625;0.1240234375;0.3515625;0.10546875;0.029296875;0.02978515625;0.125;0.109375;0.02880859375;0.125;0.11328125;0.0302734375;0.7;0.140625;0.4375;0.84375;0.21484375;0.1484375;0.828125;0.875;0.21875;0.84375;0.90625;0.22265625;0.7578125;0.8359375;0.201171875;0.3515625;0.796875;0.859375;0.208984375;0.8203125;0.8359375;0.19921875;0.8125;0.8359375;0.197265625;0.69140625;0.55078125;0.13671875;0.1923828125;0.55859375;0.55078125;0.1318359375;0.5546875;0.52734375;0.1240234375;0.53515625;0.5078125;0.12109375;0.53515625;0.50390625;0.1201171875;0.515625;0.4921875;0.119140625;0.3515625;0.107421875;0.0322265625;0.033203125;0.142578125;0.1171875;0.03271484375;0.142578125;0.125;0.03515625;0.7
50;50;67.79;0.140625;0.421875;0.84375;0.21484375;0.140625;0.8125;0.875;0.21875;0.84375;0.90625;0.22265625;0.765625;0.828125;0.203125;0.34375;0.8046875;0.859375;0.2109375;0.828125;0.84375;0.203125;0.828125;0.8515625;0.201171875;0.70703125;0.53515625;0.1318359375;0.177734375;0.546875;0.546875;0.1318359375;0.546875;0.53125;0.1259765625;0.53515625;0.51953125;0.1240234375;0.53515625;0.515625;0.125;0.52734375;0.5;0.1201171875;0.341796875;0.103515625;0.029296875;0.029296875;0.125;0.111328125;0.02978515625;0.125;0.1171875;0.03125;0.7;0.140625;0.4375;0.84375;0.21484375;0.1484375;0.828125;0.875;0.21875;0.84375;0.90625;0.22265625;0.7578125;0.8359375;0.201171875;0.3515625;0.8046875;0.859375;0.208984375;0.8203125;0.8359375;0.19921875;0.8125;0.84375;0.19921875;0.6953125;0.55859375;0.138671875;0.1943359375;0.56640625;0.5625;0.134765625;0.56640625;0.5390625;0.1279296875;0.546875;0.5234375;0.125;0.55078125;0.51953125;0.1240234375;0.53125;0.5078125;0.123046875;0.361328125;0.11328125;0.033203125;0.0341796875;0.14453125;0.123046875;0.03369140625;0.146484375;0.12890625;0.0361328125;0.7
51;51;68.34;0.125;0.421875;0.84375;0.21484375;0.140625;0.8125;0.890625;0.21875;0.84375;0.90625;0.22265625;0.765625;0.8359375;0.205078125;0.34765625;0.8125;0.8671875;0.212890625;0.8359375;0.8515625;0.205078125;0.8359375;0.859375;0.205078125;0.71484375;0.546875;0.1357421875;0.181640625;0.55859375;0.55859375;0.134765625;0.5625;0.54296875;0.12890625;0.546875;0.52734375;0.126953125;0.546875;0.5234375;0.126953125;0.53125;0.515625;0.123046875;0.349609375;0.10546875;0.029296875;0.02978515625;0.125;0.109375;0.029296875;0.125;0.11328125;0.03076171875;0.7;0.140625;0.4375;0.84375;0.21484375;0.1484375;0.828125;0.875;0.21875;0.84375;0.90625;0.22265625;0.765625;0.8359375;0.201171875;0.353515625;0.8046875;0.859375;0.208984375;0.8203125;0.8359375;0.19921875;0.8203125;0.84375;0.19921875;0.69921875;0.5625;0.1396484375;0.1953125;0.5703125;0.56640625;0.134765625;0.56640625;0.54296875;0.1279296875;0.546875;0.5234375;0.125;0.55078125;0.51953125;0.125;0.53515625;0.515625;0.123046875;0.36328125;0.115234375;0.03369140625;0.0341796875;0.146484375;0.123046875;0.0341796875;0.146484375;0.130859375;0.0361328125;0.8
52;52;68.3;0.140625;0.4375;0.84375;0.21484375;0.14453125;0.828125;0.890625;0.21875;0.84375;0.90625;0.22265625;0.765625;0.8359375;0.203125;0.349609375;0.8046875;0.859375;0.2109375;0.828125;0.8515625;0.203125;0.828125;0.8515625;0.19921875;0.70703125;0.53515625;0.130859375;0.1787109375;0.54296875;0.54296875;0.130859375;0.546875;0.52734375;0.1259765625;0.53125;0.51171875;0.123046875;0.5390625;0.51171875;0.123046875;0.51953125;0.50390625;0.1220703125;0.341796875;0.103515625;0.029296875;0.029296875;0.125;0.111328125;0.02978515625;0.126953125;0.1171875;0.03125;0.7;0.140625;0.4375;0.84375;0.21484375;0.1484375;0.828125;0.875;0.21875;0.84375;0.90625;0.22265625;0.765625;0.8359375;0.201171875;0.353515625;0.8046875;0.859375;0.208984375;0.8203125;0.8359375;0.19921875;0.8125;0.84375;0.19921875;0.6953125;0.5625;0.138671875;0.1953125;0.5703125;0.56640625;0.1357421875;0.56640625;0.54296875;0.1279296875;0.55078125;0.52734375;0.1259765625;0.5546875;0.5234375;0.125;0.53515625;0.515625;0.1240234375;0.365234375;0.115234375;0.03369140625;0.03466796875;0.146484375;0.123046875;0.0341796875;0.146484375;0.130859375;0.0361328125;0.7
53;53;68.33;0.125;0.421875;0.84375;0.21484375;0.140625;0.828125;0.890625;0.21875;0.84375;0.90625;0.22265625;0.765625;0.8359375;0.205078125;0.34765625;0.8046875;0.859375;0.2109375;0.828125;0.84375;0.201171875;0.828125;0.8515625;0.201171875;0.70703125;0.53515625;0.1318359375;0.1787109375;0.546875;0.5390625;0.1298828125;0.546875;0.5234375;0.123046875;0.52734375;0.50390625;0.1201171875;0.53125;0.5;0.1201171875;0.51953125;0.48828125;0.1162109375;0.337890625;0.1015625;0.02880859375;0.029296875;0.123046875;0.107421875;0.02880859375;0.125;0.11328125;0.0302734375;0.7;0.140625;0.4375;0.84375;0.21484375;0.1484375;0.828125;0.875;0.21875;0.84375;0.90625;0.22265625;0.7578125;0.8359375;0.201171875;0.3515625;0.796875;0.8515625;0.208984375;0.8203125;0.8359375;0.19921875;0.8125;0.8359375;0.19921875;0.6953125;0.5546875;0.1376953125;0.193359375;0.5625;0.5625;0.134765625;0.5625;0.53515625;0.1259765625;0.54296875;0.51953125;0.1240234375;0.546875;0.515625;0.123046875;0.52734375;0.5078125;0.12109375;0.361328125;0.11328125;0.03369140625;0.0341796875;0.146484375;0.123046875;0.0341796875;0.146484375;0.130859375;0.03662109375;0.7
54;54;68.73;0.140625;0.4375;0.84375;0.21875;0.14453125;0.828125;0.890625;0.21875;0.84375;0.90625;0.22265625;0.765625;0.84375;0.205078125;0.349609375;0.8125;0.8671875;0.212890625;0.8359375;0.859375;0.205078125;0.8359375;0.859375;0.203125;0.71875;0.55078125;0.1357421875;0.181640625;0.55859375;0.5546875;0.1337890625;0.5546875;0.53125;0.125;0.5390625;0.51953125;0.123046875;0.54296875;0.515625;0.123046875;0.52734375;0.5;0.1201171875;0.345703125;0.103515625;0.029296875;0.02978515625;0.125;0.107421875;0.02880859375;0.125;0.11328125;0.03076171875;0.7;0.140625;0.4375;0.84375;0.21484375;0.1484375;0.828125;0.875;0.21875;0.84375;0.90625;0.22265625;0.765625;0.8359375;0.201171875;0.3515625;0.8046875;0.859375;0.208984375;0.8203125;0.8359375;0.19921875;0.8125;0.8359375;0.19921875;0.6953125;0.5546875;0.1376953125;0.1943359375;0.56640625;0.5625;0.134765625;0.5625;0.53515625;0.126953125;0.54296875;0.51953125;0.1240234375;0.546875;0.515625;0.123046875;0.52734375;0.50390625;0.12109375;0.359375;0.11328125;0.033203125;0.0341796875;0.14453125;0.123046875;0.03369140625;0.146484375;0.12890625;0.0361328125;0.8
55;55;68.8;0.140625;0.4375;0.84375;0.21875;0.1484375;0.828125;0.890625;0.21875;0.84375;0.90625;0.22265625;0.765625;0.8359375;0.203125;0.349609375;0.8125;0.8671875;0.2109375;0.8359375;0.8515625;0.203125;0.828125;0.8515625;0.201171875;0.7109375;0.53515625;0.1318359375;0.1796875;0.546875;0.5390625;0.12890625;0.54296875;0.5234375;0.123046875;0.5234375;0.50390625;0.119140625;0.53125;0.5;0.119140625;0.51171875;0.4921875;0.1162109375;0.3359375;0.099609375;0.02880859375;0.02880859375;0.123046875;0.107421875;0.029296875;0.125;0.115234375;0.03076171875;0.7;0.140625;0.4375;0.84375;0.21484375;0.1484375;0.828125;0.875;0.21875;0.84375;0.90625;0.22265625;0.765625;0.8359375;0.201171875;0.3515625;0.8046875;0.859375;0.2109375;0.8203125;0.8359375;0.201171875;0.8203125;0.84375;0.201171875;0.69921875;0.5625;0.1396484375;0.1953125;0.5703125;0.5703125;0.13671875;0.5703125;0.546875;0.12890625;0.55078125;0.52734375;0.1259765625;0.5546875;0.5234375;0.1259765625;0.5390625;0.51953125;0.1240234375;0.3671875;0.115234375;0.0341796875;0.03466796875;0.146484375;0.125;0.0341796875;0.1484375;0.130859375;0.03662109375;0.8
56;56;68.94;0.140625;0.4375;0.859375;0.21875;0.14453125;0.828125;0.890625;0.21875;0.84375;0.90625;0.22265625;0.765625;0.84375;0.20703125;0.349609375;0.8125;0.8671875;0.212890625;0.8359375;0.859375;0.20703125;0.8359375;0.859375;0.205078125;0.72265625;0.55859375;0.138671875;0.1845703125;0.56640625;0.55859375;0.134765625;0.56640625;0.54296875;0.1279296875;0.55078125;0.52734375;0.1259765625;0.55078125;0.5234375;0.1259765625;0.53515625;0.5078125;0.12109375;0.3515625;0.10546875;0.029296875;0.0302734375;0.126953125;0.111328125;0.02978515625;0.126953125;0.1171875;0.03125;0.7;0.140625;0.4375;0.84375;0.21484375;0.1484375;0.828125;0.875;0.21875;0.84375;0.90625;0.22265625;0.7578125;0.8359375;0.201171875;0.3515625;0.796875;0.8515625;0.208984375;0.8203125;0.8359375;0.19921875;0.8125;0.8359375;0.19921875;0.69140625;0.55078125;0.13671875;0.1923828125;0.55859375;0.55078125;0.1328125;0.5546875;0.52734375;0.1240234375;0.53515625;0.5078125;0.12109375;0.5390625;0.50390625;0.12109375;0.51953125;0.4921875;0.1181640625;0.353515625;0.109375;0.03271484375;0.03369140625;0.142578125;0.119140625;0.033203125;0.14453125;0.125;0.03515625;0.7
57;57;68.75;0.140625;0.4375;0.84375;0.21875;0.1484375;0.828125;0.890625;0.22265625;0.84375;0.90625;0.22265625;0.765625;0.8359375;0.205078125;0.349609375;0.8125;0.8671875;0.2109375;0.8359375;0.84375;0.201171875;0.828125;0.8515625;0.19921875;0.70703125;0.53125;0.130859375;0.177734375;0.5390625;0.52734375;0.126953125;0.5390625;0.5078125;0.1201171875;0.51953125;0.4921875;0.115234375;0.515625;0.484375;0.1162109375;0.5;0.47265625;0.1123046875;0.326171875;0.09765625;0.0283203125;0.0283203125;0.123046875;0.10546875;0.02880859375;0.125;0.11328125;0.0302734375;0.7;0.140625;0.4375;0.84375;0.21484375;0.1484375;0.828125;0.875;0.21875;0.84375;0.90625;0.22265625;0.7578125;0.8359375;0.201171875;0.3515625;0.796875;0.859375;0.208984375;0.8203125;0.8359375;0.19921875;0.8125;0.84375;0.19921875;0.6953125;0.55859375;0.138671875;0.1943359375;0.56640625;0.5625;0.1357421875;0.56640625;0.5390625;0.126953125;0.546875;0.5234375;0.1240234375;0.55078125;0.51953125;0.125;0.53125;0.51171875;0.123046875;0.365234375;0.115234375;0.03369140625;0.03466796875;0.146484375;0.125;0.0341796875;0.1484375;0.130859375;0.03662109375;0.7
58;58;69.08;0.140625;0.4375;0.859375;0.21875;0.14453125;0.828125;0.890625;0.22265625;0.859375;0.90625;0.22265625;0.7734375;0.8515625;0.208984375;0.35546875;0.8203125;0.875;0.21484375;0.84375;0.8671875;0.20703125;0.8359375;0.859375;0.205078125;0.72265625;0.55859375;0.13671875;0.185546875;0.5625;0.55859375;0.1337890625;0.55859375;0.53515625;0.1259765625;0.54296875;0.515625;0.1220703125;0.54296875;0.51171875;0.1220703125;0.5234375;0.49609375;0.1181640625;0.34375;0.103515625;0.029296875;0.029296875;0.125;0.107421875;0.02880859375;0.125;0.11328125;0.03076171875;0.7;0.140625;0.4375;0.84375;0.21484375;0.1484375;0.828125;0.875;0.21875;0.84375;0.90625;0.22265625;0.765625;0.8359375;0.201171875;0.3515625;0.796875;0.859375;0.208984375;0.8203125;0.8359375;0.19921875;0.8125;0.84375;0.19921875;0.69921875;0.55859375;0.138671875;0.1943359375;0.56640625;0.5625;0.134765625;0.5625;0.5390625;0.126953125;0.546875;0.51953125;0.123046875;0.546875;0.515625;0.1240234375;0.53125;0.5078125;0.1220703125;0.361328125;0.11328125;0.03369140625;0.0341796875;0.146484375;0.123046875;0.03369140625;0.146484375;0.130859375;0.03662109375;0.7
59;59;69.58;0.125;0.421875;0.828125;0.21484375;0.13671875;0.8125;0.875;0.21875;0.84375;0.90625;0.22265625;0.7578125;0.828125;0.203125;0.34375;0.796875;0.859375;0.2109375;0.828125;0.84375;0.201171875;0.8203125;0.8515625;0.201171875;0.703125;0.52734375;0.130859375;0.17578125;0.54296875;0.5390625;0.130859375;0.54296875;0.5234375;0.125;0.53125;0.5078125;0.12109375;0.53125;0.50390625;0.12109375;0.515625;0.49609375;0.119140625;0.3359375;0.099609375;0.02880859375;0.02880859375;0.123046875;0.109375;0.029296875;0.125;0.115234375;0.03076171875;0.7;0.140625;0.4375;0.84375;0.21484375;0.1484375;0.828125;0.875;0.21875;0.84375;0.90625;0.22265625;0.765625;0.8359375;0.201171875;0.3515625;0.8046875;0.859375;0.2109375;0.8203125;0.8359375;0.201171875;0.8203125;0.84375;0.201171875;0.69921875;0.5625;0.1396484375;0.1953125;0.57421875;0.56640625;0.13671875;0.5703125;0.546875;0.12890625;0.5546875;0.52734375;0.1259765625;0.5546875;0.5234375;0.1259765625;0.5390625;0.5234375;0.1259765625;0.369140625;0.1171875;0.0341796875;0.03466796875;0.146484375;0.126953125;0.03466796875;0.150390625;0.134765625;0.037109375;0.7
60;60;69.21;0.140625;0.4375;0.84375;0.21484375;0.1484375;0.828125;0.890625;0.21875;0.84375;0.90625;0.22265625;0.765625;0.8359375;0.203125;0.34765625;0.8046875;0.859375;0.2109375;0.828125;0.84375;0.203125;0.828125;0.8515625;0.201171875;0.70703125;0.53515625;0.1318359375;0.1787109375;0.54296875;0.53515625;0.1279296875;0.5390625;0.515625;0.1220703125;0.5234375;0.49609375;0.1171875;0.5234375;0.4921875;0.1171875;0.5078125;0.4765625;0.1142578125;0.328125;0.09765625;0.0283203125;0.02880859375;0.123046875;0.107421875;0.02880859375;0.125;0.11328125;0.03076171875;0.7;0.140625;0.4375;0.84375;0.21484375;0.1484375;0.828125;0.875;0.21875;0.84375;0.90625;0.22265625;0.7578125;0.8359375;0.201171875;0.3515625;0.796875;0.8515625;0.208984375;0.8125;0.8359375;0.19921875;0.8125;0.8359375;0.197265625;0.69140625;0.55078125;0.13671875;0.1923828125;0.5625;0.5546875;0.1337890625;0.55859375;0.53125;0.1259765625;0.5390625;0.51171875;0.1220703125;0.54296875;0.5078125;0.1220703125;0.5234375;0.50390625;0.1201171875;0.357421875;0.111328125;0.033203125;0.0341796875;0.14453125;0.123046875;0.03369140625;0.146484375;0.12890625;0.03564453125;0.7
61;61;69.26;0.140625;0.4375;0.84375;0.21875;0.14453125;0.828125;0.890625;0.22265625;0.84375;0.90625;0.22265625;0.765625;0.84375;0.205078125;0.3515625;0.8125;0.8671875;0.212890625;0.8359375;0.859375;0.205078125;0.8359375;0.859375;0.203125;0.71875;0.546875;0.134765625;0.181640625;0.5546875;0.55078125;0.1328125;0.55078125;0.53515625;0.126953125;0.5390625;0.515625;0.1220703125;0.5390625;0.51171875;0.1220703125;0.52734375;0.5;0.1201171875;0.345703125;0.103515625;0.029296875;0.02978515625;0.125;0.111328125;0.02978515625;0.126953125;0.1171875;0.03125;0.7;0.140625;0.4375;0.84375;0.21484375;0.1484375;0.828125;0.875;0.21875;0.84375;0.90625;0.22265625;0.7578125;0.8359375;0.201171875;0.3515625;0.796875;0.8515625;0.208984375;0.8203125;0.8359375;0.19921875;0.8125;0.84375;0.19921875;0.69921875;0.55859375;0.138671875;0.1943359375;0.56640625;0.5625;0.1357421875;0.56640625;0.54296875;0.1279296875;0.546875;0.52734375;0.125;0.55078125;0.51953125;0.125;0.53515625;0.51953125;0.1240234375;0.365234375;0.115234375;0.0341796875;0.03466796875;0.146484375;0.126953125;0.03466796875;0.1484375;0.1328125;0.03662109375;0.7
62;62;69.55;0.125;0.421875;0.84375;0.21875;0.140625;0.8125;0.890625;0.21875;0.84375;0.90625;0.22265625;0.765625;0.8359375;0.203125;0.345703125;0.8046875;0.859375;0.2109375;0.828125;0.84375;0.201171875;0.8203125;0.84375;0.19921875;0.703125;0.53125;0.130859375;0.1767578125;0.54296875;0.53515625;0.12890625;0.54296875;0.51953125;0.1220703125;0.5234375;0.50390625;0.119140625;0.5234375;0.5;0.119140625;0.51171875;0.48828125;0.1162109375;0.333984375;0.1015625;0.02880859375;0.02880859375;0.123046875;0.107421875;0.02880859375;0.125;0.11328125;0.03076171875;0.7;0.140625;0.4375;0.84375;0.21484375;0.1484375;0.828125;0.875;0.21875;0.84375;0.90625;0.22265625;0.765625;0.8359375;0.201171875;0.3515625;0.796875;0.859375;0.208984375;0.8203125;0.8359375;0.19921875;0.8203125;0.84375;0.19921875;0.69921875;0.55859375;0.138671875;0.1943359375;0.5703125;0.5625;0.1357421875;0.56640625;0.54296875;0.12890625;0.546875;0.52734375;0.125;0.5546875;0.5234375;0.125;0.5390625;0.51953125;0.1240234375;0.3671875;0.1171875;0.0341796875;0.03466796875;0.146484375;0.125;0.03466796875;0.1484375;0.1328125;0.03662109375;0.7
63;63;69.64;0.140625;0.421875;0.84375;0.21484375;0.140625;0.8125;0.875;0.21875;0.828125;0.90625;0.22265625;0.7578125;0.828125;0.203125;0.345703125;0.8046875;0.859375;0.2109375;0.828125;0.8515625;0.203125;0.828125;0.8515625;0.203125;0.7109375;0.54296875;0.134765625;0.1806640625;0.5546875;0.55078125;0.1328125;0.5546875;0.53515625;0.1279296875;0.54296875;0.51953125;0.123046875;0.54296875;0.515625;0.125;0.53125;0.5078125;0.1220703125;0.34765625;0.10546875;0.02978515625;0.02978515625;0.126953125;0.111328125;0.02978515625;0.126953125;0.1171875;0.03173828125;0.7;0.140625;0.4375;0.84375;0.21484375;0.1484375;0.828125;0.875;0.21875;0.84375;0.90625;0.22265625;0.765625;0.8359375;0.201171875;0.3515625;0.796875;0.859375;0.2109375;0.8203125;0.8359375;0.201171875;0.8203125;0.84375;0.19921875;0.69921875;0.5625;0.1396484375;0.1953125;0.5703125;0.56640625;0.1357421875;0.5703125;0.546875;0.1298828125;0.55078125;0.53125;0.126953125;0.55859375;0.52734375;0.1259765625;0.54296875;0.5234375;0.1259765625;0.369140625;0.119140625;0.0341796875;0.03515625;0.1484375;0.126953125;0.03515625;0.150390625;0.134765625;0.037109375;0.7
64;64;69.5;0.140625;0.4375;0.84375;0.21875;0.1484375;0.828125;0.890625;0.21875;0.84375;0.90625;0.22265625;0.765625;0.8359375;0.203125;0.34765625;0.8125;0.8671875;0.2109375;0.828125;0.8515625;0.201171875;0.828125;0.8515625;0.201171875;0.70703125;0.5390625;0.1328125;0.1787109375;0.546875;0.54296875;0.130859375;0.55078125;0.53125;0.1259765625;0.53515625;0.515625;0.1220703125;0.53515625;0.51171875;0.123046875;0.5234375;0.5;0.12109375;0.34375;0.10546875;0.02978515625;0.02978515625;0.126953125;0.111328125;0.0302734375;0.12890625;0.119140625;0.03173828125;0.7;0.140625;0.4375;0.84375;0.21484375;0.1484375;0.828125;0.875;0.21875;0.84375;0.90625;0.22265625;0.765625;0.8359375;0.201171875;0.3515625;0.8046875;0.859375;0.2109375;0.8203125;0.84375;0.201171875;0.8203125;0.84375;0.201171875;0.703125;0.56640625;0.140625;0.1962890625;0.57421875;0.5703125;0.1376953125;0.57421875;0.5546875;0.130859375;0.55859375;0.5390625;0.12890625;0.5625;0.53515625;0.1279296875;0.55078125;0.53125;0.1279296875;0.375;0.12109375;0.03466796875;0.03564453125;0.150390625;0.12890625;0.03564453125;0.15234375;0.13671875;0.03759765625;0.7
65;65;69.41;0.140625;0.4375;0.859375;0.21875;0.14453125;0.828125;0.890625;0.21875;0.84375;0.90625;0.22265625;0.765625;0.8359375;0.205078125;0.349609375;0.8125;0.8671875;0.212890625;0.8359375;0.8515625;0.203125;0.828125;0.8515625;0.201171875;0.7109375;0.5390625;0.130859375;0.1787109375;0.54296875;0.53515625;0.12890625;0.546875;0.5234375;0.123046875;0.52734375;0.50390625;0.119140625;0.52734375;0.49609375;0.119140625;0.51171875;0.484375;0.1162109375;0.3359375;0.1015625;0.02880859375;0.02880859375;0.125;0.107421875;0.02880859375;0.125;0.115234375;0.03076171875;0.7;0.140625;0.4375;0.84375;0.21484375;0.1484375;0.828125;0.875;0.21875;0.84375;0.90625;0.22265625;0.7578125;0.8359375;0.201171875;0.3515625;0.796875;0.8515625;0.208984375;0.8203125;0.8359375;0.19921875;0.8125;0.8359375;0.19921875;0.6953125;0.5546875;0.1376953125;0.193359375;0.5625;0.55859375;0.1337890625;0.5625;0.53515625;0.126953125;0.54296875;0.515625;0.123046875;0.546875;0.51171875;0.123046875;0.52734375;0.5078125;0.12109375;0.359375;0.11328125;0.03369140625;0.0341796875;0.14453125;0.123046875;0.0341796875;0.146484375;0.130859375;0.03662109375;0.8
66;66;69.88;0.140625;0.421875;0.84375;0.21484375;0.14453125;0.828125;0.890625;0.21875;0.84375;0.90625;0.22265625;0.765625;0.8359375;0.203125;0.34765625;0.8046875;0.8671875;0.212890625;0.828125;0.8515625;0.205078125;0.828125;0.859375;0.203125;0.71484375;0.54296875;0.134765625;0.1787109375;0.5546875;0.55078125;0.1328125;0.55078125;0.53515625;0.1259765625;0.5390625;0.51171875;0.1220703125;0.53515625;0.51171875;0.1220703125;0.51953125;0.5;0.119140625;0.341796875;0.1015625;0.02880859375;0.029296875;0.123046875;0.109375;0.029296875;0.125;0.115234375;0.03076171875;0.7;0.140625;0.4375;0.84375;0.21484375;0.1484375;0.828125;0.875;0.21875;0.84375;0.90625;0.22265625;0.7578125;0.8359375;0.201171875;0.349609375;0.796875;0.8515625;0.208984375;0.8203125;0.8359375;0.19921875;0.8125;0.8359375;0.19921875;0.6953125;0.5546875;0.1376953125;0.193359375;0.5625;0.55859375;0.134765625;0.5625;0.5390625;0.1279296875;0.54296875;0.51953125;0.1240234375;0.546875;0.515625;0.123046875;0.53125;0.51171875;0.1220703125;0.361328125;0.11328125;0.03369140625;0.03466796875;0.146484375;0.125;0.0341796875;0.1484375;0.1328125;0.03662109375;0.8
67;67;69.79;0.140625;0.4375;0.84375;0.21875;0.14453125;0.828125;0.890625;0.22265625;0.84375;0.90625;0.22265625;0.765625;0.84375;0.20703125;0.3515625;0.8125;0.8671875;0.212890625;0.84375;0.859375;0.20703125;0.8359375;0.859375;0.205078125;0.71875;0.5546875;0.13671875;0.18359375;0.5625;0.55859375;0.134765625;0.5625;0.54296875;0.1279296875;0.546875;0.51953125;0.1240234375;0.546875;0.51171875;0.1220703125;0.52734375;0.50390625;0.12109375;0.34765625;0.103515625;0.029296875;0.02978515625;0.125;0.109375;0.029296875;0.126953125;0.1171875;0.03125;0.7;0.140625;0.4375;0.84375;0.21484375;0.1484375;0.828125;0.875;0.21875;0.84375;0.90625;0.22265625;0.765625;0.8359375;0.201171875;0.3515625;0.8046875;0.859375;0.2109375;0.8203125;0.8359375;0.19921875;0.8203125;0.84375;0.19921875;0.69921875;0.55859375;0.138671875;0.1943359375;0.5703125;0.5625;0.1357421875;0.56640625;0.546875;0.12890625;0.55078125;0.52734375;0.1259765625;0.5546875;0.5234375;0.125;0.5390625;0.51953125;0.125;0.3671875;0.1171875;0.0341796875;0.03466796875;0.146484375;0.126953125;0.03466796875;0.1484375;0.1328125;0.037109375;0.8
68;68;69.83;0.140625;0.421875;0.84375;0.21875;0.14453125;0.8125;0.875;0.21875;0.84375;0.90625;0.22265625;0.7578125;0.828125;0.203125;0.345703125;0.8046875;0.859375;0.2109375;0.828125;0.84375;0.201171875;0.8203125;0.8515625;0.19921875;0.703125;0.5234375;0.1298828125;0.17578125;0.53515625;0.53515625;0.1298828125;0.54296875;0.5234375;0.1240234375;0.52734375;0.5;0.1201171875;0.52734375;0.5;0.1201171875;0.51171875;0.48828125;0.1181640625;0.3359375;0.1015625;0.029296875;0.02880859375;0.125;0.111328125;0.029296875;0.126953125;0.1171875;0.03125;0.7;0.140625;0.4375;0.84375;0.21484375;0.1484375;0.828125;0.875;0.21875;0.84375;0.90625;0.22265625;0.7578125;0.8359375;0.201171875;0.3515625;0.796875;0.859375;0.208984375;0.8203125;0.8359375;0.19921875;0.8203125;0.84375;0.19921875;0.69921875;0.55859375;0.138671875;0.1943359375;0.5703125;0.56640625;0.13671875;0.5703125;0.55078125;0.130859375;0.5546875;0.53125;0.126953125;0.55859375;0.52734375;0.126953125;0.54296875;0.52734375;0.1259765625;0.37109375;0.119140625;0.03466796875;0.03515625;0.1484375;0.12890625;0.03515625;0.150390625;0.134765625;0.03759765625;0.8
69;69;70.07;0.125;0.421875;0.84375;0.21484375;0.140625;0.8125;0.890625;0.21875;0.84375;0.90625;0.22265625;0.765625;0.8359375;0.205078125;0.349609375;0.8125;0.8671875;0.212890625;0.828125;0.8515625;0.203125;0.828125;0.8515625;0.201171875;0.70703125;0.53515625;0.1328125;0.1796875;0.55078125;0.546875;0.130859375;0.55078125;0.52734375;0.1259765625;0.53125;0.515625;0.1220703125;0.53515625;0.50390625;0.1220703125;0.5234375;0.5;0.1201171875;0.341796875;0.103515625;0.02880859375;0.029296875;0.125;0.107421875;0.029296875;0.125;0.115234375;0.03076171875;0.7;0.140625;0.4375;0.84375;0.21484375;0.1484375;0.828125;0.875;0.21875;0.84375;0.90625;0.22265625;0.7578125;0.8359375;0.201171875;0.349609375;0.796875;0.8515625;0.208984375;0.8203125;0.8359375;0.197265625;0.8125;0.8359375;0.197265625;0.69140625;0.546875;0.13671875;0.1923828125;0.55859375;0.55078125;0.1328125;0.5546875;0.53125;0.1259765625;0.53515625;0.5078125;0.12109375;0.5390625;0.50390625;0.1201171875;0.51953125;0.49609375;0.119140625;0.353515625;0.111328125;0.033203125;0.03369140625;0.14453125;0.12109375;0.03369140625;0.146484375;0.12890625;0.0361328125;0.7
70;70;69.81;0.140625;0.4375;0.84375;0.21484375;0.14453125;0.8125;0.875;0.21875;0.84375;0.90625;0.22265625;0.765625;0.828125;0.203125;0.34765625;0.8046875;0.859375;0.2109375;0.828125;0.84375;0.201171875;0.8203125;0.84375;0.201171875;0.703125;0.52734375;0.1298828125;0.1767578125;0.53515625;0.52734375;0.126953125;0.53515625;0.515625;0.1201171875;0.51953125;0.48828125;0.115234375;0.515625;0.484375;0.115234375;0.5;0.47265625;0.1123046875;0.328125;0.09765625;0.0283203125;0.0283203125;0.123046875;0.107421875;0.02880859375;0.125;0.115234375;0.03125;0.7;0.140625;0.4375;0.84375;0.21484375;0.1484375;0.828125;0.875;0.21875;0.84375;0.90625;0.22265625;0.7578125;0.8359375;0.201171875;0.3515625;0.796875;0.8515625;0.208984375;0.8203125;0.8359375;0.19921875;0.8125;0.8359375;0.19921875;0.6953125;0.5546875;0.1376953125;0.193359375;0.56640625;0.55859375;0.134765625;0.5625;0.54296875;0.12890625;0.546875;0.51953125;0.1240234375;0.55078125;0.51953125;0.1240234375;0.53125;0.51171875;0.123046875;0.365234375;0.115234375;0.0341796875;0.03466796875;0.146484375;0.126953125;0.03466796875;0.1484375;0.1328125;0.037109375;0.7
71;71;69.94;0.140625;0.4375;0.84375;0.21484375;0.14453125;0.828125;0.890625;0.21875;0.84375;0.90625;0.22265625;0.765625;0.8359375;0.205078125;0.34765625;0.8046875;0.859375;0.2109375;0.828125;0.8515625;0.203125;0.828125;0.8515625;0.19921875;0.70703125;0.53125;0.1318359375;0.177734375;0.54296875;0.54296875;0.1298828125;0.546875;0.5234375;0.1240234375;0.53125;0.5078125;0.1201171875;0.53125;0.50390625;0.12109375;0.515625;0.49609375;0.119140625;0.33984375;0.103515625;0.02978515625;0.029296875;0.125;0.111328125;0.02978515625;0.126953125;0.1171875;0.03173828125;0.7;0.140625;0.4375;0.84375;0.21484375;0.1484375;0.828125;0.875;0.21875;0.84375;0.90625;0.22265625;0.7578125;0.8359375;0.201171875;0.349609375;0.796875;0.8515625;0.208984375;0.8203125;0.8359375;0.19921875;0.8125;0.8359375;0.19921875;0.6953125;0.55078125;0.13671875;0.1923828125;0.5625;0.55859375;0.1337890625;0.5625;0.5390625;0.1279296875;0.54296875;0.51953125;0.123046875;0.546875;0.515625;0.123046875;0.53125;0.51171875;0.1220703125;0.36328125;0.115234375;0.0341796875;0.0341796875;0.146484375;0.126953125;0.03466796875;0.1484375;0.1328125;0.037109375;0.7
72;72;69.94;0.125;0.421875;0.84375;0.21484375;0.140625;0.8125;0.875;0.21875;0.84375;0.90625;0.22265625;0.7578125;0.8359375;0.203125;0.345703125;0.8046875;0.859375;0.2109375;0.828125;0.8515625;0.203125;0.828125;0.8515625;0.203125;0.7109375;0.54296875;0.134765625;0.1796875;0.55078125;0.55078125;0.1328125;0.55859375;0.5390625;0.1279296875;0.5390625;0.51953125;0.123046875;0.5390625;0.51171875;0.1240234375;0.52734375;0.5078125;0.123046875;0.34765625;0.10546875;0.02978515625;0.02978515625;0.125;0.11328125;0.02978515625;0.12890625;0.119140625;0.03173828125;0.7;0.140625;0.4375;0.84375;0.21484375;0.1484375;0.828125;0.875;0.21875;0.84375;0.90625;0.22265625;0.7578125;0.8359375;0.201171875;0.3515625;0.796875;0.8515625;0.208984375;0.8203125;0.8359375;0.19921875;0.8125;0.8359375;0.19921875;0.6953125;0.5546875;0.1376953125;0.193359375;0.5625;0.55859375;0.134765625;0.5625;0.5390625;0.1279296875;0.54296875;0.515625;0.123046875;0.546875;0.515625;0.123046875;0.52734375;0.5078125;0.12109375;0.361328125;0.115234375;0.03369140625;0.0341796875;0.146484375;0.125;0.03466796875;0.1484375;0.1328125;0.037109375;0.7
73;73;70.04;0.140625;0.4375;0.84375;0.21484375;0.14453125;0.828125;0.890625;0.22265625;0.84375;0.90625;0.22265625;0.765625;0.84375;0.205078125;0.349609375;0.8125;0.8671875;0.212890625;0.8359375;0.8515625;0.203125;0.8359375;0.8515625;0.203125;0.71484375;0.546875;0.134765625;0.1806640625;0.55078125;0.546875;0.1328125;0.5546875;0.53515625;0.1279296875;0.5390625;0.51953125;0.1240234375;0.54296875;0.51171875;0.123046875;0.52734375;0.5078125;0.1220703125;0.34765625;0.10546875;0.02978515625;0.02978515625;0.125;0.11328125;0.0302734375;0.12890625;0.119140625;0.03173828125;0.7;0.140625;0.4375;0.84375;0.21484375;0.1484375;0.828125;0.875;0.21875;0.84375;0.90625;0.22265625;0.7578125;0.828125;0.201171875;0.349609375;0.796875;0.8515625;0.208984375;0.8203125;0.8359375;0.19921875;0.8125;0.8359375;0.197265625;0.69140625;0.55078125;0.1376953125;0.1923828125;0.5625;0.55859375;0.1337890625;0.5625;0.5390625;0.1279296875;0.54296875;0.51953125;0.1240234375;0.546875;0.515625;0.1240234375;0.53125;0.51171875;0.123046875;0.36328125;0.115234375;0.0341796875;0.03466796875;0.146484375;0.126953125;0.03466796875;0.1484375;0.1328125;0.037109375;0.8
74;74;70.1;0.125;0.421875;0.84375;0.21484375;0.140625;0.8125;0.875;0.21875;0.84375;0.90625;0.22265625;0.7578125;0.828125;0.203125;0.34375;0.796875;0.859375;0.208984375;0.8203125;0.8359375;0.19921875;0.8203125;0.84375;0.197265625;0.69921875;0.5234375;0.12890625;0.17578125;0.5390625;0.53125;0.1279296875;0.5390625;0.5234375;0.123046875;0.5234375;0.5;0.1181640625;0.5234375;0.49609375;0.1201171875;0.5078125;0.48828125;0.1181640625;0.33203125;0.1015625;0.02880859375;0.02880859375;0.123046875;0.107421875;0.029296875;0.125;0.11328125;0.03076171875;0.7;0.140625;0.4375;0.84375;0.21484375;0.1484375;0.828125;0.875;0.21875;0.84375;0.90625;0.22265625;0.7578125;0.828125;0.201171875;0.349609375;0.796875;0.8515625;0.208984375;0.8125;0.828125;0.197265625;0.8125;0.8359375;0.197265625;0.69140625;0.546875;0.13671875;0.19140625;0.55859375;0.5546875;0.1328125;0.55859375;0.53515625;0.126953125;0.5390625;0.51171875;0.1220703125;0.54296875;0.51171875;0.1220703125;0.5234375;0.50390625;0.12109375;0.359375;0.11328125;0.03369140625;0.0341796875;0.146484375;0.125;0.0341796875;0.146484375;0.1328125;0.03662109375;0.7
75;75;70.15;0.125;0.421875;0.84375;0.21484375;0.140625;0.8125;0.875;0.21875;0.84375;0.90625;0.22265625;0.765625;0.828125;0.203125;0.345703125;0.8046875;0.859375;0.2109375;0.828125;0.8515625;0.205078125;0.828125;0.859375;0.203125;0.71484375;0.546875;0.134765625;0.1796875;0.55078125;0.546875;0.1328125;0.55859375;0.5390625;0.12890625;0.54296875;0.51953125;0.125;0.54296875;0.51953125;0.1259765625;0.53125;0.51171875;0.123046875;0.349609375;0.10546875;0.02978515625;0.0302734375;0.126953125;0.11328125;0.0302734375;0.12890625;0.119140625;0.03173828125;0.7;0.140625;0.4375;0.84375;0.21484375;0.1484375;0.828125;0.875;0.21875;0.84375;0.90625;0.22265625;0.7578125;0.8359375;0.201171875;0.349609375;0.796875;0.8515625;0.208984375;0.8203125;0.8359375;0.19921875;0.8125;0.8359375;0.19921875;0.6953125;0.5546875;0.1376953125;0.193359375;0.56640625;0.5625;0.134765625;0.56640625;0.546875;0.1298828125;0.55078125;0.5234375;0.125;0.55078125;0.5234375;0.125;0.5390625;0.51953125;0.1240234375;0.3671875;0.1171875;0.0341796875;0.03466796875;0.1484375;0.126953125;0.03515625;0.150390625;0.134765625;0.03759765625;0.8
76;76;70.24;0.140625;0.4375;0.84375;0.21875;0.1484375;0.828125;0.875;0.21875;0.84375;0.90625;0.22265625;0.765625;0.828125;0.203125;0.34765625;0.8046875;0.859375;0.2109375;0.828125;0.84375;0.201171875;0.828125;0.84375;0.19921875;0.703125;0.52734375;0.130859375;0.177734375;0.54296875;0.53515625;0.1279296875;0.5390625;0.51953125;0.123046875;0.52734375;0.50390625;0.119140625;0.52734375;0.49609375;0.119140625;0.5078125;0.484375;0.1171875;0.3359375;0.1015625;0.029296875;0.029296875;0.125;0.109375;0.029296875;0.126953125;0.1171875;0.03173828125;0.7;0.140625;0.4375;0.84375;0.21484375;0.1484375;0.828125;0.875;0.21875;0.84375;0.90625;0.22265625;0.7578125;0.8359375;0.201171875;0.349609375;0.796875;0.8515625;0.208984375;0.8203125;0.8359375;0.19921875;0.8125;0.8359375;0.19921875;0.69140625;0.55078125;0.1376953125;0.1923828125;0.5625;0.55859375;0.1337890625;0.5625;0.54296875;0.12890625;0.54296875;0.51953125;0.1240234375;0.546875;0.51953125;0.1240234375;0.53125;0.51171875;0.123046875;0.36328125;0.115234375;0.0341796875;0.03466796875;0.146484375;0.126953125;0.03466796875;0.1484375;0.1328125;0.037109375;0.8
77;77;70.18;0.140625;0.421875;0.84375;0.21484375;0.140625;0.8125;0.875;0.21875;0.84375;0.890625;0.22265625;0.7578125;0.828125;0.203125;0.34375;0.8046875;0.859375;0.2109375;0.828125;0.8515625;0.205078125;0.828125;0.859375;0.205078125;0.71484375;0.55078125;0.13671875;0.1787109375;0.55859375;0.5625;0.13671875;0.56640625;0.5546875;0.1328125;0.5546875;0.54296875;0.130859375;0.55859375;0.53515625;0.1298828125;0.55078125;0.53125;0.12890625;0.359375;0.109375;0.0302734375;0.03076171875;0.12890625;0.115234375;0.03076171875;0.12890625;0.12109375;0.0322265625;0.7;0.140625;0.4375;0.84375;0.21484375;0.1484375;0.828125;0.875;0.21875;0.84375;0.90625;0.22265625;0.7578125;0.8359375;0.201171875;0.349609375;0.796875;0.8515625;0.208984375;0.8203125;0.8359375;0.19921875;0.8125;0.84375;0.19921875;0.6953125;0.5546875;0.138671875;0.193359375;0.56640625;0.55859375;0.134765625;0.56640625;0.54296875;0.12890625;0.546875;0.5234375;0.1240234375;0.55078125;0.51953125;0.1240234375;0.53515625;0.515625;0.123046875;0.365234375;0.115234375;0.0341796875;0.03466796875;0.146484375;0.126953125;0.03466796875;0.1484375;0.1328125;0.037109375;0.8
78;78;70.37;0.140625;0.421875;0.84375;0.21484375;0.14453125;0.8125;0.875;0.21875;0.84375;0.90625;0.22265625;0.765625;0.828125;0.203125;0.345703125;0.8046875;0.859375;0.2109375;0.828125;0.8515625;0.203125;0.828125;0.859375;0.203125;0.71484375;0.54296875;0.134765625;0.1806640625;0.5546875;0.546875;0.1318359375;0.5546875;0.53515625;0.1279296875;0.5390625;0.515625;0.123046875;0.53515625;0.51171875;0.123046875;0.52734375;0.5;0.1201171875;0.34375;0.103515625;0.029296875;0.02978515625;0.125;0.111328125;0.029296875;0.126953125;0.115234375;0.03125;0.7;0.140625;0.4375;0.84375;0.21484375;0.1484375;0.828125;0.875;0.21875;0.84375;0.90625;0.22265625;0.7578125;0.8359375;0.201171875;0.349609375;0.796875;0.8515625;0.208984375;0.8203125;0.8359375;0.19921875;0.8125;0.8359375;0.19921875;0.6953125;0.5546875;0.1376953125;0.1923828125;0.5625;0.55859375;0.134765625;0.56640625;0.54296875;0.12890625;0.546875;0.5234375;0.125;0.55078125;0.51953125;0.1240234375;0.53125;0.515625;0.123046875;0.365234375;0.115234375;0.0341796875;0.03466796875;0.146484375;0.126953125;0.03466796875;0.1484375;0.1328125;0.037109375;0.8
79;79;70.18;0.140625;0.4375;0.84375;0.21875;0.14453125;0.828125;0.890625;0.21875;0.84375;0.90625;0.22265625;0.765625;0.8359375;0.205078125;0.349609375;0.8046875;0.859375;0.2109375;0.8359375;0.8515625;0.205078125;0.828125;0.8515625;0.203125;0.7109375;0.5390625;0.1337890625;0.181640625;0.5546875;0.5546875;0.1337890625;0.55859375;0.5390625;0.12890625;0.54296875;0.51953125;0.1240234375;0.54296875;0.515625;0.1240234375;0.53125;0.51171875;0.123046875;0.34765625;0.10546875;0.02978515625;0.02978515625;0.126953125;0.11328125;0.0302734375;0.12890625;0.119140625;0.03173828125;0.7;0.140625;0.4375;0.84375;0.21484375;0.1484375;0.828125;0.875;0.21875;0.84375;0.90625;0.22265625;0.7578125;0.8359375;0.201171875;0.3515625;0.796875;0.859375;0.208984375;0.8203125;0.8359375;0.19921875;0.8203125;0.84375;0.19921875;0.69921875;0.5625;0.1396484375;0.1943359375;0.5703125;0.56640625;0.13671875;0.5703125;0.55078125;0.130859375;0.5546875;0.53125;0.126953125;0.55859375;0.52734375;0.126953125;0.54296875;0.52734375;0.1259765625;0.37109375;0.119140625;0.03466796875;0.03515625;0.1484375;0.12890625;0.03515625;0.150390625;0.13671875;0.03759765625;0.8
80;80;70.38;0.125;0.421875;0.84375;0.21875;0.140625;0.828125;0.890625;0.22265625;0.84375;0.90625;0.22265625;0.765625;0.8359375;0.205078125;0.349609375;0.8125;0.8671875;0.212890625;0.828125;0.8515625;0.203125;0.828125;0.859375;0.203125;0.7109375;0.5390625;0.1337890625;0.1806640625;0.55078125;0.54296875;0.1318359375;0.5546875;0.53125;0.126953125;0.5390625;0.51171875;0.1220703125;0.5390625;0.5078125;0.1220703125;0.5234375;0.5;0.12109375;0.34375;0.103515625;0.029296875;0.02978515625;0.125;0.111328125;0.02978515625;0.126953125;0.1171875;0.03173828125;0.7;0.140625;0.4375;0.84375;0.21484375;0.1484375;0.828125;0.875;0.21875;0.84375;0.90625;0.22265625;0.7578125;0.8359375;0.201171875;0.349609375;0.796875;0.8515625;0.208984375;0.8125;0.8359375;0.197265625;0.8125;0.8359375;0.197265625;0.69140625;0.546875;0.13671875;0.19140625;0.55859375;0.5546875;0.1328125;0.55859375;0.53515625;0.126953125;0.5390625;0.515625;0.123046875;0.54296875;0.51171875;0.123046875;0.5234375;0.50390625;0.12109375;0.359375;0.11328125;0.03369140625;0.0341796875;0.146484375;0.125;0.03466796875;0.1484375;0.1328125;0.037109375;0.8
81;81;70.3;0.140625;0.421875;0.84375;0.21484375;0.140625;0.8125;0.875;0.21875;0.84375;0.90625;0.22265625;0.7578125;0.828125;0.201171875;0.34375;0.796875;0.859375;0.208984375;0.828125;0.84375;0.19921875;0.8203125;0.84375;0.197265625;0.69921875;0.5234375;0.1298828125;0.17578125;0.5390625;0.52734375;0.12890625;0.5390625;0.51953125;0.1240234375;0.5234375;0.50390625;0.119140625;0.52734375;0.49609375;0.1201171875;0.51171875;0.4921875;0.119140625;0.3359375;0.1015625;0.029296875;0.029296875;0.125;0.111328125;0.02978515625;0.126953125;0.1171875;0.03125;0.7;0.140625;0.4375;0.84375;0.21484375;0.1484375;0.828125;0.875;0.21875;0.84375;0.90625;0.22265625;0.7578125;0.8359375;0.201171875;0.349609375;0.796875;0.8515625;0.208984375;0.8203125;0.8359375;0.19921875;0.8125;0.8359375;0.19921875;0.6953125;0.5546875;0.1376953125;0.1923828125;0.5625;0.55859375;0.134765625;0.5625;0.54296875;0.12890625;0.546875;0.51953125;0.1240234375;0.546875;0.51953125;0.1240234375;0.53125;0.51171875;0.123046875;0.365234375;0.115234375;0.0341796875;0.03466796875;0.1484375;0.126953125;0.03466796875;0.1484375;0.134765625;0.037109375;0.8
82;82;70.3;0.140625;0.4375;0.859375;0.21875;0.1484375;0.828125;0.890625;0.22265625;0.84375;0.90625;0.22265625;0.7734375;0.84375;0.20703125;0.3515625;0.8125;0.8671875;0.21484375;0.84375;0.859375;0.20703125;0.8359375;0.8671875;0.205078125;0.72265625;0.5546875;0.1376953125;0.181640625;0.5625;0.5546875;0.1337890625;0.55859375;0.5390625;0.1279296875;0.546875;0.5234375;0.125;0.546875;0.51953125;0.1240234375;0.53125;0.5078125;0.1220703125;0.34765625;0.103515625;0.029296875;0.02978515625;0.125;0.111328125;0.029296875;0.126953125;0.1171875;0.03125;0.7;0.140625;0.4375;0.84375;0.21484375;0.1484375;0.828125;0.875;0.21875;0.84375;0.90625;0.22265625;0.7578125;0.828125;0.19921875;0.349609375;0.796875;0.8515625;0.208984375;0.8125;0.828125;0.197265625;0.8046875;0.828125;0.197265625;0.6875;0.54296875;0.134765625;0.189453125;0.55078125;0.546875;0.130859375;0.546875;0.5234375;0.1240234375;0.52734375;0.5;0.119140625;0.53125;0.49609375;0.119140625;0.51171875;0.484375;0.1162109375;0.349609375;0.109375;0.03271484375;0.033203125;0.142578125;0.12109375;0.033203125;0.14453125;0.126953125;0.03564453125;0.8
83;83;70.35;0.140625;0.421875;0.84375;0.21875;0.14453125;0.828125;0.890625;0.22265625;0.84375;0.90625;0.22265625;0.7734375;0.84375;0.20703125;0.3515625;0.8125;0.875;0.21484375;0.8359375;0.859375;0.20703125;0.8359375;0.8671875;0.20703125;0.7265625;0.55859375;0.138671875;0.185546875;0.56640625;0.5625;0.13671875;0.5703125;0.55078125;0.130859375;0.5546875;0.52734375;0.126953125;0.5546875;0.52734375;0.1279296875;0.54296875;0.5234375;0.1259765625;0.35546875;0.107421875;0.02978515625;0.0302734375;0.126953125;0.11328125;0.0302734375;0.12890625;0.1171875;0.03173828125;0.7;0.140625;0.4375;0.84375;0.21484375;0.1484375;0.828125;0.875;0.21875;0.84375;0.90625;0.22265625;0.7578125;0.8359375;0.201171875;0.349609375;0.796875;0.8515625;0.208984375;0.8203125;0.8359375;0.19921875;0.8125;0.84375;0.19921875;0.6953125;0.5546875;0.1376953125;0.193359375;0.56640625;0.5625;0.134765625;0.56640625;0.54296875;0.12890625;0.546875;0.5234375;0.1240234375;0.55078125;0.51953125;0.1240234375;0.53125;0.51171875;0.123046875;0.365234375;0.115234375;0.0341796875;0.03466796875;0.146484375;0.126953125;0.03466796875;0.1484375;0.1328125;0.037109375;0.8
84;84;70.43;0.140625;0.421875;0.84375;0.21875;0.140625;0.828125;0.890625;0.21875;0.84375;0.90625;0.22265625;0.765625;0.828125;0.203125;0.345703125;0.796875;0.859375;0.2109375;0.828125;0.84375;0.201171875;0.828125;0.8515625;0.19921875;0.70703125;0.53125;0.130859375;0.1767578125;0.54296875;0.52734375;0.1279296875;0.54296875;0.51953125;0.1220703125;0.5234375;0.49609375;0.1181640625;0.5234375;0.49609375;0.119140625;0.5078125;0.484375;0.1162109375;0.333984375;0.099609375;0.02880859375;0.02880859375;0.125;0.109375;0.029296875;0.125;0.115234375;0.03125;0.7;0.140625;0.4375;0.84375;0.21484375;0.1484375;0.828125;0.875;0.21875;0.84375;0.90625;0.22265625;0.7578125;0.8359375;0.201171875;0.349609375;0.796875;0.8515625;0.208984375;0.8203125;0.8359375;0.19921875;0.8125;0.8359375;0.19921875;0.6953125;0.5546875;0.138671875;0.193359375;0.56640625;0.5625;0.134765625;0.56640625;0.54296875;0.12890625;0.546875;0.5234375;0.125;0.55078125;0.51953125;0.1240234375;0.53125;0.515625;0.123046875;0.365234375;0.1171875;0.0341796875;0.03466796875;0.146484375;0.126953125;0.03466796875;0.1484375;0.134765625;0.037109375;0.8
85;85;70.35;0.140625;0.4375;0.84375;0.21875;0.14453125;0.828125;0.890625;0.22265625;0.84375;0.90625;0.22265625;0.765625;0.8359375;0.205078125;0.349609375;0.8125;0.8671875;0.212890625;0.8359375;0.8515625;0.205078125;0.8359375;0.859375;0.203125;0.71484375;0.546875;0.1337890625;0.1806640625;0.55078125;0.546875;0.130859375;0.55078125;0.53125;0.125;0.53125;0.5078125;0.12109375;0.53515625;0.5078125;0.12109375;0.51953125;0.49609375;0.1171875;0.341796875;0.1015625;0.029296875;0.029296875;0.125;0.109375;0.029296875;0.126953125;0.115234375;0.03125;0.7;0.140625;0.4375;0.84375;0.21484375;0.1484375;0.828125;0.875;0.21875;0.84375;0.90625;0.22265625;0.7578125;0.828125;0.201171875;0.349609375;0.796875;0.8515625;0.208984375;0.8125;0.828125;0.197265625;0.8125;0.8359375;0.197265625;0.6875;0.546875;0.13671875;0.1904296875;0.55859375;0.55078125;0.1328125;0.5546875;0.53125;0.1259765625;0.53515625;0.51171875;0.1220703125;0.5390625;0.5078125;0.12109375;0.5234375;0.5;0.1201171875;0.357421875;0.111328125;0.03369140625;0.0341796875;0.14453125;0.123046875;0.0341796875;0.146484375;0.130859375;0.03662109375;0.7
86;86;70.42;0.140625;0.421875;0.84375;0.21484375;0.140625;0.8125;0.875;0.21875;0.84375;0.90625;0.22265625;0.765625;0.828125;0.203125;0.345703125;0.8046875;0.859375;0.2109375;0.828125;0.8515625;0.203125;0.828125;0.8515625;0.201171875;0.70703125;0.53515625;0.130859375;0.1767578125;0.54296875;0.54296875;0.130859375;0.54296875;0.5234375;0.1240234375;0.53125;0.5078125;0.12109375;0.53125;0.50390625;0.12109375;0.515625;0.4921875;0.1171875;0.3359375;0.103515625;0.029296875;0.029296875;0.125;0.109375;0.029296875;0.125;0.115234375;0.03125;0.7;0.140625;0.4375;0.84375;0.21484375;0.1484375;0.828125;0.875;0.21875;0.84375;0.90625;0.22265625;0.7578125;0.8359375;0.201171875;0.349609375;0.796875;0.8515625;0.208984375;0.8203125;0.8359375;0.19921875;0.8125;0.8359375;0.197265625;0.69140625;0.55078125;0.13671875;0.19140625;0.5625;0.5546875;0.1337890625;0.5625;0.5390625;0.1279296875;0.54296875;0.51953125;0.123046875;0.546875;0.515625;0.123046875;0.52734375;0.5078125;0.1220703125;0.361328125;0.115234375;0.03369140625;0.0341796875;0.146484375;0.125;0.03466796875;0.1484375;0.1328125;0.037109375;0.8
87;87;70.2;0.140625;0.421875;0.84375;0.21484375;0.140625;0.8125;0.875;0.21875;0.84375;0.90625;0.22265625;0.7578125;0.828125;0.203125;0.34375;0.796875;0.859375;0.2109375;0.828125;0.8515625;0.205078125;0.828125;0.8515625;0.203125;0.7109375;0.5390625;0.134765625;0.1787109375;0.5546875;0.55859375;0.1357421875;0.55859375;0.546875;0.1318359375;0.546875;0.53125;0.1279296875;0.55078125;0.53125;0.1279296875;0.54296875;0.5234375;0.1259765625;0.353515625;0.107421875;0.0302734375;0.0302734375;0.126953125;0.115234375;0.0302734375;0.12890625;0.119140625;0.0322265625;0.7;0.140625;0.4375;0.84375;0.21484375;0.1484375;0.828125;0.875;0.21875;0.84375;0.90625;0.22265625;0.7578125;0.8359375;0.201171875;0.349609375;0.796875;0.8515625;0.208984375;0.8203125;0.8359375;0.19921875;0.8125;0.84375;0.19921875;0.6953125;0.5546875;0.138671875;0.193359375;0.56640625;0.5625;0.134765625;0.56640625;0.54296875;0.12890625;0.546875;0.5234375;0.125;0.55078125;0.51953125;0.125;0.53515625;0.515625;0.1240234375;0.365234375;0.1171875;0.0341796875;0.03466796875;0.1484375;0.126953125;0.03466796875;0.1484375;0.1328125;0.037109375;0.8
88;88;70.25;0.140625;0.4375;0.84375;0.21484375;0.14453125;0.828125;0.890625;0.21875;0.84375;0.90625;0.22265625;0.7578125;0.828125;0.203125;0.34765625;0.796875;0.859375;0.2109375;0.828125;0.84375;0.201171875;0.828125;0.84375;0.19921875;0.703125;0.53515625;0.130859375;0.177734375;0.54296875;0.53515625;0.1279296875;0.54296875;0.5234375;0.1240234375;0.52734375;0.50390625;0.1201171875;0.52734375;0.50390625;0.12109375;0.515625;0.49609375;0.1181640625;0.337890625;0.1015625;0.029296875;0.029296875;0.125;0.111328125;0.029296875;0.125;0.1171875;0.03173828125;0.7;0.140625;0.4375;0.84375;0.21484375;0.1484375;0.828125;0.875;0.21875;0.84375;0.90625;0.22265625;0.7578125;0.8359375;0.201171875;0.349609375;0.796875;0.8515625;0.208984375;0.8125;0.8359375;0.197265625;0.8125;0.8359375;0.197265625;0.69140625;0.55078125;0.13671875;0.19140625;0.5625;0.5546875;0.1337890625;0.5625;0.5390625;0.1279296875;0.54296875;0.515625;0.123046875;0.546875;0.515625;0.123046875;0.52734375;0.5078125;0.1220703125;0.361328125;0.115234375;0.0341796875;0.0341796875;0.146484375;0.126953125;0.03466796875;0.1484375;0.1328125;0.037109375;0.8
89;89;70.3;0.140625;0.4375;0.84375;0.21484375;0.14453125;0.8125;0.875;0.21875;0.84375;0.90625;0.22265625;0.765625;0.8359375;0.203125;0.34765625;0.8046875;0.859375;0.2109375;0.828125;0.84375;0.201171875;0.8203125;0.84375;0.19921875;0.703125;0.53125;0.130859375;0.1767578125;0.53515625;0.52734375;0.1279296875;0.53515625;0.515625;0.1220703125;0.5234375;0.4921875;0.1162109375;0.5234375;0.48828125;0.1171875;0.5078125;0.48046875;0.1142578125;0.33203125;0.1015625;0.02880859375;0.02880859375;0.125;0.109375;0.029296875;0.126953125;0.115234375;0.03125;0.7;0.140625;0.4375;0.84375;0.21484375;0.1484375;0.828125;0.875;0.21875;0.84375;0.90625;0.22265625;0.7578125;0.8359375;0.201171875;0.349609375;0.796875;0.8515625;0.208984375;0.8203125;0.8359375;0.19921875;0.8125;0.84375;0.19921875;0.6953125;0.55859375;0.138671875;0.193359375;0.5703125;0.56640625;0.1357421875;0.5703125;0.55078125;0.130859375;0.55078125;0.53125;0.126953125;0.5546875;0.52734375;0.126953125;0.54296875;0.52734375;0.1259765625;0.37109375;0.119140625;0.03466796875;0.03515625;0.1484375;0.12890625;0.03515625;0.150390625;0.13671875;0.03759765625;0.8
90;90;70.16;0.140625;0.4375;0.84375;0.21875;0.14453125;0.828125;0.890625;0.21875;0.84375;0.90625;0.22265625;0.765625;0.8359375;0.205078125;0.349609375;0.8046875;0.8671875;0.2109375;0.8359375;0.8515625;0.205078125;0.8359375;0.8515625;0.203125;0.71484375;0.54296875;0.134765625;0.1806640625;0.55078125;0.55078125;0.1318359375;0.5546875;0.53125;0.1259765625;0.53515625;0.51171875;0.12109375;0.5390625;0.5078125;0.1220703125;0.5234375;0.5;0.1201171875;0.341796875;0.103515625;0.029296875;0.02978515625;0.125;0.111328125;0.02978515625;0.126953125;0.1171875;0.03173828125;0.7;0.140625;0.4375;0.84375;0.21484375;0.1484375;0.828125;0.875;0.21875;0.84375;0.90625;0.22265625;0.7578125;0.8359375;0.201171875;0.349609375;0.796875;0.8515625;0.208984375;0.8125;0.8359375;0.197265625;0.8125;0.8359375;0.197265625;0.69140625;0.55078125;0.13671875;0.19140625;0.55859375;0.5546875;0.1337890625;0.55859375;0.53515625;0.126953125;0.5390625;0.515625;0.123046875;0.54296875;0.51171875;0.1220703125;0.5234375;0.50390625;0.1201171875;0.359375;0.11328125;0.03369140625;0.0341796875;0.146484375;0.125;0.0341796875;0.146484375;0.130859375;0.03662109375;0.8
91;91;70.21;0.140625;0.453125;0.859375;0.21875;0.1484375;0.828125;0.890625;0.22265625;0.84375;0.90625;0.22265625;0.7734375;0.84375;0.20703125;0.353515625;0.8203125;0.875;0.21484375;0.84375;0.8671875;0.20703125;0.84375;0.8671875;0.20703125;0.7265625;0.5625;0.1396484375;0.185546875;0.5703125;0.5625;0.1357421875;0.5703125;0.546875;0.130859375;0.55078125;0.53125;0.126953125;0.5546875;0.5234375;0.1259765625;0.54296875;0.515625;0.125;0.35546875;0.107421875;0.0302734375;0.0302734375;0.126953125;0.11328125;0.0302734375;0.12890625;0.119140625;0.0322265625;0.7;0.140625;0.4375;0.84375;0.21484375;0.1484375;0.828125;0.875;0.21875;0.84375;0.90625;0.22265625;0.7578125;0.828125;0.201171875;0.349609375;0.796875;0.8515625;0.208984375;0.8125;0.828125;0.197265625;0.8046875;0.828125;0.197265625;0.6875;0.54296875;0.134765625;0.189453125;0.55078125;0.546875;0.130859375;0.55078125;0.5234375;0.1240234375;0.52734375;0.5;0.119140625;0.53125;0.49609375;0.1181640625;0.51171875;0.484375;0.1162109375;0.34765625;0.109375;0.03271484375;0.033203125;0.142578125;0.119140625;0.033203125;0.14453125;0.125;0.03564453125;0.8
92;92;70.17;0.140625;0.4375;0.84375;0.21875;0.14453125;0.828125;0.890625;0.21875;0.84375;0.90625;0.22265625;0.765625;0.8359375;0.205078125;0.349609375;0.8046875;0.859375;0.2109375;0.828125;0.84375;0.201171875;0.828125;0.8515625;0.201171875;0.70703125;0.53515625;0.1318359375;0.1787109375;0.54296875;0.5390625;0.12890625;0.546875;0.52734375;0.1240234375;0.52734375;0.50390625;0.1201171875;0.52734375;0.49609375;0.119140625;0.51171875;0.48828125;0.1171875;0.3359375;0.1015625;0.029296875;0.02880859375;0.123046875;0.109375;0.029296875;0.125;0.115234375;0.03125;0.7;0.140625;0.4375;0.84375;0.21484375;0.1484375;0.828125;0.875;0.21875;0.84375;0.90625;0.22265625;0.7578125;0.8359375;0.201171875;0.349609375;0.796875;0.8515625;0.208984375;0.8203125;0.8359375;0.19921875;0.8125;0.84375;0.19921875;0.6953125;0.5546875;0.138671875;0.193359375;0.56640625;0.5625;0.1357421875;0.56640625;0.546875;0.1298828125;0.55078125;0.52734375;0.1259765625;0.5546875;0.5234375;0.1259765625;0.5390625;0.51953125;0.125;0.369140625;0.1171875;0.03466796875;0.03466796875;0.1484375;0.12890625;0.03515625;0.150390625;0.13671875;0.03759765625;0.8
93;93;70.22;0.125;0.4375;0.84375;0.21875;0.14453125;0.828125;0.890625;0.21875;0.84375;0.90625;0.22265625;0.765625;0.84375;0.205078125;0.349609375;0.8125;0.8671875;0.2109375;0.8359375;0.8515625;0.203125;0.828125;0.8515625;0.201171875;0.7109375;0.5390625;0.1328125;0.1796875;0.546875;0.5390625;0.12890625;0.546875;0.5234375;0.123046875;0.52734375;0.5;0.1181640625;0.5234375;0.49609375;0.1181640625;0.50390625;0.4765625;0.1123046875;0.333984375;0.099609375;0.02880859375;0.029296875;0.123046875;0.107421875;0.02880859375;0.125;0.11328125;0.03125;0.7;0.140625;0.4375;0.84375;0.21484375;0.1484375;0.828125;0.875;0.21875;0.84375;0.90625;0.22265625;0.7578125;0.828125;0.201171875;0.349609375;0.796875;0.8515625;0.208984375;0.8125;0.828125;0.197265625;0.8046875;0.828125;0.197265625;0.6875;0.54296875;0.1357421875;0.1904296875;0.5546875;0.546875;0.1318359375;0.55078125;0.52734375;0.125;0.53125;0.5078125;0.12109375;0.53515625;0.50390625;0.12109375;0.51953125;0.49609375;0.119140625;0.35546875;0.111328125;0.03369140625;0.03369140625;0.14453125;0.123046875;0.0341796875;0.146484375;0.130859375;0.03662109375;0.8
94;94;70.27;0.140625;0.4375;0.84375;0.21484375;0.14453125;0.828125;0.890625;0.21875;0.84375;0.90625;0.22265625;0.765625;0.8359375;0.205078125;0.349609375;0.8046875;0.8671875;0.212890625;0.8359375;0.8515625;0.203125;0.828125;0.8515625;0.201171875;0.70703125;0.53515625;0.1318359375;0.1787109375;0.54296875;0.53125;0.126953125;0.53515625;0.515625;0.1201171875;0.51953125;0.4921875;0.115234375;0.51953125;0.484375;0.115234375;0.5;0.47265625;0.1123046875;0.330078125;0.09765625;0.0283203125;0.02880859375;0.123046875;0.10546875;0.02880859375;0.123046875;0.111328125;0.03076171875;0.7;0.140625;0.4375;0.84375;0.21484375;0.1484375;0.828125;0.875;0.21875;0.84375;0.90625;0.22265625;0.7578125;0.8359375;0.201171875;0.349609375;0.796875;0.8515625;0.208984375;0.8203125;0.8359375;0.19921875;0.8125;0.8359375;0.19921875;0.69140625;0.5546875;0.1376953125;0.1923828125;0.5625;0.55859375;0.134765625;0.5625;0.54296875;0.1279296875;0.54296875;0.51953125;0.1240234375;0.546875;0.51953125;0.1240234375;0.53125;0.51171875;0.123046875;0.36328125;0.115234375;0.0341796875;0.03466796875;0.146484375;0.126953125;0.03466796875;0.1484375;0.134765625;0.03759765625;0.8
95;95;70.21;0.125;0.421875;0.84375;0.21484375;0.140625;0.8125;0.875;0.21875;0.84375;0.90625;0.22265625;0.7578125;0.8359375;0.205078125;0.34375;0.8046875;0.859375;0.2109375;0.828125;0.8515625;0.203125;0.828125;0.8515625;0.201171875;0.70703125;0.53515625;0.1328125;0.177734375;0.55078125;0.54296875;0.1318359375;0.546875;0.53125;0.125;0.53125;0.51171875;0.12109375;0.5390625;0.5078125;0.12109375;0.51953125;0.5;0.119140625;0.341796875;0.103515625;0.029296875;0.029296875;0.125;0.111328125;0.02978515625;0.126953125;0.1171875;0.03125;0.7;0.140625;0.4375;0.84375;0.21484375;0.1484375;0.828125;0.875;0.21875;0.84375;0.90625;0.22265625;0.7578125;0.8359375;0.201171875;0.349609375;0.796875;0.8515625;0.208984375;0.8203125;0.8359375;0.19921875;0.8125;0.8359375;0.19921875;0.69140625;0.55078125;0.1376953125;0.1923828125;0.5625;0.55859375;0.134765625;0.5625;0.54296875;0.1279296875;0.546875;0.51953125;0.1240234375;0.546875;0.51953125;0.1240234375;0.53125;0.51171875;0.123046875;0.36328125;0.115234375;0.0341796875;0.03466796875;0.146484375;0.126953125;0.03466796875;0.1484375;0.1328125;0.037109375;0.8
96;96;70.31;0.140625;0.4375;0.859375;0.21875;0.14453125;0.828125;0.890625;0.21875;0.84375;0.90625;0.22265625;0.765625;0.8359375;0.205078125;0.34765625;0.8046875;0.859375;0.2109375;0.828125;0.8515625;0.203125;0.828125;0.8515625;0.201171875;0.7109375;0.5390625;0.1328125;0.177734375;0.546875;0.54296875;0.130859375;0.546875;0.53515625;0.126953125;0.53515625;0.51171875;0.1220703125;0.53515625;0.51171875;0.1240234375;0.5234375;0.5;0.1201171875;0.34375;0.10546875;0.02978515625;0.02978515625;0.125;0.111328125;0.02978515625;0.126953125;0.1171875;0.03173828125;0.7;0.140625;0.4375;0.84375;0.21484375;0.1484375;0.828125;0.875;0.21875;0.84375;0.90625;0.22265625;0.7578125;0.8359375;0.201171875;0.349609375;0.796875;0.8515625;0.208984375;0.8203125;0.8359375;0.19921875;0.8203125;0.84375;0.19921875;0.69921875;0.55859375;0.138671875;0.193359375;0.5703125;0.56640625;0.13671875;0.5703125;0.55078125;0.130859375;0.5546875;0.53125;0.126953125;0.55859375;0.52734375;0.126953125;0.54296875;0.52734375;0.1259765625;0.373046875;0.119140625;0.03466796875;0.03515625;0.1484375;0.130859375;0.03564453125;0.150390625;0.13671875;0.03759765625;0.8
97;97;70.35;0.140625;0.421875;0.84375;0.21484375;0.14453125;0.828125;0.890625;0.21875;0.84375;0.90625;0.22265625;0.765625;0.8359375;0.205078125;0.34765625;0.8046875;0.859375;0.2109375;0.828125;0.84375;0.201171875;0.828125;0.8515625;0.19921875;0.703125;0.52734375;0.1298828125;0.177734375;0.5390625;0.53515625;0.1279296875;0.5390625;0.515625;0.12109375;0.5234375;0.5;0.1181640625;0.5234375;0.4921875;0.1181640625;0.5078125;0.48046875;0.115234375;0.33203125;0.099609375;0.02880859375;0.02880859375;0.123046875;0.107421875;0.02880859375;0.125;0.11328125;0.03076171875;0.7;0.140625;0.4375;0.84375;0.21484375;0.1484375;0.828125;0.875;0.21875;0.84375;0.90625;0.22265625;0.7578125;0.8359375;0.201171875;0.349609375;0.796875;0.8515625;0.208984375;0.8203125;0.8359375;0.19921875;0.8125;0.8359375;0.19921875;0.6953125;0.5546875;0.138671875;0.193359375;0.56640625;0.5625;0.1357421875;0.56640625;0.546875;0.1298828125;0.55078125;0.52734375;0.1259765625;0.5546875;0.5234375;0.1259765625;0.5390625;0.5234375;0.125;0.369140625;0.119140625;0.03466796875;0.03515625;0.1484375;0.12890625;0.03515625;0.150390625;0.13671875;0.03759765625;0.8
98;98;70.26;0.140625;0.4375;0.84375;0.21875;0.14453125;0.828125;0.890625;0.21875;0.84375;0.90625;0.22265625;0.765625;0.8359375;0.205078125;0.349609375;0.8046875;0.859375;0.2109375;0.828125;0.84375;0.19921875;0.8203125;0.84375;0.19921875;0.703125;0.52734375;0.12890625;0.17578125;0.53125;0.5234375;0.125;0.53125;0.5078125;0.119140625;0.515625;0.48828125;0.115234375;0.51171875;0.48046875;0.115234375;0.49609375;0.46875;0.1123046875;0.326171875;0.09765625;0.0283203125;0.0283203125;0.123046875;0.10546875;0.02880859375;0.125;0.115234375;0.03125;0.7;0.140625;0.4375;0.84375;0.21484375;0.1484375;0.828125;0.875;0.21875;0.84375;0.90625;0.22265625;0.7578125;0.8359375;0.201171875;0.349609375;0.796875;0.8515625;0.208984375;0.8125;0.8359375;0.197265625;0.8125;0.8359375;0.197265625;0.69140625;0.55078125;0.13671875;0.19140625;0.5625;0.5546875;0.1337890625;0.5625;0.5390625;0.1279296875;0.54296875;0.51953125;0.1240234375;0.546875;0.515625;0.123046875;0.53125;0.5078125;0.1220703125;0.36328125;0.115234375;0.0341796875;0.03466796875;0.146484375;0.126953125;0.03466796875;0.1484375;0.134765625;0.037109375;0.8
99;99;70.22;0.140625;0.4375;0.84375;0.21875;0.14453125;0.828125;0.890625;0.21875;0.84375;0.90625;0.22265625;0.765625;0.8359375;0.205078125;0.349609375;0.8046875;0.8671875;0.212890625;0.828125;0.8515625;0.203125;0.828125;0.8515625;0.201171875;0.70703125;0.53515625;0.130859375;0.1787109375;0.5390625;0.53515625;0.1279296875;0.54296875;0.515625;0.1220703125;0.5234375;0.49609375;0.1181640625;0.5234375;0.4921875;0.1181640625;0.5078125;0.484375;0.1162109375;0.333984375;0.1015625;0.02880859375;0.02880859375;0.123046875;0.109375;0.029296875;0.125;0.115234375;0.03125;0.7;0.140625;0.4375;0.84375;0.21484375;0.1484375;0.828125;0.875;0.21875;0.84375;0.90625;0.22265625;0.7578125;0.828125;0.201171875;0.349609375;0.796875;0.8515625;0.208984375;0.8125;0.8359375;0.197265625;0.8125;0.8359375;0.197265625;0.69140625;0.55078125;0.13671875;0.19140625;0.5625;0.5546875;0.1337890625;0.55859375;0.53515625;0.126953125;0.5390625;0.515625;0.123046875;0.54296875;0.51171875;0.123046875;0.52734375;0.5078125;0.12109375;0.361328125;0.115234375;0.03369140625;0.0341796875;0.146484375;0.125;0.03466796875;0.1484375;0.1328125;0.037109375;0.8
