;Epoch;test_accuracy;train-saturation_conv1;train-saturation_layer1-0-conv1;train-saturation_layer1-0-conv2;train-saturation_layer1-0-conv3;train-saturation_layer1-0-shortcut-0;train-saturation_layer1-1-conv1;train-saturation_layer1-1-conv2;train-saturation_layer1-1-conv3;train-saturation_layer1-2-conv1;train-saturation_layer1-2-conv2;train-saturation_layer1-2-conv3;train-saturation_layer2-0-conv1;train-saturation_layer2-0-conv2;train-saturation_layer2-0-conv3;train-saturation_layer2-0-shortcut-0;train-saturation_layer2-1-conv1;train-saturation_layer2-1-conv2;train-saturation_layer2-1-conv3;train-saturation_layer2-2-conv1;train-saturation_layer2-2-conv2;train-saturation_layer2-2-conv3;train-saturation_layer2-3-conv1;train-saturation_layer2-3-conv2;train-saturation_layer2-3-conv3;train-saturation_layer3-0-conv1;train-saturation_layer3-0-conv2;train-saturation_layer3-0-conv3;train-saturation_layer3-0-shortcut-0;train-saturation_layer3-1-conv1;train-saturation_layer3-1-conv2;train-saturation_layer3-1-conv3;train-saturation_layer3-2-conv1;train-saturation_layer3-2-conv2;train-saturation_layer3-2-conv3;train-saturation_layer3-3-conv1;train-saturation_layer3-3-conv2;train-saturation_layer3-3-conv3;train-saturation_layer3-4-conv1;train-saturation_layer3-4-conv2;train-saturation_layer3-4-conv3;train-saturation_layer3-5-conv1;train-saturation_layer3-5-conv2;train-saturation_layer3-5-conv3;train-saturation_layer4-0-conv1;train-saturation_layer4-0-conv2;train-saturation_layer4-0-conv3;train-saturation_layer4-0-shortcut-0;train-saturation_layer4-1-conv1;train-saturation_layer4-1-conv2;train-saturation_layer4-1-conv3;train-saturation_layer4-2-conv1;train-saturation_layer4-2-conv2;train-saturation_layer4-2-conv3;train-saturation_linear;eval-saturation_conv1;eval-saturation_layer1-0-conv1;eval-saturation_layer1-0-conv2;eval-saturation_layer1-0-conv3;eval-saturation_layer1-0-shortcut-0;eval-saturation_layer1-1-conv1;eval-saturation_layer1-1-conv2;eval-saturation_layer1-1-conv3;eval-saturation_layer1-2-conv1;eval-saturation_layer1-2-conv2;eval-saturation_layer1-2-conv3;eval-saturation_layer2-0-conv1;eval-saturation_layer2-0-conv2;eval-saturation_layer2-0-conv3;eval-saturation_layer2-0-shortcut-0;eval-saturation_layer2-1-conv1;eval-saturation_layer2-1-conv2;eval-saturation_layer2-1-conv3;eval-saturation_layer2-2-conv1;eval-saturation_layer2-2-conv2;eval-saturation_layer2-2-conv3;eval-saturation_layer2-3-conv1;eval-saturation_layer2-3-conv2;eval-saturation_layer2-3-conv3;eval-saturation_layer3-0-conv1;eval-saturation_layer3-0-conv2;eval-saturation_layer3-0-conv3;eval-saturation_layer3-0-shortcut-0;eval-saturation_layer3-1-conv1;eval-saturation_layer3-1-conv2;eval-saturation_layer3-1-conv3;eval-saturation_layer3-2-conv1;eval-saturation_layer3-2-conv2;eval-saturation_layer3-2-conv3;eval-saturation_layer3-3-conv1;eval-saturation_layer3-3-conv2;eval-saturation_layer3-3-conv3;eval-saturation_layer3-4-conv1;eval-saturation_layer3-4-conv2;eval-saturation_layer3-4-conv3;eval-saturation_layer3-5-conv1;eval-saturation_layer3-5-conv2;eval-saturation_layer3-5-conv3;eval-saturation_layer4-0-conv1;eval-saturation_layer4-0-conv2;eval-saturation_layer4-0-conv3;eval-saturation_layer4-0-shortcut-0;eval-saturation_layer4-1-conv1;eval-saturation_layer4-1-conv2;eval-saturation_layer4-1-conv3;eval-saturation_layer4-2-conv1;eval-saturation_layer4-2-conv2;eval-saturation_layer4-2-conv3;eval-saturation_linear
0;0;41.2;0.125;0.328125;0.546875;0.16796875;0.1171875;0.6875;0.6875;0.1796875;0.71875;0.71875;0.1875;0.6484375;0.7109375;0.18359375;0.302734375;0.7421875;0.8125;0.208984375;0.796875;0.859375;0.2109375;0.828125;0.8828125;0.21484375;0.75;0.8671875;0.212890625;0.3388671875;0.83984375;0.90625;0.220703125;0.8671875;0.921875;0.2255859375;0.8828125;0.9296875;0.2275390625;0.89453125;0.9375;0.2294921875;0.90625;0.9453125;0.23046875;0.822265625;0.849609375;0.208984375;0.30859375;0.830078125;0.875;0.21533203125;0.84375;0.884765625;0.21826171875;0.5;0.125;0.3125;0.5;0.15625;0.11328125;0.65625;0.65625;0.171875;0.703125;0.71875;0.1875;0.640625;0.6953125;0.1796875;0.296875;0.7265625;0.8046875;0.205078125;0.7890625;0.8515625;0.208984375;0.8203125;0.875;0.212890625;0.73828125;0.86328125;0.2119140625;0.3408203125;0.8359375;0.90234375;0.2197265625;0.86328125;0.921875;0.224609375;0.8828125;0.92578125;0.2265625;0.890625;0.9375;0.2294921875;0.90234375;0.9453125;0.23046875;0.818359375;0.865234375;0.212890625;0.326171875;0.845703125;0.890625;0.21923828125;0.859375;0.900390625;0.2216796875;0.5
1;1;48.59;0.125;0.359375;0.609375;0.17578125;0.12109375;0.71875;0.703125;0.1875;0.75;0.75;0.1953125;0.671875;0.75;0.19140625;0.314453125;0.765625;0.8359375;0.212890625;0.8125;0.8671875;0.212890625;0.8359375;0.8828125;0.21484375;0.75390625;0.8515625;0.2080078125;0.3466796875;0.828125;0.89453125;0.2197265625;0.859375;0.9140625;0.224609375;0.875;0.921875;0.2255859375;0.88671875;0.9296875;0.228515625;0.8984375;0.9375;0.2294921875;0.814453125;0.83984375;0.20703125;0.3076171875;0.822265625;0.861328125;0.21240234375;0.837890625;0.876953125;0.21630859375;0.6;0.125;0.34375;0.546875;0.1640625;0.12109375;0.6875;0.65625;0.1796875;0.734375;0.75;0.1953125;0.6640625;0.71875;0.185546875;0.310546875;0.7421875;0.8203125;0.208984375;0.8046875;0.8515625;0.208984375;0.828125;0.875;0.212890625;0.73828125;0.8359375;0.205078125;0.3447265625;0.8203125;0.8828125;0.216796875;0.8515625;0.91015625;0.22265625;0.87109375;0.9140625;0.224609375;0.87890625;0.9296875;0.2275390625;0.89453125;0.9375;0.2294921875;0.810546875;0.85546875;0.2099609375;0.32421875;0.8359375;0.876953125;0.2158203125;0.8515625;0.89453125;0.2197265625;0.5
2;2;59.94;0.125;0.359375;0.625;0.1796875;0.125;0.734375;0.75;0.19140625;0.765625;0.78125;0.19921875;0.6953125;0.7734375;0.197265625;0.32421875;0.78125;0.8515625;0.21484375;0.828125;0.875;0.21484375;0.84375;0.890625;0.21875;0.76171875;0.85546875;0.2099609375;0.3544921875;0.83203125;0.89453125;0.220703125;0.859375;0.91015625;0.224609375;0.87890625;0.921875;0.2265625;0.88671875;0.9296875;0.228515625;0.8984375;0.9375;0.23046875;0.814453125;0.837890625;0.2060546875;0.30908203125;0.81640625;0.857421875;0.21142578125;0.833984375;0.875;0.21484375;0.6;0.125;0.359375;0.59375;0.171875;0.125;0.703125;0.703125;0.18359375;0.765625;0.765625;0.203125;0.6953125;0.765625;0.1953125;0.32421875;0.7734375;0.84375;0.21484375;0.8203125;0.859375;0.212890625;0.84375;0.8828125;0.216796875;0.75390625;0.84765625;0.208984375;0.35546875;0.82421875;0.88671875;0.21875;0.85546875;0.90625;0.2236328125;0.87109375;0.9140625;0.224609375;0.8828125;0.92578125;0.2265625;0.890625;0.93359375;0.228515625;0.810546875;0.849609375;0.20849609375;0.32470703125;0.828125;0.87109375;0.21435546875;0.845703125;0.888671875;0.21826171875;0.6
3;3;65.39;0.125;0.375;0.65625;0.1875;0.125;0.75;0.75;0.1953125;0.78125;0.796875;0.203125;0.703125;0.7890625;0.201171875;0.33203125;0.7890625;0.8515625;0.216796875;0.828125;0.875;0.216796875;0.84375;0.8828125;0.216796875;0.76171875;0.8515625;0.2099609375;0.35546875;0.828125;0.890625;0.220703125;0.859375;0.91015625;0.224609375;0.875;0.91796875;0.2265625;0.88671875;0.9296875;0.228515625;0.89453125;0.9375;0.2294921875;0.8125;0.828125;0.2041015625;0.30859375;0.810546875;0.8515625;0.2099609375;0.828125;0.8671875;0.212890625;0.7;0.125;0.359375;0.609375;0.1796875;0.125;0.734375;0.734375;0.19140625;0.78125;0.796875;0.203125;0.7109375;0.78125;0.197265625;0.33203125;0.78125;0.8515625;0.21484375;0.8203125;0.8671875;0.212890625;0.84375;0.8828125;0.21484375;0.75390625;0.84375;0.2080078125;0.3564453125;0.82421875;0.88671875;0.21875;0.85546875;0.90625;0.2236328125;0.87109375;0.91796875;0.2255859375;0.8828125;0.92578125;0.2275390625;0.890625;0.93359375;0.228515625;0.80859375;0.84375;0.20751953125;0.32568359375;0.826171875;0.865234375;0.212890625;0.841796875;0.8828125;0.216796875;0.7
4;4;63.78;0.109375;0.359375;0.65625;0.1875;0.12109375;0.75;0.765625;0.19921875;0.78125;0.78125;0.203125;0.703125;0.7890625;0.201171875;0.33203125;0.7890625;0.859375;0.216796875;0.828125;0.875;0.216796875;0.84375;0.8828125;0.216796875;0.765625;0.85546875;0.2109375;0.357421875;0.828125;0.890625;0.220703125;0.859375;0.91015625;0.224609375;0.875;0.91796875;0.2265625;0.88671875;0.9296875;0.2275390625;0.89453125;0.93359375;0.2294921875;0.810546875;0.822265625;0.20263671875;0.30859375;0.8046875;0.84375;0.20849609375;0.822265625;0.861328125;0.2119140625;0.7;0.125;0.375;0.640625;0.18359375;0.12890625;0.75;0.765625;0.1953125;0.796875;0.796875;0.20703125;0.71875;0.8046875;0.201171875;0.33984375;0.796875;0.8671875;0.216796875;0.828125;0.875;0.21484375;0.8515625;0.890625;0.21484375;0.76953125;0.85546875;0.2099609375;0.36328125;0.828125;0.890625;0.2197265625;0.859375;0.91015625;0.224609375;0.875;0.91796875;0.2255859375;0.88671875;0.92578125;0.2275390625;0.890625;0.93359375;0.228515625;0.80859375;0.83984375;0.2060546875;0.32666015625;0.818359375;0.85546875;0.2109375;0.833984375;0.873046875;0.21435546875;0.7
5;5;69.39;0.125;0.359375;0.671875;0.1875;0.125;0.765625;0.78125;0.19921875;0.78125;0.796875;0.203125;0.7109375;0.7890625;0.203125;0.3359375;0.796875;0.859375;0.21875;0.8359375;0.8828125;0.21875;0.8515625;0.890625;0.21875;0.76953125;0.85546875;0.2119140625;0.361328125;0.828125;0.890625;0.2216796875;0.859375;0.90625;0.224609375;0.875;0.91796875;0.2265625;0.88671875;0.92578125;0.2275390625;0.89453125;0.9296875;0.228515625;0.80859375;0.81640625;0.201171875;0.3095703125;0.80078125;0.8359375;0.20654296875;0.818359375;0.857421875;0.2109375;0.7;0.125;0.375;0.640625;0.18359375;0.12890625;0.765625;0.765625;0.1953125;0.78125;0.78125;0.203125;0.7109375;0.7734375;0.197265625;0.3359375;0.78125;0.8515625;0.21484375;0.8203125;0.859375;0.21484375;0.8359375;0.875;0.212890625;0.75390625;0.83984375;0.2080078125;0.357421875;0.8203125;0.87890625;0.2197265625;0.8515625;0.90234375;0.2236328125;0.8671875;0.9140625;0.2255859375;0.8828125;0.921875;0.2265625;0.890625;0.9296875;0.2275390625;0.806640625;0.83203125;0.20458984375;0.3251953125;0.81640625;0.853515625;0.21044921875;0.833984375;0.873046875;0.21435546875;0.7
6;6;72.5;0.125;0.375;0.671875;0.1875;0.12890625;0.765625;0.765625;0.19921875;0.78125;0.78125;0.203125;0.703125;0.78125;0.201171875;0.333984375;0.7890625;0.859375;0.216796875;0.828125;0.8671875;0.216796875;0.84375;0.8828125;0.216796875;0.76171875;0.84375;0.2099609375;0.3583984375;0.81640625;0.87890625;0.2197265625;0.85546875;0.90234375;0.224609375;0.87109375;0.9140625;0.2255859375;0.8828125;0.921875;0.2275390625;0.890625;0.9296875;0.228515625;0.806640625;0.810546875;0.19921875;0.30615234375;0.794921875;0.83203125;0.205078125;0.814453125;0.853515625;0.2099609375;0.7;0.125;0.375;0.640625;0.18359375;0.1328125;0.765625;0.75;0.19140625;0.78125;0.78125;0.19921875;0.703125;0.765625;0.197265625;0.333984375;0.765625;0.84375;0.21484375;0.8125;0.8515625;0.212890625;0.8359375;0.8671875;0.212890625;0.74609375;0.82421875;0.205078125;0.35546875;0.80859375;0.8671875;0.2177734375;0.84375;0.8984375;0.22265625;0.86328125;0.90625;0.2236328125;0.87890625;0.91796875;0.2265625;0.88671875;0.92578125;0.2275390625;0.802734375;0.828125;0.20458984375;0.32373046875;0.814453125;0.8515625;0.2099609375;0.833984375;0.873046875;0.21435546875;0.7
7;7;71.91;0.125;0.375;0.671875;0.1875;0.12890625;0.75;0.75;0.1953125;0.78125;0.78125;0.19921875;0.703125;0.7734375;0.201171875;0.330078125;0.78125;0.8515625;0.21484375;0.828125;0.8671875;0.21484375;0.84375;0.875;0.21484375;0.7578125;0.8359375;0.2080078125;0.35546875;0.8125;0.87890625;0.2197265625;0.8515625;0.8984375;0.2236328125;0.8671875;0.90625;0.224609375;0.87890625;0.91796875;0.2265625;0.88671875;0.92578125;0.2275390625;0.80078125;0.802734375;0.19775390625;0.30419921875;0.791015625;0.828125;0.205078125;0.810546875;0.849609375;0.20849609375;0.7;0.125;0.390625;0.65625;0.1875;0.1328125;0.765625;0.75;0.1953125;0.796875;0.796875;0.20703125;0.71875;0.7890625;0.201171875;0.33984375;0.78125;0.8515625;0.21484375;0.8203125;0.859375;0.21484375;0.84375;0.875;0.21484375;0.75390625;0.8359375;0.208984375;0.3603515625;0.81640625;0.87890625;0.2197265625;0.8515625;0.90234375;0.2236328125;0.8671875;0.90625;0.224609375;0.87890625;0.921875;0.2265625;0.88671875;0.92578125;0.2275390625;0.802734375;0.82421875;0.203125;0.3251953125;0.810546875;0.845703125;0.208984375;0.828125;0.86328125;0.2119140625;0.7
8;8;75.54;0.125;0.375;0.6875;0.19140625;0.12890625;0.765625;0.765625;0.19921875;0.78125;0.796875;0.203125;0.7109375;0.7734375;0.19921875;0.3359375;0.7890625;0.859375;0.216796875;0.8359375;0.875;0.216796875;0.84375;0.875;0.21484375;0.765625;0.84375;0.2099609375;0.357421875;0.81640625;0.87890625;0.2197265625;0.8515625;0.90234375;0.2236328125;0.8671875;0.91015625;0.2255859375;0.87890625;0.921875;0.2275390625;0.890625;0.92578125;0.228515625;0.8046875;0.8046875;0.19873046875;0.306640625;0.79296875;0.828125;0.205078125;0.8125;0.84765625;0.20849609375;0.7;0.140625;0.375;0.65625;0.1875;0.1328125;0.765625;0.75;0.19140625;0.78125;0.78125;0.203125;0.703125;0.75;0.193359375;0.333984375;0.765625;0.8359375;0.21484375;0.8125;0.8515625;0.212890625;0.828125;0.859375;0.208984375;0.74609375;0.82421875;0.2060546875;0.3544921875;0.8046875;0.8671875;0.2177734375;0.84375;0.89453125;0.22265625;0.86328125;0.90625;0.224609375;0.875;0.91796875;0.2265625;0.88671875;0.92578125;0.2275390625;0.798828125;0.8203125;0.2021484375;0.32373046875;0.806640625;0.83984375;0.20751953125;0.82421875;0.859375;0.2109375;0.7
9;9;75.37;0.125;0.375;0.6875;0.19140625;0.12890625;0.765625;0.765625;0.19921875;0.796875;0.796875;0.203125;0.71875;0.7890625;0.203125;0.337890625;0.7890625;0.859375;0.21875;0.8359375;0.875;0.216796875;0.84375;0.8828125;0.216796875;0.765625;0.83984375;0.208984375;0.359375;0.8125;0.875;0.2197265625;0.8515625;0.8984375;0.2236328125;0.87109375;0.91015625;0.2255859375;0.8828125;0.921875;0.2265625;0.890625;0.92578125;0.228515625;0.802734375;0.798828125;0.197265625;0.3056640625;0.787109375;0.822265625;0.20361328125;0.806640625;0.84375;0.20751953125;0.7;0.140625;0.390625;0.65625;0.1875;0.1328125;0.765625;0.765625;0.1953125;0.796875;0.796875;0.203125;0.71875;0.7734375;0.197265625;0.341796875;0.78125;0.8515625;0.216796875;0.828125;0.8671875;0.21484375;0.84375;0.875;0.21484375;0.7578125;0.8359375;0.2080078125;0.361328125;0.8125;0.87109375;0.21875;0.84765625;0.8984375;0.2236328125;0.8671875;0.90625;0.224609375;0.87890625;0.921875;0.2265625;0.88671875;0.92578125;0.2275390625;0.802734375;0.822265625;0.203125;0.32568359375;0.80859375;0.841796875;0.208984375;0.826171875;0.86328125;0.21142578125;0.7
10;10;77.15;0.125;0.390625;0.703125;0.1953125;0.12890625;0.765625;0.78125;0.19921875;0.796875;0.796875;0.203125;0.71875;0.796875;0.205078125;0.337890625;0.796875;0.859375;0.21875;0.8359375;0.8828125;0.21875;0.8515625;0.8828125;0.216796875;0.76953125;0.84765625;0.2119140625;0.361328125;0.81640625;0.875;0.220703125;0.85546875;0.90234375;0.224609375;0.87109375;0.9140625;0.2255859375;0.8828125;0.921875;0.2275390625;0.890625;0.9296875;0.228515625;0.806640625;0.80078125;0.19775390625;0.30712890625;0.787109375;0.822265625;0.20361328125;0.806640625;0.84375;0.20751953125;0.7;0.140625;0.390625;0.6875;0.19140625;0.13671875;0.78125;0.765625;0.1953125;0.796875;0.796875;0.203125;0.7265625;0.796875;0.203125;0.345703125;0.7890625;0.859375;0.216796875;0.828125;0.875;0.216796875;0.84375;0.875;0.21484375;0.76171875;0.83984375;0.2099609375;0.36328125;0.8125;0.87109375;0.2197265625;0.8515625;0.8984375;0.2236328125;0.8671875;0.91015625;0.2255859375;0.8828125;0.921875;0.2275390625;0.890625;0.9296875;0.2275390625;0.806640625;0.82421875;0.203125;0.32763671875;0.80859375;0.841796875;0.20849609375;0.826171875;0.859375;0.21142578125;0.8
11;11;79.35;0.140625;0.375;0.703125;0.19140625;0.12890625;0.765625;0.765625;0.1953125;0.78125;0.78125;0.19921875;0.703125;0.7734375;0.201171875;0.3359375;0.78125;0.84375;0.216796875;0.828125;0.8671875;0.21484375;0.8359375;0.8671875;0.212890625;0.7578125;0.83203125;0.2099609375;0.35546875;0.80859375;0.8671875;0.2197265625;0.84765625;0.8984375;0.2236328125;0.8671875;0.91015625;0.2255859375;0.87890625;0.91796875;0.2265625;0.88671875;0.92578125;0.2275390625;0.802734375;0.798828125;0.19677734375;0.306640625;0.787109375;0.8203125;0.203125;0.806640625;0.841796875;0.20654296875;0.7;0.140625;0.390625;0.671875;0.1875;0.1328125;0.765625;0.75;0.1953125;0.796875;0.78125;0.203125;0.7109375;0.7578125;0.1953125;0.337890625;0.765625;0.828125;0.21484375;0.8125;0.8515625;0.2109375;0.828125;0.8515625;0.2109375;0.74609375;0.8203125;0.20703125;0.3544921875;0.80078125;0.859375;0.2177734375;0.84375;0.89453125;0.22265625;0.86328125;0.90625;0.224609375;0.87890625;0.91796875;0.2265625;0.88671875;0.921875;0.2265625;0.80078125;0.81640625;0.20166015625;0.32373046875;0.802734375;0.837890625;0.2080078125;0.822265625;0.861328125;0.2109375;0.7
12;12;78.85;0.125;0.375;0.703125;0.19140625;0.12890625;0.765625;0.78125;0.19921875;0.796875;0.796875;0.203125;0.703125;0.78125;0.201171875;0.3359375;0.7890625;0.8515625;0.216796875;0.828125;0.8671875;0.216796875;0.84375;0.875;0.216796875;0.76171875;0.8359375;0.2099609375;0.3583984375;0.8125;0.87109375;0.2197265625;0.8515625;0.8984375;0.2236328125;0.8671875;0.90625;0.2255859375;0.87890625;0.91796875;0.2265625;0.88671875;0.92578125;0.2275390625;0.80078125;0.796875;0.19677734375;0.3056640625;0.783203125;0.81640625;0.20263671875;0.802734375;0.841796875;0.20654296875;0.8;0.140625;0.390625;0.671875;0.18359375;0.13671875;0.765625;0.75;0.1953125;0.796875;0.78125;0.19921875;0.703125;0.75;0.193359375;0.333984375;0.7578125;0.8203125;0.21484375;0.8046875;0.8359375;0.208984375;0.8203125;0.84375;0.208984375;0.7421875;0.80859375;0.205078125;0.3515625;0.796875;0.859375;0.2177734375;0.83984375;0.890625;0.22265625;0.859375;0.90234375;0.2236328125;0.875;0.9140625;0.2255859375;0.8828125;0.921875;0.2275390625;0.796875;0.8125;0.20166015625;0.3232421875;0.80078125;0.837890625;0.2080078125;0.822265625;0.859375;0.21142578125;0.8
13;13;80.35;0.140625;0.390625;0.703125;0.19140625;0.1328125;0.78125;0.765625;0.19921875;0.796875;0.796875;0.203125;0.7109375;0.78125;0.201171875;0.337890625;0.78125;0.8515625;0.21875;0.8359375;0.875;0.21875;0.84375;0.875;0.216796875;0.765625;0.83984375;0.2119140625;0.361328125;0.81640625;0.875;0.2216796875;0.85546875;0.90234375;0.2255859375;0.87109375;0.91015625;0.2255859375;0.8828125;0.91796875;0.2275390625;0.890625;0.92578125;0.2275390625;0.8046875;0.796875;0.1962890625;0.30810546875;0.783203125;0.8125;0.20166015625;0.80078125;0.8359375;0.205078125;0.7;0.140625;0.390625;0.671875;0.1875;0.13671875;0.78125;0.765625;0.1953125;0.796875;0.78125;0.203125;0.7109375;0.765625;0.197265625;0.33984375;0.765625;0.8359375;0.21484375;0.8203125;0.859375;0.21484375;0.8359375;0.859375;0.212890625;0.75390625;0.82421875;0.208984375;0.359375;0.80859375;0.8671875;0.2197265625;0.8515625;0.8984375;0.224609375;0.8671875;0.91015625;0.2255859375;0.8828125;0.91796875;0.2265625;0.890625;0.92578125;0.2275390625;0.8046875;0.818359375;0.2021484375;0.3271484375;0.802734375;0.8359375;0.20751953125;0.822265625;0.857421875;0.21044921875;0.7
14;14;81.18;0.140625;0.390625;0.703125;0.19140625;0.12890625;0.78125;0.78125;0.19921875;0.796875;0.796875;0.203125;0.7109375;0.78125;0.203125;0.337890625;0.7890625;0.8515625;0.216796875;0.8359375;0.875;0.216796875;0.84375;0.875;0.216796875;0.765625;0.83203125;0.2099609375;0.3603515625;0.80859375;0.8671875;0.2197265625;0.8515625;0.8984375;0.224609375;0.8671875;0.91015625;0.2255859375;0.8828125;0.91796875;0.2265625;0.88671875;0.921875;0.2275390625;0.802734375;0.796875;0.19677734375;0.30712890625;0.78125;0.814453125;0.20263671875;0.802734375;0.837890625;0.20654296875;0.7;0.140625;0.40625;0.6875;0.19140625;0.13671875;0.78125;0.78125;0.19921875;0.796875;0.796875;0.20703125;0.7265625;0.78125;0.19921875;0.345703125;0.78125;0.8515625;0.216796875;0.828125;0.875;0.216796875;0.84375;0.875;0.21484375;0.76171875;0.83203125;0.2099609375;0.36328125;0.80859375;0.86328125;0.2197265625;0.84765625;0.8984375;0.2236328125;0.8671875;0.90625;0.224609375;0.87890625;0.91796875;0.2265625;0.88671875;0.921875;0.2275390625;0.802734375;0.81640625;0.2021484375;0.3271484375;0.80078125;0.833984375;0.20751953125;0.822265625;0.857421875;0.2109375;0.8
15;15;82.38;0.140625;0.390625;0.703125;0.1953125;0.1328125;0.78125;0.78125;0.19921875;0.796875;0.796875;0.203125;0.71875;0.78125;0.203125;0.33984375;0.7890625;0.8515625;0.21875;0.8359375;0.8671875;0.216796875;0.84375;0.875;0.216796875;0.76171875;0.83203125;0.2099609375;0.3583984375;0.80859375;0.8671875;0.2197265625;0.84765625;0.89453125;0.2236328125;0.8671875;0.90625;0.2255859375;0.87890625;0.91796875;0.2265625;0.88671875;0.921875;0.2275390625;0.80078125;0.791015625;0.1953125;0.30615234375;0.77734375;0.8125;0.2021484375;0.80078125;0.8359375;0.20556640625;0.8;0.140625;0.40625;0.6875;0.19140625;0.13671875;0.78125;0.78125;0.19921875;0.796875;0.8125;0.20703125;0.71875;0.7890625;0.201171875;0.345703125;0.78125;0.8515625;0.216796875;0.828125;0.875;0.216796875;0.84375;0.875;0.216796875;0.76171875;0.828125;0.2099609375;0.36328125;0.80859375;0.86328125;0.2197265625;0.84765625;0.89453125;0.2236328125;0.8671875;0.90625;0.2255859375;0.87890625;0.91796875;0.2265625;0.88671875;0.921875;0.2275390625;0.8046875;0.81640625;0.2021484375;0.32763671875;0.802734375;0.8359375;0.2080078125;0.82421875;0.85546875;0.21044921875;0.8
16;16;83.15;0.140625;0.375;0.6875;0.19140625;0.1328125;0.765625;0.765625;0.19921875;0.796875;0.78125;0.203125;0.7109375;0.78125;0.203125;0.337890625;0.78125;0.8515625;0.21875;0.8359375;0.875;0.21875;0.84375;0.875;0.216796875;0.765625;0.83203125;0.2099609375;0.3603515625;0.80859375;0.8671875;0.220703125;0.8515625;0.89453125;0.224609375;0.8671875;0.91015625;0.2265625;0.87890625;0.91796875;0.2275390625;0.88671875;0.92578125;0.2275390625;0.8046875;0.798828125;0.19775390625;0.30908203125;0.78515625;0.81640625;0.203125;0.802734375;0.837890625;0.20556640625;0.8;0.140625;0.390625;0.671875;0.1875;0.13671875;0.78125;0.765625;0.1953125;0.796875;0.796875;0.20703125;0.71875;0.78125;0.201171875;0.34375;0.7734375;0.84375;0.216796875;0.828125;0.875;0.21875;0.84375;0.875;0.21484375;0.76171875;0.82421875;0.208984375;0.36328125;0.8046875;0.86328125;0.2197265625;0.84765625;0.89453125;0.2236328125;0.8671875;0.90625;0.2255859375;0.87890625;0.91796875;0.2265625;0.88671875;0.921875;0.2275390625;0.8046875;0.81640625;0.20263671875;0.32763671875;0.80078125;0.83203125;0.20703125;0.8203125;0.853515625;0.2099609375;0.8
17;17;83.27;0.140625;0.390625;0.703125;0.1953125;0.1328125;0.765625;0.765625;0.1953125;0.78125;0.78125;0.203125;0.7109375;0.7734375;0.201171875;0.3359375;0.7734375;0.8515625;0.216796875;0.828125;0.8671875;0.216796875;0.84375;0.8671875;0.21484375;0.76171875;0.828125;0.2099609375;0.357421875;0.8046875;0.8671875;0.2197265625;0.84765625;0.89453125;0.224609375;0.8671875;0.90625;0.2255859375;0.87890625;0.91796875;0.2265625;0.88671875;0.921875;0.2275390625;0.802734375;0.791015625;0.19580078125;0.30712890625;0.779296875;0.80859375;0.20166015625;0.796875;0.830078125;0.20361328125;0.8;0.140625;0.40625;0.6875;0.19140625;0.13671875;0.765625;0.75;0.1953125;0.796875;0.796875;0.20703125;0.71875;0.7734375;0.197265625;0.341796875;0.765625;0.8359375;0.216796875;0.8203125;0.859375;0.216796875;0.8359375;0.859375;0.212890625;0.75390625;0.8203125;0.208984375;0.359375;0.8046875;0.859375;0.2197265625;0.84765625;0.890625;0.2236328125;0.8671875;0.90625;0.2255859375;0.87890625;0.91796875;0.2265625;0.88671875;0.921875;0.2275390625;0.8046875;0.81640625;0.2021484375;0.32763671875;0.802734375;0.830078125;0.20703125;0.8203125;0.8515625;0.208984375;0.8
18;18;83.01;0.140625;0.390625;0.703125;0.1953125;0.13671875;0.78125;0.765625;0.19921875;0.796875;0.78125;0.203125;0.7109375;0.7734375;0.203125;0.337890625;0.78125;0.84375;0.216796875;0.828125;0.8671875;0.21875;0.84375;0.875;0.216796875;0.765625;0.828125;0.2099609375;0.3583984375;0.8046875;0.86328125;0.2197265625;0.84765625;0.89453125;0.2236328125;0.8671875;0.90625;0.2255859375;0.8828125;0.91796875;0.2265625;0.890625;0.921875;0.2275390625;0.802734375;0.791015625;0.1962890625;0.306640625;0.779296875;0.810546875;0.2021484375;0.796875;0.83203125;0.2041015625;0.7;0.140625;0.40625;0.671875;0.1875;0.13671875;0.78125;0.765625;0.19921875;0.796875;0.796875;0.20703125;0.71875;0.78125;0.201171875;0.34375;0.7734375;0.8359375;0.216796875;0.8203125;0.8671875;0.216796875;0.8359375;0.875;0.21484375;0.7578125;0.82421875;0.208984375;0.361328125;0.8046875;0.859375;0.2197265625;0.84765625;0.89453125;0.2236328125;0.8671875;0.90625;0.2255859375;0.8828125;0.91796875;0.2265625;0.88671875;0.921875;0.2275390625;0.8046875;0.814453125;0.201171875;0.32763671875;0.798828125;0.828125;0.2060546875;0.818359375;0.84765625;0.20849609375;0.8
19;19;83.42;0.140625;0.390625;0.71875;0.1953125;0.1328125;0.78125;0.78125;0.19921875;0.796875;0.796875;0.203125;0.71875;0.7890625;0.205078125;0.341796875;0.7890625;0.8515625;0.21875;0.8359375;0.875;0.220703125;0.8515625;0.8828125;0.21875;0.76953125;0.8359375;0.2119140625;0.3623046875;0.80859375;0.86328125;0.220703125;0.8515625;0.8984375;0.224609375;0.87109375;0.91015625;0.2265625;0.8828125;0.921875;0.2275390625;0.890625;0.92578125;0.228515625;0.806640625;0.798828125;0.1982421875;0.310546875;0.78515625;0.8125;0.20361328125;0.8046875;0.837890625;0.20556640625;0.7;0.140625;0.40625;0.6875;0.19140625;0.140625;0.78125;0.765625;0.1953125;0.796875;0.796875;0.20703125;0.71875;0.7734375;0.19921875;0.34375;0.7734375;0.84375;0.216796875;0.8203125;0.8671875;0.216796875;0.84375;0.8671875;0.21484375;0.76171875;0.82421875;0.208984375;0.3623046875;0.8046875;0.859375;0.2197265625;0.84765625;0.89453125;0.2236328125;0.8671875;0.90625;0.2255859375;0.87890625;0.91796875;0.2265625;0.88671875;0.921875;0.2275390625;0.8046875;0.818359375;0.20263671875;0.3291015625;0.802734375;0.830078125;0.20751953125;0.822265625;0.853515625;0.2099609375;0.8
20;20;83.6;0.140625;0.390625;0.703125;0.1953125;0.1328125;0.78125;0.78125;0.19921875;0.796875;0.78125;0.203125;0.7109375;0.7734375;0.203125;0.33984375;0.78125;0.8515625;0.21875;0.8359375;0.8671875;0.21875;0.84375;0.875;0.216796875;0.765625;0.828125;0.2099609375;0.3583984375;0.8046875;0.859375;0.2197265625;0.84765625;0.89453125;0.224609375;0.8671875;0.90625;0.2265625;0.8828125;0.91796875;0.2275390625;0.890625;0.921875;0.2275390625;0.8046875;0.79296875;0.19677734375;0.30859375;0.779296875;0.806640625;0.20166015625;0.798828125;0.830078125;0.20458984375;0.8;0.140625;0.40625;0.6875;0.19140625;0.13671875;0.78125;0.75;0.1953125;0.796875;0.796875;0.203125;0.7109375;0.765625;0.19921875;0.341796875;0.765625;0.828125;0.21484375;0.8203125;0.859375;0.216796875;0.8359375;0.8671875;0.21484375;0.75390625;0.8203125;0.208984375;0.359375;0.80078125;0.85546875;0.21875;0.84765625;0.890625;0.2236328125;0.8671875;0.90625;0.2255859375;0.8828125;0.91796875;0.2275390625;0.890625;0.921875;0.2275390625;0.806640625;0.81640625;0.2021484375;0.32861328125;0.80078125;0.830078125;0.20751953125;0.8203125;0.849609375;0.208984375;0.8
21;21;84.09;0.140625;0.390625;0.703125;0.1953125;0.12890625;0.765625;0.765625;0.19921875;0.796875;0.78125;0.203125;0.7109375;0.7734375;0.201171875;0.337890625;0.78125;0.8515625;0.21875;0.828125;0.8671875;0.21875;0.84375;0.875;0.21875;0.765625;0.828125;0.2109375;0.359375;0.8046875;0.86328125;0.220703125;0.8515625;0.89453125;0.224609375;0.87109375;0.91015625;0.2265625;0.8828125;0.91796875;0.2275390625;0.890625;0.92578125;0.228515625;0.806640625;0.796875;0.19775390625;0.31005859375;0.78125;0.8125;0.203125;0.802734375;0.8359375;0.20556640625;0.7;0.140625;0.40625;0.6875;0.1875;0.140625;0.765625;0.75;0.1953125;0.796875;0.78125;0.203125;0.703125;0.75;0.197265625;0.337890625;0.7578125;0.828125;0.216796875;0.8125;0.8515625;0.216796875;0.8359375;0.8671875;0.21484375;0.75390625;0.81640625;0.208984375;0.3583984375;0.796875;0.85546875;0.2197265625;0.84765625;0.890625;0.2236328125;0.8671875;0.90625;0.2255859375;0.8828125;0.91796875;0.2275390625;0.88671875;0.921875;0.2275390625;0.8046875;0.814453125;0.2021484375;0.328125;0.80078125;0.830078125;0.20751953125;0.8203125;0.8515625;0.2099609375;0.8
22;22;84.1;0.140625;0.390625;0.703125;0.1953125;0.1328125;0.765625;0.765625;0.1953125;0.796875;0.78125;0.203125;0.703125;0.765625;0.201171875;0.3359375;0.7734375;0.84375;0.216796875;0.828125;0.8671875;0.216796875;0.84375;0.875;0.216796875;0.7578125;0.8203125;0.2099609375;0.3564453125;0.80078125;0.859375;0.2197265625;0.84765625;0.89453125;0.224609375;0.8671875;0.90625;0.2255859375;0.87890625;0.91796875;0.2275390625;0.88671875;0.921875;0.2275390625;0.8046875;0.791015625;0.19580078125;0.3076171875;0.77734375;0.80859375;0.20263671875;0.798828125;0.833984375;0.20556640625;0.8;0.140625;0.40625;0.6875;0.19140625;0.140625;0.78125;0.75;0.1953125;0.796875;0.78125;0.203125;0.7109375;0.7578125;0.197265625;0.33984375;0.7578125;0.828125;0.21484375;0.8125;0.8515625;0.21484375;0.8359375;0.8671875;0.21484375;0.75;0.8125;0.2080078125;0.357421875;0.796875;0.8515625;0.2197265625;0.84375;0.890625;0.2236328125;0.8671875;0.90625;0.2255859375;0.8828125;0.91796875;0.2265625;0.88671875;0.921875;0.2275390625;0.8046875;0.8125;0.20166015625;0.32861328125;0.798828125;0.830078125;0.20751953125;0.8203125;0.84765625;0.208984375;0.8
23;23;85.22;0.140625;0.390625;0.703125;0.1953125;0.1328125;0.78125;0.78125;0.19921875;0.796875;0.78125;0.203125;0.7109375;0.7734375;0.203125;0.341796875;0.78125;0.8515625;0.21875;0.828125;0.8671875;0.21875;0.84375;0.875;0.21875;0.765625;0.82421875;0.2109375;0.361328125;0.8046875;0.86328125;0.220703125;0.8515625;0.89453125;0.224609375;0.87109375;0.91015625;0.2265625;0.8828125;0.91796875;0.2275390625;0.890625;0.92578125;0.228515625;0.80859375;0.798828125;0.19775390625;0.31201171875;0.783203125;0.810546875;0.20263671875;0.80078125;0.830078125;0.20458984375;0.8;0.140625;0.40625;0.6875;0.19140625;0.140625;0.78125;0.765625;0.19921875;0.796875;0.796875;0.20703125;0.71875;0.7734375;0.19921875;0.34375;0.765625;0.8359375;0.216796875;0.8203125;0.8671875;0.21875;0.84375;0.875;0.216796875;0.7578125;0.81640625;0.208984375;0.361328125;0.796875;0.85546875;0.2197265625;0.84765625;0.890625;0.2236328125;0.8671875;0.90625;0.2255859375;0.87890625;0.91796875;0.2275390625;0.890625;0.921875;0.2275390625;0.806640625;0.814453125;0.2021484375;0.32958984375;0.798828125;0.828125;0.20703125;0.8203125;0.84765625;0.20947265625;0.8
24;24;84.5;0.140625;0.40625;0.703125;0.1953125;0.13671875;0.78125;0.765625;0.19921875;0.796875;0.78125;0.19921875;0.7109375;0.7734375;0.201171875;0.337890625;0.78125;0.84375;0.21875;0.828125;0.8671875;0.21875;0.84375;0.875;0.216796875;0.76171875;0.8203125;0.2099609375;0.3583984375;0.80078125;0.859375;0.220703125;0.84765625;0.890625;0.224609375;0.8671875;0.90625;0.2265625;0.8828125;0.91796875;0.2275390625;0.890625;0.921875;0.2275390625;0.8046875;0.79296875;0.1962890625;0.3095703125;0.775390625;0.8046875;0.201171875;0.794921875;0.826171875;0.203125;0.8;0.140625;0.40625;0.6875;0.19140625;0.140625;0.78125;0.75;0.1953125;0.796875;0.78125;0.203125;0.703125;0.7578125;0.197265625;0.337890625;0.7578125;0.828125;0.21484375;0.8125;0.8515625;0.21484375;0.8359375;0.859375;0.212890625;0.75;0.80859375;0.2080078125;0.3564453125;0.796875;0.8515625;0.21875;0.84375;0.890625;0.2236328125;0.8671875;0.90625;0.2255859375;0.87890625;0.91796875;0.2265625;0.88671875;0.921875;0.2275390625;0.8046875;0.810546875;0.20068359375;0.328125;0.794921875;0.822265625;0.2060546875;0.814453125;0.845703125;0.208984375;0.8
25;25;84.93;0.15625;0.40625;0.71875;0.19921875;0.13671875;0.78125;0.765625;0.19921875;0.796875;0.78125;0.203125;0.71875;0.78125;0.205078125;0.341796875;0.78125;0.8515625;0.21875;0.828125;0.8671875;0.21875;0.8515625;0.875;0.216796875;0.765625;0.8203125;0.2099609375;0.3603515625;0.80078125;0.85546875;0.220703125;0.84765625;0.890625;0.224609375;0.8671875;0.90625;0.2255859375;0.87890625;0.91796875;0.2275390625;0.890625;0.921875;0.2275390625;0.8046875;0.79296875;0.19677734375;0.3095703125;0.779296875;0.80859375;0.20263671875;0.798828125;0.828125;0.2041015625;0.8;0.140625;0.40625;0.703125;0.19140625;0.140625;0.78125;0.765625;0.1953125;0.796875;0.78125;0.203125;0.71875;0.765625;0.19921875;0.33984375;0.7578125;0.828125;0.21484375;0.8203125;0.8515625;0.216796875;0.8359375;0.859375;0.21484375;0.75;0.80859375;0.20703125;0.357421875;0.79296875;0.8515625;0.21875;0.84375;0.88671875;0.2236328125;0.86328125;0.90234375;0.2255859375;0.87890625;0.91796875;0.2265625;0.88671875;0.921875;0.2275390625;0.802734375;0.810546875;0.201171875;0.328125;0.796875;0.82421875;0.20654296875;0.81640625;0.845703125;0.208984375;0.8
26;26;85.63;0.140625;0.375;0.703125;0.1953125;0.12890625;0.765625;0.765625;0.19921875;0.796875;0.78125;0.203125;0.7109375;0.765625;0.203125;0.3359375;0.78125;0.84375;0.21875;0.828125;0.8671875;0.21875;0.84375;0.875;0.216796875;0.76171875;0.81640625;0.208984375;0.3583984375;0.80078125;0.85546875;0.2197265625;0.84765625;0.890625;0.224609375;0.8671875;0.90625;0.2255859375;0.8828125;0.91796875;0.2275390625;0.890625;0.921875;0.228515625;0.8046875;0.7890625;0.1962890625;0.30908203125;0.77734375;0.806640625;0.2021484375;0.796875;0.826171875;0.2041015625;0.8;0.140625;0.40625;0.6875;0.19140625;0.140625;0.78125;0.765625;0.19921875;0.796875;0.796875;0.20703125;0.71875;0.7734375;0.201171875;0.34375;0.765625;0.8359375;0.216796875;0.8203125;0.8671875;0.21875;0.84375;0.875;0.216796875;0.76171875;0.81640625;0.208984375;0.361328125;0.80078125;0.8515625;0.2197265625;0.84375;0.890625;0.2236328125;0.8671875;0.90625;0.2255859375;0.8828125;0.91796875;0.2275390625;0.890625;0.921875;0.2275390625;0.806640625;0.810546875;0.201171875;0.32958984375;0.796875;0.82421875;0.2060546875;0.814453125;0.845703125;0.208984375;0.8
27;27;85.46;0.140625;0.390625;0.703125;0.19921875;0.13671875;0.78125;0.765625;0.19921875;0.796875;0.765625;0.19921875;0.7109375;0.765625;0.201171875;0.3359375;0.7734375;0.8359375;0.216796875;0.8203125;0.859375;0.216796875;0.84375;0.8671875;0.21484375;0.7578125;0.8125;0.208984375;0.3564453125;0.796875;0.85546875;0.2197265625;0.84375;0.88671875;0.224609375;0.86328125;0.90234375;0.2255859375;0.87890625;0.91796875;0.2275390625;0.88671875;0.921875;0.2275390625;0.802734375;0.7890625;0.1953125;0.30859375;0.7734375;0.802734375;0.20166015625;0.794921875;0.826171875;0.20361328125;0.8;0.140625;0.40625;0.6875;0.19140625;0.140625;0.78125;0.75;0.1953125;0.796875;0.765625;0.203125;0.7109375;0.75;0.197265625;0.337890625;0.75;0.8203125;0.21484375;0.8125;0.8515625;0.21484375;0.8359375;0.8515625;0.212890625;0.74609375;0.80078125;0.2060546875;0.35546875;0.79296875;0.84765625;0.21875;0.83984375;0.88671875;0.2236328125;0.86328125;0.90234375;0.2255859375;0.87890625;0.91796875;0.2275390625;0.88671875;0.921875;0.2275390625;0.8046875;0.80859375;0.20068359375;0.328125;0.794921875;0.822265625;0.2060546875;0.814453125;0.84375;0.20849609375;0.8
28;28;85.26;0.140625;0.375;0.6875;0.19140625;0.12890625;0.765625;0.765625;0.19921875;0.796875;0.78125;0.19921875;0.703125;0.7578125;0.201171875;0.333984375;0.7734375;0.84375;0.21875;0.828125;0.8671875;0.21875;0.84375;0.875;0.216796875;0.76171875;0.8203125;0.2099609375;0.357421875;0.80078125;0.85546875;0.220703125;0.84765625;0.890625;0.224609375;0.8671875;0.90625;0.2265625;0.8828125;0.91796875;0.2275390625;0.890625;0.921875;0.228515625;0.8046875;0.791015625;0.1962890625;0.31005859375;0.77734375;0.806640625;0.2021484375;0.796875;0.826171875;0.20361328125;0.8;0.140625;0.40625;0.671875;0.1875;0.140625;0.78125;0.765625;0.1953125;0.796875;0.765625;0.203125;0.703125;0.75;0.197265625;0.337890625;0.7578125;0.828125;0.216796875;0.8125;0.859375;0.216796875;0.8359375;0.859375;0.21484375;0.75;0.8046875;0.20703125;0.357421875;0.796875;0.8515625;0.2197265625;0.84375;0.890625;0.224609375;0.8671875;0.90625;0.2255859375;0.87890625;0.91796875;0.2275390625;0.890625;0.921875;0.2275390625;0.806640625;0.814453125;0.20166015625;0.32958984375;0.796875;0.826171875;0.20654296875;0.81640625;0.84765625;0.208984375;0.8
29;29;85.54;0.140625;0.40625;0.703125;0.1953125;0.13671875;0.78125;0.765625;0.19921875;0.796875;0.78125;0.203125;0.7109375;0.765625;0.203125;0.33984375;0.78125;0.84375;0.216796875;0.828125;0.8671875;0.21875;0.84375;0.875;0.216796875;0.76171875;0.8203125;0.2099609375;0.3583984375;0.8046875;0.859375;0.220703125;0.8515625;0.89453125;0.224609375;0.87109375;0.90625;0.2265625;0.8828125;0.91796875;0.2275390625;0.890625;0.921875;0.2275390625;0.806640625;0.79296875;0.197265625;0.3115234375;0.77734375;0.806640625;0.20263671875;0.796875;0.828125;0.20458984375;0.8;0.140625;0.40625;0.671875;0.19140625;0.140625;0.78125;0.75;0.1953125;0.796875;0.78125;0.203125;0.7109375;0.75;0.19921875;0.3359375;0.7578125;0.8203125;0.21484375;0.8125;0.84375;0.21484375;0.828125;0.8515625;0.212890625;0.74609375;0.8046875;0.20703125;0.35546875;0.796875;0.8515625;0.2197265625;0.84375;0.890625;0.224609375;0.8671875;0.90625;0.2255859375;0.8828125;0.91796875;0.2275390625;0.88671875;0.921875;0.2275390625;0.806640625;0.8125;0.201171875;0.32958984375;0.794921875;0.82421875;0.20654296875;0.81640625;0.84375;0.20849609375;0.8
30;30;83.1;0.140625;0.390625;0.703125;0.1953125;0.1328125;0.765625;0.765625;0.1953125;0.78125;0.765625;0.19921875;0.703125;0.7578125;0.19921875;0.333984375;0.7734375;0.84375;0.216796875;0.8203125;0.8671875;0.21875;0.84375;0.875;0.216796875;0.7578125;0.81640625;0.208984375;0.3564453125;0.80078125;0.85546875;0.220703125;0.84765625;0.890625;0.224609375;0.8671875;0.90625;0.2265625;0.8828125;0.91796875;0.2275390625;0.890625;0.921875;0.228515625;0.806640625;0.79296875;0.19677734375;0.3115234375;0.77734375;0.8046875;0.2021484375;0.796875;0.826171875;0.2041015625;0.8;0.140625;0.40625;0.6875;0.19140625;0.140625;0.765625;0.75;0.1953125;0.796875;0.78125;0.203125;0.703125;0.7421875;0.1953125;0.337890625;0.7578125;0.828125;0.21484375;0.8125;0.8515625;0.216796875;0.8359375;0.859375;0.21484375;0.75;0.8046875;0.20703125;0.3564453125;0.79296875;0.84765625;0.2197265625;0.84375;0.890625;0.2236328125;0.8671875;0.90234375;0.2255859375;0.87890625;0.91796875;0.2275390625;0.88671875;0.921875;0.2275390625;0.8046875;0.8125;0.2021484375;0.32958984375;0.798828125;0.828125;0.20751953125;0.81640625;0.845703125;0.20849609375;0.8
31;31;86.35;0.140625;0.40625;0.703125;0.19921875;0.13671875;0.78125;0.78125;0.203125;0.796875;0.78125;0.203125;0.71875;0.765625;0.203125;0.341796875;0.78125;0.84375;0.216796875;0.828125;0.8671875;0.21875;0.84375;0.875;0.21875;0.765625;0.81640625;0.2099609375;0.3583984375;0.80078125;0.85546875;0.2197265625;0.84765625;0.890625;0.224609375;0.8671875;0.90625;0.2255859375;0.8828125;0.91796875;0.2275390625;0.890625;0.921875;0.2275390625;0.802734375;0.787109375;0.1953125;0.3076171875;0.7734375;0.802734375;0.20166015625;0.79296875;0.82421875;0.20361328125;0.8;0.140625;0.40625;0.6875;0.19140625;0.140625;0.78125;0.78125;0.19921875;0.796875;0.796875;0.20703125;0.71875;0.7734375;0.201171875;0.345703125;0.7734375;0.8359375;0.216796875;0.8203125;0.8671875;0.21875;0.84375;0.875;0.216796875;0.7578125;0.8125;0.208984375;0.3623046875;0.796875;0.84765625;0.2197265625;0.84375;0.890625;0.224609375;0.8671875;0.90625;0.2255859375;0.8828125;0.91796875;0.2275390625;0.890625;0.921875;0.2275390625;0.806640625;0.810546875;0.20166015625;0.330078125;0.794921875;0.822265625;0.20654296875;0.814453125;0.841796875;0.20849609375;0.8
32;32;86.14;0.140625;0.390625;0.6875;0.1953125;0.1328125;0.765625;0.765625;0.19921875;0.796875;0.78125;0.203125;0.7109375;0.765625;0.201171875;0.337890625;0.7734375;0.84375;0.216796875;0.828125;0.8671875;0.21875;0.84375;0.875;0.216796875;0.76171875;0.8125;0.208984375;0.3564453125;0.796875;0.8515625;0.2197265625;0.84375;0.890625;0.224609375;0.8671875;0.90234375;0.2255859375;0.8828125;0.9140625;0.2275390625;0.890625;0.921875;0.2275390625;0.8046875;0.7890625;0.1962890625;0.3095703125;0.7734375;0.8046875;0.2021484375;0.794921875;0.82421875;0.203125;0.8;0.140625;0.40625;0.671875;0.19140625;0.140625;0.78125;0.765625;0.19921875;0.796875;0.796875;0.20703125;0.71875;0.765625;0.201171875;0.34375;0.765625;0.8359375;0.216796875;0.8203125;0.859375;0.21875;0.84375;0.8671875;0.216796875;0.75390625;0.80859375;0.2080078125;0.3603515625;0.79296875;0.84765625;0.2197265625;0.84375;0.88671875;0.2236328125;0.8671875;0.90234375;0.2255859375;0.87890625;0.9140625;0.2275390625;0.88671875;0.921875;0.2275390625;0.8046875;0.8125;0.20166015625;0.330078125;0.794921875;0.82421875;0.20703125;0.81640625;0.84375;0.2080078125;0.8
33;33;85.77;0.140625;0.40625;0.703125;0.1953125;0.13671875;0.765625;0.765625;0.19921875;0.796875;0.78125;0.203125;0.7109375;0.7578125;0.201171875;0.3359375;0.7734375;0.8359375;0.216796875;0.8203125;0.859375;0.21875;0.84375;0.875;0.216796875;0.7578125;0.80859375;0.208984375;0.3564453125;0.79296875;0.8515625;0.2197265625;0.84375;0.890625;0.224609375;0.8671875;0.90625;0.2265625;0.87890625;0.91796875;0.2275390625;0.88671875;0.921875;0.2275390625;0.802734375;0.78515625;0.19580078125;0.30908203125;0.7734375;0.80078125;0.201171875;0.79296875;0.8203125;0.20263671875;0.8;0.140625;0.40625;0.6875;0.19140625;0.140625;0.78125;0.75;0.1953125;0.796875;0.78125;0.203125;0.7109375;0.7578125;0.19921875;0.33984375;0.7578125;0.828125;0.21484375;0.8125;0.8515625;0.216796875;0.8359375;0.8671875;0.216796875;0.75;0.8046875;0.2080078125;0.357421875;0.79296875;0.84375;0.21875;0.84375;0.890625;0.224609375;0.8671875;0.90625;0.2255859375;0.8828125;0.91796875;0.2275390625;0.890625;0.921875;0.2275390625;0.806640625;0.8125;0.2021484375;0.3310546875;0.796875;0.826171875;0.20703125;0.818359375;0.845703125;0.208984375;0.8
34;34;86.02;0.140625;0.390625;0.6875;0.1953125;0.1328125;0.765625;0.765625;0.19921875;0.796875;0.78125;0.203125;0.7109375;0.765625;0.201171875;0.337890625;0.7734375;0.84375;0.216796875;0.828125;0.859375;0.21875;0.84375;0.8671875;0.216796875;0.76171875;0.8125;0.208984375;0.3564453125;0.80078125;0.8515625;0.220703125;0.84765625;0.890625;0.224609375;0.8671875;0.90625;0.2265625;0.8828125;0.91796875;0.2275390625;0.88671875;0.921875;0.228515625;0.8046875;0.787109375;0.1953125;0.3095703125;0.771484375;0.80078125;0.201171875;0.79296875;0.8203125;0.20263671875;0.8;0.140625;0.40625;0.671875;0.19140625;0.140625;0.78125;0.765625;0.19921875;0.796875;0.796875;0.20703125;0.71875;0.7734375;0.201171875;0.345703125;0.765625;0.8359375;0.216796875;0.8203125;0.8671875;0.21875;0.84375;0.8671875;0.216796875;0.7578125;0.80859375;0.208984375;0.361328125;0.796875;0.84765625;0.2197265625;0.84375;0.890625;0.224609375;0.8671875;0.90625;0.2255859375;0.8828125;0.91796875;0.2275390625;0.890625;0.921875;0.2275390625;0.806640625;0.8125;0.2021484375;0.33056640625;0.794921875;0.82421875;0.20703125;0.814453125;0.841796875;0.20849609375;0.8
35;35;86.16;0.140625;0.40625;0.703125;0.1953125;0.13671875;0.78125;0.78125;0.203125;0.796875;0.796875;0.203125;0.71875;0.765625;0.201171875;0.33984375;0.7734375;0.84375;0.216796875;0.828125;0.8671875;0.21875;0.84375;0.875;0.216796875;0.76171875;0.8125;0.2099609375;0.3583984375;0.796875;0.85546875;0.220703125;0.84765625;0.890625;0.224609375;0.8671875;0.90625;0.2265625;0.8828125;0.91796875;0.2275390625;0.890625;0.921875;0.228515625;0.806640625;0.7890625;0.1962890625;0.31103515625;0.775390625;0.802734375;0.201171875;0.79296875;0.822265625;0.20263671875;0.8;0.140625;0.40625;0.6875;0.19140625;0.140625;0.78125;0.78125;0.19921875;0.796875;0.796875;0.20703125;0.71875;0.765625;0.19921875;0.34375;0.765625;0.828125;0.216796875;0.8203125;0.859375;0.21875;0.8359375;0.8671875;0.216796875;0.7578125;0.80859375;0.208984375;0.3603515625;0.79296875;0.84765625;0.2197265625;0.84375;0.890625;0.224609375;0.8671875;0.90234375;0.2255859375;0.8828125;0.91796875;0.2275390625;0.890625;0.921875;0.2275390625;0.806640625;0.8125;0.20166015625;0.3310546875;0.794921875;0.82421875;0.20703125;0.814453125;0.841796875;0.20849609375;0.8
36;36;85.8;0.140625;0.390625;0.6875;0.1953125;0.13671875;0.765625;0.765625;0.19921875;0.796875;0.78125;0.203125;0.7109375;0.7578125;0.201171875;0.337890625;0.7734375;0.8359375;0.216796875;0.8203125;0.859375;0.21875;0.84375;0.8671875;0.216796875;0.7578125;0.80859375;0.208984375;0.35546875;0.796875;0.8515625;0.220703125;0.84765625;0.890625;0.224609375;0.8671875;0.90625;0.2265625;0.8828125;0.91796875;0.2275390625;0.890625;0.921875;0.228515625;0.8046875;0.791015625;0.1962890625;0.31298828125;0.775390625;0.80078125;0.20166015625;0.794921875;0.818359375;0.20166015625;0.8;0.140625;0.40625;0.671875;0.1875;0.140625;0.765625;0.765625;0.19921875;0.796875;0.78125;0.203125;0.7109375;0.7578125;0.197265625;0.341796875;0.7578125;0.828125;0.21484375;0.8125;0.859375;0.216796875;0.8359375;0.859375;0.21484375;0.75;0.8046875;0.2080078125;0.357421875;0.79296875;0.84765625;0.2197265625;0.84375;0.890625;0.224609375;0.8671875;0.90234375;0.2255859375;0.8828125;0.91796875;0.2275390625;0.890625;0.921875;0.2275390625;0.806640625;0.810546875;0.20166015625;0.3310546875;0.794921875;0.8203125;0.20654296875;0.8125;0.837890625;0.20751953125;0.8
37;37;86.27;0.140625;0.390625;0.6875;0.1953125;0.13671875;0.765625;0.765625;0.19921875;0.796875;0.78125;0.19921875;0.7109375;0.7578125;0.19921875;0.3359375;0.765625;0.8359375;0.216796875;0.8203125;0.859375;0.21875;0.84375;0.8671875;0.216796875;0.7578125;0.80859375;0.208984375;0.35546875;0.796875;0.8515625;0.2197265625;0.84765625;0.890625;0.224609375;0.8671875;0.90234375;0.2265625;0.87890625;0.91796875;0.2275390625;0.890625;0.921875;0.228515625;0.806640625;0.79296875;0.197265625;0.3125;0.77734375;0.8046875;0.2021484375;0.796875;0.822265625;0.203125;0.8;0.140625;0.40625;0.671875;0.19140625;0.140625;0.78125;0.765625;0.1953125;0.796875;0.78125;0.203125;0.7109375;0.75;0.197265625;0.337890625;0.75;0.8203125;0.21484375;0.8125;0.8515625;0.216796875;0.8359375;0.859375;0.21484375;0.74609375;0.796875;0.20703125;0.35546875;0.7890625;0.84375;0.2197265625;0.84375;0.88671875;0.224609375;0.86328125;0.90234375;0.2255859375;0.87890625;0.91796875;0.2275390625;0.890625;0.921875;0.2275390625;0.8046875;0.810546875;0.2021484375;0.33056640625;0.794921875;0.822265625;0.20703125;0.814453125;0.83984375;0.20849609375;0.8
38;38;86.58;0.15625;0.40625;0.703125;0.19921875;0.140625;0.78125;0.78125;0.19921875;0.796875;0.78125;0.203125;0.71875;0.765625;0.203125;0.33984375;0.7734375;0.8359375;0.216796875;0.828125;0.8671875;0.21875;0.84375;0.8671875;0.216796875;0.7578125;0.8046875;0.208984375;0.35546875;0.79296875;0.84765625;0.2197265625;0.84375;0.88671875;0.224609375;0.8671875;0.90234375;0.2255859375;0.87890625;0.9140625;0.2275390625;0.88671875;0.921875;0.2275390625;0.802734375;0.78515625;0.19580078125;0.30859375;0.771484375;0.80078125;0.20166015625;0.791015625;0.81640625;0.20166015625;0.8;0.140625;0.40625;0.6875;0.19140625;0.140625;0.78125;0.765625;0.1953125;0.796875;0.796875;0.20703125;0.71875;0.765625;0.201171875;0.34375;0.765625;0.828125;0.216796875;0.8203125;0.859375;0.21875;0.8359375;0.8671875;0.216796875;0.75390625;0.8046875;0.2080078125;0.359375;0.79296875;0.84765625;0.2197265625;0.84375;0.88671875;0.224609375;0.8671875;0.90625;0.2255859375;0.8828125;0.91796875;0.2275390625;0.890625;0.921875;0.228515625;0.806640625;0.814453125;0.2021484375;0.33154296875;0.796875;0.82421875;0.20703125;0.81640625;0.83984375;0.2080078125;0.8
39;39;87.19;0.15625;0.40625;0.6875;0.1953125;0.13671875;0.765625;0.75;0.1953125;0.78125;0.78125;0.19921875;0.703125;0.7578125;0.19921875;0.33203125;0.765625;0.828125;0.21484375;0.8203125;0.859375;0.216796875;0.8359375;0.8671875;0.21484375;0.75390625;0.80078125;0.2080078125;0.3525390625;0.79296875;0.84765625;0.2197265625;0.84375;0.88671875;0.224609375;0.8671875;0.90234375;0.2265625;0.87890625;0.91796875;0.2275390625;0.88671875;0.921875;0.228515625;0.8046875;0.787109375;0.19580078125;0.30908203125;0.76953125;0.798828125;0.201171875;0.7890625;0.8125;0.201171875;0.8;0.140625;0.40625;0.671875;0.19140625;0.140625;0.765625;0.75;0.1953125;0.796875;0.78125;0.203125;0.7109375;0.7578125;0.19921875;0.33984375;0.7578125;0.828125;0.21484375;0.8203125;0.859375;0.216796875;0.8359375;0.8671875;0.216796875;0.75390625;0.8046875;0.2080078125;0.3583984375;0.79296875;0.84765625;0.2197265625;0.84375;0.890625;0.224609375;0.8671875;0.90625;0.2265625;0.8828125;0.91796875;0.2275390625;0.890625;0.921875;0.2275390625;0.806640625;0.8125;0.2021484375;0.33154296875;0.794921875;0.8203125;0.20654296875;0.8125;0.8359375;0.20751953125;0.8
40;40;86.81;0.140625;0.390625;0.703125;0.1953125;0.1328125;0.765625;0.765625;0.19921875;0.796875;0.78125;0.19921875;0.7109375;0.7578125;0.201171875;0.3359375;0.765625;0.828125;0.216796875;0.8203125;0.859375;0.216796875;0.84375;0.8671875;0.216796875;0.75390625;0.80078125;0.20703125;0.353515625;0.79296875;0.84765625;0.2197265625;0.83984375;0.88671875;0.2236328125;0.86328125;0.90234375;0.2265625;0.87890625;0.9140625;0.2275390625;0.88671875;0.921875;0.228515625;0.802734375;0.787109375;0.19580078125;0.3095703125;0.771484375;0.798828125;0.201171875;0.791015625;0.81640625;0.2021484375;0.8;0.15625;0.40625;0.6875;0.19140625;0.140625;0.78125;0.765625;0.19921875;0.796875;0.796875;0.203125;0.7109375;0.7578125;0.19921875;0.341796875;0.7578125;0.8203125;0.21484375;0.8125;0.8515625;0.216796875;0.8359375;0.8671875;0.216796875;0.75390625;0.80078125;0.20703125;0.357421875;0.79296875;0.84375;0.2197265625;0.83984375;0.88671875;0.2236328125;0.8671875;0.90234375;0.2255859375;0.87890625;0.91796875;0.2275390625;0.890625;0.921875;0.228515625;0.806640625;0.810546875;0.20166015625;0.33056640625;0.79296875;0.818359375;0.20654296875;0.8125;0.837890625;0.20751953125;0.8
41;41;87.22;0.140625;0.375;0.6875;0.1953125;0.1328125;0.765625;0.765625;0.19921875;0.796875;0.78125;0.203125;0.7109375;0.765625;0.203125;0.3359375;0.7734375;0.8359375;0.216796875;0.8203125;0.8671875;0.21875;0.84375;0.875;0.216796875;0.7578125;0.80859375;0.208984375;0.3564453125;0.796875;0.8515625;0.2197265625;0.84765625;0.890625;0.224609375;0.8671875;0.90625;0.2265625;0.8828125;0.91796875;0.2275390625;0.890625;0.921875;0.228515625;0.806640625;0.7890625;0.1962890625;0.31103515625;0.771484375;0.798828125;0.20166015625;0.7890625;0.814453125;0.20166015625;0.8;0.15625;0.40625;0.6875;0.19140625;0.140625;0.78125;0.765625;0.19921875;0.796875;0.796875;0.203125;0.71875;0.7578125;0.19921875;0.341796875;0.765625;0.828125;0.21484375;0.8203125;0.8515625;0.216796875;0.8359375;0.8671875;0.216796875;0.75390625;0.80078125;0.2080078125;0.3583984375;0.79296875;0.84375;0.21875;0.84375;0.88671875;0.224609375;0.8671875;0.90234375;0.2255859375;0.8828125;0.91796875;0.2275390625;0.890625;0.921875;0.228515625;0.806640625;0.810546875;0.20166015625;0.3310546875;0.794921875;0.8203125;0.20654296875;0.8125;0.833984375;0.20654296875;0.8
42;42;86.98;0.140625;0.390625;0.6875;0.19140625;0.13671875;0.765625;0.765625;0.19921875;0.796875;0.78125;0.203125;0.7109375;0.7578125;0.201171875;0.3359375;0.7734375;0.8359375;0.216796875;0.8203125;0.859375;0.21875;0.84375;0.8671875;0.216796875;0.7578125;0.8046875;0.2080078125;0.3544921875;0.79296875;0.84765625;0.2197265625;0.84375;0.88671875;0.224609375;0.8671875;0.90234375;0.2265625;0.87890625;0.91796875;0.2275390625;0.890625;0.921875;0.228515625;0.8046875;0.7890625;0.19677734375;0.31103515625;0.775390625;0.802734375;0.2021484375;0.79296875;0.818359375;0.20263671875;0.8;0.15625;0.40625;0.671875;0.19140625;0.140625;0.78125;0.765625;0.19921875;0.796875;0.796875;0.20703125;0.71875;0.7578125;0.19921875;0.341796875;0.765625;0.828125;0.21484375;0.8203125;0.859375;0.216796875;0.8359375;0.859375;0.21484375;0.75390625;0.80078125;0.20703125;0.357421875;0.7890625;0.84375;0.21875;0.83984375;0.88671875;0.224609375;0.8671875;0.90234375;0.2255859375;0.87890625;0.91796875;0.2275390625;0.890625;0.921875;0.228515625;0.806640625;0.814453125;0.20263671875;0.33154296875;0.794921875;0.822265625;0.20703125;0.814453125;0.837890625;0.2080078125;0.8
43;43;86.86;0.140625;0.390625;0.703125;0.1953125;0.13671875;0.765625;0.765625;0.19921875;0.796875;0.78125;0.203125;0.7109375;0.7578125;0.201171875;0.337890625;0.7734375;0.8359375;0.21484375;0.8203125;0.859375;0.216796875;0.84375;0.8671875;0.21484375;0.7578125;0.8046875;0.2080078125;0.353515625;0.79296875;0.84765625;0.2197265625;0.84375;0.890625;0.224609375;0.8671875;0.90625;0.2265625;0.8828125;0.91796875;0.228515625;0.890625;0.92578125;0.228515625;0.80859375;0.791015625;0.19677734375;0.3115234375;0.7734375;0.802734375;0.2021484375;0.79296875;0.814453125;0.201171875;0.8;0.15625;0.40625;0.671875;0.19140625;0.140625;0.765625;0.75;0.1953125;0.796875;0.78125;0.203125;0.703125;0.7421875;0.197265625;0.3359375;0.75;0.8125;0.212890625;0.8046875;0.8359375;0.212890625;0.828125;0.84375;0.212890625;0.7421875;0.7890625;0.2060546875;0.3515625;0.78515625;0.83984375;0.21875;0.83984375;0.88671875;0.224609375;0.8671875;0.90625;0.2265625;0.87890625;0.91796875;0.2275390625;0.890625;0.921875;0.228515625;0.806640625;0.8125;0.20263671875;0.33154296875;0.79296875;0.822265625;0.20654296875;0.8125;0.8359375;0.20703125;0.8
44;44;87.61;0.140625;0.390625;0.6875;0.19140625;0.1328125;0.765625;0.765625;0.19921875;0.796875;0.78125;0.203125;0.7109375;0.765625;0.201171875;0.3359375;0.7734375;0.8359375;0.216796875;0.8203125;0.859375;0.21875;0.84375;0.8671875;0.216796875;0.7578125;0.8046875;0.208984375;0.35546875;0.796875;0.84765625;0.2197265625;0.84765625;0.890625;0.224609375;0.8671875;0.90625;0.2265625;0.8828125;0.91796875;0.2275390625;0.890625;0.921875;0.228515625;0.806640625;0.791015625;0.197265625;0.31201171875;0.7734375;0.798828125;0.201171875;0.791015625;0.814453125;0.20166015625;0.8;0.15625;0.40625;0.671875;0.19140625;0.140625;0.765625;0.75;0.1953125;0.796875;0.78125;0.20703125;0.7109375;0.75;0.19921875;0.337890625;0.7578125;0.8203125;0.21484375;0.8125;0.84375;0.21484375;0.8359375;0.8515625;0.212890625;0.75;0.796875;0.20703125;0.35546875;0.7890625;0.83984375;0.2197265625;0.84375;0.88671875;0.224609375;0.8671875;0.90234375;0.2265625;0.8828125;0.91796875;0.2275390625;0.890625;0.921875;0.228515625;0.806640625;0.810546875;0.20166015625;0.3310546875;0.791015625;0.81640625;0.20556640625;0.80859375;0.83203125;0.20654296875;0.8
45;45;87.85;0.140625;0.390625;0.6875;0.1953125;0.13671875;0.765625;0.765625;0.19921875;0.796875;0.78125;0.203125;0.7109375;0.765625;0.201171875;0.337890625;0.7734375;0.8359375;0.216796875;0.8203125;0.859375;0.21875;0.84375;0.8671875;0.216796875;0.7578125;0.80859375;0.208984375;0.3564453125;0.796875;0.84765625;0.220703125;0.84765625;0.890625;0.224609375;0.8671875;0.90625;0.2265625;0.8828125;0.91796875;0.228515625;0.890625;0.92578125;0.228515625;0.806640625;0.791015625;0.19677734375;0.31201171875;0.7734375;0.796875;0.201171875;0.7890625;0.8125;0.2001953125;0.8;0.15625;0.40625;0.671875;0.19140625;0.140625;0.765625;0.765625;0.19921875;0.796875;0.796875;0.20703125;0.71875;0.765625;0.201171875;0.341796875;0.765625;0.828125;0.21484375;0.8203125;0.859375;0.216796875;0.8359375;0.8671875;0.216796875;0.75390625;0.80078125;0.2080078125;0.3583984375;0.79296875;0.83984375;0.2197265625;0.84375;0.88671875;0.224609375;0.8671875;0.90234375;0.2265625;0.8828125;0.91796875;0.2275390625;0.890625;0.921875;0.228515625;0.80859375;0.8125;0.2021484375;0.33154296875;0.79296875;0.818359375;0.2060546875;0.810546875;0.83203125;0.20654296875;0.8
46;46;86.87;0.15625;0.40625;0.6875;0.1953125;0.140625;0.765625;0.765625;0.19921875;0.796875;0.78125;0.203125;0.7109375;0.7578125;0.201171875;0.337890625;0.7734375;0.8359375;0.216796875;0.8203125;0.859375;0.21875;0.84375;0.8671875;0.216796875;0.7578125;0.80078125;0.2080078125;0.3544921875;0.79296875;0.84375;0.2197265625;0.84375;0.88671875;0.224609375;0.8671875;0.90625;0.2265625;0.8828125;0.91796875;0.228515625;0.890625;0.92578125;0.228515625;0.806640625;0.7890625;0.1962890625;0.31103515625;0.7734375;0.798828125;0.20166015625;0.7890625;0.814453125;0.201171875;0.8;0.15625;0.40625;0.671875;0.1875;0.140625;0.765625;0.75;0.1953125;0.796875;0.78125;0.203125;0.7109375;0.7421875;0.197265625;0.3359375;0.75;0.8203125;0.21484375;0.8125;0.8515625;0.216796875;0.8359375;0.8515625;0.21484375;0.74609375;0.79296875;0.2060546875;0.3544921875;0.78515625;0.8359375;0.21875;0.83984375;0.8828125;0.2236328125;0.8671875;0.90234375;0.2255859375;0.87890625;0.91796875;0.2275390625;0.890625;0.921875;0.228515625;0.80859375;0.814453125;0.2021484375;0.3310546875;0.794921875;0.822265625;0.20703125;0.8125;0.8359375;0.20751953125;0.8
47;47;87.61;0.140625;0.390625;0.6875;0.1953125;0.1328125;0.765625;0.765625;0.19921875;0.796875;0.78125;0.203125;0.7109375;0.7578125;0.201171875;0.3359375;0.765625;0.8359375;0.216796875;0.8203125;0.859375;0.21875;0.84375;0.8671875;0.216796875;0.75390625;0.80078125;0.2080078125;0.3525390625;0.7890625;0.84375;0.2197265625;0.84375;0.88671875;0.224609375;0.86328125;0.90234375;0.2265625;0.8828125;0.9140625;0.2275390625;0.890625;0.921875;0.228515625;0.8046875;0.787109375;0.19580078125;0.31005859375;0.76953125;0.798828125;0.201171875;0.7890625;0.810546875;0.20068359375;0.8;0.15625;0.40625;0.671875;0.19140625;0.140625;0.765625;0.75;0.1953125;0.796875;0.78125;0.203125;0.7109375;0.75;0.19921875;0.337890625;0.7578125;0.8203125;0.21484375;0.8125;0.8515625;0.216796875;0.8359375;0.859375;0.21484375;0.75;0.79296875;0.20703125;0.35546875;0.7890625;0.83984375;0.21875;0.83984375;0.88671875;0.224609375;0.8671875;0.90234375;0.2265625;0.8828125;0.91796875;0.2275390625;0.890625;0.921875;0.228515625;0.80859375;0.8125;0.2021484375;0.33154296875;0.79296875;0.818359375;0.20654296875;0.810546875;0.833984375;0.20703125;0.8
48;48;87.53;0.140625;0.390625;0.703125;0.1953125;0.13671875;0.765625;0.765625;0.19921875;0.796875;0.78125;0.203125;0.7109375;0.765625;0.203125;0.337890625;0.7734375;0.8359375;0.21875;0.828125;0.8671875;0.21875;0.84375;0.8671875;0.216796875;0.7578125;0.8046875;0.2080078125;0.35546875;0.79296875;0.84765625;0.220703125;0.84375;0.890625;0.2255859375;0.8671875;0.90625;0.2275390625;0.8828125;0.91796875;0.228515625;0.890625;0.92578125;0.228515625;0.80859375;0.794921875;0.19775390625;0.31298828125;0.77734375;0.802734375;0.2021484375;0.791015625;0.814453125;0.20166015625;0.8;0.15625;0.40625;0.6875;0.19140625;0.140625;0.78125;0.765625;0.19921875;0.796875;0.796875;0.20703125;0.71875;0.765625;0.201171875;0.341796875;0.765625;0.828125;0.216796875;0.8203125;0.859375;0.21875;0.8359375;0.8671875;0.216796875;0.75390625;0.796875;0.20703125;0.3583984375;0.79296875;0.83984375;0.2197265625;0.84375;0.88671875;0.224609375;0.8671875;0.90625;0.2265625;0.8828125;0.91796875;0.2275390625;0.890625;0.921875;0.228515625;0.80859375;0.814453125;0.20263671875;0.33251953125;0.794921875;0.8203125;0.20703125;0.8125;0.833984375;0.20703125;0.8
49;49;87.84;0.15625;0.40625;0.703125;0.1953125;0.13671875;0.765625;0.765625;0.19921875;0.796875;0.78125;0.203125;0.7109375;0.7578125;0.201171875;0.3359375;0.7734375;0.828125;0.216796875;0.8203125;0.859375;0.21875;0.84375;0.8671875;0.216796875;0.75390625;0.80078125;0.2080078125;0.3525390625;0.79296875;0.84765625;0.2197265625;0.84375;0.88671875;0.224609375;0.8671875;0.90625;0.2265625;0.8828125;0.91796875;0.2275390625;0.890625;0.921875;0.228515625;0.806640625;0.7890625;0.19677734375;0.310546875;0.771484375;0.794921875;0.20068359375;0.787109375;0.80859375;0.2001953125;0.8;0.15625;0.40625;0.6875;0.19140625;0.140625;0.765625;0.765625;0.1953125;0.796875;0.78125;0.203125;0.7109375;0.7578125;0.19921875;0.33984375;0.7578125;0.8203125;0.21484375;0.8125;0.8515625;0.216796875;0.8359375;0.859375;0.216796875;0.75;0.796875;0.20703125;0.357421875;0.7890625;0.83984375;0.21875;0.84375;0.88671875;0.224609375;0.8671875;0.90625;0.2265625;0.8828125;0.91796875;0.2275390625;0.890625;0.921875;0.228515625;0.80859375;0.814453125;0.2021484375;0.33203125;0.79296875;0.818359375;0.20654296875;0.810546875;0.83203125;0.20703125;0.8
50;50;87.67;0.140625;0.40625;0.703125;0.1953125;0.13671875;0.765625;0.765625;0.19921875;0.796875;0.78125;0.203125;0.7109375;0.7578125;0.201171875;0.3359375;0.765625;0.8359375;0.216796875;0.8203125;0.859375;0.21875;0.84375;0.8671875;0.216796875;0.7578125;0.80078125;0.2080078125;0.353515625;0.79296875;0.84765625;0.2197265625;0.84375;0.88671875;0.224609375;0.8671875;0.90625;0.2265625;0.8828125;0.91796875;0.2275390625;0.890625;0.92578125;0.228515625;0.80859375;0.791015625;0.197265625;0.31103515625;0.7734375;0.798828125;0.2021484375;0.791015625;0.8125;0.201171875;0.8;0.15625;0.40625;0.671875;0.19140625;0.140625;0.765625;0.75;0.1953125;0.796875;0.78125;0.203125;0.7109375;0.75;0.19921875;0.33984375;0.7578125;0.8203125;0.21484375;0.8125;0.8515625;0.216796875;0.8359375;0.859375;0.216796875;0.75;0.796875;0.20703125;0.3564453125;0.7890625;0.83984375;0.2197265625;0.83984375;0.88671875;0.224609375;0.8671875;0.90234375;0.2265625;0.8828125;0.91796875;0.2275390625;0.890625;0.92578125;0.228515625;0.80859375;0.814453125;0.203125;0.33251953125;0.794921875;0.822265625;0.20703125;0.8125;0.833984375;0.20654296875;0.8
51;51;88.26;0.15625;0.40625;0.703125;0.1953125;0.13671875;0.78125;0.78125;0.203125;0.796875;0.78125;0.203125;0.7109375;0.765625;0.201171875;0.337890625;0.7734375;0.8359375;0.216796875;0.828125;0.859375;0.21875;0.84375;0.8671875;0.21875;0.7578125;0.8046875;0.208984375;0.35546875;0.79296875;0.84765625;0.220703125;0.84375;0.88671875;0.224609375;0.8671875;0.90625;0.2275390625;0.8828125;0.91796875;0.228515625;0.890625;0.92578125;0.2294921875;0.80859375;0.79296875;0.1982421875;0.3134765625;0.77734375;0.80078125;0.2021484375;0.79296875;0.8125;0.20166015625;0.8;0.15625;0.40625;0.671875;0.19140625;0.140625;0.765625;0.765625;0.19921875;0.796875;0.78125;0.203125;0.7109375;0.75;0.197265625;0.337890625;0.7578125;0.8203125;0.21484375;0.8125;0.8515625;0.216796875;0.8359375;0.859375;0.21484375;0.74609375;0.7890625;0.2060546875;0.3544921875;0.7890625;0.83984375;0.21875;0.83984375;0.88671875;0.224609375;0.8671875;0.90234375;0.2265625;0.8828125;0.91796875;0.2275390625;0.890625;0.92578125;0.228515625;0.80859375;0.814453125;0.20263671875;0.33203125;0.79296875;0.818359375;0.20654296875;0.810546875;0.830078125;0.20654296875;0.8
52;52;87.83;0.15625;0.40625;0.703125;0.19921875;0.140625;0.78125;0.765625;0.19921875;0.796875;0.78125;0.203125;0.71875;0.765625;0.203125;0.33984375;0.7734375;0.84375;0.216796875;0.828125;0.8671875;0.21875;0.84375;0.8671875;0.21875;0.76171875;0.80859375;0.2099609375;0.3564453125;0.796875;0.8515625;0.220703125;0.84765625;0.890625;0.224609375;0.8671875;0.90625;0.2265625;0.8828125;0.91796875;0.2275390625;0.890625;0.92578125;0.228515625;0.80859375;0.7890625;0.1962890625;0.31103515625;0.771484375;0.794921875;0.20068359375;0.7890625;0.80859375;0.2001953125;0.8;0.15625;0.40625;0.671875;0.19140625;0.140625;0.78125;0.765625;0.19921875;0.796875;0.78125;0.20703125;0.7109375;0.7578125;0.19921875;0.33984375;0.7578125;0.8203125;0.21484375;0.8125;0.8515625;0.216796875;0.8359375;0.859375;0.216796875;0.75;0.796875;0.2080078125;0.3564453125;0.79296875;0.84375;0.2197265625;0.84375;0.88671875;0.224609375;0.8671875;0.90625;0.2265625;0.8828125;0.91796875;0.2275390625;0.890625;0.92578125;0.228515625;0.810546875;0.814453125;0.20263671875;0.33251953125;0.794921875;0.818359375;0.20654296875;0.810546875;0.83203125;0.20703125;0.8
53;53;88.06;0.140625;0.390625;0.6875;0.19140625;0.1328125;0.765625;0.765625;0.19921875;0.796875;0.78125;0.203125;0.703125;0.7578125;0.19921875;0.333984375;0.765625;0.8359375;0.216796875;0.8203125;0.859375;0.21875;0.84375;0.8671875;0.216796875;0.75390625;0.80078125;0.2080078125;0.3525390625;0.7890625;0.84765625;0.2197265625;0.84375;0.88671875;0.224609375;0.8671875;0.90625;0.2265625;0.8828125;0.91796875;0.228515625;0.890625;0.92578125;0.228515625;0.806640625;0.79296875;0.197265625;0.3115234375;0.771484375;0.796875;0.201171875;0.787109375;0.806640625;0.19970703125;0.8;0.15625;0.40625;0.671875;0.19140625;0.140625;0.765625;0.765625;0.1953125;0.796875;0.78125;0.203125;0.7109375;0.75;0.19921875;0.33984375;0.7578125;0.8203125;0.21484375;0.8125;0.859375;0.216796875;0.8359375;0.859375;0.21484375;0.75;0.79296875;0.20703125;0.3564453125;0.7890625;0.83984375;0.2197265625;0.83984375;0.88671875;0.224609375;0.8671875;0.90234375;0.2265625;0.8828125;0.91796875;0.2275390625;0.890625;0.92578125;0.228515625;0.80859375;0.814453125;0.203125;0.33251953125;0.794921875;0.8203125;0.20654296875;0.810546875;0.830078125;0.2060546875;0.8
54;54;88.05;0.140625;0.390625;0.6875;0.1953125;0.1328125;0.765625;0.765625;0.19921875;0.78125;0.765625;0.19921875;0.703125;0.75;0.19921875;0.33203125;0.765625;0.828125;0.21484375;0.8203125;0.8515625;0.216796875;0.8359375;0.8671875;0.216796875;0.75390625;0.796875;0.20703125;0.3505859375;0.7890625;0.84375;0.2197265625;0.83984375;0.8828125;0.224609375;0.86328125;0.90234375;0.2265625;0.87890625;0.9140625;0.2275390625;0.890625;0.921875;0.228515625;0.8046875;0.787109375;0.19580078125;0.30908203125;0.76953125;0.794921875;0.201171875;0.78515625;0.8046875;0.19921875;0.8;0.15625;0.40625;0.6875;0.19140625;0.140625;0.78125;0.765625;0.19921875;0.796875;0.78125;0.20703125;0.71875;0.7578125;0.19921875;0.341796875;0.7578125;0.8203125;0.21484375;0.8203125;0.859375;0.216796875;0.8359375;0.8671875;0.216796875;0.75390625;0.796875;0.20703125;0.357421875;0.7890625;0.83984375;0.2197265625;0.83984375;0.88671875;0.224609375;0.8671875;0.90234375;0.2265625;0.8828125;0.91796875;0.2275390625;0.890625;0.921875;0.228515625;0.80859375;0.8125;0.20263671875;0.33154296875;0.79296875;0.81640625;0.20654296875;0.810546875;0.828125;0.2060546875;0.8
55;55;88.21;0.140625;0.390625;0.6875;0.1953125;0.1328125;0.765625;0.765625;0.19921875;0.78125;0.765625;0.19921875;0.7109375;0.7578125;0.201171875;0.333984375;0.765625;0.8359375;0.216796875;0.8203125;0.859375;0.21875;0.84375;0.8671875;0.216796875;0.7578125;0.8046875;0.2080078125;0.3544921875;0.79296875;0.84765625;0.2197265625;0.84375;0.88671875;0.224609375;0.8671875;0.90625;0.2265625;0.8828125;0.91796875;0.228515625;0.890625;0.92578125;0.228515625;0.80859375;0.79296875;0.197265625;0.3125;0.7734375;0.798828125;0.20166015625;0.7890625;0.80859375;0.201171875;0.8;0.15625;0.40625;0.671875;0.19140625;0.140625;0.765625;0.75;0.1953125;0.796875;0.78125;0.203125;0.703125;0.7421875;0.197265625;0.3359375;0.75;0.8203125;0.21484375;0.8125;0.8515625;0.216796875;0.8359375;0.859375;0.21484375;0.74609375;0.79296875;0.20703125;0.3544921875;0.78515625;0.83984375;0.21875;0.83984375;0.88671875;0.224609375;0.8671875;0.90234375;0.2265625;0.8828125;0.91796875;0.2275390625;0.890625;0.921875;0.228515625;0.80859375;0.8125;0.2021484375;0.33154296875;0.791015625;0.81640625;0.20654296875;0.810546875;0.830078125;0.20654296875;0.8
56;56;88.57;0.15625;0.40625;0.703125;0.1953125;0.140625;0.765625;0.765625;0.19921875;0.796875;0.78125;0.203125;0.7109375;0.7578125;0.201171875;0.337890625;0.7734375;0.8359375;0.216796875;0.8203125;0.859375;0.216796875;0.84375;0.8671875;0.216796875;0.75390625;0.80078125;0.2080078125;0.353515625;0.79296875;0.84375;0.2197265625;0.84375;0.88671875;0.224609375;0.8671875;0.90625;0.2265625;0.8828125;0.91796875;0.2275390625;0.890625;0.921875;0.228515625;0.806640625;0.791015625;0.197265625;0.31201171875;0.7734375;0.796875;0.201171875;0.7890625;0.810546875;0.201171875;0.8;0.15625;0.40625;0.671875;0.19140625;0.140625;0.78125;0.765625;0.1953125;0.796875;0.78125;0.203125;0.7109375;0.7578125;0.19921875;0.33984375;0.7578125;0.8203125;0.21484375;0.8125;0.8515625;0.216796875;0.8359375;0.859375;0.216796875;0.75;0.796875;0.20703125;0.3564453125;0.7890625;0.83984375;0.21875;0.83984375;0.88671875;0.224609375;0.8671875;0.90625;0.2265625;0.8828125;0.91796875;0.2275390625;0.890625;0.921875;0.228515625;0.80859375;0.8125;0.2021484375;0.33203125;0.79296875;0.81640625;0.2060546875;0.810546875;0.828125;0.2060546875;0.8
57;57;88.4;0.140625;0.390625;0.6875;0.1953125;0.13671875;0.765625;0.765625;0.19921875;0.796875;0.78125;0.203125;0.7109375;0.7578125;0.201171875;0.337890625;0.765625;0.8359375;0.216796875;0.8203125;0.859375;0.21875;0.84375;0.8671875;0.216796875;0.7578125;0.80078125;0.2080078125;0.353515625;0.79296875;0.84375;0.2197265625;0.84375;0.88671875;0.224609375;0.8671875;0.90625;0.2265625;0.8828125;0.91796875;0.2275390625;0.890625;0.921875;0.228515625;0.806640625;0.7890625;0.19677734375;0.31005859375;0.771484375;0.796875;0.201171875;0.787109375;0.810546875;0.20068359375;0.8;0.15625;0.40625;0.671875;0.19140625;0.140625;0.78125;0.765625;0.19921875;0.796875;0.78125;0.203125;0.7109375;0.75;0.19921875;0.33984375;0.7578125;0.8203125;0.21484375;0.8125;0.8515625;0.216796875;0.8359375;0.859375;0.21484375;0.75;0.79296875;0.20703125;0.35546875;0.7890625;0.83984375;0.21875;0.83984375;0.88671875;0.224609375;0.8671875;0.90234375;0.2265625;0.8828125;0.91796875;0.2275390625;0.890625;0.921875;0.228515625;0.80859375;0.8125;0.2021484375;0.33203125;0.791015625;0.81640625;0.2060546875;0.80859375;0.826171875;0.20556640625;0.8
58;58;88.27;0.140625;0.390625;0.6875;0.1953125;0.1328125;0.765625;0.765625;0.19921875;0.796875;0.78125;0.203125;0.7109375;0.765625;0.201171875;0.337890625;0.7734375;0.8359375;0.216796875;0.8203125;0.859375;0.21875;0.84375;0.8671875;0.216796875;0.7578125;0.8046875;0.208984375;0.3544921875;0.79296875;0.84765625;0.220703125;0.84375;0.88671875;0.224609375;0.8671875;0.90625;0.2265625;0.8828125;0.91796875;0.2275390625;0.890625;0.92578125;0.228515625;0.80859375;0.79296875;0.19775390625;0.3115234375;0.7734375;0.798828125;0.20166015625;0.787109375;0.806640625;0.19921875;0.8;0.15625;0.40625;0.671875;0.19140625;0.140625;0.78125;0.765625;0.1953125;0.796875;0.78125;0.203125;0.7109375;0.75;0.19921875;0.33984375;0.7578125;0.8203125;0.21484375;0.8125;0.8515625;0.216796875;0.8359375;0.859375;0.21484375;0.75;0.79296875;0.20703125;0.3564453125;0.7890625;0.83984375;0.2197265625;0.83984375;0.88671875;0.224609375;0.8671875;0.90625;0.2265625;0.8828125;0.91796875;0.2275390625;0.890625;0.921875;0.228515625;0.80859375;0.814453125;0.20263671875;0.33203125;0.79296875;0.81640625;0.2060546875;0.80859375;0.828125;0.2060546875;0.8
59;59;88.15;0.15625;0.40625;0.703125;0.1953125;0.140625;0.78125;0.765625;0.19921875;0.796875;0.78125;0.203125;0.71875;0.7578125;0.201171875;0.337890625;0.7734375;0.8359375;0.216796875;0.828125;0.859375;0.21875;0.84375;0.8671875;0.216796875;0.7578125;0.80078125;0.2080078125;0.3544921875;0.79296875;0.84765625;0.2197265625;0.84375;0.88671875;0.224609375;0.8671875;0.90234375;0.2265625;0.8828125;0.91796875;0.2275390625;0.890625;0.92578125;0.228515625;0.806640625;0.7890625;0.19677734375;0.3115234375;0.7734375;0.798828125;0.20166015625;0.7890625;0.8046875;0.19921875;0.8;0.15625;0.40625;0.671875;0.19140625;0.140625;0.78125;0.765625;0.19921875;0.796875;0.78125;0.20703125;0.7109375;0.7578125;0.19921875;0.33984375;0.7578125;0.828125;0.216796875;0.8203125;0.859375;0.216796875;0.8359375;0.859375;0.216796875;0.75;0.79296875;0.20703125;0.357421875;0.7890625;0.83984375;0.21875;0.83984375;0.88671875;0.224609375;0.8671875;0.90625;0.2265625;0.8828125;0.91796875;0.2275390625;0.890625;0.92578125;0.228515625;0.80859375;0.814453125;0.20263671875;0.33251953125;0.79296875;0.81640625;0.2060546875;0.810546875;0.826171875;0.20556640625;0.8
60;60;88.35;0.140625;0.40625;0.703125;0.1953125;0.13671875;0.765625;0.765625;0.19921875;0.796875;0.78125;0.203125;0.7109375;0.7578125;0.201171875;0.337890625;0.7734375;0.8359375;0.216796875;0.8203125;0.859375;0.21875;0.84375;0.8671875;0.216796875;0.7578125;0.80078125;0.2080078125;0.353515625;0.79296875;0.84765625;0.2197265625;0.84375;0.88671875;0.224609375;0.8671875;0.90234375;0.2265625;0.8828125;0.91796875;0.2275390625;0.890625;0.921875;0.228515625;0.806640625;0.791015625;0.19677734375;0.31103515625;0.771484375;0.798828125;0.201171875;0.787109375;0.80859375;0.20068359375;0.8;0.15625;0.40625;0.671875;0.19140625;0.140625;0.765625;0.75;0.1953125;0.796875;0.78125;0.203125;0.7109375;0.75;0.19921875;0.33984375;0.7578125;0.8203125;0.21484375;0.8125;0.8515625;0.216796875;0.8359375;0.859375;0.21484375;0.75;0.79296875;0.20703125;0.35546875;0.7890625;0.83984375;0.21875;0.83984375;0.88671875;0.224609375;0.8671875;0.90625;0.2265625;0.8828125;0.91796875;0.2275390625;0.890625;0.92578125;0.228515625;0.80859375;0.814453125;0.2021484375;0.33251953125;0.79296875;0.81640625;0.2060546875;0.80859375;0.82421875;0.20556640625;0.8
61;61;88.13;0.140625;0.390625;0.6875;0.1953125;0.1328125;0.765625;0.765625;0.19921875;0.796875;0.78125;0.203125;0.7109375;0.765625;0.201171875;0.337890625;0.7734375;0.8359375;0.216796875;0.828125;0.859375;0.21875;0.84375;0.8671875;0.216796875;0.7578125;0.8046875;0.208984375;0.35546875;0.79296875;0.84765625;0.2197265625;0.84375;0.88671875;0.224609375;0.8671875;0.90625;0.2265625;0.8828125;0.91796875;0.2275390625;0.890625;0.921875;0.228515625;0.806640625;0.791015625;0.19677734375;0.3115234375;0.7734375;0.796875;0.20068359375;0.787109375;0.806640625;0.19970703125;0.8;0.15625;0.40625;0.671875;0.19140625;0.140625;0.765625;0.765625;0.1953125;0.796875;0.78125;0.203125;0.7109375;0.7578125;0.19921875;0.33984375;0.7578125;0.8203125;0.21484375;0.8125;0.8515625;0.216796875;0.8359375;0.859375;0.21484375;0.75;0.79296875;0.20703125;0.35546875;0.7890625;0.83984375;0.21875;0.83984375;0.88671875;0.224609375;0.8671875;0.90625;0.2265625;0.8828125;0.91796875;0.2275390625;0.890625;0.92578125;0.228515625;0.80859375;0.814453125;0.20263671875;0.33251953125;0.794921875;0.818359375;0.20654296875;0.810546875;0.826171875;0.20556640625;0.8
62;62;88.63;0.140625;0.390625;0.703125;0.1953125;0.1328125;0.765625;0.765625;0.19921875;0.796875;0.78125;0.203125;0.7109375;0.765625;0.201171875;0.337890625;0.7734375;0.8359375;0.216796875;0.8203125;0.859375;0.21875;0.84375;0.8671875;0.216796875;0.7578125;0.80078125;0.2080078125;0.353515625;0.79296875;0.84765625;0.2197265625;0.84375;0.890625;0.224609375;0.8671875;0.90625;0.2275390625;0.8828125;0.91796875;0.228515625;0.890625;0.92578125;0.2294921875;0.80859375;0.796875;0.19873046875;0.31298828125;0.77734375;0.802734375;0.20263671875;0.79296875;0.810546875;0.201171875;0.8;0.15625;0.40625;0.6875;0.19140625;0.140625;0.78125;0.765625;0.1953125;0.796875;0.78125;0.20703125;0.7109375;0.7578125;0.19921875;0.33984375;0.7578125;0.8203125;0.21484375;0.8125;0.8515625;0.216796875;0.8359375;0.859375;0.216796875;0.75;0.79296875;0.20703125;0.3564453125;0.7890625;0.83984375;0.21875;0.84375;0.88671875;0.224609375;0.8671875;0.90625;0.2265625;0.8828125;0.91796875;0.2275390625;0.890625;0.92578125;0.228515625;0.810546875;0.814453125;0.20263671875;0.33251953125;0.79296875;0.81640625;0.20654296875;0.810546875;0.826171875;0.20556640625;0.8
63;63;88.71;0.140625;0.390625;0.703125;0.1953125;0.13671875;0.765625;0.765625;0.19921875;0.796875;0.78125;0.203125;0.7109375;0.7578125;0.201171875;0.337890625;0.765625;0.8359375;0.216796875;0.8203125;0.859375;0.216796875;0.84375;0.8671875;0.216796875;0.75390625;0.796875;0.2080078125;0.3525390625;0.7890625;0.84375;0.2197265625;0.84375;0.88671875;0.224609375;0.8671875;0.90234375;0.2265625;0.8828125;0.91796875;0.2275390625;0.890625;0.921875;0.228515625;0.806640625;0.791015625;0.197265625;0.31103515625;0.7734375;0.798828125;0.20166015625;0.787109375;0.806640625;0.2001953125;0.8;0.15625;0.40625;0.6875;0.19140625;0.140625;0.78125;0.765625;0.19921875;0.796875;0.78125;0.203125;0.7109375;0.75;0.19921875;0.33984375;0.7578125;0.8203125;0.21484375;0.8125;0.8515625;0.216796875;0.8359375;0.859375;0.21484375;0.74609375;0.7890625;0.2060546875;0.3544921875;0.7890625;0.83984375;0.21875;0.83984375;0.88671875;0.224609375;0.8671875;0.90234375;0.2265625;0.8828125;0.91796875;0.2275390625;0.890625;0.921875;0.228515625;0.80859375;0.8125;0.2021484375;0.33154296875;0.79296875;0.81640625;0.20654296875;0.80859375;0.82421875;0.205078125;0.8
64;64;88.66;0.140625;0.40625;0.703125;0.1953125;0.13671875;0.765625;0.78125;0.19921875;0.796875;0.78125;0.203125;0.7109375;0.7578125;0.201171875;0.337890625;0.7734375;0.8359375;0.216796875;0.8203125;0.859375;0.21875;0.84375;0.8671875;0.216796875;0.7578125;0.8046875;0.208984375;0.353515625;0.79296875;0.84765625;0.2197265625;0.84375;0.88671875;0.224609375;0.8671875;0.90625;0.2265625;0.8828125;0.91796875;0.2275390625;0.890625;0.92578125;0.228515625;0.80859375;0.791015625;0.19677734375;0.3115234375;0.771484375;0.798828125;0.2021484375;0.787109375;0.806640625;0.2001953125;0.8;0.15625;0.40625;0.6875;0.19140625;0.140625;0.78125;0.765625;0.19921875;0.796875;0.78125;0.20703125;0.71875;0.7578125;0.19921875;0.33984375;0.7578125;0.8203125;0.21484375;0.8125;0.8515625;0.216796875;0.8359375;0.859375;0.21484375;0.75;0.79296875;0.20703125;0.3564453125;0.7890625;0.83984375;0.21875;0.83984375;0.88671875;0.224609375;0.8671875;0.90234375;0.2265625;0.8828125;0.91796875;0.2275390625;0.890625;0.921875;0.228515625;0.80859375;0.814453125;0.20263671875;0.33203125;0.79296875;0.81640625;0.20654296875;0.80859375;0.826171875;0.20556640625;0.8
65;65;88.56;0.140625;0.390625;0.703125;0.1953125;0.13671875;0.765625;0.765625;0.19921875;0.796875;0.78125;0.203125;0.7109375;0.7578125;0.201171875;0.3359375;0.7734375;0.8359375;0.216796875;0.8203125;0.859375;0.21875;0.84375;0.8671875;0.216796875;0.7578125;0.80078125;0.2080078125;0.353515625;0.79296875;0.84375;0.2197265625;0.84375;0.88671875;0.224609375;0.8671875;0.90625;0.2265625;0.8828125;0.91796875;0.2275390625;0.890625;0.921875;0.228515625;0.806640625;0.79296875;0.197265625;0.31201171875;0.7734375;0.794921875;0.201171875;0.787109375;0.802734375;0.19873046875;0.8;0.15625;0.40625;0.671875;0.19140625;0.140625;0.78125;0.765625;0.19921875;0.796875;0.78125;0.20703125;0.7109375;0.7578125;0.19921875;0.33984375;0.7578125;0.8203125;0.21484375;0.8125;0.8515625;0.216796875;0.8359375;0.859375;0.216796875;0.75;0.79296875;0.20703125;0.3564453125;0.7890625;0.83984375;0.21875;0.83984375;0.88671875;0.224609375;0.8671875;0.90234375;0.2265625;0.8828125;0.91796875;0.2275390625;0.890625;0.921875;0.228515625;0.80859375;0.814453125;0.20263671875;0.33154296875;0.79296875;0.81640625;0.20654296875;0.810546875;0.826171875;0.20556640625;0.8
66;66;88.83;0.140625;0.390625;0.6875;0.1953125;0.1328125;0.765625;0.765625;0.19921875;0.796875;0.78125;0.203125;0.7109375;0.7578125;0.201171875;0.3359375;0.765625;0.828125;0.216796875;0.8203125;0.859375;0.216796875;0.84375;0.8671875;0.216796875;0.75390625;0.796875;0.20703125;0.3505859375;0.7890625;0.84375;0.2197265625;0.84375;0.88671875;0.224609375;0.8671875;0.90625;0.2265625;0.8828125;0.91796875;0.2275390625;0.890625;0.921875;0.228515625;0.806640625;0.791015625;0.19677734375;0.310546875;0.771484375;0.794921875;0.201171875;0.78515625;0.8046875;0.19921875;0.8;0.15625;0.40625;0.6875;0.19140625;0.140625;0.78125;0.765625;0.19921875;0.796875;0.78125;0.20703125;0.7109375;0.75;0.19921875;0.33984375;0.7578125;0.8203125;0.21484375;0.8125;0.8515625;0.216796875;0.8359375;0.859375;0.21484375;0.75;0.79296875;0.20703125;0.3564453125;0.7890625;0.83984375;0.21875;0.83984375;0.88671875;0.224609375;0.8671875;0.90625;0.2265625;0.8828125;0.91796875;0.2275390625;0.890625;0.921875;0.228515625;0.80859375;0.814453125;0.2021484375;0.33154296875;0.791015625;0.814453125;0.2060546875;0.80859375;0.822265625;0.205078125;0.8
67;67;88.75;0.15625;0.40625;0.703125;0.1953125;0.140625;0.765625;0.765625;0.19921875;0.796875;0.765625;0.19921875;0.7109375;0.75;0.19921875;0.333984375;0.765625;0.828125;0.216796875;0.8203125;0.859375;0.216796875;0.84375;0.859375;0.21484375;0.75390625;0.796875;0.20703125;0.3515625;0.7890625;0.84375;0.2197265625;0.83984375;0.88671875;0.224609375;0.8671875;0.90234375;0.2265625;0.87890625;0.91796875;0.2275390625;0.890625;0.921875;0.228515625;0.8046875;0.787109375;0.1962890625;0.3095703125;0.76953125;0.79296875;0.2001953125;0.783203125;0.80078125;0.19921875;0.8;0.15625;0.40625;0.671875;0.19140625;0.140625;0.78125;0.765625;0.19921875;0.796875;0.78125;0.20703125;0.7109375;0.7578125;0.19921875;0.33984375;0.7578125;0.8203125;0.21484375;0.8125;0.8515625;0.216796875;0.8359375;0.859375;0.216796875;0.75;0.79296875;0.20703125;0.3564453125;0.7890625;0.83984375;0.21875;0.83984375;0.88671875;0.224609375;0.8671875;0.90625;0.2265625;0.8828125;0.91796875;0.2275390625;0.890625;0.921875;0.228515625;0.80859375;0.814453125;0.20263671875;0.33203125;0.79296875;0.81640625;0.20654296875;0.80859375;0.82421875;0.205078125;0.8
68;68;88.73;0.15625;0.40625;0.703125;0.1953125;0.13671875;0.765625;0.78125;0.19921875;0.796875;0.78125;0.203125;0.7109375;0.765625;0.201171875;0.337890625;0.7734375;0.8359375;0.216796875;0.8203125;0.859375;0.21875;0.84375;0.8671875;0.216796875;0.7578125;0.8046875;0.208984375;0.3544921875;0.796875;0.8515625;0.220703125;0.84765625;0.890625;0.2255859375;0.87109375;0.90625;0.2275390625;0.88671875;0.921875;0.228515625;0.890625;0.92578125;0.2294921875;0.810546875;0.794921875;0.1982421875;0.31396484375;0.775390625;0.80078125;0.2021484375;0.7890625;0.80859375;0.2001953125;0.8;0.15625;0.40625;0.671875;0.19140625;0.140625;0.78125;0.765625;0.19921875;0.796875;0.78125;0.20703125;0.7109375;0.7578125;0.19921875;0.33984375;0.7578125;0.8203125;0.21484375;0.8125;0.8515625;0.216796875;0.8359375;0.859375;0.216796875;0.75;0.79296875;0.20703125;0.3564453125;0.7890625;0.83984375;0.21875;0.83984375;0.88671875;0.224609375;0.8671875;0.90625;0.2265625;0.8828125;0.91796875;0.2275390625;0.890625;0.92578125;0.228515625;0.80859375;0.814453125;0.20263671875;0.33203125;0.79296875;0.81640625;0.20654296875;0.810546875;0.826171875;0.20556640625;0.8
69;69;88.95;0.140625;0.40625;0.703125;0.1953125;0.13671875;0.765625;0.765625;0.19921875;0.796875;0.78125;0.203125;0.7109375;0.7578125;0.201171875;0.3359375;0.7734375;0.8359375;0.216796875;0.8203125;0.859375;0.21875;0.84375;0.8671875;0.216796875;0.7578125;0.80078125;0.2080078125;0.353515625;0.79296875;0.84765625;0.220703125;0.84375;0.890625;0.2255859375;0.8671875;0.90625;0.2265625;0.8828125;0.91796875;0.228515625;0.890625;0.92578125;0.228515625;0.80859375;0.79296875;0.197265625;0.3125;0.771484375;0.796875;0.201171875;0.787109375;0.802734375;0.19921875;0.8;0.15625;0.40625;0.671875;0.19140625;0.140625;0.78125;0.765625;0.1953125;0.796875;0.78125;0.20703125;0.7109375;0.75;0.19921875;0.33984375;0.7578125;0.8203125;0.21484375;0.8125;0.8515625;0.216796875;0.8359375;0.859375;0.216796875;0.75;0.79296875;0.20703125;0.35546875;0.7890625;0.83984375;0.21875;0.83984375;0.88671875;0.224609375;0.8671875;0.90625;0.2265625;0.8828125;0.91796875;0.2275390625;0.890625;0.92578125;0.228515625;0.80859375;0.814453125;0.20263671875;0.33203125;0.79296875;0.81640625;0.20654296875;0.80859375;0.82421875;0.20556640625;0.8
70;70;89.01;0.140625;0.40625;0.703125;0.1953125;0.13671875;0.78125;0.78125;0.19921875;0.796875;0.78125;0.203125;0.71875;0.765625;0.201171875;0.33984375;0.7734375;0.8359375;0.216796875;0.828125;0.859375;0.21875;0.84375;0.8671875;0.21875;0.7578125;0.8046875;0.208984375;0.35546875;0.796875;0.84765625;0.220703125;0.84765625;0.890625;0.224609375;0.8671875;0.90625;0.2265625;0.8828125;0.91796875;0.228515625;0.89453125;0.92578125;0.2294921875;0.80859375;0.79296875;0.19775390625;0.31201171875;0.7734375;0.798828125;0.201171875;0.787109375;0.802734375;0.19873046875;0.8;0.15625;0.40625;0.6875;0.19140625;0.140625;0.78125;0.765625;0.1953125;0.796875;0.78125;0.20703125;0.71875;0.7578125;0.19921875;0.33984375;0.7578125;0.828125;0.21484375;0.8125;0.859375;0.216796875;0.8359375;0.859375;0.216796875;0.75;0.79296875;0.20703125;0.357421875;0.7890625;0.83984375;0.2197265625;0.83984375;0.88671875;0.224609375;0.8671875;0.90625;0.2265625;0.8828125;0.91796875;0.2275390625;0.890625;0.92578125;0.228515625;0.80859375;0.814453125;0.20263671875;0.33203125;0.79296875;0.81640625;0.20654296875;0.810546875;0.82421875;0.20556640625;0.8
71;71;88.96;0.140625;0.40625;0.703125;0.1953125;0.13671875;0.78125;0.78125;0.19921875;0.796875;0.78125;0.203125;0.71875;0.7578125;0.201171875;0.337890625;0.7734375;0.8359375;0.216796875;0.8203125;0.859375;0.21875;0.84375;0.8671875;0.216796875;0.7578125;0.80078125;0.2080078125;0.35546875;0.79296875;0.84765625;0.220703125;0.84765625;0.890625;0.2255859375;0.87109375;0.90625;0.2265625;0.8828125;0.91796875;0.228515625;0.89453125;0.92578125;0.228515625;0.80859375;0.79296875;0.19775390625;0.3125;0.7734375;0.796875;0.201171875;0.787109375;0.80078125;0.19873046875;0.8;0.15625;0.40625;0.671875;0.19140625;0.140625;0.78125;0.765625;0.1953125;0.796875;0.78125;0.20703125;0.7109375;0.7578125;0.19921875;0.33984375;0.7578125;0.8203125;0.21484375;0.8125;0.8515625;0.216796875;0.8359375;0.859375;0.216796875;0.75;0.79296875;0.20703125;0.3564453125;0.7890625;0.83984375;0.2197265625;0.84375;0.88671875;0.224609375;0.8671875;0.90625;0.2265625;0.8828125;0.91796875;0.2275390625;0.890625;0.92578125;0.228515625;0.80859375;0.814453125;0.20263671875;0.33203125;0.79296875;0.81640625;0.20654296875;0.810546875;0.82421875;0.205078125;0.8
72;72;88.88;0.140625;0.40625;0.703125;0.1953125;0.13671875;0.765625;0.765625;0.19921875;0.796875;0.78125;0.203125;0.7109375;0.7578125;0.201171875;0.3359375;0.765625;0.828125;0.216796875;0.8203125;0.859375;0.216796875;0.84375;0.8671875;0.216796875;0.75390625;0.796875;0.2080078125;0.3525390625;0.79296875;0.84375;0.2197265625;0.84375;0.88671875;0.224609375;0.8671875;0.90625;0.2265625;0.8828125;0.91796875;0.2275390625;0.890625;0.921875;0.228515625;0.806640625;0.7890625;0.1962890625;0.310546875;0.76953125;0.794921875;0.20068359375;0.78515625;0.802734375;0.19873046875;0.8;0.15625;0.40625;0.671875;0.19140625;0.140625;0.78125;0.765625;0.1953125;0.796875;0.78125;0.20703125;0.7109375;0.75;0.19921875;0.33984375;0.7578125;0.8203125;0.21484375;0.8125;0.8515625;0.216796875;0.8359375;0.859375;0.21484375;0.75;0.79296875;0.20703125;0.35546875;0.7890625;0.83984375;0.21875;0.83984375;0.88671875;0.224609375;0.8671875;0.90234375;0.2265625;0.8828125;0.91796875;0.2275390625;0.890625;0.921875;0.228515625;0.80859375;0.814453125;0.20263671875;0.33203125;0.79296875;0.81640625;0.20654296875;0.80859375;0.82421875;0.205078125;0.8
73;73;88.84;0.140625;0.390625;0.703125;0.1953125;0.13671875;0.765625;0.765625;0.1953125;0.796875;0.78125;0.203125;0.7109375;0.75;0.19921875;0.333984375;0.765625;0.828125;0.216796875;0.8203125;0.859375;0.216796875;0.8359375;0.859375;0.216796875;0.75390625;0.796875;0.20703125;0.3505859375;0.78515625;0.83984375;0.2197265625;0.83984375;0.88671875;0.224609375;0.86328125;0.90625;0.2265625;0.87890625;0.91796875;0.2275390625;0.890625;0.921875;0.228515625;0.806640625;0.7890625;0.19677734375;0.3095703125;0.76953125;0.794921875;0.20068359375;0.78515625;0.80078125;0.1982421875;0.8;0.15625;0.40625;0.6875;0.19140625;0.140625;0.765625;0.75;0.1953125;0.796875;0.78125;0.203125;0.7109375;0.75;0.19921875;0.33984375;0.7578125;0.8203125;0.21484375;0.8125;0.8515625;0.216796875;0.8359375;0.859375;0.21484375;0.75;0.79296875;0.20703125;0.35546875;0.7890625;0.83984375;0.21875;0.83984375;0.88671875;0.224609375;0.8671875;0.90234375;0.2265625;0.8828125;0.91796875;0.2275390625;0.890625;0.92578125;0.228515625;0.80859375;0.814453125;0.20263671875;0.33203125;0.79296875;0.81640625;0.20654296875;0.810546875;0.82421875;0.205078125;0.8
74;74;89.04;0.140625;0.390625;0.6875;0.1953125;0.1328125;0.765625;0.75;0.1953125;0.78125;0.765625;0.203125;0.703125;0.75;0.19921875;0.33203125;0.765625;0.828125;0.216796875;0.8203125;0.8515625;0.216796875;0.8359375;0.859375;0.21484375;0.75;0.79296875;0.20703125;0.349609375;0.7890625;0.83984375;0.2197265625;0.83984375;0.88671875;0.224609375;0.86328125;0.90234375;0.2265625;0.87890625;0.91796875;0.2275390625;0.890625;0.92578125;0.228515625;0.8046875;0.7890625;0.1962890625;0.310546875;0.767578125;0.791015625;0.2001953125;0.783203125;0.798828125;0.1982421875;0.8;0.15625;0.40625;0.671875;0.19140625;0.140625;0.765625;0.75;0.1953125;0.796875;0.78125;0.203125;0.7109375;0.75;0.19921875;0.337890625;0.7578125;0.8203125;0.21484375;0.8125;0.8515625;0.216796875;0.8359375;0.859375;0.21484375;0.74609375;0.7890625;0.2060546875;0.3544921875;0.7890625;0.83984375;0.21875;0.83984375;0.88671875;0.224609375;0.8671875;0.90234375;0.2265625;0.8828125;0.91796875;0.2275390625;0.890625;0.921875;0.228515625;0.80859375;0.814453125;0.20263671875;0.33154296875;0.79296875;0.81640625;0.20654296875;0.810546875;0.82421875;0.205078125;0.8
75;75;88.98;0.140625;0.390625;0.703125;0.1953125;0.13671875;0.765625;0.765625;0.19921875;0.796875;0.78125;0.203125;0.7109375;0.7578125;0.201171875;0.3359375;0.765625;0.8359375;0.216796875;0.8203125;0.859375;0.21875;0.84375;0.8671875;0.216796875;0.7578125;0.796875;0.2080078125;0.353515625;0.7890625;0.84375;0.2197265625;0.84375;0.890625;0.224609375;0.8671875;0.90625;0.2265625;0.8828125;0.91796875;0.228515625;0.890625;0.92578125;0.228515625;0.806640625;0.791015625;0.197265625;0.3115234375;0.7734375;0.796875;0.201171875;0.787109375;0.798828125;0.1982421875;0.8;0.15625;0.40625;0.6875;0.19140625;0.140625;0.78125;0.765625;0.1953125;0.796875;0.78125;0.203125;0.7109375;0.75;0.19921875;0.33984375;0.7578125;0.8203125;0.21484375;0.8125;0.8515625;0.216796875;0.8359375;0.859375;0.21484375;0.75;0.79296875;0.20703125;0.35546875;0.7890625;0.83984375;0.21875;0.83984375;0.88671875;0.224609375;0.8671875;0.90625;0.2265625;0.8828125;0.91796875;0.2275390625;0.890625;0.92578125;0.228515625;0.80859375;0.814453125;0.20263671875;0.33203125;0.79296875;0.81640625;0.20654296875;0.810546875;0.82421875;0.205078125;0.8
76;76;88.94;0.140625;0.40625;0.703125;0.1953125;0.13671875;0.765625;0.765625;0.19921875;0.796875;0.78125;0.203125;0.7109375;0.7578125;0.201171875;0.337890625;0.765625;0.8359375;0.216796875;0.8203125;0.859375;0.21875;0.84375;0.8671875;0.216796875;0.7578125;0.80078125;0.208984375;0.353515625;0.79296875;0.84765625;0.2197265625;0.84375;0.890625;0.224609375;0.8671875;0.90625;0.2265625;0.8828125;0.91796875;0.228515625;0.890625;0.92578125;0.228515625;0.806640625;0.7890625;0.19677734375;0.310546875;0.76953125;0.794921875;0.201171875;0.78515625;0.798828125;0.19873046875;0.8;0.15625;0.40625;0.6875;0.19140625;0.140625;0.78125;0.765625;0.1953125;0.796875;0.78125;0.203125;0.7109375;0.75;0.19921875;0.33984375;0.7578125;0.8203125;0.21484375;0.8125;0.8515625;0.216796875;0.8359375;0.859375;0.21484375;0.75;0.79296875;0.20703125;0.35546875;0.7890625;0.83984375;0.21875;0.83984375;0.88671875;0.224609375;0.8671875;0.90234375;0.2265625;0.8828125;0.91796875;0.2275390625;0.890625;0.92578125;0.228515625;0.80859375;0.814453125;0.20263671875;0.33203125;0.79296875;0.81640625;0.20654296875;0.80859375;0.82421875;0.205078125;0.8
77;77;88.98;0.140625;0.390625;0.703125;0.1953125;0.1328125;0.765625;0.765625;0.19921875;0.796875;0.78125;0.203125;0.7109375;0.7578125;0.201171875;0.3359375;0.765625;0.8359375;0.216796875;0.8203125;0.859375;0.21875;0.84375;0.8671875;0.216796875;0.7578125;0.80078125;0.2080078125;0.353515625;0.79296875;0.84375;0.2197265625;0.84375;0.88671875;0.224609375;0.8671875;0.90625;0.2265625;0.8828125;0.91796875;0.228515625;0.890625;0.92578125;0.228515625;0.80859375;0.79296875;0.19775390625;0.31103515625;0.7734375;0.796875;0.20166015625;0.787109375;0.80078125;0.19873046875;0.8;0.15625;0.40625;0.6875;0.19140625;0.140625;0.78125;0.765625;0.19921875;0.796875;0.78125;0.20703125;0.71875;0.7578125;0.19921875;0.341796875;0.7578125;0.8203125;0.21484375;0.8125;0.859375;0.216796875;0.8359375;0.859375;0.216796875;0.75;0.79296875;0.20703125;0.3564453125;0.7890625;0.83984375;0.2197265625;0.84375;0.88671875;0.224609375;0.8671875;0.90234375;0.2265625;0.8828125;0.91796875;0.2275390625;0.890625;0.92578125;0.228515625;0.80859375;0.814453125;0.20263671875;0.33203125;0.79296875;0.81640625;0.20654296875;0.80859375;0.822265625;0.20458984375;0.8
78;78;88.97;0.15625;0.40625;0.703125;0.19921875;0.13671875;0.765625;0.765625;0.19921875;0.796875;0.78125;0.203125;0.7109375;0.7578125;0.201171875;0.337890625;0.7734375;0.8359375;0.216796875;0.8203125;0.859375;0.21875;0.84375;0.8671875;0.216796875;0.7578125;0.80078125;0.208984375;0.3544921875;0.79296875;0.84765625;0.220703125;0.84375;0.890625;0.224609375;0.8671875;0.90625;0.2265625;0.8828125;0.91796875;0.228515625;0.890625;0.92578125;0.228515625;0.806640625;0.7890625;0.19677734375;0.3115234375;0.771484375;0.796875;0.201171875;0.787109375;0.8046875;0.19921875;0.8;0.15625;0.40625;0.671875;0.19140625;0.140625;0.78125;0.765625;0.1953125;0.796875;0.78125;0.203125;0.7109375;0.75;0.19921875;0.33984375;0.7578125;0.8203125;0.21484375;0.8125;0.8515625;0.216796875;0.8359375;0.859375;0.216796875;0.75;0.79296875;0.20703125;0.35546875;0.7890625;0.83984375;0.21875;0.83984375;0.88671875;0.224609375;0.8671875;0.90625;0.2265625;0.8828125;0.91796875;0.2275390625;0.890625;0.92578125;0.228515625;0.80859375;0.81640625;0.20263671875;0.33251953125;0.79296875;0.81640625;0.20654296875;0.80859375;0.82421875;0.205078125;0.8
79;79;89.05;0.140625;0.375;0.6875;0.1953125;0.12890625;0.765625;0.765625;0.19921875;0.796875;0.78125;0.203125;0.7109375;0.7578125;0.201171875;0.3359375;0.7734375;0.8359375;0.216796875;0.8203125;0.859375;0.21875;0.84375;0.8671875;0.216796875;0.7578125;0.80078125;0.2080078125;0.353515625;0.79296875;0.84765625;0.2197265625;0.84375;0.88671875;0.2255859375;0.8671875;0.90625;0.2265625;0.8828125;0.91796875;0.228515625;0.890625;0.92578125;0.228515625;0.80859375;0.79296875;0.197265625;0.310546875;0.771484375;0.796875;0.20166015625;0.787109375;0.8046875;0.19970703125;0.8;0.15625;0.40625;0.6875;0.19140625;0.140625;0.78125;0.765625;0.1953125;0.796875;0.78125;0.203125;0.7109375;0.75;0.19921875;0.33984375;0.7578125;0.8203125;0.21484375;0.8125;0.8515625;0.216796875;0.8359375;0.859375;0.21484375;0.75;0.79296875;0.20703125;0.35546875;0.7890625;0.83984375;0.21875;0.83984375;0.88671875;0.224609375;0.8671875;0.90625;0.2265625;0.8828125;0.91796875;0.2275390625;0.890625;0.92578125;0.228515625;0.80859375;0.814453125;0.20263671875;0.33203125;0.79296875;0.81640625;0.20654296875;0.80859375;0.82421875;0.205078125;0.8
80;80;89.07;0.140625;0.390625;0.703125;0.1953125;0.13671875;0.765625;0.765625;0.19921875;0.796875;0.78125;0.203125;0.7109375;0.7578125;0.201171875;0.337890625;0.765625;0.8359375;0.216796875;0.8203125;0.859375;0.21875;0.84375;0.8671875;0.216796875;0.7578125;0.796875;0.2080078125;0.3525390625;0.7890625;0.84375;0.2197265625;0.84375;0.88671875;0.224609375;0.8671875;0.90625;0.2265625;0.8828125;0.91796875;0.2275390625;0.890625;0.921875;0.228515625;0.8046875;0.787109375;0.19580078125;0.3095703125;0.767578125;0.794921875;0.20068359375;0.78125;0.796875;0.197265625;0.8;0.15625;0.40625;0.6875;0.19140625;0.140625;0.78125;0.765625;0.1953125;0.796875;0.78125;0.20703125;0.7109375;0.7578125;0.19921875;0.33984375;0.7578125;0.8203125;0.21484375;0.8125;0.8515625;0.216796875;0.8359375;0.859375;0.21484375;0.75;0.79296875;0.20703125;0.35546875;0.7890625;0.83984375;0.21875;0.83984375;0.88671875;0.224609375;0.8671875;0.90234375;0.2265625;0.8828125;0.91796875;0.2275390625;0.890625;0.92578125;0.228515625;0.80859375;0.814453125;0.20263671875;0.33203125;0.79296875;0.81640625;0.20654296875;0.80859375;0.82421875;0.20458984375;0.8
81;81;88.93;0.140625;0.390625;0.703125;0.1953125;0.13671875;0.765625;0.765625;0.1953125;0.78125;0.765625;0.19921875;0.703125;0.75;0.19921875;0.33203125;0.765625;0.828125;0.216796875;0.8203125;0.859375;0.216796875;0.8359375;0.859375;0.216796875;0.75;0.796875;0.2080078125;0.349609375;0.7890625;0.84375;0.2197265625;0.84375;0.88671875;0.224609375;0.86328125;0.90625;0.2265625;0.8828125;0.91796875;0.228515625;0.890625;0.92578125;0.228515625;0.806640625;0.7890625;0.19677734375;0.310546875;0.771484375;0.796875;0.201171875;0.787109375;0.8046875;0.2001953125;0.8;0.15625;0.40625;0.6875;0.19140625;0.140625;0.78125;0.765625;0.1953125;0.796875;0.78125;0.203125;0.7109375;0.7578125;0.19921875;0.33984375;0.7578125;0.8203125;0.21484375;0.8125;0.8515625;0.216796875;0.8359375;0.859375;0.21484375;0.75;0.79296875;0.20703125;0.35546875;0.7890625;0.83984375;0.21875;0.83984375;0.88671875;0.224609375;0.8671875;0.90625;0.2265625;0.8828125;0.91796875;0.2275390625;0.890625;0.92578125;0.228515625;0.80859375;0.814453125;0.20263671875;0.33203125;0.79296875;0.81640625;0.20654296875;0.80859375;0.82421875;0.205078125;0.8
82;82;89.03;0.140625;0.390625;0.703125;0.1953125;0.13671875;0.765625;0.765625;0.19921875;0.796875;0.78125;0.203125;0.7109375;0.7578125;0.201171875;0.337890625;0.7734375;0.8359375;0.216796875;0.8203125;0.859375;0.21875;0.84375;0.8671875;0.216796875;0.7578125;0.80078125;0.2080078125;0.3544921875;0.79296875;0.84765625;0.2197265625;0.84375;0.890625;0.224609375;0.8671875;0.90625;0.2265625;0.8828125;0.91796875;0.2275390625;0.890625;0.92578125;0.228515625;0.806640625;0.7890625;0.19677734375;0.31103515625;0.76953125;0.794921875;0.20068359375;0.783203125;0.802734375;0.19921875;0.8;0.15625;0.40625;0.6875;0.19140625;0.140625;0.78125;0.765625;0.19921875;0.796875;0.78125;0.20703125;0.7109375;0.7578125;0.19921875;0.33984375;0.7578125;0.8203125;0.21484375;0.8125;0.8515625;0.216796875;0.8359375;0.859375;0.216796875;0.75;0.79296875;0.20703125;0.3564453125;0.7890625;0.83984375;0.21875;0.83984375;0.88671875;0.224609375;0.8671875;0.90234375;0.2265625;0.8828125;0.91796875;0.2275390625;0.890625;0.92578125;0.228515625;0.80859375;0.814453125;0.20263671875;0.33203125;0.79296875;0.81640625;0.20654296875;0.80859375;0.82421875;0.205078125;0.8
83;83;88.8;0.15625;0.40625;0.703125;0.1953125;0.13671875;0.765625;0.765625;0.19921875;0.796875;0.78125;0.203125;0.7109375;0.7578125;0.201171875;0.3359375;0.765625;0.828125;0.216796875;0.8203125;0.859375;0.216796875;0.84375;0.8671875;0.216796875;0.75390625;0.796875;0.2080078125;0.3515625;0.7890625;0.84375;0.2197265625;0.84375;0.88671875;0.224609375;0.86328125;0.90234375;0.2265625;0.8828125;0.91796875;0.2275390625;0.890625;0.921875;0.228515625;0.806640625;0.7890625;0.19580078125;0.310546875;0.767578125;0.79296875;0.19970703125;0.783203125;0.80078125;0.19921875;0.8;0.15625;0.40625;0.671875;0.19140625;0.140625;0.78125;0.765625;0.1953125;0.796875;0.78125;0.20703125;0.7109375;0.7578125;0.19921875;0.33984375;0.7578125;0.8203125;0.21484375;0.8125;0.8515625;0.216796875;0.8359375;0.859375;0.21484375;0.75;0.79296875;0.20703125;0.35546875;0.7890625;0.83984375;0.21875;0.83984375;0.88671875;0.224609375;0.8671875;0.90625;0.2265625;0.8828125;0.91796875;0.2275390625;0.890625;0.92578125;0.228515625;0.80859375;0.814453125;0.20263671875;0.33203125;0.79296875;0.81640625;0.20654296875;0.80859375;0.822265625;0.20458984375;0.8
84;84;89.08;0.15625;0.40625;0.703125;0.1953125;0.13671875;0.765625;0.765625;0.19921875;0.796875;0.78125;0.203125;0.7109375;0.7578125;0.201171875;0.337890625;0.7734375;0.8359375;0.216796875;0.8203125;0.859375;0.21875;0.84375;0.8671875;0.216796875;0.7578125;0.80078125;0.2080078125;0.353515625;0.79296875;0.84375;0.2197265625;0.84375;0.88671875;0.224609375;0.8671875;0.90625;0.2265625;0.8828125;0.91796875;0.228515625;0.890625;0.921875;0.228515625;0.806640625;0.791015625;0.19677734375;0.31103515625;0.771484375;0.796875;0.20166015625;0.78515625;0.802734375;0.19921875;0.8;0.15625;0.40625;0.671875;0.19140625;0.140625;0.765625;0.75;0.1953125;0.796875;0.78125;0.203125;0.7109375;0.75;0.19921875;0.337890625;0.7578125;0.8203125;0.21484375;0.8125;0.8515625;0.216796875;0.8359375;0.859375;0.21484375;0.75;0.79296875;0.20703125;0.3544921875;0.7890625;0.83984375;0.21875;0.83984375;0.88671875;0.224609375;0.8671875;0.90234375;0.2265625;0.8828125;0.91796875;0.2275390625;0.890625;0.92578125;0.228515625;0.80859375;0.814453125;0.20263671875;0.33203125;0.79296875;0.81640625;0.20654296875;0.80859375;0.822265625;0.20458984375;0.8
85;85;88.98;0.140625;0.390625;0.703125;0.1953125;0.13671875;0.765625;0.765625;0.19921875;0.796875;0.78125;0.203125;0.7109375;0.7578125;0.19921875;0.3359375;0.765625;0.8359375;0.216796875;0.8203125;0.859375;0.216796875;0.84375;0.8671875;0.216796875;0.75390625;0.80078125;0.2080078125;0.3525390625;0.7890625;0.84765625;0.2197265625;0.84375;0.88671875;0.224609375;0.8671875;0.90625;0.2265625;0.8828125;0.91796875;0.228515625;0.890625;0.92578125;0.228515625;0.80859375;0.791015625;0.197265625;0.31201171875;0.771484375;0.796875;0.201171875;0.78515625;0.798828125;0.19775390625;0.8;0.15625;0.40625;0.6875;0.19140625;0.140625;0.78125;0.765625;0.1953125;0.796875;0.78125;0.20703125;0.7109375;0.7578125;0.19921875;0.33984375;0.7578125;0.8203125;0.21484375;0.8125;0.8515625;0.216796875;0.8359375;0.859375;0.216796875;0.75;0.79296875;0.20703125;0.3564453125;0.7890625;0.83984375;0.21875;0.83984375;0.88671875;0.224609375;0.8671875;0.90625;0.2265625;0.8828125;0.91796875;0.2275390625;0.890625;0.92578125;0.228515625;0.810546875;0.814453125;0.20263671875;0.33251953125;0.79296875;0.81640625;0.20654296875;0.80859375;0.822265625;0.20458984375;0.8
86;86;88.81;0.140625;0.390625;0.703125;0.1953125;0.13671875;0.765625;0.765625;0.19921875;0.78125;0.765625;0.203125;0.7109375;0.75;0.19921875;0.333984375;0.765625;0.828125;0.216796875;0.8203125;0.859375;0.216796875;0.84375;0.8671875;0.216796875;0.75390625;0.79296875;0.20703125;0.3505859375;0.78515625;0.84375;0.2197265625;0.83984375;0.88671875;0.224609375;0.8671875;0.90625;0.2265625;0.87890625;0.91796875;0.2275390625;0.890625;0.921875;0.228515625;0.8046875;0.787109375;0.19580078125;0.30810546875;0.767578125;0.794921875;0.20068359375;0.78125;0.802734375;0.19921875;0.8;0.15625;0.40625;0.671875;0.19140625;0.140625;0.78125;0.765625;0.1953125;0.796875;0.78125;0.203125;0.7109375;0.7578125;0.19921875;0.33984375;0.7578125;0.8203125;0.21484375;0.8125;0.8515625;0.216796875;0.8359375;0.859375;0.21484375;0.75;0.79296875;0.20703125;0.35546875;0.7890625;0.83984375;0.21875;0.83984375;0.88671875;0.224609375;0.8671875;0.90625;0.2265625;0.8828125;0.91796875;0.2275390625;0.890625;0.92578125;0.228515625;0.80859375;0.81640625;0.20263671875;0.33203125;0.79296875;0.81640625;0.20654296875;0.80859375;0.82421875;0.205078125;0.8
87;87;88.96;0.140625;0.390625;0.6875;0.1953125;0.1328125;0.765625;0.765625;0.19921875;0.796875;0.78125;0.203125;0.7109375;0.7578125;0.201171875;0.3359375;0.765625;0.8359375;0.216796875;0.8203125;0.859375;0.21875;0.84375;0.8671875;0.216796875;0.75390625;0.80078125;0.2080078125;0.3525390625;0.7890625;0.84375;0.2197265625;0.84375;0.88671875;0.224609375;0.8671875;0.90625;0.2265625;0.8828125;0.91796875;0.228515625;0.890625;0.92578125;0.228515625;0.80859375;0.79296875;0.197265625;0.310546875;0.7734375;0.798828125;0.2021484375;0.787109375;0.8046875;0.19970703125;0.8;0.15625;0.40625;0.6875;0.19140625;0.140625;0.78125;0.765625;0.19921875;0.796875;0.78125;0.20703125;0.7109375;0.7578125;0.19921875;0.33984375;0.7578125;0.8203125;0.21484375;0.8125;0.8515625;0.216796875;0.8359375;0.859375;0.21484375;0.75;0.79296875;0.20703125;0.3564453125;0.7890625;0.83984375;0.21875;0.83984375;0.88671875;0.224609375;0.8671875;0.90625;0.2265625;0.8828125;0.91796875;0.2275390625;0.890625;0.92578125;0.228515625;0.80859375;0.81640625;0.20263671875;0.33203125;0.79296875;0.81640625;0.20654296875;0.80859375;0.82421875;0.205078125;0.8
88;88;89.01;0.15625;0.40625;0.703125;0.1953125;0.13671875;0.765625;0.765625;0.19921875;0.796875;0.78125;0.203125;0.7109375;0.7578125;0.201171875;0.3359375;0.7734375;0.8359375;0.216796875;0.8203125;0.859375;0.21875;0.84375;0.8671875;0.216796875;0.7578125;0.80078125;0.2080078125;0.3544921875;0.79296875;0.84765625;0.2197265625;0.84375;0.88671875;0.224609375;0.8671875;0.90625;0.2275390625;0.8828125;0.91796875;0.228515625;0.89453125;0.92578125;0.2294921875;0.80859375;0.794921875;0.19775390625;0.3125;0.775390625;0.802734375;0.2021484375;0.7890625;0.802734375;0.19921875;0.8;0.15625;0.40625;0.6875;0.19140625;0.140625;0.78125;0.765625;0.19921875;0.796875;0.78125;0.20703125;0.7109375;0.7578125;0.19921875;0.33984375;0.7578125;0.8203125;0.21484375;0.8125;0.8515625;0.216796875;0.8359375;0.859375;0.216796875;0.75;0.79296875;0.20703125;0.3564453125;0.7890625;0.83984375;0.21875;0.83984375;0.88671875;0.224609375;0.8671875;0.90625;0.2265625;0.8828125;0.91796875;0.2275390625;0.890625;0.92578125;0.228515625;0.810546875;0.81640625;0.20263671875;0.33251953125;0.79296875;0.81640625;0.20654296875;0.80859375;0.822265625;0.20458984375;0.8
89;89;89.04;0.140625;0.390625;0.6875;0.1953125;0.13671875;0.765625;0.765625;0.19921875;0.796875;0.765625;0.203125;0.7109375;0.75;0.19921875;0.3359375;0.765625;0.828125;0.216796875;0.8203125;0.859375;0.21875;0.84375;0.8671875;0.216796875;0.75390625;0.796875;0.2080078125;0.3525390625;0.7890625;0.84375;0.2197265625;0.84375;0.88671875;0.224609375;0.8671875;0.90625;0.2265625;0.8828125;0.91796875;0.228515625;0.890625;0.921875;0.228515625;0.806640625;0.791015625;0.19677734375;0.31201171875;0.76953125;0.794921875;0.20068359375;0.78515625;0.798828125;0.1982421875;0.8;0.15625;0.40625;0.6875;0.19140625;0.140625;0.78125;0.765625;0.1953125;0.796875;0.78125;0.20703125;0.7109375;0.7578125;0.19921875;0.33984375;0.7578125;0.8203125;0.21484375;0.8125;0.8515625;0.216796875;0.8359375;0.859375;0.21484375;0.75;0.79296875;0.20703125;0.35546875;0.7890625;0.83984375;0.21875;0.83984375;0.88671875;0.224609375;0.8671875;0.90234375;0.2265625;0.8828125;0.91796875;0.2275390625;0.890625;0.92578125;0.228515625;0.810546875;0.814453125;0.20263671875;0.33203125;0.79296875;0.81640625;0.20654296875;0.80859375;0.822265625;0.20458984375;0.8
90;90;89.13;0.15625;0.40625;0.703125;0.19921875;0.140625;0.765625;0.765625;0.19921875;0.796875;0.78125;0.203125;0.7109375;0.765625;0.201171875;0.33984375;0.7734375;0.8359375;0.216796875;0.8203125;0.859375;0.21875;0.84375;0.8671875;0.216796875;0.7578125;0.80078125;0.208984375;0.3544921875;0.79296875;0.84765625;0.220703125;0.84375;0.890625;0.2255859375;0.8671875;0.90625;0.2275390625;0.8828125;0.91796875;0.228515625;0.89453125;0.92578125;0.2294921875;0.80859375;0.794921875;0.1982421875;0.3134765625;0.77734375;0.798828125;0.20166015625;0.7890625;0.806640625;0.2001953125;0.8;0.15625;0.40625;0.671875;0.19140625;0.140625;0.78125;0.765625;0.1953125;0.796875;0.78125;0.203125;0.7109375;0.75;0.19921875;0.337890625;0.7578125;0.8203125;0.21484375;0.8125;0.8515625;0.216796875;0.8359375;0.859375;0.21484375;0.75;0.79296875;0.20703125;0.35546875;0.7890625;0.83984375;0.21875;0.83984375;0.88671875;0.224609375;0.8671875;0.90625;0.2265625;0.8828125;0.91796875;0.2275390625;0.890625;0.92578125;0.228515625;0.80859375;0.81640625;0.20263671875;0.33203125;0.79296875;0.81640625;0.20654296875;0.80859375;0.822265625;0.20458984375;0.8
91;91;88.94;0.140625;0.390625;0.703125;0.1953125;0.13671875;0.765625;0.765625;0.19921875;0.796875;0.78125;0.203125;0.7109375;0.7578125;0.201171875;0.337890625;0.7734375;0.8359375;0.216796875;0.8203125;0.859375;0.21875;0.84375;0.8671875;0.216796875;0.7578125;0.80078125;0.2080078125;0.353515625;0.79296875;0.84765625;0.2197265625;0.84375;0.890625;0.224609375;0.8671875;0.90625;0.2265625;0.8828125;0.91796875;0.228515625;0.890625;0.92578125;0.228515625;0.80859375;0.791015625;0.19677734375;0.31005859375;0.771484375;0.798828125;0.20166015625;0.78515625;0.802734375;0.19970703125;0.8;0.15625;0.40625;0.671875;0.19140625;0.140625;0.78125;0.765625;0.1953125;0.796875;0.78125;0.203125;0.7109375;0.75;0.19921875;0.33984375;0.7578125;0.8203125;0.21484375;0.8125;0.8515625;0.216796875;0.8359375;0.859375;0.21484375;0.75;0.79296875;0.20703125;0.35546875;0.7890625;0.83984375;0.21875;0.83984375;0.88671875;0.224609375;0.8671875;0.90625;0.2265625;0.8828125;0.91796875;0.2275390625;0.890625;0.92578125;0.228515625;0.80859375;0.814453125;0.20263671875;0.33203125;0.79296875;0.81640625;0.20654296875;0.80859375;0.822265625;0.20458984375;0.8
92;92;89.16;0.140625;0.390625;0.6875;0.19140625;0.13671875;0.765625;0.765625;0.19921875;0.796875;0.78125;0.203125;0.7109375;0.7578125;0.201171875;0.333984375;0.765625;0.8359375;0.216796875;0.8203125;0.859375;0.21875;0.84375;0.8671875;0.216796875;0.7578125;0.80078125;0.2080078125;0.3525390625;0.79296875;0.84375;0.2197265625;0.84375;0.88671875;0.224609375;0.8671875;0.90625;0.2265625;0.8828125;0.91796875;0.2275390625;0.890625;0.92578125;0.228515625;0.806640625;0.7890625;0.1962890625;0.31005859375;0.76953125;0.79296875;0.2001953125;0.783203125;0.794921875;0.197265625;0.8;0.15625;0.40625;0.671875;0.19140625;0.140625;0.78125;0.765625;0.1953125;0.796875;0.78125;0.203125;0.7109375;0.75;0.19921875;0.33984375;0.7578125;0.8203125;0.21484375;0.8125;0.8515625;0.216796875;0.8359375;0.859375;0.21484375;0.75;0.79296875;0.20703125;0.35546875;0.7890625;0.83984375;0.21875;0.83984375;0.88671875;0.224609375;0.8671875;0.90625;0.2265625;0.8828125;0.91796875;0.2275390625;0.890625;0.92578125;0.228515625;0.80859375;0.814453125;0.20263671875;0.33203125;0.79296875;0.81640625;0.20654296875;0.80859375;0.822265625;0.20458984375;0.8
93;93;89.12;0.140625;0.390625;0.6875;0.1953125;0.1328125;0.765625;0.765625;0.1953125;0.78125;0.765625;0.203125;0.703125;0.75;0.19921875;0.33203125;0.765625;0.828125;0.216796875;0.8203125;0.859375;0.21875;0.84375;0.8671875;0.216796875;0.75390625;0.796875;0.2080078125;0.3515625;0.7890625;0.84375;0.2197265625;0.84375;0.88671875;0.224609375;0.8671875;0.90625;0.2265625;0.8828125;0.91796875;0.2275390625;0.890625;0.921875;0.228515625;0.806640625;0.7890625;0.19677734375;0.3095703125;0.767578125;0.794921875;0.201171875;0.783203125;0.798828125;0.19775390625;0.8;0.15625;0.40625;0.6875;0.19140625;0.140625;0.78125;0.765625;0.19921875;0.796875;0.78125;0.20703125;0.71875;0.7578125;0.19921875;0.33984375;0.7578125;0.8203125;0.21484375;0.8203125;0.859375;0.216796875;0.8359375;0.859375;0.216796875;0.75;0.79296875;0.20703125;0.3564453125;0.7890625;0.83984375;0.2197265625;0.84375;0.88671875;0.224609375;0.8671875;0.90625;0.2265625;0.8828125;0.91796875;0.2275390625;0.890625;0.92578125;0.228515625;0.810546875;0.81640625;0.20263671875;0.33251953125;0.79296875;0.81640625;0.20654296875;0.80859375;0.822265625;0.20458984375;0.8
94;94;89.03;0.140625;0.390625;0.703125;0.1953125;0.1328125;0.765625;0.765625;0.19921875;0.796875;0.78125;0.203125;0.7109375;0.7578125;0.201171875;0.337890625;0.7734375;0.8359375;0.216796875;0.8203125;0.859375;0.21875;0.84375;0.8671875;0.216796875;0.7578125;0.80078125;0.2080078125;0.353515625;0.7890625;0.84375;0.2197265625;0.84375;0.88671875;0.224609375;0.8671875;0.90234375;0.2265625;0.87890625;0.9140625;0.2275390625;0.890625;0.921875;0.228515625;0.8046875;0.787109375;0.19580078125;0.30908203125;0.767578125;0.79296875;0.2001953125;0.78125;0.796875;0.197265625;0.8;0.15625;0.40625;0.6875;0.19140625;0.140625;0.78125;0.765625;0.1953125;0.796875;0.78125;0.20703125;0.7109375;0.7578125;0.19921875;0.33984375;0.7578125;0.8203125;0.21484375;0.8125;0.8515625;0.216796875;0.8359375;0.859375;0.21484375;0.75;0.79296875;0.20703125;0.3564453125;0.7890625;0.83984375;0.21875;0.83984375;0.88671875;0.224609375;0.8671875;0.90625;0.2265625;0.8828125;0.91796875;0.2275390625;0.890625;0.92578125;0.228515625;0.810546875;0.81640625;0.20263671875;0.33203125;0.79296875;0.81640625;0.20654296875;0.80859375;0.822265625;0.20458984375;0.8
95;95;89.11;0.140625;0.390625;0.703125;0.1953125;0.13671875;0.765625;0.765625;0.19921875;0.796875;0.78125;0.203125;0.7109375;0.7578125;0.201171875;0.337890625;0.7734375;0.8359375;0.216796875;0.8203125;0.859375;0.21875;0.84375;0.8671875;0.216796875;0.7578125;0.80078125;0.2080078125;0.353515625;0.7890625;0.84765625;0.2197265625;0.84375;0.890625;0.2255859375;0.8671875;0.90625;0.2265625;0.8828125;0.91796875;0.228515625;0.890625;0.92578125;0.2294921875;0.80859375;0.794921875;0.19775390625;0.31103515625;0.7734375;0.80078125;0.2021484375;0.7890625;0.806640625;0.2001953125;0.8;0.15625;0.40625;0.6875;0.19140625;0.140625;0.78125;0.765625;0.1953125;0.796875;0.78125;0.20703125;0.7109375;0.7578125;0.19921875;0.33984375;0.7578125;0.8203125;0.21484375;0.8125;0.8515625;0.216796875;0.8359375;0.859375;0.21484375;0.75;0.79296875;0.20703125;0.35546875;0.7890625;0.83984375;0.21875;0.83984375;0.88671875;0.224609375;0.8671875;0.90625;0.2265625;0.8828125;0.91796875;0.2275390625;0.890625;0.92578125;0.228515625;0.810546875;0.81640625;0.20263671875;0.33251953125;0.79296875;0.81640625;0.20654296875;0.80859375;0.822265625;0.20458984375;0.8
96;96;89.01;0.140625;0.390625;0.6875;0.1953125;0.1328125;0.765625;0.765625;0.19921875;0.796875;0.765625;0.203125;0.7109375;0.7578125;0.19921875;0.3359375;0.765625;0.8359375;0.216796875;0.8203125;0.859375;0.21875;0.84375;0.8671875;0.216796875;0.75390625;0.80078125;0.2080078125;0.3525390625;0.79296875;0.84765625;0.2197265625;0.84375;0.890625;0.224609375;0.8671875;0.90625;0.2265625;0.8828125;0.91796875;0.228515625;0.890625;0.92578125;0.228515625;0.806640625;0.791015625;0.1962890625;0.31103515625;0.76953125;0.794921875;0.20068359375;0.78515625;0.798828125;0.1982421875;0.8;0.15625;0.40625;0.671875;0.19140625;0.140625;0.78125;0.765625;0.1953125;0.796875;0.78125;0.203125;0.7109375;0.75;0.19921875;0.33984375;0.7578125;0.8203125;0.21484375;0.8125;0.8515625;0.216796875;0.8359375;0.859375;0.21484375;0.75;0.79296875;0.20703125;0.35546875;0.7890625;0.83984375;0.21875;0.83984375;0.88671875;0.224609375;0.8671875;0.90625;0.2265625;0.8828125;0.91796875;0.2275390625;0.890625;0.92578125;0.228515625;0.80859375;0.81640625;0.20263671875;0.33203125;0.79296875;0.81640625;0.20654296875;0.80859375;0.822265625;0.20458984375;0.8
97;97;89.08;0.140625;0.390625;0.6875;0.1953125;0.13671875;0.765625;0.765625;0.19921875;0.796875;0.765625;0.19921875;0.7109375;0.75;0.19921875;0.333984375;0.765625;0.828125;0.216796875;0.8203125;0.859375;0.216796875;0.8359375;0.8671875;0.21484375;0.75390625;0.796875;0.2080078125;0.3515625;0.7890625;0.84375;0.2197265625;0.84375;0.88671875;0.224609375;0.8671875;0.90625;0.2265625;0.8828125;0.91796875;0.2275390625;0.890625;0.92578125;0.228515625;0.806640625;0.7890625;0.19677734375;0.31005859375;0.76953125;0.796875;0.201171875;0.78515625;0.80078125;0.19921875;0.8;0.15625;0.40625;0.671875;0.19140625;0.140625;0.78125;0.765625;0.1953125;0.796875;0.78125;0.203125;0.7109375;0.75;0.19921875;0.33984375;0.7578125;0.8203125;0.21484375;0.8125;0.8515625;0.216796875;0.8359375;0.859375;0.21484375;0.75;0.79296875;0.20703125;0.35546875;0.7890625;0.83984375;0.21875;0.83984375;0.88671875;0.224609375;0.8671875;0.90234375;0.2265625;0.8828125;0.91796875;0.2275390625;0.890625;0.92578125;0.228515625;0.80859375;0.814453125;0.20263671875;0.33203125;0.79296875;0.81640625;0.20654296875;0.80859375;0.822265625;0.20458984375;0.8
98;98;89.11;0.140625;0.390625;0.703125;0.1953125;0.13671875;0.765625;0.765625;0.19921875;0.796875;0.78125;0.203125;0.7109375;0.7578125;0.201171875;0.337890625;0.7734375;0.8359375;0.216796875;0.8203125;0.859375;0.21875;0.84375;0.8671875;0.216796875;0.75390625;0.80078125;0.2080078125;0.3525390625;0.7890625;0.84375;0.2197265625;0.84375;0.88671875;0.224609375;0.8671875;0.90625;0.2265625;0.8828125;0.91796875;0.2275390625;0.890625;0.921875;0.228515625;0.806640625;0.7890625;0.19677734375;0.31005859375;0.767578125;0.796875;0.201171875;0.78515625;0.8046875;0.2001953125;0.8;0.15625;0.40625;0.671875;0.19140625;0.140625;0.78125;0.765625;0.1953125;0.796875;0.78125;0.203125;0.7109375;0.75;0.19921875;0.33984375;0.7578125;0.8203125;0.21484375;0.8125;0.8515625;0.216796875;0.8359375;0.859375;0.21484375;0.75;0.79296875;0.20703125;0.35546875;0.7890625;0.83984375;0.21875;0.83984375;0.88671875;0.224609375;0.8671875;0.90625;0.2265625;0.8828125;0.91796875;0.2275390625;0.890625;0.92578125;0.228515625;0.810546875;0.814453125;0.20263671875;0.33203125;0.79296875;0.81640625;0.20654296875;0.80859375;0.822265625;0.20458984375;0.8
99;99;88.97;0.140625;0.390625;0.6875;0.1953125;0.13671875;0.765625;0.765625;0.1953125;0.78125;0.765625;0.203125;0.703125;0.7578125;0.201171875;0.333984375;0.765625;0.8359375;0.216796875;0.8203125;0.859375;0.21875;0.84375;0.8671875;0.216796875;0.75390625;0.80078125;0.2080078125;0.353515625;0.79296875;0.84765625;0.2197265625;0.84375;0.890625;0.224609375;0.8671875;0.90625;0.2265625;0.8828125;0.91796875;0.228515625;0.890625;0.92578125;0.2294921875;0.80859375;0.79296875;0.19775390625;0.31298828125;0.775390625;0.798828125;0.20166015625;0.787109375;0.802734375;0.19921875;0.8;0.15625;0.40625;0.671875;0.19140625;0.140625;0.78125;0.765625;0.1953125;0.796875;0.78125;0.203125;0.7109375;0.75;0.19921875;0.33984375;0.7578125;0.8203125;0.21484375;0.8125;0.8515625;0.216796875;0.8359375;0.859375;0.21484375;0.75;0.79296875;0.20703125;0.35546875;0.7890625;0.83984375;0.21875;0.83984375;0.88671875;0.224609375;0.8671875;0.90234375;0.2265625;0.8828125;0.91796875;0.2275390625;0.890625;0.92578125;0.228515625;0.80859375;0.814453125;0.20263671875;0.33203125;0.79296875;0.81640625;0.20654296875;0.80859375;0.822265625;0.20458984375;0.8
