;Epoch;test_accuracy;train-saturation_conv1;train-saturation_layer1-0-conv1;train-saturation_layer1-0-conv2;train-saturation_layer1-0-conv3;train-saturation_layer1-0-shortcut-0;train-saturation_layer1-1-conv1;train-saturation_layer1-1-conv2;train-saturation_layer1-1-conv3;train-saturation_layer1-2-conv1;train-saturation_layer1-2-conv2;train-saturation_layer1-2-conv3;train-saturation_layer2-0-conv1;train-saturation_layer2-0-conv2;train-saturation_layer2-0-conv3;train-saturation_layer2-0-shortcut-0;train-saturation_layer2-1-conv1;train-saturation_layer2-1-conv2;train-saturation_layer2-1-conv3;train-saturation_layer2-2-conv1;train-saturation_layer2-2-conv2;train-saturation_layer2-2-conv3;train-saturation_layer2-3-conv1;train-saturation_layer2-3-conv2;train-saturation_layer2-3-conv3;train-saturation_layer3-0-conv1;train-saturation_layer3-0-conv2;train-saturation_layer3-0-conv3;train-saturation_layer3-0-shortcut-0;train-saturation_layer3-1-conv1;train-saturation_layer3-1-conv2;train-saturation_layer3-1-conv3;train-saturation_layer3-2-conv1;train-saturation_layer3-2-conv2;train-saturation_layer3-2-conv3;train-saturation_layer3-3-conv1;train-saturation_layer3-3-conv2;train-saturation_layer3-3-conv3;train-saturation_layer3-4-conv1;train-saturation_layer3-4-conv2;train-saturation_layer3-4-conv3;train-saturation_layer3-5-conv1;train-saturation_layer3-5-conv2;train-saturation_layer3-5-conv3;train-saturation_layer4-0-conv1;train-saturation_layer4-0-conv2;train-saturation_layer4-0-conv3;train-saturation_layer4-0-shortcut-0;train-saturation_layer4-1-conv1;train-saturation_layer4-1-conv2;train-saturation_layer4-1-conv3;train-saturation_layer4-2-conv1;train-saturation_layer4-2-conv2;train-saturation_layer4-2-conv3;train-saturation_linear;eval-saturation_conv1;eval-saturation_layer1-0-conv1;eval-saturation_layer1-0-conv2;eval-saturation_layer1-0-conv3;eval-saturation_layer1-0-shortcut-0;eval-saturation_layer1-1-conv1;eval-saturation_layer1-1-conv2;eval-saturation_layer1-1-conv3;eval-saturation_layer1-2-conv1;eval-saturation_layer1-2-conv2;eval-saturation_layer1-2-conv3;eval-saturation_layer2-0-conv1;eval-saturation_layer2-0-conv2;eval-saturation_layer2-0-conv3;eval-saturation_layer2-0-shortcut-0;eval-saturation_layer2-1-conv1;eval-saturation_layer2-1-conv2;eval-saturation_layer2-1-conv3;eval-saturation_layer2-2-conv1;eval-saturation_layer2-2-conv2;eval-saturation_layer2-2-conv3;eval-saturation_layer2-3-conv1;eval-saturation_layer2-3-conv2;eval-saturation_layer2-3-conv3;eval-saturation_layer3-0-conv1;eval-saturation_layer3-0-conv2;eval-saturation_layer3-0-conv3;eval-saturation_layer3-0-shortcut-0;eval-saturation_layer3-1-conv1;eval-saturation_layer3-1-conv2;eval-saturation_layer3-1-conv3;eval-saturation_layer3-2-conv1;eval-saturation_layer3-2-conv2;eval-saturation_layer3-2-conv3;eval-saturation_layer3-3-conv1;eval-saturation_layer3-3-conv2;eval-saturation_layer3-3-conv3;eval-saturation_layer3-4-conv1;eval-saturation_layer3-4-conv2;eval-saturation_layer3-4-conv3;eval-saturation_layer3-5-conv1;eval-saturation_layer3-5-conv2;eval-saturation_layer3-5-conv3;eval-saturation_layer4-0-conv1;eval-saturation_layer4-0-conv2;eval-saturation_layer4-0-conv3;eval-saturation_layer4-0-shortcut-0;eval-saturation_layer4-1-conv1;eval-saturation_layer4-1-conv2;eval-saturation_layer4-1-conv3;eval-saturation_layer4-2-conv1;eval-saturation_layer4-2-conv2;eval-saturation_layer4-2-conv3;eval-saturation_linear
0;0;47.67;0.09375;0.296875;0.40625;0.16015625;0.10546875;0.546875;0.46875;0.15625;0.65625;0.59375;0.16796875;0.6015625;0.5546875;0.1640625;0.2890625;0.671875;0.71875;0.185546875;0.7265625;0.71875;0.173828125;0.734375;0.765625;0.1796875;0.640625;0.5859375;0.140625;0.2958984375;0.65234375;0.65625;0.15234375;0.65234375;0.6484375;0.146484375;0.63671875;0.6171875;0.1357421875;0.6171875;0.609375;0.1357421875;0.60546875;0.56640625;0.123046875;0.4765625;0.138671875;0.0234375;0.11572265625;0.388671875;0.248046875;0.04443359375;0.400390625;0.263671875;0.04931640625;0.5;0.09375;0.28125;0.359375;0.1484375;0.1015625;0.484375;0.359375;0.1328125;0.578125;0.484375;0.140625;0.5234375;0.4296875;0.142578125;0.26171875;0.6171875;0.671875;0.177734375;0.6875;0.7265625;0.177734375;0.734375;0.796875;0.189453125;0.65234375;0.703125;0.1708984375;0.30078125;0.73828125;0.81640625;0.193359375;0.78515625;0.86328125;0.2021484375;0.8125;0.875;0.20703125;0.82421875;0.88671875;0.2109375;0.84375;0.89453125;0.2109375;0.744140625;0.759765625;0.17626953125;0.27880859375;0.71875;0.75390625;0.18115234375;0.732421875;0.73046875;0.1689453125;0.5
1;1;63.83;0.109375;0.3125;0.484375;0.171875;0.11328125;0.625;0.578125;0.171875;0.703125;0.625;0.16796875;0.6328125;0.5859375;0.16796875;0.30859375;0.6875;0.75;0.1953125;0.7421875;0.7421875;0.1796875;0.7578125;0.765625;0.18359375;0.66796875;0.66015625;0.1591796875;0.3095703125;0.6875;0.703125;0.1728515625;0.7109375;0.703125;0.1650390625;0.6953125;0.66015625;0.146484375;0.67578125;0.640625;0.142578125;0.6640625;0.62109375;0.1337890625;0.5234375;0.1640625;0.02490234375;0.12646484375;0.388671875;0.26171875;0.04638671875;0.408203125;0.271484375;0.04638671875;0.6;0.109375;0.328125;0.5;0.171875;0.1171875;0.625;0.578125;0.171875;0.734375;0.6875;0.1796875;0.6640625;0.65625;0.177734375;0.31640625;0.7265625;0.8046875;0.203125;0.796875;0.859375;0.208984375;0.8203125;0.875;0.208984375;0.73828125;0.8203125;0.1943359375;0.3466796875;0.77734375;0.83203125;0.208984375;0.82421875;0.87109375;0.2099609375;0.8515625;0.8984375;0.2138671875;0.859375;0.90234375;0.2158203125;0.875;0.90625;0.212890625;0.779296875;0.783203125;0.181640625;0.30078125;0.720703125;0.732421875;0.18408203125;0.734375;0.736328125;0.17529296875;0.6
2;2;68.45;0.109375;0.328125;0.53125;0.1796875;0.11328125;0.640625;0.609375;0.1796875;0.734375;0.671875;0.17578125;0.65625;0.625;0.177734375;0.318359375;0.71875;0.78125;0.205078125;0.7734375;0.8125;0.201171875;0.7890625;0.8203125;0.201171875;0.7109375;0.73046875;0.181640625;0.33203125;0.7265625;0.75390625;0.193359375;0.765625;0.7734375;0.1884765625;0.76171875;0.75;0.171875;0.75390625;0.734375;0.1669921875;0.734375;0.6953125;0.1533203125;0.58984375;0.234375;0.03564453125;0.1533203125;0.43359375;0.3046875;0.0546875;0.44921875;0.3125;0.0546875;0.7;0.109375;0.34375;0.546875;0.1796875;0.1171875;0.640625;0.578125;0.171875;0.71875;0.65625;0.171875;0.65625;0.640625;0.177734375;0.31640625;0.7109375;0.7890625;0.205078125;0.7890625;0.8359375;0.208984375;0.8046875;0.859375;0.208984375;0.72265625;0.78515625;0.193359375;0.3427734375;0.75;0.79296875;0.20703125;0.8046875;0.8515625;0.2099609375;0.83984375;0.8828125;0.2119140625;0.84765625;0.88671875;0.212890625;0.859375;0.890625;0.2119140625;0.767578125;0.748046875;0.17578125;0.29638671875;0.69140625;0.697265625;0.17919921875;0.69921875;0.6796875;0.16650390625;0.7
3;3;71.69;0.125;0.328125;0.515625;0.17578125;0.1171875;0.640625;0.609375;0.1796875;0.734375;0.640625;0.171875;0.65625;0.609375;0.173828125;0.318359375;0.6953125;0.765625;0.19921875;0.7578125;0.7890625;0.19921875;0.7890625;0.8046875;0.19921875;0.703125;0.71875;0.181640625;0.330078125;0.71875;0.74609375;0.1953125;0.765625;0.77734375;0.1923828125;0.7734375;0.77734375;0.181640625;0.765625;0.7421875;0.1708984375;0.7421875;0.70703125;0.1591796875;0.607421875;0.2578125;0.041015625;0.1513671875;0.419921875;0.271484375;0.0458984375;0.42578125;0.27734375;0.0478515625;0.7;0.125;0.34375;0.546875;0.1796875;0.12109375;0.640625;0.625;0.18359375;0.75;0.734375;0.1875;0.6796875;0.671875;0.181640625;0.326171875;0.71875;0.8046875;0.20703125;0.796875;0.84375;0.2109375;0.8203125;0.859375;0.212890625;0.734375;0.79296875;0.19921875;0.3515625;0.7578125;0.796875;0.208984375;0.8125;0.84765625;0.2119140625;0.84375;0.8828125;0.21484375;0.8515625;0.8828125;0.212890625;0.86328125;0.8828125;0.208984375;0.7734375;0.748046875;0.17431640625;0.30029296875;0.681640625;0.6796875;0.1767578125;0.681640625;0.6484375;0.162109375;0.7
4;4;79.77;0.125;0.328125;0.5;0.171875;0.12109375;0.640625;0.609375;0.1796875;0.734375;0.65625;0.171875;0.6640625;0.625;0.177734375;0.3203125;0.6875;0.7421875;0.1953125;0.75;0.765625;0.19140625;0.7734375;0.7734375;0.189453125;0.6953125;0.7109375;0.18359375;0.326171875;0.71484375;0.75;0.1982421875;0.76953125;0.79296875;0.201171875;0.7890625;0.80078125;0.19140625;0.79296875;0.79296875;0.1875;0.7734375;0.7421875;0.169921875;0.642578125;0.31640625;0.0517578125;0.166015625;0.451171875;0.29296875;0.05029296875;0.451171875;0.310546875;0.05419921875;0.7;0.125;0.328125;0.5;0.16796875;0.125;0.609375;0.5625;0.16796875;0.71875;0.625;0.16015625;0.6484375;0.609375;0.17578125;0.314453125;0.6875;0.7734375;0.203125;0.7734375;0.8203125;0.208984375;0.796875;0.84375;0.208984375;0.72265625;0.77734375;0.201171875;0.3447265625;0.75;0.79296875;0.2119140625;0.8046875;0.84375;0.21484375;0.83984375;0.87890625;0.2158203125;0.8515625;0.8828125;0.2158203125;0.86328125;0.8828125;0.2099609375;0.775390625;0.744140625;0.17529296875;0.302734375;0.6796875;0.673828125;0.17724609375;0.67578125;0.62890625;0.158203125;0.7
5;5;81.03;0.125;0.328125;0.546875;0.17578125;0.1171875;0.640625;0.609375;0.1796875;0.75;0.671875;0.17578125;0.671875;0.65625;0.185546875;0.326171875;0.703125;0.7734375;0.205078125;0.78125;0.8046875;0.203125;0.796875;0.8203125;0.203125;0.71875;0.7265625;0.1875;0.3408203125;0.7265625;0.734375;0.197265625;0.76953125;0.76953125;0.197265625;0.78515625;0.7890625;0.189453125;0.78125;0.75;0.173828125;0.76953125;0.71875;0.1640625;0.63671875;0.27734375;0.04443359375;0.15234375;0.419921875;0.220703125;0.0341796875;0.419921875;0.251953125;0.0419921875;0.7;0.140625;0.34375;0.5625;0.17578125;0.12109375;0.625;0.59375;0.171875;0.734375;0.6875;0.17578125;0.6640625;0.6640625;0.185546875;0.3203125;0.6875;0.78125;0.208984375;0.7734375;0.8203125;0.212890625;0.8046875;0.84375;0.21484375;0.7265625;0.77734375;0.2021484375;0.349609375;0.74609375;0.7734375;0.2109375;0.80078125;0.828125;0.2138671875;0.8359375;0.87109375;0.2158203125;0.84765625;0.875;0.2138671875;0.85546875;0.875;0.2099609375;0.76953125;0.7265625;0.169921875;0.30126953125;0.6640625;0.6640625;0.17529296875;0.658203125;0.60546875;0.15185546875;0.7
6;6;82.03;0.140625;0.328125;0.546875;0.17578125;0.1171875;0.640625;0.625;0.1796875;0.734375;0.640625;0.16796875;0.6640625;0.640625;0.18359375;0.3203125;0.6953125;0.765625;0.20703125;0.7734375;0.8046875;0.20703125;0.7890625;0.8046875;0.203125;0.71484375;0.71875;0.1865234375;0.3388671875;0.71484375;0.734375;0.19921875;0.765625;0.765625;0.1962890625;0.78125;0.78515625;0.1904296875;0.78125;0.765625;0.1806640625;0.765625;0.73046875;0.16796875;0.6328125;0.28515625;0.04541015625;0.150390625;0.423828125;0.30078125;0.05322265625;0.42578125;0.283203125;0.04931640625;0.7;0.140625;0.34375;0.5625;0.1796875;0.125;0.640625;0.640625;0.18359375;0.75;0.71875;0.1875;0.6796875;0.671875;0.189453125;0.32421875;0.6953125;0.7734375;0.208984375;0.7734375;0.8203125;0.21484375;0.8046875;0.8359375;0.21484375;0.72265625;0.765625;0.201171875;0.349609375;0.73828125;0.765625;0.2109375;0.79296875;0.8203125;0.212890625;0.828125;0.86328125;0.21484375;0.84375;0.87109375;0.212890625;0.85546875;0.87109375;0.208984375;0.767578125;0.71484375;0.16748046875;0.3037109375;0.6484375;0.63671875;0.173828125;0.638671875;0.583984375;0.150390625;0.7
7;7;81.08;0.140625;0.328125;0.546875;0.17578125;0.1171875;0.625;0.609375;0.17578125;0.734375;0.640625;0.1640625;0.65625;0.640625;0.18359375;0.318359375;0.6875;0.75;0.201171875;0.7578125;0.7734375;0.1953125;0.78125;0.7890625;0.19921875;0.69921875;0.6875;0.18359375;0.33203125;0.69921875;0.7109375;0.1982421875;0.76171875;0.765625;0.2001953125;0.78125;0.7890625;0.193359375;0.78125;0.76953125;0.18359375;0.7734375;0.73046875;0.16796875;0.638671875;0.283203125;0.044921875;0.15283203125;0.412109375;0.271484375;0.04638671875;0.41015625;0.26171875;0.04443359375;0.7;0.140625;0.34375;0.5625;0.1796875;0.125;0.625;0.625;0.18359375;0.75;0.71875;0.18359375;0.6796875;0.6796875;0.189453125;0.322265625;0.6875;0.7734375;0.208984375;0.7734375;0.8203125;0.212890625;0.796875;0.8359375;0.21484375;0.71875;0.75390625;0.2001953125;0.3486328125;0.7265625;0.75;0.2109375;0.7890625;0.8125;0.2138671875;0.82421875;0.859375;0.2158203125;0.84375;0.8671875;0.21484375;0.8515625;0.87109375;0.208984375;0.765625;0.701171875;0.1640625;0.302734375;0.638671875;0.625;0.17138671875;0.626953125;0.552734375;0.14453125;0.8
8;8;81.25;0.140625;0.3125;0.546875;0.17578125;0.12109375;0.625;0.609375;0.1796875;0.734375;0.625;0.1640625;0.6640625;0.640625;0.181640625;0.322265625;0.6875;0.765625;0.20703125;0.7734375;0.7890625;0.201171875;0.7890625;0.796875;0.201171875;0.7109375;0.69921875;0.1865234375;0.3408203125;0.70703125;0.72265625;0.2021484375;0.765625;0.76953125;0.2021484375;0.78515625;0.7890625;0.1953125;0.7890625;0.78125;0.1875;0.78125;0.74609375;0.1748046875;0.654296875;0.322265625;0.0537109375;0.1591796875;0.43359375;0.283203125;0.0478515625;0.42578125;0.283203125;0.04931640625;0.7;0.140625;0.34375;0.546875;0.17578125;0.125;0.59375;0.578125;0.16796875;0.703125;0.59375;0.16015625;0.640625;0.609375;0.177734375;0.3125;0.671875;0.7578125;0.20703125;0.765625;0.8125;0.2109375;0.796875;0.828125;0.212890625;0.71484375;0.74609375;0.2001953125;0.34765625;0.7265625;0.74609375;0.2109375;0.7890625;0.8125;0.21484375;0.82421875;0.85546875;0.216796875;0.83984375;0.86328125;0.21484375;0.8515625;0.8671875;0.2109375;0.765625;0.705078125;0.16943359375;0.30322265625;0.654296875;0.642578125;0.17529296875;0.64453125;0.576171875;0.1513671875;0.8
9;9;83.9;0.140625;0.3125;0.546875;0.17578125;0.12109375;0.625;0.59375;0.171875;0.71875;0.609375;0.16015625;0.6484375;0.6171875;0.177734375;0.3203125;0.671875;0.734375;0.201171875;0.75;0.78125;0.201171875;0.78125;0.7890625;0.19921875;0.69921875;0.69921875;0.1904296875;0.3349609375;0.703125;0.73046875;0.2060546875;0.76953125;0.78125;0.2080078125;0.79296875;0.8125;0.205078125;0.8046875;0.80078125;0.1953125;0.80078125;0.7734375;0.1826171875;0.677734375;0.353515625;0.060546875;0.177734375;0.453125;0.283203125;0.046875;0.439453125;0.28515625;0.0498046875;0.8;0.140625;0.34375;0.578125;0.1796875;0.125;0.625;0.609375;0.1796875;0.734375;0.703125;0.18359375;0.671875;0.6640625;0.189453125;0.322265625;0.6796875;0.7734375;0.2109375;0.7734375;0.8203125;0.21484375;0.796875;0.828125;0.212890625;0.71484375;0.73828125;0.201171875;0.3486328125;0.71875;0.7421875;0.2119140625;0.78125;0.8046875;0.21484375;0.8203125;0.8515625;0.2177734375;0.8359375;0.86328125;0.2158203125;0.8515625;0.8671875;0.2119140625;0.763671875;0.697265625;0.16748046875;0.3037109375;0.65234375;0.640625;0.17431640625;0.634765625;0.560546875;0.1474609375;0.8
10;10;83.63;0.140625;0.3125;0.546875;0.17578125;0.1171875;0.625;0.609375;0.1796875;0.734375;0.625;0.16015625;0.65625;0.6171875;0.1796875;0.318359375;0.671875;0.734375;0.201171875;0.7578125;0.78125;0.201171875;0.7734375;0.7890625;0.203125;0.703125;0.6953125;0.1904296875;0.3369140625;0.703125;0.7265625;0.2060546875;0.76953125;0.78515625;0.2080078125;0.79296875;0.8046875;0.2021484375;0.796875;0.79296875;0.1943359375;0.796875;0.7578125;0.1796875;0.673828125;0.34765625;0.06005859375;0.17431640625;0.44140625;0.26953125;0.0458984375;0.431640625;0.275390625;0.04833984375;0.8;0.140625;0.34375;0.5625;0.17578125;0.125;0.609375;0.625;0.18359375;0.734375;0.703125;0.18359375;0.6640625;0.65625;0.1875;0.3203125;0.671875;0.765625;0.2109375;0.765625;0.8203125;0.21484375;0.7890625;0.828125;0.21484375;0.71484375;0.734375;0.2021484375;0.3505859375;0.71484375;0.73828125;0.2119140625;0.78125;0.80859375;0.2158203125;0.8203125;0.84765625;0.2177734375;0.83203125;0.85546875;0.21484375;0.84765625;0.85546875;0.2109375;0.759765625;0.6796875;0.16552734375;0.30224609375;0.638671875;0.619140625;0.1728515625;0.623046875;0.54296875;0.14794921875;0.8
11;11;86.04;0.140625;0.3125;0.5625;0.1796875;0.1171875;0.625;0.625;0.1796875;0.734375;0.625;0.1640625;0.6640625;0.6328125;0.18359375;0.322265625;0.671875;0.734375;0.203125;0.7578125;0.7734375;0.201171875;0.7734375;0.78125;0.201171875;0.703125;0.6953125;0.193359375;0.3369140625;0.703125;0.7265625;0.2080078125;0.76953125;0.7890625;0.2109375;0.796875;0.8203125;0.208984375;0.80859375;0.80859375;0.2001953125;0.8046875;0.7734375;0.185546875;0.685546875;0.37890625;0.0654296875;0.185546875;0.46875;0.333984375;0.0625;0.451171875;0.306640625;0.05615234375;0.7;0.15625;0.34375;0.578125;0.18359375;0.125;0.625;0.640625;0.1875;0.75;0.734375;0.19140625;0.671875;0.6640625;0.19140625;0.3203125;0.671875;0.765625;0.2109375;0.765625;0.8125;0.21484375;0.7890625;0.8203125;0.21484375;0.7109375;0.72265625;0.201171875;0.349609375;0.70703125;0.73046875;0.2119140625;0.7734375;0.796875;0.2158203125;0.81640625;0.84765625;0.21875;0.83203125;0.8515625;0.2158203125;0.84375;0.8515625;0.2099609375;0.759765625;0.673828125;0.1630859375;0.3046875;0.634765625;0.623046875;0.17529296875;0.62109375;0.544921875;0.1494140625;0.8
12;12;84.12;0.140625;0.3125;0.546875;0.17578125;0.11328125;0.609375;0.609375;0.17578125;0.734375;0.625;0.1640625;0.65625;0.6328125;0.185546875;0.318359375;0.671875;0.734375;0.203125;0.7578125;0.78125;0.203125;0.7734375;0.7890625;0.203125;0.703125;0.6875;0.1923828125;0.337890625;0.69140625;0.7109375;0.205078125;0.7578125;0.7734375;0.208984375;0.7890625;0.80859375;0.20703125;0.80078125;0.80078125;0.2001953125;0.80078125;0.78125;0.1904296875;0.68359375;0.40234375;0.07470703125;0.18603515625;0.48828125;0.375;0.07421875;0.466796875;0.33203125;0.06494140625;0.8;0.15625;0.34375;0.5625;0.1796875;0.125;0.609375;0.609375;0.17578125;0.71875;0.671875;0.17578125;0.6484375;0.6171875;0.185546875;0.314453125;0.65625;0.7421875;0.208984375;0.7578125;0.8046875;0.212890625;0.78125;0.8125;0.212890625;0.70703125;0.71484375;0.2001953125;0.34765625;0.703125;0.72265625;0.2119140625;0.7734375;0.796875;0.2158203125;0.8125;0.84375;0.2177734375;0.828125;0.8515625;0.2158203125;0.84375;0.84765625;0.2109375;0.755859375;0.66015625;0.162109375;0.302734375;0.626953125;0.609375;0.1728515625;0.607421875;0.51953125;0.14697265625;0.8
13;13;84.34;0.140625;0.296875;0.53125;0.171875;0.11328125;0.609375;0.625;0.18359375;0.734375;0.640625;0.1640625;0.65625;0.6328125;0.185546875;0.3203125;0.671875;0.7421875;0.205078125;0.7578125;0.78125;0.205078125;0.7734375;0.7890625;0.205078125;0.69921875;0.68359375;0.19140625;0.33984375;0.6875;0.70703125;0.2041015625;0.75390625;0.765625;0.2060546875;0.78125;0.79296875;0.203125;0.7890625;0.78125;0.1943359375;0.7890625;0.74609375;0.1796875;0.671875;0.34765625;0.06103515625;0.1708984375;0.431640625;0.28515625;0.05126953125;0.419921875;0.279296875;0.05322265625;0.7;0.15625;0.328125;0.53125;0.171875;0.12109375;0.59375;0.609375;0.1796875;0.71875;0.640625;0.1640625;0.6484375;0.625;0.185546875;0.314453125;0.6640625;0.734375;0.20703125;0.75;0.7890625;0.2109375;0.78125;0.8046875;0.2109375;0.703125;0.703125;0.19921875;0.3466796875;0.703125;0.7265625;0.2109375;0.76953125;0.79296875;0.21484375;0.8046875;0.8359375;0.216796875;0.82421875;0.83984375;0.212890625;0.8359375;0.83203125;0.2060546875;0.744140625;0.611328125;0.142578125;0.29150390625;0.615234375;0.5703125;0.15478515625;0.59375;0.494140625;0.134765625;0.8
14;14;86.59;0.15625;0.3125;0.578125;0.18359375;0.12109375;0.609375;0.625;0.1875;0.75;0.6875;0.17578125;0.671875;0.65625;0.19140625;0.328125;0.6796875;0.7578125;0.2109375;0.7734375;0.8046875;0.212890625;0.7890625;0.8046875;0.208984375;0.70703125;0.703125;0.1962890625;0.3466796875;0.69921875;0.72265625;0.2080078125;0.76171875;0.77734375;0.2099609375;0.78515625;0.8046875;0.20703125;0.796875;0.80078125;0.201171875;0.80078125;0.78515625;0.1923828125;0.6875;0.41015625;0.07763671875;0.18603515625;0.478515625;0.3671875;0.07177734375;0.455078125;0.314453125;0.0625;0.8;0.15625;0.34375;0.59375;0.1796875;0.125;0.609375;0.625;0.18359375;0.734375;0.71875;0.18359375;0.65625;0.6328125;0.189453125;0.318359375;0.65625;0.75;0.2109375;0.7578125;0.796875;0.216796875;0.78125;0.8125;0.21484375;0.703125;0.70703125;0.201171875;0.34765625;0.6953125;0.72265625;0.2119140625;0.765625;0.79296875;0.2158203125;0.8046875;0.83203125;0.2177734375;0.82421875;0.84375;0.2158203125;0.8359375;0.84375;0.212890625;0.751953125;0.658203125;0.16259765625;0.30322265625;0.6171875;0.6015625;0.1728515625;0.59765625;0.501953125;0.14208984375;0.8
15;15;84.96;0.15625;0.3125;0.546875;0.17578125;0.1171875;0.609375;0.609375;0.1796875;0.734375;0.65625;0.171875;0.65625;0.6328125;0.1875;0.3203125;0.6640625;0.7421875;0.20703125;0.7578125;0.7890625;0.208984375;0.7734375;0.7890625;0.20703125;0.69921875;0.6875;0.1953125;0.33984375;0.6875;0.71484375;0.2080078125;0.7578125;0.7734375;0.2109375;0.7890625;0.8046875;0.208984375;0.80078125;0.80078125;0.2021484375;0.80078125;0.7734375;0.1884765625;0.69140625;0.3828125;0.06982421875;0.1904296875;0.4609375;0.302734375;0.05712890625;0.439453125;0.296875;0.0595703125;0.8;0.15625;0.328125;0.5625;0.17578125;0.12109375;0.59375;0.59375;0.1796875;0.734375;0.703125;0.1796875;0.6484375;0.625;0.1875;0.314453125;0.6484375;0.7421875;0.2109375;0.7578125;0.8046875;0.21484375;0.78125;0.8046875;0.21484375;0.69921875;0.69921875;0.2001953125;0.34765625;0.6875;0.71484375;0.2119140625;0.76171875;0.7890625;0.2158203125;0.80078125;0.83203125;0.21875;0.82421875;0.84375;0.2177734375;0.8359375;0.84375;0.2119140625;0.75390625;0.66015625;0.16357421875;0.30419921875;0.62109375;0.609375;0.17578125;0.603515625;0.513671875;0.14697265625;0.8
16;16;86.56;0.15625;0.3125;0.5625;0.1796875;0.1171875;0.59375;0.609375;0.17578125;0.734375;0.640625;0.16796875;0.65625;0.6328125;0.189453125;0.3203125;0.65625;0.7421875;0.208984375;0.7578125;0.796875;0.212890625;0.78125;0.8046875;0.212890625;0.70703125;0.703125;0.2001953125;0.345703125;0.69921875;0.72265625;0.2109375;0.765625;0.78515625;0.2138671875;0.796875;0.82421875;0.21484375;0.8125;0.82421875;0.2109375;0.8203125;0.8046875;0.19921875;0.71484375;0.44921875;0.0869140625;0.21435546875;0.50390625;0.353515625;0.068359375;0.478515625;0.337890625;0.06884765625;0.8;0.15625;0.328125;0.578125;0.1796875;0.12109375;0.59375;0.609375;0.1796875;0.734375;0.671875;0.17578125;0.6484375;0.625;0.189453125;0.3125;0.6484375;0.7421875;0.212890625;0.75;0.796875;0.216796875;0.7734375;0.8046875;0.21484375;0.69921875;0.69921875;0.201171875;0.34765625;0.6875;0.71484375;0.2119140625;0.76171875;0.78515625;0.216796875;0.80078125;0.8359375;0.2197265625;0.8203125;0.84375;0.21875;0.8359375;0.84765625;0.21484375;0.75390625;0.658203125;0.1650390625;0.3056640625;0.630859375;0.619140625;0.1767578125;0.609375;0.51953125;0.1474609375;0.8
17;17;84.64;0.15625;0.3125;0.5625;0.17578125;0.1171875;0.609375;0.625;0.18359375;0.734375;0.671875;0.171875;0.65625;0.6484375;0.19140625;0.322265625;0.671875;0.75;0.2109375;0.765625;0.796875;0.212890625;0.78125;0.796875;0.208984375;0.703125;0.6875;0.197265625;0.3447265625;0.68359375;0.70703125;0.2080078125;0.75390625;0.76953125;0.2119140625;0.78515625;0.80078125;0.2099609375;0.796875;0.80078125;0.2041015625;0.8046875;0.78515625;0.1962890625;0.697265625;0.431640625;0.08447265625;0.19775390625;0.478515625;0.353515625;0.0693359375;0.451171875;0.326171875;0.0712890625;0.8;0.15625;0.328125;0.5625;0.17578125;0.12109375;0.59375;0.625;0.18359375;0.734375;0.703125;0.1796875;0.6484375;0.6328125;0.19140625;0.314453125;0.65625;0.75;0.212890625;0.75;0.8046875;0.216796875;0.78125;0.8125;0.21484375;0.6953125;0.6875;0.2001953125;0.3486328125;0.68359375;0.7109375;0.2119140625;0.75390625;0.77734375;0.2158203125;0.796875;0.82421875;0.2177734375;0.81640625;0.8359375;0.216796875;0.828125;0.8359375;0.2119140625;0.74609375;0.630859375;0.15966796875;0.30419921875;0.595703125;0.578125;0.1708984375;0.576171875;0.478515625;0.1416015625;0.8
18;18;86.91;0.15625;0.3125;0.5625;0.1796875;0.1171875;0.59375;0.625;0.18359375;0.734375;0.671875;0.171875;0.65625;0.6484375;0.19140625;0.322265625;0.6640625;0.734375;0.20703125;0.75;0.7734375;0.205078125;0.765625;0.7734375;0.205078125;0.69140625;0.66796875;0.1923828125;0.337890625;0.671875;0.6953125;0.2060546875;0.7421875;0.7578125;0.2099609375;0.77734375;0.79296875;0.2080078125;0.7890625;0.78515625;0.2001953125;0.79296875;0.76171875;0.1884765625;0.685546875;0.3984375;0.076171875;0.185546875;0.4609375;0.322265625;0.06396484375;0.431640625;0.302734375;0.06689453125;0.8;0.15625;0.328125;0.578125;0.1796875;0.12109375;0.609375;0.640625;0.1875;0.734375;0.734375;0.19140625;0.65625;0.6484375;0.193359375;0.31640625;0.65625;0.7421875;0.2109375;0.75;0.796875;0.216796875;0.7734375;0.796875;0.21484375;0.69140625;0.68359375;0.19921875;0.34765625;0.6796875;0.703125;0.2119140625;0.75;0.77734375;0.2158203125;0.79296875;0.82421875;0.2177734375;0.8125;0.83203125;0.2158203125;0.828125;0.8359375;0.2119140625;0.744140625;0.634765625;0.16162109375;0.3056640625;0.59765625;0.58984375;0.173828125;0.578125;0.4765625;0.142578125;0.8
19;19;88.16;0.15625;0.3125;0.578125;0.1796875;0.1171875;0.59375;0.609375;0.1796875;0.734375;0.65625;0.16796875;0.6484375;0.6328125;0.189453125;0.322265625;0.65625;0.734375;0.20703125;0.7421875;0.765625;0.205078125;0.765625;0.7734375;0.205078125;0.6875;0.66796875;0.193359375;0.3369140625;0.66796875;0.6953125;0.20703125;0.7421875;0.76171875;0.2119140625;0.78125;0.796875;0.2099609375;0.79296875;0.796875;0.2060546875;0.796875;0.7734375;0.1923828125;0.6953125;0.421875;0.08203125;0.19775390625;0.46484375;0.326171875;0.06494140625;0.44921875;0.330078125;0.076171875;0.8;0.15625;0.328125;0.578125;0.1796875;0.12109375;0.59375;0.609375;0.1796875;0.734375;0.703125;0.1875;0.6484375;0.640625;0.19140625;0.314453125;0.640625;0.7421875;0.2109375;0.7421875;0.7890625;0.21484375;0.765625;0.796875;0.21484375;0.6875;0.6796875;0.2001953125;0.3447265625;0.67578125;0.69921875;0.2119140625;0.75;0.77734375;0.216796875;0.79296875;0.82421875;0.2197265625;0.8125;0.83203125;0.21875;0.828125;0.8359375;0.21484375;0.74609375;0.634765625;0.16455078125;0.306640625;0.607421875;0.587890625;0.173828125;0.583984375;0.482421875;0.14404296875;0.8
20;20;87.68;0.15625;0.296875;0.5625;0.17578125;0.11328125;0.578125;0.609375;0.17578125;0.71875;0.625;0.16015625;0.640625;0.6328125;0.189453125;0.314453125;0.6484375;0.734375;0.208984375;0.7421875;0.7734375;0.20703125;0.765625;0.7890625;0.208984375;0.6875;0.66796875;0.1962890625;0.3369140625;0.66796875;0.6953125;0.208984375;0.7421875;0.76953125;0.2138671875;0.78125;0.80859375;0.2138671875;0.796875;0.8046875;0.208984375;0.8046875;0.7890625;0.19921875;0.705078125;0.47265625;0.09912109375;0.212890625;0.49609375;0.388671875;0.083984375;0.46484375;0.333984375;0.07568359375;0.7;0.15625;0.3125;0.5625;0.171875;0.1171875;0.578125;0.59375;0.17578125;0.703125;0.65625;0.171875;0.6328125;0.6015625;0.1875;0.306640625;0.6328125;0.7265625;0.2109375;0.734375;0.7734375;0.2109375;0.765625;0.796875;0.21484375;0.6875;0.6796875;0.2001953125;0.3427734375;0.671875;0.703125;0.2119140625;0.74609375;0.77734375;0.216796875;0.7890625;0.82421875;0.21875;0.80859375;0.828125;0.2177734375;0.82421875;0.828125;0.212890625;0.7421875;0.625;0.16357421875;0.3046875;0.6015625;0.580078125;0.17431640625;0.578125;0.46875;0.14208984375;0.8
21;21;87.85;0.15625;0.296875;0.546875;0.171875;0.11328125;0.578125;0.59375;0.17578125;0.71875;0.640625;0.16015625;0.640625;0.625;0.189453125;0.314453125;0.6484375;0.7421875;0.2109375;0.75;0.78125;0.2109375;0.765625;0.7890625;0.2109375;0.6875;0.66796875;0.1962890625;0.3408203125;0.66796875;0.69140625;0.20703125;0.7421875;0.76171875;0.212890625;0.78125;0.8046875;0.212890625;0.796875;0.796875;0.20703125;0.80078125;0.78125;0.1982421875;0.703125;0.466796875;0.09716796875;0.20947265625;0.490234375;0.376953125;0.08203125;0.458984375;0.34765625;0.083984375;0.8;0.15625;0.328125;0.546875;0.16796875;0.12109375;0.578125;0.609375;0.1796875;0.71875;0.703125;0.1796875;0.6328125;0.6171875;0.19140625;0.310546875;0.640625;0.734375;0.212890625;0.7421875;0.7890625;0.216796875;0.765625;0.796875;0.216796875;0.6875;0.67578125;0.2001953125;0.345703125;0.671875;0.69921875;0.2119140625;0.74609375;0.7734375;0.216796875;0.7890625;0.82421875;0.2197265625;0.8125;0.828125;0.2177734375;0.82421875;0.83203125;0.21484375;0.744140625;0.626953125;0.1650390625;0.306640625;0.603515625;0.5859375;0.17626953125;0.57421875;0.4609375;0.140625;0.8
22;22;88.2;0.15625;0.296875;0.5625;0.17578125;0.11328125;0.59375;0.625;0.1796875;0.71875;0.65625;0.16796875;0.640625;0.6328125;0.19140625;0.31640625;0.6484375;0.7421875;0.2109375;0.75;0.7890625;0.21484375;0.7734375;0.796875;0.212890625;0.69140625;0.68359375;0.19921875;0.34375;0.67578125;0.70703125;0.208984375;0.74609375;0.76953125;0.2138671875;0.78125;0.8046875;0.2138671875;0.796875;0.80078125;0.2080078125;0.80078125;0.78515625;0.1982421875;0.705078125;0.458984375;0.0947265625;0.2138671875;0.482421875;0.3359375;0.06884765625;0.455078125;0.326171875;0.07666015625;0.8;0.15625;0.3125;0.578125;0.17578125;0.1171875;0.59375;0.609375;0.1796875;0.71875;0.703125;0.17578125;0.6328125;0.6171875;0.19140625;0.310546875;0.6328125;0.734375;0.212890625;0.734375;0.7890625;0.216796875;0.765625;0.796875;0.216796875;0.68359375;0.67578125;0.2001953125;0.3447265625;0.66796875;0.69921875;0.2119140625;0.7421875;0.76953125;0.216796875;0.78515625;0.8125;0.21875;0.8046875;0.8203125;0.216796875;0.8203125;0.82421875;0.212890625;0.73828125;0.615234375;0.162109375;0.30517578125;0.595703125;0.583984375;0.17431640625;0.5703125;0.4609375;0.142578125;0.8
23;23;88.77;0.15625;0.3125;0.578125;0.1796875;0.11328125;0.578125;0.609375;0.17578125;0.71875;0.640625;0.16015625;0.6328125;0.609375;0.1875;0.314453125;0.6328125;0.7265625;0.20703125;0.734375;0.7578125;0.205078125;0.75;0.765625;0.203125;0.67578125;0.65234375;0.193359375;0.3330078125;0.6484375;0.6796875;0.2060546875;0.73046875;0.75390625;0.2119140625;0.76953125;0.79296875;0.2109375;0.78515625;0.78515625;0.205078125;0.7890625;0.76953125;0.1953125;0.689453125;0.42578125;0.0888671875;0.201171875;0.46875;0.34765625;0.07421875;0.435546875;0.32421875;0.08056640625;0.8;0.15625;0.328125;0.578125;0.1796875;0.1171875;0.578125;0.609375;0.18359375;0.734375;0.734375;0.19140625;0.6328125;0.6171875;0.19140625;0.30859375;0.625;0.734375;0.212890625;0.734375;0.78125;0.21484375;0.7578125;0.796875;0.21484375;0.6796875;0.671875;0.2001953125;0.341796875;0.65625;0.69140625;0.2119140625;0.73828125;0.76953125;0.216796875;0.78125;0.81640625;0.21875;0.80078125;0.81640625;0.216796875;0.81640625;0.8203125;0.212890625;0.734375;0.60546875;0.15966796875;0.3046875;0.587890625;0.5625;0.17138671875;0.55078125;0.435546875;0.13916015625;0.8
24;24;89.39;0.15625;0.296875;0.5625;0.171875;0.11328125;0.578125;0.609375;0.17578125;0.703125;0.625;0.15625;0.6328125;0.625;0.19140625;0.310546875;0.640625;0.734375;0.208984375;0.7421875;0.7734375;0.208984375;0.7578125;0.78125;0.208984375;0.6796875;0.6640625;0.1962890625;0.3369140625;0.65625;0.69140625;0.2080078125;0.734375;0.7578125;0.2138671875;0.7734375;0.796875;0.2138671875;0.7890625;0.79296875;0.2080078125;0.79296875;0.7734375;0.197265625;0.6953125;0.44140625;0.09228515625;0.21044921875;0.48046875;0.36328125;0.07861328125;0.447265625;0.32421875;0.08203125;0.8;0.15625;0.328125;0.5625;0.171875;0.1171875;0.578125;0.59375;0.17578125;0.703125;0.671875;0.1796875;0.6328125;0.609375;0.189453125;0.306640625;0.6328125;0.734375;0.212890625;0.734375;0.7890625;0.216796875;0.765625;0.796875;0.216796875;0.6796875;0.671875;0.2001953125;0.34375;0.66015625;0.6953125;0.2119140625;0.73828125;0.765625;0.216796875;0.78125;0.8125;0.21875;0.80078125;0.8203125;0.2177734375;0.81640625;0.8203125;0.2138671875;0.734375;0.603515625;0.16015625;0.3056640625;0.587890625;0.564453125;0.17236328125;0.546875;0.42578125;0.13671875;0.8
25;25;88.96;0.15625;0.296875;0.5625;0.17578125;0.11328125;0.578125;0.609375;0.1796875;0.71875;0.671875;0.171875;0.640625;0.6171875;0.189453125;0.314453125;0.640625;0.7265625;0.208984375;0.734375;0.7734375;0.208984375;0.7578125;0.7734375;0.20703125;0.67578125;0.66015625;0.197265625;0.3369140625;0.66015625;0.69140625;0.2099609375;0.734375;0.7578125;0.2138671875;0.7734375;0.80078125;0.21484375;0.7890625;0.80859375;0.212890625;0.80078125;0.79296875;0.2041015625;0.705078125;0.4921875;0.1103515625;0.22802734375;0.513671875;0.3984375;0.09130859375;0.47265625;0.3515625;0.09033203125;0.8;0.15625;0.3125;0.578125;0.17578125;0.1171875;0.578125;0.625;0.18359375;0.71875;0.734375;0.19140625;0.6328125;0.6171875;0.19140625;0.30859375;0.625;0.734375;0.212890625;0.734375;0.78125;0.216796875;0.7578125;0.7890625;0.216796875;0.6796875;0.66796875;0.201171875;0.3427734375;0.66015625;0.6953125;0.2119140625;0.73828125;0.765625;0.216796875;0.78125;0.8125;0.2197265625;0.80078125;0.82421875;0.21875;0.81640625;0.8203125;0.21484375;0.736328125;0.611328125;0.1640625;0.30810546875;0.591796875;0.5703125;0.17431640625;0.55859375;0.439453125;0.140625;0.8
26;26;88.25;0.15625;0.296875;0.578125;0.17578125;0.11328125;0.578125;0.609375;0.17578125;0.71875;0.640625;0.16015625;0.6328125;0.625;0.19140625;0.314453125;0.640625;0.7421875;0.2109375;0.734375;0.7734375;0.2109375;0.7578125;0.7734375;0.20703125;0.6796875;0.65625;0.1962890625;0.337890625;0.65625;0.6875;0.208984375;0.73046875;0.7578125;0.21484375;0.7734375;0.80078125;0.2158203125;0.7890625;0.8046875;0.2119140625;0.80078125;0.79296875;0.2041015625;0.70703125;0.486328125;0.109375;0.228515625;0.505859375;0.40234375;0.09423828125;0.46875;0.345703125;0.09326171875;0.8;0.15625;0.3125;0.578125;0.17578125;0.1171875;0.578125;0.640625;0.1875;0.71875;0.734375;0.19140625;0.6328125;0.6171875;0.193359375;0.30859375;0.625;0.7421875;0.21484375;0.734375;0.78125;0.216796875;0.7578125;0.7890625;0.216796875;0.67578125;0.6640625;0.2001953125;0.3427734375;0.65625;0.69140625;0.212890625;0.734375;0.76171875;0.216796875;0.77734375;0.8125;0.2197265625;0.80078125;0.8203125;0.21875;0.81640625;0.82421875;0.2158203125;0.734375;0.609375;0.16357421875;0.3076171875;0.58984375;0.56640625;0.17431640625;0.5546875;0.435546875;0.1396484375;0.8
27;27;88.63;0.15625;0.296875;0.5625;0.17578125;0.109375;0.578125;0.609375;0.17578125;0.71875;0.65625;0.16796875;0.640625;0.625;0.19140625;0.314453125;0.640625;0.734375;0.2109375;0.734375;0.7734375;0.2109375;0.7578125;0.78125;0.2109375;0.6796875;0.66015625;0.1982421875;0.3369140625;0.65625;0.69140625;0.208984375;0.73046875;0.7578125;0.2138671875;0.76953125;0.796875;0.2138671875;0.78515625;0.796875;0.208984375;0.79296875;0.7734375;0.1982421875;0.6953125;0.447265625;0.095703125;0.2177734375;0.482421875;0.361328125;0.08154296875;0.447265625;0.330078125;0.08935546875;0.8;0.15625;0.3125;0.578125;0.17578125;0.11328125;0.578125;0.625;0.18359375;0.71875;0.71875;0.19140625;0.6328125;0.625;0.193359375;0.30859375;0.6171875;0.734375;0.21484375;0.7265625;0.78125;0.216796875;0.7578125;0.7890625;0.216796875;0.67578125;0.6640625;0.2001953125;0.341796875;0.65234375;0.6953125;0.212890625;0.734375;0.765625;0.216796875;0.77734375;0.8125;0.2197265625;0.796875;0.8203125;0.21875;0.8125;0.8125;0.2138671875;0.73046875;0.59375;0.16015625;0.306640625;0.57421875;0.546875;0.17236328125;0.541015625;0.421875;0.138671875;0.8
28;28;88.84;0.15625;0.296875;0.5625;0.171875;0.109375;0.578125;0.609375;0.17578125;0.71875;0.640625;0.16015625;0.6328125;0.6171875;0.189453125;0.310546875;0.6328125;0.7421875;0.2109375;0.734375;0.78125;0.212890625;0.7578125;0.7890625;0.212890625;0.67578125;0.66015625;0.1982421875;0.3369140625;0.65234375;0.6875;0.208984375;0.73046875;0.76171875;0.2138671875;0.765625;0.796875;0.21484375;0.78515625;0.79296875;0.208984375;0.79296875;0.77734375;0.2001953125;0.69921875;0.46875;0.1044921875;0.2236328125;0.48828125;0.3671875;0.0859375;0.45703125;0.34375;0.09326171875;0.8;0.15625;0.3125;0.5625;0.171875;0.1171875;0.5625;0.59375;0.171875;0.703125;0.65625;0.16796875;0.6171875;0.5859375;0.185546875;0.302734375;0.6171875;0.7265625;0.212890625;0.71875;0.765625;0.212890625;0.75;0.78125;0.21484375;0.66796875;0.65625;0.2001953125;0.337890625;0.6484375;0.6875;0.2119140625;0.73046875;0.765625;0.216796875;0.7734375;0.80859375;0.2197265625;0.796875;0.81640625;0.2177734375;0.8125;0.81640625;0.21484375;0.728515625;0.59375;0.16259765625;0.3056640625;0.576171875;0.55078125;0.1728515625;0.541015625;0.423828125;0.1396484375;0.8
29;29;88.81;0.15625;0.296875;0.5625;0.17578125;0.11328125;0.578125;0.609375;0.17578125;0.71875;0.640625;0.16015625;0.625;0.6171875;0.189453125;0.310546875;0.625;0.734375;0.208984375;0.7265625;0.765625;0.20703125;0.75;0.7734375;0.208984375;0.66796875;0.6484375;0.197265625;0.3349609375;0.64453125;0.6875;0.2099609375;0.72265625;0.7578125;0.21484375;0.765625;0.796875;0.21484375;0.78515625;0.796875;0.2119140625;0.79296875;0.7890625;0.205078125;0.703125;0.494140625;0.11474609375;0.232421875;0.50390625;0.390625;0.0927734375;0.462890625;0.34375;0.0966796875;0.8;0.15625;0.3125;0.578125;0.17578125;0.1171875;0.578125;0.609375;0.1796875;0.71875;0.71875;0.18359375;0.625;0.609375;0.19140625;0.3046875;0.6171875;0.734375;0.212890625;0.7265625;0.7734375;0.21484375;0.75;0.78125;0.21484375;0.6640625;0.65234375;0.19921875;0.337890625;0.63671875;0.68359375;0.2119140625;0.72265625;0.76171875;0.216796875;0.76953125;0.80859375;0.2197265625;0.79296875;0.8125;0.2177734375;0.80859375;0.81640625;0.21484375;0.728515625;0.599609375;0.16455078125;0.30615234375;0.578125;0.556640625;0.17431640625;0.53515625;0.41015625;0.13525390625;0.8
30;30;87.42;0.15625;0.296875;0.5625;0.17578125;0.109375;0.578125;0.609375;0.17578125;0.71875;0.65625;0.1640625;0.625;0.609375;0.189453125;0.310546875;0.6171875;0.71875;0.20703125;0.71875;0.7578125;0.2109375;0.75;0.7734375;0.208984375;0.6640625;0.64453125;0.197265625;0.3330078125;0.63671875;0.6796875;0.208984375;0.72265625;0.75390625;0.21484375;0.765625;0.80078125;0.216796875;0.7890625;0.80078125;0.2138671875;0.796875;0.7890625;0.2060546875;0.70703125;0.501953125;0.11962890625;0.24072265625;0.513671875;0.408203125;0.099609375;0.46875;0.353515625;0.10205078125;0.8;0.15625;0.3125;0.578125;0.17578125;0.1171875;0.5625;0.625;0.1796875;0.71875;0.71875;0.1875;0.625;0.6015625;0.19140625;0.302734375;0.609375;0.7265625;0.212890625;0.71875;0.7734375;0.216796875;0.75;0.78125;0.216796875;0.6640625;0.65234375;0.19921875;0.3388671875;0.6328125;0.67578125;0.2109375;0.72265625;0.7578125;0.216796875;0.76953125;0.8046875;0.2197265625;0.79296875;0.8125;0.21875;0.80859375;0.80859375;0.21484375;0.7265625;0.583984375;0.1611328125;0.3056640625;0.572265625;0.548828125;0.1728515625;0.533203125;0.408203125;0.1376953125;0.8
31;31;90.34;0.15625;0.296875;0.546875;0.16796875;0.109375;0.5625;0.59375;0.17578125;0.703125;0.625;0.15625;0.625;0.625;0.193359375;0.30859375;0.6328125;0.734375;0.2109375;0.734375;0.7734375;0.21484375;0.7578125;0.78125;0.212890625;0.67578125;0.65625;0.1982421875;0.337890625;0.640625;0.68359375;0.2099609375;0.72265625;0.75390625;0.21484375;0.765625;0.80078125;0.216796875;0.78515625;0.80078125;0.2138671875;0.79296875;0.7890625;0.20703125;0.705078125;0.513671875;0.1240234375;0.2431640625;0.521484375;0.439453125;0.1103515625;0.478515625;0.3671875;0.1064453125;0.8;0.15625;0.3125;0.546875;0.16796875;0.1171875;0.5625;0.609375;0.17578125;0.703125;0.6875;0.17578125;0.6171875;0.609375;0.19140625;0.30078125;0.6171875;0.734375;0.212890625;0.71875;0.7734375;0.216796875;0.75;0.78125;0.216796875;0.66796875;0.65234375;0.19921875;0.33984375;0.63671875;0.68359375;0.2119140625;0.72265625;0.7578125;0.216796875;0.76953125;0.8046875;0.2197265625;0.79296875;0.8125;0.21875;0.80859375;0.8125;0.2158203125;0.7265625;0.587890625;0.1630859375;0.306640625;0.580078125;0.55859375;0.17529296875;0.541015625;0.416015625;0.1396484375;0.8
32;32;87.17;0.15625;0.296875;0.5625;0.17578125;0.11328125;0.5625;0.609375;0.17578125;0.71875;0.640625;0.16015625;0.625;0.609375;0.189453125;0.30859375;0.6171875;0.71875;0.208984375;0.71875;0.765625;0.2109375;0.7421875;0.7734375;0.2109375;0.66015625;0.64453125;0.197265625;0.3330078125;0.6328125;0.6796875;0.208984375;0.71875;0.7578125;0.2158203125;0.76171875;0.796875;0.2177734375;0.78515625;0.8046875;0.21484375;0.796875;0.796875;0.208984375;0.708984375;0.52734375;0.1318359375;0.25048828125;0.541015625;0.4609375;0.11962890625;0.494140625;0.37890625;0.11328125;0.8;0.15625;0.3125;0.5625;0.171875;0.11328125;0.5625;0.59375;0.17578125;0.71875;0.703125;0.1796875;0.609375;0.59375;0.189453125;0.30078125;0.6015625;0.71875;0.212890625;0.7109375;0.7734375;0.21484375;0.7421875;0.78125;0.216796875;0.66015625;0.64453125;0.1982421875;0.3369140625;0.62890625;0.67578125;0.2109375;0.71875;0.7578125;0.216796875;0.765625;0.8046875;0.2197265625;0.7890625;0.8125;0.21875;0.8046875;0.80859375;0.21484375;0.72265625;0.587890625;0.16357421875;0.30712890625;0.576171875;0.556640625;0.17578125;0.5390625;0.421875;0.14111328125;0.8
33;33;90.38;0.15625;0.296875;0.5625;0.171875;0.109375;0.5625;0.609375;0.17578125;0.71875;0.640625;0.16015625;0.625;0.6171875;0.193359375;0.30859375;0.625;0.7265625;0.2109375;0.7265625;0.78125;0.21484375;0.7578125;0.78125;0.21484375;0.671875;0.65625;0.2001953125;0.337890625;0.640625;0.6875;0.2109375;0.72265625;0.76171875;0.216796875;0.765625;0.8046875;0.21875;0.7890625;0.80859375;0.216796875;0.80078125;0.796875;0.2099609375;0.7109375;0.52734375;0.1328125;0.26171875;0.5390625;0.431640625;0.1103515625;0.48828125;0.361328125;0.1064453125;0.8;0.15625;0.3125;0.5625;0.171875;0.11328125;0.5625;0.609375;0.1796875;0.734375;0.71875;0.1875;0.6171875;0.609375;0.193359375;0.302734375;0.6015625;0.71875;0.2109375;0.7109375;0.7734375;0.216796875;0.7421875;0.78125;0.216796875;0.66015625;0.64453125;0.2001953125;0.3369140625;0.62890625;0.67578125;0.2119140625;0.71875;0.7578125;0.216796875;0.765625;0.8046875;0.220703125;0.7890625;0.80859375;0.21875;0.8046875;0.80859375;0.2158203125;0.72265625;0.58203125;0.1640625;0.306640625;0.578125;0.544921875;0.17431640625;0.537109375;0.408203125;0.138671875;0.8
34;34;88.02;0.15625;0.296875;0.5625;0.171875;0.11328125;0.578125;0.609375;0.17578125;0.71875;0.65625;0.1640625;0.625;0.6171875;0.19140625;0.30859375;0.6171875;0.7265625;0.2109375;0.71875;0.765625;0.212890625;0.7421875;0.7734375;0.208984375;0.66015625;0.640625;0.1953125;0.3330078125;0.625;0.671875;0.2080078125;0.7109375;0.74609375;0.2138671875;0.75390625;0.78515625;0.2138671875;0.7734375;0.78125;0.2099609375;0.77734375;0.76171875;0.2001953125;0.6875;0.466796875;0.111328125;0.2275390625;0.484375;0.396484375;0.10205078125;0.447265625;0.34765625;0.1083984375;0.8;0.15625;0.3125;0.53125;0.1640625;0.11328125;0.546875;0.578125;0.16796875;0.703125;0.65625;0.1640625;0.6015625;0.59375;0.189453125;0.294921875;0.6015625;0.71875;0.212890625;0.703125;0.765625;0.21484375;0.7421875;0.7734375;0.216796875;0.65625;0.640625;0.1982421875;0.3359375;0.625;0.67578125;0.2109375;0.71484375;0.76171875;0.2177734375;0.76171875;0.80078125;0.2197265625;0.78515625;0.80859375;0.21875;0.80078125;0.8046875;0.21484375;0.71875;0.572265625;0.16162109375;0.30517578125;0.5625;0.537109375;0.173828125;0.525390625;0.400390625;0.1376953125;0.8
35;35;90.23;0.15625;0.296875;0.5625;0.17578125;0.109375;0.5625;0.609375;0.17578125;0.703125;0.609375;0.15234375;0.6171875;0.609375;0.189453125;0.306640625;0.6171875;0.7265625;0.208984375;0.71875;0.765625;0.212890625;0.7421875;0.7734375;0.212890625;0.66015625;0.640625;0.197265625;0.333984375;0.62890625;0.67578125;0.2099609375;0.7109375;0.74609375;0.21484375;0.75390625;0.7890625;0.216796875;0.77734375;0.79296875;0.212890625;0.78515625;0.77734375;0.205078125;0.697265625;0.490234375;0.12060546875;0.2412109375;0.501953125;0.412109375;0.10595703125;0.45703125;0.35546875;0.11181640625;0.8;0.15625;0.3125;0.578125;0.17578125;0.11328125;0.5625;0.625;0.18359375;0.71875;0.703125;0.18359375;0.6171875;0.6015625;0.19140625;0.30078125;0.6015625;0.7265625;0.212890625;0.7109375;0.7734375;0.216796875;0.7421875;0.78125;0.216796875;0.65625;0.63671875;0.1982421875;0.337890625;0.625;0.6796875;0.2119140625;0.71484375;0.75390625;0.216796875;0.76171875;0.796875;0.2197265625;0.78515625;0.80859375;0.21875;0.80078125;0.8046875;0.21484375;0.71875;0.572265625;0.162109375;0.30615234375;0.56640625;0.529296875;0.1728515625;0.521484375;0.384765625;0.13623046875;0.8
36;36;90.22;0.15625;0.296875;0.578125;0.17578125;0.109375;0.5625;0.609375;0.17578125;0.703125;0.625;0.15625;0.6171875;0.609375;0.19140625;0.306640625;0.6171875;0.7265625;0.208984375;0.71875;0.7734375;0.212890625;0.7421875;0.78125;0.212890625;0.66015625;0.640625;0.197265625;0.3330078125;0.62890625;0.6796875;0.2099609375;0.7109375;0.75;0.21484375;0.75390625;0.796875;0.2177734375;0.77734375;0.80078125;0.21484375;0.7890625;0.78515625;0.208984375;0.703125;0.517578125;0.13232421875;0.25341796875;0.5234375;0.443359375;0.11669921875;0.470703125;0.357421875;0.1142578125;0.8;0.15625;0.3125;0.578125;0.171875;0.11328125;0.5625;0.625;0.18359375;0.71875;0.703125;0.1796875;0.609375;0.6015625;0.19140625;0.298828125;0.6015625;0.7265625;0.2109375;0.703125;0.765625;0.216796875;0.7421875;0.78125;0.216796875;0.65625;0.63671875;0.1982421875;0.3349609375;0.62109375;0.67578125;0.2109375;0.70703125;0.75390625;0.216796875;0.7578125;0.796875;0.2197265625;0.78125;0.8046875;0.21875;0.796875;0.8046875;0.2158203125;0.716796875;0.578125;0.16455078125;0.30615234375;0.57421875;0.54296875;0.17578125;0.525390625;0.388671875;0.13623046875;0.8
37;37;90.13;0.15625;0.296875;0.5625;0.171875;0.11328125;0.5625;0.625;0.1796875;0.71875;0.65625;0.1640625;0.625;0.625;0.193359375;0.30859375;0.6171875;0.7265625;0.2109375;0.7265625;0.78125;0.216796875;0.75;0.78125;0.21484375;0.6640625;0.64453125;0.1982421875;0.337890625;0.6328125;0.68359375;0.2109375;0.71484375;0.7578125;0.216796875;0.7578125;0.796875;0.21875;0.78125;0.8046875;0.2158203125;0.79296875;0.79296875;0.2109375;0.705078125;0.525390625;0.13916015625;0.2607421875;0.529296875;0.458984375;0.12841796875;0.482421875;0.373046875;0.119140625;0.8;0.15625;0.3125;0.5625;0.171875;0.11328125;0.5625;0.625;0.18359375;0.71875;0.71875;0.19140625;0.609375;0.609375;0.193359375;0.298828125;0.6015625;0.7265625;0.212890625;0.7109375;0.7734375;0.21875;0.7421875;0.78125;0.216796875;0.65625;0.6328125;0.197265625;0.337890625;0.62109375;0.67578125;0.2119140625;0.7109375;0.7578125;0.216796875;0.76171875;0.796875;0.2197265625;0.78515625;0.8046875;0.21875;0.796875;0.8046875;0.2158203125;0.716796875;0.572265625;0.1640625;0.306640625;0.5625;0.529296875;0.173828125;0.515625;0.380859375;0.134765625;0.8
38;38;88.81;0.15625;0.296875;0.5625;0.171875;0.10546875;0.546875;0.59375;0.16796875;0.703125;0.625;0.15625;0.609375;0.6015625;0.189453125;0.302734375;0.609375;0.71875;0.208984375;0.7109375;0.765625;0.2109375;0.734375;0.765625;0.2109375;0.65234375;0.62890625;0.1962890625;0.3291015625;0.6171875;0.67578125;0.2099609375;0.70703125;0.75;0.21484375;0.75;0.79296875;0.2177734375;0.7734375;0.79296875;0.21484375;0.78515625;0.7890625;0.2099609375;0.69921875;0.51953125;0.13818359375;0.25390625;0.5234375;0.453125;0.1279296875;0.4765625;0.369140625;0.11962890625;0.8;0.15625;0.3125;0.5625;0.16796875;0.11328125;0.546875;0.578125;0.16796875;0.703125;0.65625;0.171875;0.6015625;0.5859375;0.1875;0.294921875;0.59375;0.7109375;0.2109375;0.703125;0.765625;0.21484375;0.734375;0.78125;0.216796875;0.6484375;0.6328125;0.197265625;0.3330078125;0.61328125;0.671875;0.2119140625;0.70703125;0.75390625;0.216796875;0.75390625;0.80078125;0.2197265625;0.78125;0.80078125;0.21875;0.796875;0.80078125;0.2158203125;0.712890625;0.568359375;0.16455078125;0.30615234375;0.560546875;0.533203125;0.17626953125;0.51953125;0.392578125;0.13818359375;0.8
39;39;90.42;0.15625;0.28125;0.5625;0.16796875;0.109375;0.5625;0.59375;0.171875;0.703125;0.625;0.15625;0.609375;0.6015625;0.189453125;0.3046875;0.609375;0.71875;0.208984375;0.7109375;0.765625;0.208984375;0.734375;0.765625;0.2109375;0.65234375;0.62890625;0.1962890625;0.330078125;0.62109375;0.6796875;0.2109375;0.7109375;0.75390625;0.2158203125;0.75390625;0.79296875;0.2177734375;0.77734375;0.79296875;0.21484375;0.78515625;0.78515625;0.208984375;0.69921875;0.515625;0.13427734375;0.251953125;0.515625;0.4375;0.12060546875;0.470703125;0.365234375;0.1201171875;0.8;0.15625;0.3125;0.5625;0.16796875;0.11328125;0.5625;0.625;0.18359375;0.71875;0.71875;0.1875;0.6171875;0.609375;0.193359375;0.30078125;0.6015625;0.7265625;0.212890625;0.7109375;0.7734375;0.216796875;0.734375;0.7734375;0.216796875;0.65234375;0.62890625;0.197265625;0.3349609375;0.61328125;0.67578125;0.2119140625;0.70703125;0.7578125;0.2177734375;0.7578125;0.80078125;0.2197265625;0.78125;0.8046875;0.21875;0.796875;0.8046875;0.2158203125;0.71484375;0.57421875;0.1650390625;0.30615234375;0.5625;0.533203125;0.1748046875;0.517578125;0.384765625;0.13525390625;0.8
40;40;90.18;0.15625;0.296875;0.578125;0.17578125;0.109375;0.578125;0.609375;0.1796875;0.71875;0.640625;0.16015625;0.6171875;0.609375;0.19140625;0.30859375;0.6171875;0.7265625;0.208984375;0.7109375;0.765625;0.2109375;0.7421875;0.7734375;0.2109375;0.65234375;0.62890625;0.1962890625;0.3291015625;0.6171875;0.671875;0.2099609375;0.70703125;0.75;0.2158203125;0.75;0.79296875;0.2177734375;0.7734375;0.79296875;0.21484375;0.78515625;0.78125;0.2080078125;0.69921875;0.51171875;0.1328125;0.25537109375;0.521484375;0.455078125;0.12841796875;0.47265625;0.3671875;0.12255859375;0.8;0.15625;0.3125;0.578125;0.17578125;0.11328125;0.5625;0.640625;0.1875;0.71875;0.734375;0.1953125;0.6171875;0.609375;0.193359375;0.30078125;0.6015625;0.7265625;0.212890625;0.703125;0.7734375;0.216796875;0.734375;0.78125;0.216796875;0.6484375;0.625;0.197265625;0.3349609375;0.609375;0.671875;0.2119140625;0.70703125;0.75390625;0.216796875;0.75390625;0.796875;0.2197265625;0.77734375;0.80078125;0.21875;0.79296875;0.80078125;0.21484375;0.71484375;0.572265625;0.16357421875;0.30712890625;0.5625;0.53125;0.1748046875;0.515625;0.3828125;0.13671875;0.8
41;41;90.16;0.15625;0.28125;0.5625;0.171875;0.10546875;0.5625;0.609375;0.17578125;0.703125;0.640625;0.16015625;0.6171875;0.609375;0.19140625;0.3046875;0.609375;0.7265625;0.208984375;0.7109375;0.7734375;0.212890625;0.7421875;0.7734375;0.212890625;0.65625;0.62890625;0.197265625;0.3310546875;0.6171875;0.67578125;0.2099609375;0.70703125;0.75390625;0.2158203125;0.75;0.7890625;0.216796875;0.7734375;0.79296875;0.2138671875;0.78515625;0.78125;0.2080078125;0.697265625;0.517578125;0.1396484375;0.25634765625;0.517578125;0.44140625;0.12451171875;0.470703125;0.37109375;0.125;0.8;0.15625;0.3125;0.5625;0.16796875;0.11328125;0.546875;0.59375;0.17578125;0.703125;0.6875;0.1796875;0.6015625;0.59375;0.19140625;0.296875;0.59375;0.71875;0.212890625;0.703125;0.7734375;0.216796875;0.734375;0.78125;0.216796875;0.6484375;0.62890625;0.197265625;0.333984375;0.61328125;0.66796875;0.2119140625;0.703125;0.7578125;0.216796875;0.75390625;0.796875;0.2197265625;0.78125;0.8046875;0.21875;0.79296875;0.80078125;0.2158203125;0.712890625;0.564453125;0.16455078125;0.306640625;0.5546875;0.52734375;0.17529296875;0.513671875;0.3828125;0.13671875;0.8
42;42;90.76;0.15625;0.28125;0.5625;0.16796875;0.10546875;0.546875;0.59375;0.171875;0.703125;0.640625;0.1640625;0.609375;0.609375;0.19140625;0.3046875;0.609375;0.7265625;0.2109375;0.7109375;0.765625;0.212890625;0.7421875;0.7734375;0.212890625;0.65625;0.63671875;0.197265625;0.33203125;0.6171875;0.6796875;0.2109375;0.70703125;0.75390625;0.2158203125;0.75;0.79296875;0.2177734375;0.7734375;0.796875;0.2158203125;0.7890625;0.78515625;0.2099609375;0.701171875;0.53125;0.14599609375;0.2626953125;0.533203125;0.466796875;0.1337890625;0.484375;0.37890625;0.12548828125;0.8;0.15625;0.296875;0.5625;0.16796875;0.109375;0.546875;0.578125;0.171875;0.6875;0.6875;0.1796875;0.6015625;0.5859375;0.19140625;0.294921875;0.59375;0.7265625;0.212890625;0.703125;0.765625;0.21484375;0.734375;0.78125;0.216796875;0.6484375;0.6328125;0.1982421875;0.333984375;0.61328125;0.671875;0.2119140625;0.70703125;0.75390625;0.2177734375;0.75390625;0.796875;0.2197265625;0.77734375;0.80078125;0.21875;0.79296875;0.80078125;0.2158203125;0.712890625;0.572265625;0.166015625;0.30712890625;0.56640625;0.5390625;0.17626953125;0.521484375;0.390625;0.13623046875;0.8
43;43;90.29;0.15625;0.28125;0.546875;0.16796875;0.10546875;0.546875;0.59375;0.16796875;0.6875;0.609375;0.15234375;0.6015625;0.6015625;0.189453125;0.298828125;0.6015625;0.71875;0.208984375;0.703125;0.765625;0.2109375;0.734375;0.7734375;0.2109375;0.6484375;0.625;0.1962890625;0.328125;0.61328125;0.671875;0.2099609375;0.703125;0.75;0.2158203125;0.74609375;0.7890625;0.2177734375;0.7734375;0.796875;0.2158203125;0.78515625;0.78515625;0.2109375;0.701171875;0.52734375;0.14599609375;0.26416015625;0.53125;0.48046875;0.1396484375;0.482421875;0.38671875;0.12890625;0.8;0.15625;0.3125;0.5625;0.16796875;0.11328125;0.546875;0.609375;0.1796875;0.703125;0.6875;0.1796875;0.6015625;0.6015625;0.193359375;0.296875;0.59375;0.7265625;0.212890625;0.703125;0.765625;0.216796875;0.734375;0.7734375;0.216796875;0.6484375;0.62890625;0.197265625;0.3330078125;0.609375;0.671875;0.2119140625;0.703125;0.75;0.2177734375;0.75;0.79296875;0.2197265625;0.77734375;0.80078125;0.21875;0.79296875;0.796875;0.2158203125;0.7109375;0.560546875;0.1650390625;0.30615234375;0.556640625;0.525390625;0.1748046875;0.5078125;0.373046875;0.13623046875;0.8
44;44;90.55;0.15625;0.28125;0.5625;0.171875;0.10546875;0.546875;0.59375;0.171875;0.6875;0.625;0.15625;0.609375;0.6015625;0.19140625;0.302734375;0.6015625;0.7265625;0.2109375;0.7109375;0.765625;0.21484375;0.7421875;0.7734375;0.21484375;0.65234375;0.6328125;0.197265625;0.330078125;0.61328125;0.6796875;0.2109375;0.703125;0.75;0.2158203125;0.74609375;0.7890625;0.2177734375;0.7734375;0.79296875;0.2158203125;0.78515625;0.78125;0.2099609375;0.697265625;0.51953125;0.14453125;0.26416015625;0.525390625;0.46484375;0.13671875;0.4765625;0.373046875;0.1259765625;0.8;0.15625;0.3125;0.578125;0.171875;0.109375;0.546875;0.609375;0.1796875;0.703125;0.703125;0.1875;0.6015625;0.6015625;0.19140625;0.294921875;0.5859375;0.7265625;0.212890625;0.703125;0.7734375;0.216796875;0.734375;0.7734375;0.216796875;0.6484375;0.62890625;0.197265625;0.3330078125;0.609375;0.671875;0.2119140625;0.703125;0.75;0.216796875;0.75;0.7890625;0.2197265625;0.7734375;0.796875;0.21875;0.79296875;0.79296875;0.2158203125;0.708984375;0.556640625;0.1640625;0.30615234375;0.5546875;0.521484375;0.17529296875;0.509765625;0.380859375;0.13818359375;0.8
45;45;90.91;0.15625;0.28125;0.5625;0.171875;0.10546875;0.546875;0.59375;0.17578125;0.703125;0.640625;0.1640625;0.6171875;0.6171875;0.193359375;0.306640625;0.609375;0.734375;0.2109375;0.7109375;0.765625;0.212890625;0.7421875;0.7734375;0.212890625;0.65625;0.63671875;0.197265625;0.33203125;0.6171875;0.67578125;0.2109375;0.703125;0.75;0.2158203125;0.75;0.7890625;0.2177734375;0.76953125;0.7890625;0.21484375;0.78125;0.77734375;0.208984375;0.6953125;0.51171875;0.14013671875;0.25732421875;0.513671875;0.44921875;0.13134765625;0.46875;0.37109375;0.12744140625;0.8;0.15625;0.296875;0.5625;0.16796875;0.109375;0.546875;0.59375;0.1796875;0.703125;0.703125;0.18359375;0.609375;0.6015625;0.193359375;0.296875;0.59375;0.7265625;0.212890625;0.703125;0.765625;0.216796875;0.734375;0.7734375;0.216796875;0.65234375;0.6328125;0.19921875;0.333984375;0.61328125;0.67578125;0.2119140625;0.703125;0.75390625;0.2177734375;0.75;0.79296875;0.2197265625;0.77734375;0.796875;0.2177734375;0.7890625;0.79296875;0.21484375;0.70703125;0.548828125;0.16259765625;0.3056640625;0.544921875;0.509765625;0.17333984375;0.5;0.369140625;0.134765625;0.8
46;46;90.93;0.15625;0.28125;0.5625;0.171875;0.109375;0.546875;0.59375;0.17578125;0.703125;0.640625;0.16015625;0.609375;0.609375;0.19140625;0.302734375;0.6015625;0.7265625;0.208984375;0.7109375;0.765625;0.212890625;0.734375;0.765625;0.2109375;0.65234375;0.6328125;0.197265625;0.3291015625;0.61328125;0.67578125;0.2109375;0.703125;0.75;0.2158203125;0.75;0.7890625;0.21875;0.7734375;0.79296875;0.216796875;0.78515625;0.78515625;0.2119140625;0.69921875;0.529296875;0.1494140625;0.2685546875;0.53515625;0.490234375;0.15087890625;0.486328125;0.38671875;0.130859375;0.8;0.15625;0.3125;0.5625;0.16796875;0.109375;0.546875;0.609375;0.1796875;0.703125;0.703125;0.18359375;0.6015625;0.6015625;0.193359375;0.294921875;0.5859375;0.7265625;0.212890625;0.703125;0.765625;0.216796875;0.734375;0.7734375;0.216796875;0.6484375;0.62890625;0.1982421875;0.3330078125;0.609375;0.671875;0.2119140625;0.703125;0.75390625;0.2177734375;0.75;0.796875;0.2197265625;0.77734375;0.796875;0.21875;0.79296875;0.796875;0.2158203125;0.70703125;0.5546875;0.1640625;0.30615234375;0.5546875;0.525390625;0.17626953125;0.513671875;0.384765625;0.13818359375;0.8
47;47;91.62;0.15625;0.296875;0.5625;0.171875;0.10546875;0.5625;0.609375;0.17578125;0.703125;0.640625;0.16015625;0.609375;0.609375;0.193359375;0.302734375;0.6015625;0.7265625;0.2109375;0.7109375;0.765625;0.2109375;0.7421875;0.765625;0.2109375;0.6484375;0.62890625;0.1962890625;0.3291015625;0.61328125;0.67578125;0.2099609375;0.703125;0.74609375;0.21484375;0.74609375;0.7890625;0.216796875;0.76953125;0.79296875;0.21484375;0.78125;0.77734375;0.208984375;0.6953125;0.5234375;0.14697265625;0.25830078125;0.52734375;0.484375;0.1474609375;0.482421875;0.384765625;0.13134765625;0.8;0.15625;0.3125;0.5625;0.16796875;0.109375;0.546875;0.609375;0.1796875;0.703125;0.703125;0.1875;0.6015625;0.6015625;0.193359375;0.294921875;0.59375;0.7265625;0.212890625;0.703125;0.7734375;0.216796875;0.734375;0.78125;0.216796875;0.6484375;0.62890625;0.1982421875;0.333984375;0.609375;0.67578125;0.2119140625;0.703125;0.75390625;0.2177734375;0.75390625;0.796875;0.220703125;0.77734375;0.80078125;0.21875;0.79296875;0.79296875;0.2158203125;0.708984375;0.556640625;0.1650390625;0.3076171875;0.5546875;0.52734375;0.1767578125;0.51171875;0.380859375;0.1376953125;0.8
48;48;90.61;0.15625;0.296875;0.578125;0.171875;0.10546875;0.5625;0.609375;0.171875;0.703125;0.640625;0.16015625;0.609375;0.609375;0.19140625;0.302734375;0.6015625;0.7265625;0.208984375;0.703125;0.765625;0.2109375;0.734375;0.765625;0.2109375;0.6484375;0.62890625;0.1962890625;0.3271484375;0.609375;0.67578125;0.2109375;0.703125;0.75;0.2158203125;0.74609375;0.7890625;0.2177734375;0.7734375;0.796875;0.216796875;0.78515625;0.7890625;0.212890625;0.69921875;0.53515625;0.1533203125;0.2724609375;0.54296875;0.5078125;0.15869140625;0.498046875;0.39453125;0.13330078125;0.8;0.15625;0.3125;0.578125;0.171875;0.109375;0.5625;0.625;0.18359375;0.71875;0.71875;0.1875;0.6015625;0.6015625;0.193359375;0.298828125;0.59375;0.7265625;0.212890625;0.703125;0.7734375;0.216796875;0.734375;0.78125;0.216796875;0.6484375;0.62890625;0.1982421875;0.3330078125;0.609375;0.671875;0.2119140625;0.703125;0.75390625;0.2177734375;0.75;0.79296875;0.2197265625;0.77734375;0.80078125;0.21875;0.79296875;0.796875;0.2158203125;0.708984375;0.560546875;0.16552734375;0.30712890625;0.5625;0.53515625;0.17724609375;0.517578125;0.388671875;0.1376953125;0.8
49;49;91.18;0.15625;0.28125;0.578125;0.171875;0.10546875;0.5625;0.609375;0.171875;0.703125;0.640625;0.15625;0.609375;0.609375;0.19140625;0.302734375;0.6015625;0.7265625;0.208984375;0.703125;0.7578125;0.2109375;0.734375;0.765625;0.208984375;0.64453125;0.625;0.1953125;0.3271484375;0.60546875;0.67578125;0.2099609375;0.69921875;0.75390625;0.2158203125;0.74609375;0.7890625;0.2177734375;0.7734375;0.79296875;0.2158203125;0.78515625;0.7890625;0.2109375;0.697265625;0.521484375;0.14599609375;0.26416015625;0.525390625;0.474609375;0.1474609375;0.4765625;0.380859375;0.13134765625;0.8;0.15625;0.296875;0.5625;0.16796875;0.109375;0.5625;0.625;0.1796875;0.703125;0.6875;0.1796875;0.6015625;0.6015625;0.193359375;0.294921875;0.59375;0.7265625;0.212890625;0.6953125;0.765625;0.216796875;0.734375;0.78125;0.216796875;0.6484375;0.62890625;0.1982421875;0.3330078125;0.60546875;0.671875;0.2119140625;0.703125;0.75390625;0.2177734375;0.75;0.796875;0.220703125;0.77734375;0.80078125;0.21875;0.79296875;0.80078125;0.2158203125;0.7109375;0.55859375;0.16455078125;0.30859375;0.5546875;0.5234375;0.17578125;0.505859375;0.375;0.1357421875;0.8
50;50;91.59;0.15625;0.28125;0.578125;0.171875;0.10546875;0.5625;0.609375;0.17578125;0.703125;0.640625;0.1640625;0.6171875;0.6171875;0.193359375;0.302734375;0.609375;0.7265625;0.2109375;0.7109375;0.7734375;0.21484375;0.734375;0.7734375;0.212890625;0.65234375;0.6328125;0.197265625;0.330078125;0.61328125;0.6796875;0.2109375;0.703125;0.75390625;0.216796875;0.75;0.79296875;0.21875;0.7734375;0.796875;0.2177734375;0.78515625;0.7890625;0.2138671875;0.701171875;0.53515625;0.15478515625;0.27490234375;0.541015625;0.501953125;0.15869140625;0.48828125;0.38671875;0.1318359375;0.8;0.15625;0.3125;0.578125;0.16796875;0.109375;0.546875;0.609375;0.1796875;0.703125;0.703125;0.1875;0.609375;0.6015625;0.193359375;0.296875;0.59375;0.7265625;0.212890625;0.703125;0.7734375;0.216796875;0.734375;0.78125;0.216796875;0.6484375;0.62890625;0.1982421875;0.3330078125;0.60546875;0.67578125;0.2119140625;0.703125;0.75390625;0.216796875;0.75;0.796875;0.220703125;0.77734375;0.80078125;0.21875;0.79296875;0.796875;0.216796875;0.708984375;0.55859375;0.166015625;0.30810546875;0.55859375;0.53125;0.177734375;0.517578125;0.388671875;0.13916015625;0.8
51;51;90.87;0.15625;0.28125;0.5625;0.16796875;0.10546875;0.546875;0.609375;0.171875;0.703125;0.625;0.15625;0.609375;0.6015625;0.19140625;0.30078125;0.6015625;0.7265625;0.2109375;0.703125;0.7734375;0.21484375;0.734375;0.7734375;0.21484375;0.65234375;0.62890625;0.1962890625;0.330078125;0.61328125;0.6796875;0.2119140625;0.703125;0.7578125;0.216796875;0.75;0.80078125;0.2197265625;0.77734375;0.8046875;0.21875;0.7890625;0.80078125;0.216796875;0.70703125;0.55078125;0.1611328125;0.283203125;0.560546875;0.533203125;0.16943359375;0.517578125;0.41796875;0.13720703125;0.8;0.15625;0.296875;0.5625;0.1640625;0.109375;0.546875;0.625;0.1796875;0.703125;0.703125;0.18359375;0.6015625;0.59375;0.19140625;0.29296875;0.5859375;0.71875;0.212890625;0.6953125;0.7734375;0.216796875;0.734375;0.78125;0.21875;0.64453125;0.625;0.197265625;0.3330078125;0.60546875;0.67578125;0.2119140625;0.703125;0.75390625;0.2177734375;0.75;0.80078125;0.220703125;0.77734375;0.8046875;0.21875;0.79296875;0.80078125;0.216796875;0.7109375;0.568359375;0.16845703125;0.30908203125;0.56640625;0.537109375;0.177734375;0.5234375;0.396484375;0.1396484375;0.8
52;52;91.58;0.15625;0.28125;0.578125;0.171875;0.10546875;0.5625;0.609375;0.17578125;0.703125;0.640625;0.1640625;0.6171875;0.6171875;0.193359375;0.302734375;0.609375;0.7265625;0.2109375;0.7109375;0.765625;0.212890625;0.734375;0.7734375;0.212890625;0.6484375;0.62890625;0.197265625;0.330078125;0.609375;0.6796875;0.2109375;0.703125;0.75390625;0.216796875;0.75;0.796875;0.2197265625;0.77734375;0.80078125;0.2177734375;0.7890625;0.796875;0.21484375;0.705078125;0.548828125;0.15869140625;0.27880859375;0.5546875;0.5234375;0.1669921875;0.51171875;0.408203125;0.13623046875;0.8;0.171875;0.3125;0.578125;0.171875;0.109375;0.546875;0.609375;0.17578125;0.703125;0.703125;0.1796875;0.6015625;0.6015625;0.19140625;0.294921875;0.5859375;0.71875;0.212890625;0.6953125;0.765625;0.216796875;0.734375;0.7734375;0.216796875;0.64453125;0.625;0.197265625;0.33203125;0.6015625;0.671875;0.2119140625;0.69921875;0.7578125;0.2177734375;0.75;0.80078125;0.220703125;0.77734375;0.8046875;0.2197265625;0.79296875;0.80078125;0.216796875;0.7109375;0.5625;0.166015625;0.30908203125;0.556640625;0.521484375;0.17578125;0.509765625;0.376953125;0.13671875;0.8
53;53;91.64;0.15625;0.296875;0.578125;0.171875;0.10546875;0.5625;0.609375;0.17578125;0.703125;0.640625;0.1640625;0.6171875;0.609375;0.19140625;0.3046875;0.6015625;0.7265625;0.2109375;0.7109375;0.7734375;0.21484375;0.7421875;0.7734375;0.21484375;0.6484375;0.62890625;0.197265625;0.3291015625;0.609375;0.6796875;0.2109375;0.703125;0.75390625;0.216796875;0.75;0.796875;0.2197265625;0.7734375;0.80078125;0.2177734375;0.7890625;0.7890625;0.2138671875;0.701171875;0.53125;0.1533203125;0.275390625;0.537109375;0.5;0.16015625;0.48828125;0.3828125;0.13134765625;0.8;0.171875;0.3125;0.5625;0.16796875;0.109375;0.546875;0.609375;0.1796875;0.703125;0.703125;0.18359375;0.6015625;0.609375;0.193359375;0.296875;0.5859375;0.71875;0.212890625;0.703125;0.7734375;0.216796875;0.734375;0.78125;0.21875;0.64453125;0.625;0.197265625;0.33203125;0.60546875;0.67578125;0.2119140625;0.703125;0.7578125;0.2177734375;0.75390625;0.80078125;0.220703125;0.77734375;0.8046875;0.2197265625;0.79296875;0.80078125;0.216796875;0.7109375;0.5625;0.1669921875;0.3095703125;0.5625;0.525390625;0.17626953125;0.515625;0.380859375;0.13720703125;0.8
54;54;92.15;0.15625;0.28125;0.578125;0.171875;0.10546875;0.5625;0.609375;0.171875;0.703125;0.65625;0.16015625;0.609375;0.609375;0.19140625;0.3046875;0.6015625;0.7265625;0.2109375;0.703125;0.765625;0.2109375;0.734375;0.765625;0.2109375;0.6484375;0.625;0.1962890625;0.3271484375;0.60546875;0.67578125;0.2109375;0.703125;0.75390625;0.216796875;0.75;0.796875;0.21875;0.7734375;0.80078125;0.2177734375;0.7890625;0.7890625;0.2138671875;0.701171875;0.537109375;0.15625;0.275390625;0.54296875;0.515625;0.16748046875;0.498046875;0.396484375;0.13525390625;0.8;0.171875;0.3125;0.578125;0.16796875;0.109375;0.546875;0.609375;0.1796875;0.703125;0.71875;0.18359375;0.6015625;0.6015625;0.193359375;0.294921875;0.5859375;0.71875;0.212890625;0.6953125;0.7734375;0.216796875;0.734375;0.78125;0.216796875;0.64453125;0.625;0.197265625;0.33203125;0.6015625;0.671875;0.2119140625;0.703125;0.7578125;0.2177734375;0.75;0.80078125;0.220703125;0.77734375;0.8046875;0.2197265625;0.79296875;0.796875;0.216796875;0.708984375;0.556640625;0.16552734375;0.30859375;0.5546875;0.51953125;0.17578125;0.509765625;0.37890625;0.13720703125;0.8
55;55;92.21;0.15625;0.28125;0.5625;0.171875;0.10546875;0.546875;0.609375;0.171875;0.703125;0.640625;0.16015625;0.609375;0.609375;0.19140625;0.30078125;0.6015625;0.71875;0.2109375;0.703125;0.765625;0.212890625;0.734375;0.7734375;0.212890625;0.6484375;0.625;0.1953125;0.3271484375;0.60546875;0.67578125;0.2109375;0.69921875;0.75;0.2158203125;0.74609375;0.7890625;0.21875;0.76953125;0.79296875;0.216796875;0.78125;0.78125;0.2119140625;0.6953125;0.51953125;0.15185546875;0.271484375;0.529296875;0.49609375;0.1630859375;0.486328125;0.3828125;0.13232421875;0.8;0.171875;0.3125;0.578125;0.171875;0.109375;0.546875;0.609375;0.1796875;0.703125;0.703125;0.1796875;0.6015625;0.6015625;0.193359375;0.296875;0.59375;0.7265625;0.212890625;0.703125;0.7734375;0.216796875;0.7421875;0.78125;0.216796875;0.64453125;0.625;0.197265625;0.3330078125;0.6015625;0.67578125;0.2119140625;0.69921875;0.75;0.216796875;0.75;0.796875;0.2197265625;0.77734375;0.80078125;0.2197265625;0.79296875;0.796875;0.2158203125;0.70703125;0.552734375;0.1650390625;0.3076171875;0.552734375;0.51953125;0.17578125;0.513671875;0.388671875;0.138671875;0.8
56;56;91.82;0.15625;0.28125;0.5625;0.171875;0.10546875;0.5625;0.609375;0.171875;0.703125;0.640625;0.16015625;0.609375;0.609375;0.19140625;0.3046875;0.6015625;0.7265625;0.208984375;0.703125;0.7734375;0.212890625;0.734375;0.7734375;0.212890625;0.65234375;0.6328125;0.1982421875;0.330078125;0.61328125;0.68359375;0.2119140625;0.703125;0.7578125;0.216796875;0.75;0.796875;0.2197265625;0.77734375;0.8046875;0.21875;0.7890625;0.796875;0.2158203125;0.705078125;0.54296875;0.16015625;0.28369140625;0.548828125;0.517578125;0.17041015625;0.509765625;0.40234375;0.13623046875;0.8;0.171875;0.3125;0.578125;0.16796875;0.109375;0.546875;0.625;0.1796875;0.703125;0.71875;0.1875;0.609375;0.609375;0.193359375;0.296875;0.59375;0.7265625;0.212890625;0.703125;0.7734375;0.216796875;0.7421875;0.78125;0.21875;0.6484375;0.62890625;0.1982421875;0.333984375;0.60546875;0.671875;0.2119140625;0.69921875;0.75390625;0.2177734375;0.75;0.796875;0.220703125;0.77734375;0.8046875;0.2197265625;0.79296875;0.796875;0.2158203125;0.70703125;0.548828125;0.1640625;0.30810546875;0.548828125;0.5234375;0.17626953125;0.513671875;0.38671875;0.13916015625;0.8
57;57;91.82;0.15625;0.28125;0.5625;0.171875;0.10546875;0.5625;0.609375;0.171875;0.703125;0.640625;0.16015625;0.6171875;0.609375;0.19140625;0.3046875;0.6015625;0.7265625;0.2109375;0.703125;0.7734375;0.212890625;0.734375;0.78125;0.21484375;0.65234375;0.63671875;0.1982421875;0.330078125;0.61328125;0.6796875;0.2119140625;0.70703125;0.7578125;0.216796875;0.75;0.796875;0.2197265625;0.77734375;0.80078125;0.2177734375;0.7890625;0.79296875;0.21484375;0.701171875;0.54296875;0.15966796875;0.2802734375;0.55078125;0.529296875;0.1708984375;0.51171875;0.408203125;0.13720703125;0.8;0.171875;0.296875;0.578125;0.16796875;0.109375;0.546875;0.609375;0.17578125;0.703125;0.703125;0.1796875;0.6015625;0.6015625;0.193359375;0.294921875;0.5859375;0.71875;0.212890625;0.6953125;0.765625;0.216796875;0.734375;0.78125;0.216796875;0.64453125;0.625;0.197265625;0.3310546875;0.6015625;0.671875;0.2119140625;0.69921875;0.75390625;0.2177734375;0.75;0.796875;0.220703125;0.77734375;0.8046875;0.2197265625;0.79296875;0.796875;0.216796875;0.70703125;0.556640625;0.16552734375;0.30908203125;0.552734375;0.5234375;0.17626953125;0.513671875;0.384765625;0.1396484375;0.8
58;58;92.71;0.15625;0.28125;0.578125;0.171875;0.10546875;0.5625;0.609375;0.17578125;0.703125;0.640625;0.16015625;0.6171875;0.6171875;0.193359375;0.3046875;0.6015625;0.7265625;0.2109375;0.7109375;0.765625;0.212890625;0.734375;0.7734375;0.2109375;0.6484375;0.62890625;0.1962890625;0.3291015625;0.609375;0.6796875;0.2109375;0.703125;0.75390625;0.216796875;0.75;0.796875;0.21875;0.7734375;0.80078125;0.2177734375;0.7890625;0.7890625;0.2138671875;0.701171875;0.537109375;0.15673828125;0.27587890625;0.54296875;0.517578125;0.1689453125;0.501953125;0.396484375;0.13525390625;0.8;0.171875;0.3125;0.578125;0.171875;0.109375;0.5625;0.625;0.1796875;0.703125;0.703125;0.18359375;0.609375;0.609375;0.193359375;0.296875;0.59375;0.7265625;0.212890625;0.703125;0.7734375;0.216796875;0.7421875;0.78125;0.216796875;0.6484375;0.625;0.197265625;0.3330078125;0.60546875;0.67578125;0.2119140625;0.69921875;0.75390625;0.2177734375;0.75390625;0.796875;0.220703125;0.77734375;0.8046875;0.2197265625;0.79296875;0.796875;0.2158203125;0.70703125;0.55078125;0.16455078125;0.30810546875;0.546875;0.517578125;0.17529296875;0.509765625;0.3828125;0.138671875;0.8
59;59;92.49;0.15625;0.28125;0.5625;0.171875;0.10546875;0.546875;0.609375;0.171875;0.703125;0.640625;0.1640625;0.6171875;0.609375;0.19140625;0.302734375;0.6015625;0.7265625;0.208984375;0.7109375;0.765625;0.212890625;0.734375;0.7734375;0.2109375;0.6484375;0.62109375;0.1953125;0.3271484375;0.6015625;0.671875;0.2099609375;0.6953125;0.74609375;0.2158203125;0.74609375;0.79296875;0.21875;0.76953125;0.796875;0.216796875;0.78515625;0.78515625;0.212890625;0.6953125;0.521484375;0.15380859375;0.271484375;0.52734375;0.501953125;0.1669921875;0.484375;0.380859375;0.1328125;0.8;0.171875;0.296875;0.5625;0.16796875;0.109375;0.546875;0.59375;0.171875;0.703125;0.6875;0.17578125;0.6015625;0.6015625;0.19140625;0.29296875;0.5859375;0.71875;0.212890625;0.6953125;0.7734375;0.216796875;0.734375;0.78125;0.216796875;0.64453125;0.62109375;0.197265625;0.3310546875;0.59765625;0.671875;0.2119140625;0.69921875;0.75;0.2177734375;0.75;0.796875;0.220703125;0.77734375;0.8046875;0.2197265625;0.79296875;0.796875;0.216796875;0.708984375;0.556640625;0.166015625;0.30810546875;0.552734375;0.51953125;0.17578125;0.513671875;0.388671875;0.14013671875;0.8
60;60;92.4;0.15625;0.28125;0.5625;0.171875;0.10546875;0.5625;0.609375;0.17578125;0.703125;0.640625;0.1640625;0.6171875;0.6171875;0.193359375;0.302734375;0.6015625;0.7265625;0.2109375;0.7109375;0.765625;0.2109375;0.734375;0.7734375;0.2109375;0.6484375;0.62109375;0.1953125;0.3271484375;0.60546875;0.67578125;0.2099609375;0.69921875;0.75;0.2158203125;0.74609375;0.79296875;0.2177734375;0.7734375;0.796875;0.216796875;0.78515625;0.78515625;0.2119140625;0.697265625;0.529296875;0.15478515625;0.26904296875;0.529296875;0.501953125;0.16650390625;0.490234375;0.39453125;0.134765625;0.8;0.171875;0.296875;0.578125;0.171875;0.109375;0.546875;0.609375;0.1796875;0.703125;0.703125;0.18359375;0.6015625;0.609375;0.193359375;0.294921875;0.59375;0.7265625;0.212890625;0.703125;0.7734375;0.216796875;0.734375;0.78125;0.21875;0.6484375;0.625;0.197265625;0.3330078125;0.6015625;0.67578125;0.2119140625;0.69921875;0.75390625;0.2177734375;0.75390625;0.796875;0.220703125;0.77734375;0.8046875;0.2197265625;0.79296875;0.796875;0.216796875;0.7109375;0.5625;0.16748046875;0.30908203125;0.556640625;0.525390625;0.1767578125;0.51953125;0.396484375;0.14208984375;0.8
61;61;92.5;0.15625;0.28125;0.5625;0.171875;0.10546875;0.5625;0.609375;0.171875;0.703125;0.640625;0.16015625;0.6171875;0.6171875;0.193359375;0.302734375;0.609375;0.7265625;0.2109375;0.7109375;0.7734375;0.21484375;0.7421875;0.78125;0.21484375;0.65625;0.63671875;0.197265625;0.3310546875;0.61328125;0.68359375;0.2119140625;0.70703125;0.7578125;0.216796875;0.75390625;0.796875;0.2197265625;0.77734375;0.8046875;0.21875;0.79296875;0.796875;0.2158203125;0.705078125;0.546875;0.1611328125;0.2822265625;0.55078125;0.5234375;0.171875;0.509765625;0.412109375;0.1376953125;0.8;0.171875;0.3125;0.578125;0.171875;0.109375;0.546875;0.609375;0.17578125;0.703125;0.6875;0.1796875;0.6015625;0.6015625;0.193359375;0.294921875;0.5859375;0.7265625;0.212890625;0.703125;0.7734375;0.216796875;0.7421875;0.78125;0.21875;0.6484375;0.62890625;0.1982421875;0.333984375;0.60546875;0.67578125;0.2119140625;0.703125;0.7578125;0.2177734375;0.75390625;0.80078125;0.220703125;0.78125;0.8046875;0.2197265625;0.796875;0.80078125;0.216796875;0.7109375;0.5625;0.16748046875;0.3095703125;0.560546875;0.5234375;0.17626953125;0.521484375;0.3984375;0.1416015625;0.8
62;62;92.67;0.15625;0.28125;0.5625;0.171875;0.10546875;0.546875;0.609375;0.171875;0.703125;0.640625;0.15625;0.609375;0.609375;0.19140625;0.30078125;0.6015625;0.7265625;0.2109375;0.7109375;0.7734375;0.212890625;0.734375;0.7734375;0.212890625;0.6484375;0.62890625;0.197265625;0.3291015625;0.609375;0.67578125;0.2119140625;0.703125;0.75390625;0.216796875;0.75;0.796875;0.2197265625;0.77734375;0.8046875;0.2197265625;0.79296875;0.8046875;0.216796875;0.70703125;0.548828125;0.16259765625;0.2861328125;0.556640625;0.525390625;0.171875;0.515625;0.416015625;0.13818359375;0.8;0.171875;0.296875;0.578125;0.171875;0.109375;0.546875;0.625;0.1796875;0.703125;0.703125;0.18359375;0.6015625;0.609375;0.193359375;0.294921875;0.59375;0.7265625;0.212890625;0.703125;0.7734375;0.216796875;0.7421875;0.78125;0.21875;0.6484375;0.625;0.197265625;0.3330078125;0.6015625;0.671875;0.2119140625;0.69921875;0.75390625;0.2177734375;0.75;0.796875;0.220703125;0.77734375;0.8046875;0.2197265625;0.796875;0.80078125;0.216796875;0.7109375;0.560546875;0.1669921875;0.30859375;0.560546875;0.5234375;0.17578125;0.521484375;0.400390625;0.142578125;0.8
63;63;92.35;0.15625;0.28125;0.578125;0.171875;0.10546875;0.5625;0.609375;0.171875;0.703125;0.640625;0.16015625;0.6171875;0.6171875;0.193359375;0.302734375;0.609375;0.7265625;0.2109375;0.7109375;0.7734375;0.21484375;0.7421875;0.78125;0.212890625;0.65234375;0.63671875;0.197265625;0.3310546875;0.61328125;0.68359375;0.2119140625;0.70703125;0.7578125;0.2177734375;0.75390625;0.80078125;0.2197265625;0.77734375;0.8046875;0.2197265625;0.79296875;0.80078125;0.2158203125;0.70703125;0.55078125;0.162109375;0.28515625;0.5546875;0.517578125;0.169921875;0.5078125;0.3984375;0.134765625;0.8;0.171875;0.296875;0.578125;0.16796875;0.109375;0.546875;0.609375;0.17578125;0.703125;0.703125;0.1796875;0.6015625;0.6015625;0.193359375;0.294921875;0.59375;0.7265625;0.212890625;0.703125;0.7734375;0.216796875;0.7421875;0.78125;0.21875;0.6484375;0.62890625;0.197265625;0.3330078125;0.60546875;0.67578125;0.2119140625;0.703125;0.75390625;0.2177734375;0.75390625;0.80078125;0.220703125;0.77734375;0.8046875;0.2197265625;0.796875;0.80078125;0.216796875;0.7109375;0.564453125;0.16748046875;0.30859375;0.564453125;0.529296875;0.1767578125;0.5234375;0.400390625;0.14208984375;0.8
64;64;92.61;0.15625;0.28125;0.5625;0.16796875;0.10546875;0.546875;0.609375;0.171875;0.703125;0.625;0.15625;0.609375;0.609375;0.19140625;0.30078125;0.6015625;0.71875;0.2109375;0.7109375;0.765625;0.212890625;0.734375;0.7734375;0.2109375;0.6484375;0.625;0.1962890625;0.328125;0.60546875;0.6796875;0.2109375;0.703125;0.75390625;0.216796875;0.75;0.796875;0.2197265625;0.77734375;0.80078125;0.21875;0.79296875;0.796875;0.2158203125;0.703125;0.544921875;0.1611328125;0.2822265625;0.546875;0.513671875;0.16943359375;0.5;0.392578125;0.1337890625;0.8;0.171875;0.296875;0.5625;0.16796875;0.109375;0.546875;0.609375;0.17578125;0.703125;0.6875;0.1796875;0.6015625;0.6015625;0.193359375;0.294921875;0.5859375;0.7265625;0.212890625;0.703125;0.7734375;0.216796875;0.7421875;0.78125;0.21875;0.6484375;0.625;0.197265625;0.3330078125;0.6015625;0.67578125;0.2119140625;0.69921875;0.75390625;0.2177734375;0.75390625;0.80078125;0.220703125;0.77734375;0.8046875;0.2197265625;0.796875;0.80078125;0.2177734375;0.7109375;0.564453125;0.16796875;0.30908203125;0.5625;0.5234375;0.17626953125;0.5234375;0.396484375;0.1416015625;0.8
65;65;93.09;0.15625;0.28125;0.578125;0.171875;0.10546875;0.5625;0.609375;0.171875;0.703125;0.625;0.15625;0.609375;0.609375;0.19140625;0.302734375;0.6015625;0.7265625;0.2109375;0.7109375;0.7734375;0.212890625;0.734375;0.7734375;0.212890625;0.65234375;0.6328125;0.197265625;0.3291015625;0.61328125;0.68359375;0.2119140625;0.70703125;0.7578125;0.2177734375;0.75390625;0.80078125;0.220703125;0.77734375;0.8046875;0.21875;0.79296875;0.80078125;0.2158203125;0.708984375;0.5546875;0.1630859375;0.28662109375;0.55859375;0.521484375;0.17138671875;0.51171875;0.404296875;0.13671875;0.8;0.171875;0.3125;0.578125;0.16796875;0.109375;0.546875;0.609375;0.17578125;0.703125;0.703125;0.1796875;0.6015625;0.6015625;0.193359375;0.294921875;0.5859375;0.7265625;0.212890625;0.703125;0.7734375;0.216796875;0.7421875;0.78125;0.21875;0.6484375;0.62890625;0.197265625;0.3330078125;0.60546875;0.67578125;0.2119140625;0.703125;0.75390625;0.2177734375;0.75390625;0.80078125;0.220703125;0.78125;0.8046875;0.2197265625;0.796875;0.80078125;0.216796875;0.7109375;0.564453125;0.1669921875;0.30908203125;0.55859375;0.51953125;0.17529296875;0.521484375;0.39453125;0.1416015625;0.8
66;66;92.89;0.15625;0.28125;0.578125;0.171875;0.10546875;0.5625;0.609375;0.171875;0.703125;0.640625;0.16015625;0.6171875;0.609375;0.19140625;0.3046875;0.6015625;0.7265625;0.2109375;0.7109375;0.7734375;0.212890625;0.7421875;0.7734375;0.2109375;0.6484375;0.6328125;0.197265625;0.328125;0.609375;0.68359375;0.2109375;0.703125;0.7578125;0.216796875;0.75;0.80078125;0.2197265625;0.77734375;0.8046875;0.21875;0.79296875;0.80078125;0.2158203125;0.705078125;0.5546875;0.1630859375;0.28125;0.55078125;0.51953125;0.1708984375;0.509765625;0.412109375;0.138671875;0.8;0.171875;0.296875;0.5625;0.16796875;0.109375;0.546875;0.609375;0.17578125;0.703125;0.6875;0.1796875;0.6015625;0.6015625;0.193359375;0.294921875;0.59375;0.7265625;0.212890625;0.703125;0.7734375;0.216796875;0.7421875;0.78125;0.21875;0.6484375;0.62890625;0.197265625;0.3330078125;0.60546875;0.67578125;0.2119140625;0.703125;0.7578125;0.2177734375;0.75390625;0.80078125;0.220703125;0.78125;0.8046875;0.2197265625;0.796875;0.80078125;0.216796875;0.7109375;0.568359375;0.16845703125;0.3095703125;0.5625;0.525390625;0.17626953125;0.5234375;0.396484375;0.1416015625;0.8
67;67;93.08;0.15625;0.296875;0.578125;0.171875;0.10546875;0.5625;0.609375;0.171875;0.703125;0.625;0.16015625;0.609375;0.609375;0.19140625;0.302734375;0.6015625;0.7265625;0.2109375;0.7109375;0.7734375;0.212890625;0.7421875;0.7734375;0.212890625;0.6484375;0.6328125;0.197265625;0.3291015625;0.609375;0.68359375;0.2119140625;0.70703125;0.7578125;0.2177734375;0.75390625;0.80078125;0.220703125;0.78125;0.80859375;0.21875;0.79296875;0.80078125;0.216796875;0.708984375;0.556640625;0.16357421875;0.28564453125;0.556640625;0.51953125;0.17041015625;0.513671875;0.40625;0.13720703125;0.8;0.171875;0.3125;0.578125;0.16796875;0.109375;0.546875;0.609375;0.17578125;0.703125;0.6875;0.1796875;0.6015625;0.6015625;0.193359375;0.294921875;0.5859375;0.71875;0.212890625;0.703125;0.7734375;0.216796875;0.7421875;0.78125;0.21875;0.6484375;0.62890625;0.1982421875;0.3330078125;0.60546875;0.67578125;0.2119140625;0.703125;0.7578125;0.2177734375;0.75390625;0.80078125;0.220703125;0.78125;0.80859375;0.2197265625;0.796875;0.8046875;0.216796875;0.712890625;0.5703125;0.16845703125;0.3095703125;0.5625;0.525390625;0.17626953125;0.525390625;0.400390625;0.142578125;0.8
68;68;92.98;0.15625;0.28125;0.578125;0.171875;0.10546875;0.5625;0.609375;0.171875;0.703125;0.640625;0.16015625;0.6171875;0.6171875;0.19140625;0.3046875;0.6015625;0.7265625;0.2109375;0.7109375;0.7734375;0.212890625;0.734375;0.7734375;0.212890625;0.6484375;0.6328125;0.197265625;0.328125;0.609375;0.6796875;0.2119140625;0.703125;0.7578125;0.216796875;0.75390625;0.796875;0.2197265625;0.77734375;0.8046875;0.21875;0.79296875;0.80078125;0.2158203125;0.70703125;0.55078125;0.16259765625;0.28466796875;0.552734375;0.521484375;0.171875;0.51171875;0.408203125;0.1376953125;0.8;0.171875;0.3125;0.578125;0.171875;0.109375;0.546875;0.609375;0.1796875;0.703125;0.703125;0.18359375;0.6015625;0.6015625;0.193359375;0.294921875;0.5859375;0.7265625;0.212890625;0.703125;0.7734375;0.216796875;0.7421875;0.78125;0.21875;0.6484375;0.62890625;0.197265625;0.3330078125;0.60546875;0.67578125;0.2119140625;0.703125;0.7578125;0.2177734375;0.75390625;0.80078125;0.220703125;0.78125;0.8046875;0.2197265625;0.796875;0.80078125;0.216796875;0.7109375;0.56640625;0.16796875;0.3095703125;0.5625;0.525390625;0.17578125;0.5234375;0.396484375;0.14208984375;0.8
69;69;93.07;0.15625;0.28125;0.578125;0.171875;0.10546875;0.5625;0.609375;0.171875;0.703125;0.625;0.15625;0.609375;0.609375;0.19140625;0.302734375;0.6015625;0.7265625;0.2109375;0.7109375;0.7734375;0.212890625;0.7421875;0.78125;0.212890625;0.65234375;0.6328125;0.197265625;0.330078125;0.61328125;0.68359375;0.2119140625;0.703125;0.75390625;0.216796875;0.75;0.796875;0.2197265625;0.77734375;0.8046875;0.21875;0.7890625;0.796875;0.21484375;0.705078125;0.54296875;0.16015625;0.279296875;0.5390625;0.505859375;0.16845703125;0.498046875;0.396484375;0.1357421875;0.8;0.171875;0.3125;0.578125;0.171875;0.109375;0.546875;0.609375;0.1796875;0.703125;0.703125;0.18359375;0.6015625;0.6015625;0.193359375;0.294921875;0.59375;0.7265625;0.212890625;0.703125;0.7734375;0.216796875;0.7421875;0.78125;0.21875;0.6484375;0.6328125;0.1982421875;0.333984375;0.60546875;0.67578125;0.2119140625;0.703125;0.7578125;0.2177734375;0.75390625;0.80078125;0.220703125;0.78125;0.80859375;0.2197265625;0.796875;0.80078125;0.216796875;0.7109375;0.564453125;0.16748046875;0.3095703125;0.560546875;0.521484375;0.17578125;0.521484375;0.39453125;0.1416015625;0.8
70;70;93.16;0.15625;0.296875;0.578125;0.171875;0.10546875;0.5625;0.609375;0.171875;0.703125;0.625;0.15625;0.609375;0.609375;0.19140625;0.302734375;0.6015625;0.7265625;0.2109375;0.7109375;0.7734375;0.212890625;0.7421875;0.78125;0.212890625;0.65234375;0.63671875;0.1982421875;0.3291015625;0.61328125;0.68359375;0.2119140625;0.70703125;0.7578125;0.2177734375;0.75390625;0.80078125;0.2197265625;0.78125;0.80859375;0.21875;0.79296875;0.80078125;0.216796875;0.708984375;0.55859375;0.16455078125;0.28662109375;0.560546875;0.525390625;0.171875;0.521484375;0.419921875;0.1396484375;0.8;0.171875;0.3125;0.578125;0.171875;0.109375;0.546875;0.609375;0.17578125;0.703125;0.703125;0.18359375;0.6015625;0.6015625;0.193359375;0.294921875;0.5859375;0.7265625;0.212890625;0.703125;0.7734375;0.216796875;0.7421875;0.78125;0.21875;0.6484375;0.62890625;0.1982421875;0.3330078125;0.60546875;0.67578125;0.2119140625;0.703125;0.7578125;0.2177734375;0.75390625;0.80078125;0.220703125;0.78125;0.80859375;0.2197265625;0.796875;0.8046875;0.216796875;0.712890625;0.56640625;0.16796875;0.3095703125;0.5625;0.5234375;0.17578125;0.5234375;0.396484375;0.14208984375;0.8
71;71;93.07;0.15625;0.296875;0.578125;0.171875;0.109375;0.5625;0.609375;0.17578125;0.71875;0.65625;0.16796875;0.625;0.6171875;0.193359375;0.306640625;0.609375;0.7265625;0.2109375;0.7109375;0.7734375;0.21484375;0.7421875;0.78125;0.212890625;0.65625;0.640625;0.1982421875;0.3310546875;0.6171875;0.68359375;0.2119140625;0.70703125;0.7578125;0.2177734375;0.75390625;0.80078125;0.2197265625;0.78125;0.8046875;0.21875;0.79296875;0.80078125;0.2158203125;0.708984375;0.55078125;0.162109375;0.28466796875;0.546875;0.51171875;0.17041015625;0.50390625;0.404296875;0.1376953125;0.8;0.171875;0.3125;0.578125;0.171875;0.109375;0.546875;0.609375;0.17578125;0.703125;0.6875;0.18359375;0.609375;0.6015625;0.193359375;0.294921875;0.59375;0.7265625;0.212890625;0.703125;0.7734375;0.216796875;0.7421875;0.78125;0.21875;0.6484375;0.6328125;0.1982421875;0.3330078125;0.60546875;0.6796875;0.2119140625;0.703125;0.7578125;0.2177734375;0.75390625;0.80078125;0.220703125;0.78125;0.80859375;0.2197265625;0.796875;0.8046875;0.216796875;0.712890625;0.56640625;0.16748046875;0.31005859375;0.560546875;0.521484375;0.17529296875;0.521484375;0.396484375;0.14208984375;0.8
72;72;93.14;0.15625;0.28125;0.578125;0.171875;0.10546875;0.5625;0.609375;0.171875;0.703125;0.640625;0.15625;0.609375;0.609375;0.19140625;0.302734375;0.6015625;0.71875;0.208984375;0.7109375;0.765625;0.2109375;0.734375;0.7734375;0.2109375;0.6484375;0.62890625;0.1962890625;0.3271484375;0.609375;0.68359375;0.2119140625;0.703125;0.7578125;0.2177734375;0.75390625;0.80078125;0.2197265625;0.77734375;0.8046875;0.21875;0.79296875;0.80078125;0.2158203125;0.70703125;0.546875;0.16162109375;0.28369140625;0.548828125;0.513671875;0.169921875;0.5078125;0.408203125;0.1376953125;0.8;0.171875;0.3125;0.578125;0.16796875;0.109375;0.546875;0.609375;0.1796875;0.703125;0.703125;0.18359375;0.6015625;0.6015625;0.193359375;0.294921875;0.59375;0.7265625;0.212890625;0.703125;0.78125;0.216796875;0.7421875;0.78125;0.21875;0.6484375;0.62890625;0.1982421875;0.333984375;0.60546875;0.6796875;0.212890625;0.703125;0.7578125;0.2177734375;0.75390625;0.80078125;0.220703125;0.78125;0.80859375;0.2197265625;0.796875;0.8046875;0.2177734375;0.712890625;0.568359375;0.16796875;0.31005859375;0.5625;0.5234375;0.17578125;0.5234375;0.3984375;0.14208984375;0.8
73;73;93.12;0.15625;0.296875;0.578125;0.171875;0.109375;0.5625;0.609375;0.171875;0.703125;0.640625;0.16015625;0.6171875;0.6171875;0.193359375;0.3046875;0.6015625;0.7265625;0.2109375;0.7109375;0.7734375;0.212890625;0.7421875;0.7734375;0.212890625;0.65234375;0.6328125;0.1982421875;0.330078125;0.61328125;0.68359375;0.2119140625;0.70703125;0.7578125;0.2177734375;0.75390625;0.80078125;0.2197265625;0.78125;0.80859375;0.2197265625;0.796875;0.8046875;0.216796875;0.7109375;0.556640625;0.16455078125;0.28662109375;0.556640625;0.51953125;0.17041015625;0.51171875;0.40625;0.13623046875;0.8;0.171875;0.3125;0.578125;0.16796875;0.109375;0.546875;0.609375;0.17578125;0.703125;0.703125;0.18359375;0.6015625;0.6015625;0.193359375;0.294921875;0.59375;0.7265625;0.212890625;0.703125;0.78125;0.216796875;0.7421875;0.78125;0.21875;0.6484375;0.62890625;0.1982421875;0.333984375;0.60546875;0.6796875;0.212890625;0.703125;0.7578125;0.2177734375;0.75390625;0.80078125;0.220703125;0.78125;0.80859375;0.2197265625;0.796875;0.8046875;0.2177734375;0.712890625;0.568359375;0.16796875;0.31005859375;0.5625;0.5234375;0.17578125;0.5234375;0.400390625;0.14306640625;0.8
74;74;93.15;0.15625;0.296875;0.578125;0.171875;0.10546875;0.5625;0.609375;0.171875;0.703125;0.625;0.16015625;0.6171875;0.609375;0.19140625;0.302734375;0.6015625;0.7265625;0.2109375;0.7109375;0.765625;0.2109375;0.734375;0.7734375;0.2109375;0.6484375;0.62890625;0.1962890625;0.3271484375;0.609375;0.6796875;0.2119140625;0.703125;0.7578125;0.2177734375;0.75390625;0.80078125;0.2197265625;0.77734375;0.8046875;0.21875;0.79296875;0.80078125;0.2158203125;0.70703125;0.55078125;0.16259765625;0.28466796875;0.55078125;0.517578125;0.17041015625;0.509765625;0.408203125;0.1376953125;0.8;0.171875;0.3125;0.578125;0.16796875;0.109375;0.546875;0.609375;0.17578125;0.703125;0.6875;0.1796875;0.6015625;0.6015625;0.193359375;0.294921875;0.59375;0.7265625;0.212890625;0.703125;0.7734375;0.216796875;0.7421875;0.78125;0.21875;0.6484375;0.6328125;0.1982421875;0.3330078125;0.60546875;0.67578125;0.212890625;0.703125;0.76171875;0.2177734375;0.75390625;0.80078125;0.220703125;0.78125;0.80859375;0.2197265625;0.796875;0.8046875;0.216796875;0.712890625;0.568359375;0.16796875;0.31005859375;0.5625;0.5234375;0.17578125;0.5234375;0.3984375;0.142578125;0.8
75;75;93.37;0.15625;0.28125;0.578125;0.171875;0.10546875;0.5625;0.609375;0.171875;0.703125;0.640625;0.16015625;0.6171875;0.609375;0.193359375;0.302734375;0.6015625;0.7265625;0.2109375;0.7109375;0.7734375;0.212890625;0.7421875;0.7734375;0.212890625;0.6484375;0.62890625;0.197265625;0.3271484375;0.60546875;0.6796875;0.2119140625;0.703125;0.7578125;0.2177734375;0.75390625;0.80078125;0.220703125;0.77734375;0.8046875;0.21875;0.79296875;0.80078125;0.216796875;0.70703125;0.548828125;0.16162109375;0.28369140625;0.548828125;0.517578125;0.17041015625;0.50390625;0.404296875;0.13623046875;0.8;0.171875;0.3125;0.578125;0.171875;0.109375;0.546875;0.609375;0.1796875;0.703125;0.703125;0.18359375;0.609375;0.609375;0.193359375;0.294921875;0.59375;0.7265625;0.212890625;0.703125;0.78125;0.216796875;0.7421875;0.78125;0.21875;0.6484375;0.6328125;0.1982421875;0.333984375;0.60546875;0.6796875;0.212890625;0.703125;0.76171875;0.21875;0.7578125;0.8046875;0.220703125;0.78125;0.80859375;0.2197265625;0.796875;0.8046875;0.2177734375;0.712890625;0.568359375;0.16796875;0.310546875;0.5625;0.521484375;0.17578125;0.521484375;0.3984375;0.142578125;0.8
76;76;93.25;0.15625;0.28125;0.578125;0.171875;0.10546875;0.5625;0.609375;0.171875;0.703125;0.640625;0.16015625;0.6171875;0.6171875;0.193359375;0.3046875;0.609375;0.7265625;0.2109375;0.7109375;0.78125;0.21484375;0.7421875;0.78125;0.21484375;0.65625;0.640625;0.1982421875;0.3310546875;0.6171875;0.6875;0.212890625;0.7109375;0.765625;0.2177734375;0.7578125;0.8046875;0.220703125;0.78125;0.80859375;0.2197265625;0.796875;0.8046875;0.216796875;0.7109375;0.556640625;0.1640625;0.2880859375;0.556640625;0.51953125;0.1708984375;0.515625;0.40625;0.1376953125;0.8;0.171875;0.3125;0.578125;0.171875;0.109375;0.5625;0.609375;0.1796875;0.703125;0.703125;0.18359375;0.609375;0.609375;0.193359375;0.296875;0.59375;0.7265625;0.212890625;0.7109375;0.78125;0.216796875;0.7421875;0.78125;0.21875;0.6484375;0.6328125;0.1982421875;0.333984375;0.609375;0.6796875;0.212890625;0.703125;0.76171875;0.21875;0.7578125;0.8046875;0.220703125;0.78125;0.80859375;0.2197265625;0.80078125;0.8046875;0.2177734375;0.712890625;0.568359375;0.16796875;0.310546875;0.5625;0.5234375;0.17578125;0.521484375;0.396484375;0.14208984375;0.8
77;77;93.24;0.15625;0.28125;0.578125;0.171875;0.10546875;0.5625;0.609375;0.171875;0.703125;0.640625;0.16015625;0.609375;0.609375;0.19140625;0.3046875;0.6015625;0.7265625;0.2109375;0.7109375;0.7734375;0.212890625;0.7421875;0.78125;0.212890625;0.65234375;0.640625;0.19921875;0.330078125;0.6171875;0.6875;0.2119140625;0.7109375;0.76171875;0.2177734375;0.7578125;0.8046875;0.220703125;0.78125;0.8125;0.2197265625;0.796875;0.80859375;0.2177734375;0.712890625;0.56640625;0.166015625;0.2880859375;0.5625;0.52734375;0.17236328125;0.51953125;0.41796875;0.1396484375;0.8;0.171875;0.3125;0.578125;0.16796875;0.109375;0.546875;0.609375;0.17578125;0.703125;0.703125;0.18359375;0.609375;0.6015625;0.193359375;0.296875;0.59375;0.7265625;0.212890625;0.7109375;0.78125;0.216796875;0.7421875;0.78125;0.21875;0.65234375;0.6328125;0.1982421875;0.333984375;0.609375;0.6796875;0.212890625;0.70703125;0.76171875;0.21875;0.7578125;0.8046875;0.220703125;0.78515625;0.80859375;0.2197265625;0.80078125;0.8046875;0.2177734375;0.71484375;0.5703125;0.16845703125;0.310546875;0.564453125;0.5234375;0.17578125;0.521484375;0.396484375;0.14208984375;0.8
78;78;93.22;0.15625;0.28125;0.578125;0.171875;0.10546875;0.546875;0.609375;0.171875;0.703125;0.640625;0.16015625;0.6171875;0.6171875;0.193359375;0.302734375;0.609375;0.7265625;0.2109375;0.71875;0.78125;0.21484375;0.7421875;0.78125;0.21484375;0.65625;0.63671875;0.1982421875;0.33203125;0.6171875;0.6875;0.2119140625;0.7109375;0.76171875;0.2177734375;0.7578125;0.8046875;0.220703125;0.78515625;0.8125;0.2197265625;0.796875;0.8046875;0.216796875;0.7109375;0.560546875;0.16455078125;0.28857421875;0.560546875;0.521484375;0.1708984375;0.513671875;0.408203125;0.138671875;0.8;0.171875;0.3125;0.578125;0.16796875;0.109375;0.546875;0.609375;0.17578125;0.703125;0.703125;0.18359375;0.609375;0.609375;0.193359375;0.294921875;0.59375;0.7265625;0.212890625;0.7109375;0.78125;0.216796875;0.7421875;0.78125;0.21875;0.65234375;0.6328125;0.1982421875;0.333984375;0.609375;0.6796875;0.212890625;0.70703125;0.76171875;0.21875;0.7578125;0.8046875;0.220703125;0.78515625;0.8125;0.220703125;0.80078125;0.8046875;0.2177734375;0.71484375;0.5703125;0.16796875;0.310546875;0.564453125;0.5234375;0.17578125;0.521484375;0.396484375;0.14208984375;0.8
79;79;93.24;0.15625;0.296875;0.578125;0.17578125;0.10546875;0.5625;0.609375;0.171875;0.71875;0.65625;0.1640625;0.6171875;0.6171875;0.193359375;0.3046875;0.609375;0.7265625;0.2109375;0.7109375;0.7734375;0.21484375;0.7421875;0.78125;0.21484375;0.65625;0.63671875;0.1982421875;0.33203125;0.6171875;0.6875;0.2119140625;0.7109375;0.76171875;0.2177734375;0.7578125;0.8046875;0.220703125;0.78125;0.80859375;0.2197265625;0.796875;0.8046875;0.216796875;0.7109375;0.55859375;0.16357421875;0.2880859375;0.556640625;0.517578125;0.169921875;0.505859375;0.400390625;0.1357421875;0.8;0.171875;0.3125;0.578125;0.16796875;0.109375;0.546875;0.609375;0.17578125;0.703125;0.6875;0.1796875;0.6015625;0.6015625;0.193359375;0.294921875;0.59375;0.7265625;0.212890625;0.703125;0.7734375;0.216796875;0.7421875;0.78125;0.21875;0.65234375;0.6328125;0.1982421875;0.333984375;0.609375;0.6796875;0.212890625;0.70703125;0.76171875;0.21875;0.7578125;0.8046875;0.220703125;0.78515625;0.8125;0.220703125;0.80078125;0.8046875;0.2177734375;0.71484375;0.5703125;0.16845703125;0.310546875;0.564453125;0.5234375;0.17578125;0.5234375;0.3984375;0.14208984375;0.8
80;80;93.34;0.15625;0.296875;0.578125;0.171875;0.10546875;0.546875;0.609375;0.171875;0.703125;0.640625;0.1640625;0.6171875;0.6171875;0.193359375;0.3046875;0.609375;0.7265625;0.2109375;0.71875;0.7734375;0.21484375;0.7421875;0.78125;0.21484375;0.65625;0.640625;0.1982421875;0.33203125;0.6171875;0.6875;0.2119140625;0.7109375;0.76171875;0.2177734375;0.7578125;0.80078125;0.220703125;0.78125;0.80859375;0.2197265625;0.796875;0.8046875;0.216796875;0.712890625;0.560546875;0.16455078125;0.29052734375;0.560546875;0.5234375;0.171875;0.515625;0.4140625;0.13916015625;0.8;0.171875;0.3125;0.578125;0.171875;0.109375;0.546875;0.609375;0.17578125;0.703125;0.703125;0.18359375;0.609375;0.6015625;0.193359375;0.294921875;0.59375;0.7265625;0.212890625;0.7109375;0.78125;0.216796875;0.7421875;0.78125;0.21875;0.65234375;0.6328125;0.1982421875;0.333984375;0.609375;0.6796875;0.212890625;0.70703125;0.76171875;0.21875;0.7578125;0.8046875;0.220703125;0.78515625;0.8125;0.220703125;0.80078125;0.8046875;0.2177734375;0.71484375;0.5703125;0.16845703125;0.310546875;0.564453125;0.5234375;0.17578125;0.5234375;0.3984375;0.14208984375;0.8
81;81;93.36;0.15625;0.28125;0.578125;0.171875;0.10546875;0.5625;0.609375;0.17578125;0.703125;0.65625;0.1640625;0.6171875;0.6171875;0.193359375;0.3046875;0.609375;0.7265625;0.2109375;0.71875;0.7734375;0.21484375;0.7421875;0.78125;0.212890625;0.65625;0.63671875;0.1982421875;0.3310546875;0.6171875;0.68359375;0.2119140625;0.70703125;0.76171875;0.2177734375;0.75390625;0.80078125;0.2197265625;0.78125;0.80859375;0.21875;0.79296875;0.8046875;0.2158203125;0.708984375;0.5546875;0.1640625;0.28466796875;0.556640625;0.5234375;0.17138671875;0.509765625;0.40625;0.13671875;0.8;0.171875;0.3125;0.578125;0.16796875;0.109375;0.546875;0.609375;0.17578125;0.703125;0.703125;0.18359375;0.609375;0.6015625;0.193359375;0.294921875;0.59375;0.7265625;0.212890625;0.7109375;0.78125;0.216796875;0.7421875;0.78125;0.21875;0.65234375;0.6328125;0.1982421875;0.333984375;0.609375;0.6796875;0.212890625;0.70703125;0.76171875;0.21875;0.7578125;0.8046875;0.220703125;0.78515625;0.8125;0.220703125;0.80078125;0.8046875;0.2177734375;0.71484375;0.572265625;0.16845703125;0.310546875;0.564453125;0.5234375;0.17578125;0.5234375;0.396484375;0.14208984375;0.8
82;82;93.42;0.15625;0.28125;0.578125;0.171875;0.10546875;0.5625;0.609375;0.17578125;0.703125;0.640625;0.16015625;0.6171875;0.6171875;0.193359375;0.3046875;0.609375;0.7265625;0.212890625;0.71875;0.78125;0.21484375;0.7421875;0.78125;0.216796875;0.65625;0.640625;0.19921875;0.3330078125;0.62109375;0.6875;0.212890625;0.7109375;0.765625;0.2177734375;0.7578125;0.8046875;0.220703125;0.78515625;0.8125;0.2197265625;0.80078125;0.80859375;0.2177734375;0.71484375;0.564453125;0.166015625;0.291015625;0.564453125;0.52734375;0.171875;0.51953125;0.416015625;0.13818359375;0.8;0.171875;0.3125;0.578125;0.171875;0.109375;0.546875;0.609375;0.17578125;0.703125;0.703125;0.18359375;0.609375;0.6015625;0.193359375;0.294921875;0.59375;0.7265625;0.212890625;0.7109375;0.78125;0.216796875;0.7421875;0.78125;0.21875;0.65234375;0.6328125;0.1982421875;0.3349609375;0.609375;0.6796875;0.212890625;0.70703125;0.76171875;0.21875;0.7578125;0.8046875;0.220703125;0.78515625;0.8125;0.220703125;0.80078125;0.8046875;0.2177734375;0.71484375;0.572265625;0.1689453125;0.31103515625;0.56640625;0.525390625;0.17578125;0.5234375;0.3984375;0.14208984375;0.8
83;83;93.29;0.15625;0.28125;0.5625;0.171875;0.10546875;0.546875;0.609375;0.171875;0.703125;0.640625;0.16015625;0.6171875;0.6171875;0.193359375;0.30078125;0.609375;0.7265625;0.2109375;0.7109375;0.7734375;0.21484375;0.7421875;0.78125;0.21484375;0.65625;0.63671875;0.1982421875;0.3310546875;0.6171875;0.6875;0.2119140625;0.70703125;0.7578125;0.216796875;0.7578125;0.80078125;0.220703125;0.78125;0.80859375;0.21875;0.796875;0.8046875;0.216796875;0.708984375;0.5546875;0.16259765625;0.2841796875;0.55078125;0.509765625;0.16943359375;0.505859375;0.400390625;0.13720703125;0.8;0.171875;0.3125;0.578125;0.171875;0.109375;0.546875;0.609375;0.1796875;0.703125;0.703125;0.18359375;0.609375;0.609375;0.193359375;0.294921875;0.59375;0.7265625;0.212890625;0.7109375;0.78125;0.216796875;0.7421875;0.78125;0.21875;0.65234375;0.6328125;0.1982421875;0.3349609375;0.609375;0.6796875;0.212890625;0.70703125;0.76171875;0.21875;0.7578125;0.8046875;0.220703125;0.78515625;0.8125;0.220703125;0.80078125;0.8046875;0.2177734375;0.71484375;0.5703125;0.16845703125;0.310546875;0.564453125;0.5234375;0.17578125;0.5234375;0.396484375;0.14208984375;0.8
84;84;93.27;0.15625;0.296875;0.578125;0.17578125;0.109375;0.5625;0.609375;0.171875;0.703125;0.640625;0.16015625;0.6171875;0.6171875;0.193359375;0.3046875;0.6015625;0.7265625;0.2109375;0.7109375;0.7734375;0.212890625;0.7421875;0.78125;0.212890625;0.65234375;0.640625;0.19921875;0.3310546875;0.6171875;0.6875;0.212890625;0.7109375;0.76171875;0.2177734375;0.7578125;0.8046875;0.220703125;0.78515625;0.8125;0.2197265625;0.80078125;0.80859375;0.216796875;0.712890625;0.5625;0.16455078125;0.2900390625;0.560546875;0.5234375;0.17138671875;0.513671875;0.40625;0.13818359375;0.8;0.171875;0.3125;0.578125;0.16796875;0.109375;0.546875;0.609375;0.17578125;0.703125;0.703125;0.18359375;0.609375;0.6015625;0.193359375;0.294921875;0.59375;0.7265625;0.212890625;0.7109375;0.78125;0.216796875;0.7421875;0.78125;0.21875;0.65234375;0.6328125;0.1982421875;0.333984375;0.609375;0.6796875;0.212890625;0.70703125;0.76171875;0.21875;0.7578125;0.8046875;0.220703125;0.78515625;0.8125;0.220703125;0.80078125;0.8046875;0.2177734375;0.71484375;0.572265625;0.16845703125;0.310546875;0.56640625;0.525390625;0.17578125;0.5234375;0.3984375;0.14208984375;0.8
85;85;93.4;0.15625;0.296875;0.578125;0.17578125;0.109375;0.5625;0.609375;0.17578125;0.71875;0.65625;0.16796875;0.6171875;0.6171875;0.193359375;0.306640625;0.609375;0.7265625;0.2109375;0.71875;0.7734375;0.21484375;0.7421875;0.78125;0.212890625;0.65625;0.640625;0.1982421875;0.33203125;0.6171875;0.6875;0.2119140625;0.7109375;0.76171875;0.2177734375;0.7578125;0.8046875;0.2197265625;0.78125;0.80859375;0.21875;0.796875;0.80078125;0.2158203125;0.708984375;0.55078125;0.1611328125;0.28271484375;0.546875;0.5078125;0.1669921875;0.5;0.39453125;0.134765625;0.8;0.171875;0.3125;0.578125;0.16796875;0.109375;0.546875;0.609375;0.17578125;0.703125;0.703125;0.18359375;0.609375;0.6015625;0.193359375;0.294921875;0.59375;0.7265625;0.212890625;0.7109375;0.78125;0.216796875;0.7421875;0.78125;0.21875;0.65234375;0.6328125;0.1982421875;0.333984375;0.609375;0.6796875;0.212890625;0.70703125;0.76171875;0.21875;0.7578125;0.8046875;0.220703125;0.78515625;0.8125;0.220703125;0.80078125;0.8046875;0.2177734375;0.71484375;0.572265625;0.16845703125;0.310546875;0.564453125;0.5234375;0.17578125;0.5234375;0.396484375;0.1416015625;0.8
86;86;93.37;0.15625;0.296875;0.578125;0.171875;0.10546875;0.5625;0.609375;0.171875;0.703125;0.640625;0.16015625;0.6171875;0.6171875;0.193359375;0.3046875;0.6015625;0.7265625;0.2109375;0.71875;0.7734375;0.21484375;0.7421875;0.78125;0.212890625;0.65625;0.6328125;0.197265625;0.330078125;0.61328125;0.68359375;0.2119140625;0.70703125;0.7578125;0.216796875;0.75390625;0.80078125;0.2197265625;0.78125;0.80859375;0.21875;0.796875;0.80078125;0.2158203125;0.708984375;0.55859375;0.16357421875;0.28369140625;0.55078125;0.515625;0.16943359375;0.505859375;0.408203125;0.13916015625;0.8;0.171875;0.3125;0.578125;0.171875;0.109375;0.546875;0.609375;0.17578125;0.703125;0.703125;0.18359375;0.609375;0.609375;0.193359375;0.296875;0.59375;0.7265625;0.212890625;0.7109375;0.78125;0.216796875;0.7421875;0.78125;0.21875;0.65234375;0.6328125;0.1982421875;0.333984375;0.609375;0.6796875;0.212890625;0.70703125;0.76171875;0.21875;0.7578125;0.8046875;0.220703125;0.78515625;0.8125;0.220703125;0.80078125;0.8046875;0.2177734375;0.71484375;0.5703125;0.16845703125;0.310546875;0.5625;0.521484375;0.17578125;0.521484375;0.396484375;0.1416015625;0.8
87;87;93.27;0.15625;0.28125;0.578125;0.171875;0.10546875;0.546875;0.609375;0.171875;0.703125;0.640625;0.16015625;0.609375;0.609375;0.19140625;0.302734375;0.6015625;0.7265625;0.2109375;0.7109375;0.7734375;0.21484375;0.7421875;0.78125;0.21484375;0.65625;0.640625;0.19921875;0.3310546875;0.6171875;0.6875;0.212890625;0.7109375;0.76171875;0.2177734375;0.7578125;0.8046875;0.220703125;0.78125;0.8125;0.2197265625;0.796875;0.80859375;0.2177734375;0.7109375;0.556640625;0.16357421875;0.2890625;0.552734375;0.513671875;0.16943359375;0.505859375;0.40234375;0.13671875;0.8;0.171875;0.3125;0.578125;0.16796875;0.109375;0.546875;0.609375;0.17578125;0.703125;0.703125;0.18359375;0.609375;0.6015625;0.193359375;0.296875;0.59375;0.7265625;0.212890625;0.7109375;0.78125;0.216796875;0.7421875;0.78125;0.21875;0.65234375;0.63671875;0.1982421875;0.3349609375;0.609375;0.6796875;0.212890625;0.70703125;0.76171875;0.21875;0.7578125;0.8046875;0.220703125;0.78515625;0.8125;0.220703125;0.80078125;0.8046875;0.2177734375;0.71484375;0.572265625;0.16845703125;0.310546875;0.56640625;0.5234375;0.17578125;0.5234375;0.3984375;0.14208984375;0.8
88;88;93.3;0.15625;0.296875;0.578125;0.171875;0.10546875;0.5625;0.609375;0.171875;0.703125;0.640625;0.16015625;0.6171875;0.6171875;0.193359375;0.302734375;0.6015625;0.7265625;0.2109375;0.7109375;0.7734375;0.212890625;0.7421875;0.78125;0.212890625;0.65234375;0.63671875;0.1982421875;0.330078125;0.6171875;0.6875;0.212890625;0.7109375;0.76171875;0.2177734375;0.7578125;0.8046875;0.220703125;0.78125;0.80859375;0.2197265625;0.796875;0.80859375;0.216796875;0.7109375;0.55859375;0.16455078125;0.2890625;0.560546875;0.515625;0.169921875;0.513671875;0.40234375;0.13720703125;0.8;0.171875;0.3125;0.578125;0.171875;0.109375;0.546875;0.609375;0.1796875;0.703125;0.703125;0.18359375;0.609375;0.609375;0.193359375;0.296875;0.59375;0.7265625;0.212890625;0.7109375;0.78125;0.216796875;0.7421875;0.78125;0.21875;0.65234375;0.6328125;0.1982421875;0.3349609375;0.609375;0.6796875;0.212890625;0.70703125;0.76171875;0.21875;0.7578125;0.8046875;0.220703125;0.78515625;0.8125;0.220703125;0.80078125;0.8046875;0.2177734375;0.71484375;0.572265625;0.16845703125;0.31103515625;0.56640625;0.5234375;0.17578125;0.5234375;0.3984375;0.14208984375;0.8
89;89;93.37;0.15625;0.28125;0.578125;0.171875;0.10546875;0.5625;0.609375;0.171875;0.703125;0.640625;0.16015625;0.6171875;0.6171875;0.193359375;0.3046875;0.609375;0.7265625;0.2109375;0.71875;0.78125;0.21484375;0.7421875;0.78125;0.21484375;0.65625;0.640625;0.1982421875;0.33203125;0.6171875;0.6875;0.2119140625;0.7109375;0.76171875;0.2177734375;0.7578125;0.8046875;0.220703125;0.78125;0.8125;0.2197265625;0.796875;0.80859375;0.216796875;0.7109375;0.55859375;0.1640625;0.2880859375;0.556640625;0.51953125;0.17138671875;0.51171875;0.41015625;0.13818359375;0.8;0.171875;0.3125;0.578125;0.171875;0.109375;0.546875;0.609375;0.17578125;0.703125;0.703125;0.18359375;0.609375;0.609375;0.193359375;0.296875;0.59375;0.7265625;0.212890625;0.7109375;0.78125;0.216796875;0.7421875;0.78125;0.21875;0.65234375;0.63671875;0.1982421875;0.3349609375;0.609375;0.6796875;0.212890625;0.70703125;0.76171875;0.21875;0.7578125;0.8046875;0.220703125;0.78515625;0.8125;0.220703125;0.80078125;0.8046875;0.2177734375;0.71484375;0.5703125;0.16845703125;0.31103515625;0.564453125;0.5234375;0.17578125;0.5234375;0.396484375;0.14208984375;0.8
90;90;93.28;0.15625;0.296875;0.578125;0.171875;0.109375;0.5625;0.609375;0.17578125;0.71875;0.640625;0.16015625;0.6171875;0.6171875;0.193359375;0.3046875;0.609375;0.7265625;0.2109375;0.71875;0.7734375;0.212890625;0.7421875;0.7734375;0.212890625;0.65234375;0.6328125;0.197265625;0.330078125;0.61328125;0.68359375;0.2119140625;0.70703125;0.76171875;0.2177734375;0.75390625;0.80078125;0.2197265625;0.78125;0.80859375;0.2197265625;0.796875;0.8046875;0.216796875;0.708984375;0.55859375;0.1640625;0.28369140625;0.552734375;0.51953125;0.1708984375;0.5078125;0.40234375;0.13818359375;0.8;0.171875;0.3125;0.578125;0.171875;0.109375;0.546875;0.609375;0.17578125;0.703125;0.703125;0.18359375;0.609375;0.609375;0.193359375;0.296875;0.59375;0.7265625;0.212890625;0.7109375;0.78125;0.216796875;0.7421875;0.78125;0.21875;0.65234375;0.6328125;0.1982421875;0.3349609375;0.609375;0.6796875;0.212890625;0.70703125;0.76171875;0.21875;0.7578125;0.8046875;0.220703125;0.78515625;0.8125;0.220703125;0.80078125;0.8046875;0.2177734375;0.71484375;0.5703125;0.16796875;0.310546875;0.564453125;0.521484375;0.17578125;0.521484375;0.396484375;0.14208984375;0.8
91;91;93.34;0.15625;0.28125;0.5625;0.171875;0.10546875;0.546875;0.609375;0.171875;0.703125;0.640625;0.16015625;0.609375;0.609375;0.19140625;0.30078125;0.6015625;0.7265625;0.2109375;0.71875;0.7734375;0.21484375;0.7421875;0.78125;0.21484375;0.65625;0.63671875;0.1982421875;0.330078125;0.6171875;0.6875;0.2119140625;0.70703125;0.76171875;0.2177734375;0.75390625;0.8046875;0.220703125;0.78125;0.80859375;0.2197265625;0.796875;0.8046875;0.216796875;0.708984375;0.55078125;0.162109375;0.287109375;0.546875;0.5078125;0.16845703125;0.501953125;0.3984375;0.1357421875;0.8;0.171875;0.3125;0.578125;0.16796875;0.109375;0.546875;0.609375;0.17578125;0.703125;0.703125;0.18359375;0.609375;0.6015625;0.193359375;0.296875;0.59375;0.7265625;0.212890625;0.7109375;0.78125;0.216796875;0.7421875;0.78125;0.21875;0.65234375;0.6328125;0.1982421875;0.3349609375;0.609375;0.6796875;0.212890625;0.70703125;0.76171875;0.21875;0.7578125;0.8046875;0.220703125;0.78515625;0.8125;0.220703125;0.80078125;0.8046875;0.2177734375;0.71484375;0.5703125;0.16845703125;0.310546875;0.564453125;0.5234375;0.17578125;0.5234375;0.396484375;0.14208984375;0.8
92;92;93.44;0.15625;0.28125;0.578125;0.171875;0.10546875;0.546875;0.609375;0.171875;0.703125;0.640625;0.16015625;0.609375;0.609375;0.19140625;0.302734375;0.6015625;0.7265625;0.2109375;0.71875;0.7734375;0.21484375;0.7421875;0.78125;0.21484375;0.65625;0.640625;0.19921875;0.3330078125;0.62109375;0.6875;0.212890625;0.7109375;0.765625;0.2177734375;0.7578125;0.8046875;0.220703125;0.78515625;0.8125;0.2197265625;0.80078125;0.80859375;0.2177734375;0.712890625;0.5546875;0.1630859375;0.28857421875;0.5546875;0.51171875;0.16845703125;0.505859375;0.3984375;0.134765625;0.8;0.171875;0.3125;0.578125;0.171875;0.109375;0.546875;0.609375;0.17578125;0.703125;0.703125;0.18359375;0.609375;0.609375;0.193359375;0.296875;0.59375;0.7265625;0.212890625;0.7109375;0.78125;0.216796875;0.7421875;0.78125;0.21875;0.65234375;0.63671875;0.1982421875;0.3349609375;0.609375;0.6796875;0.212890625;0.70703125;0.76171875;0.21875;0.7578125;0.8046875;0.220703125;0.78515625;0.8125;0.220703125;0.80078125;0.8046875;0.2177734375;0.71484375;0.5703125;0.16845703125;0.31103515625;0.56640625;0.5234375;0.17578125;0.5234375;0.396484375;0.14208984375;0.8
93;93;93.43;0.15625;0.28125;0.578125;0.171875;0.10546875;0.5625;0.625;0.17578125;0.71875;0.65625;0.16796875;0.6171875;0.625;0.193359375;0.306640625;0.609375;0.7265625;0.212890625;0.71875;0.7734375;0.21484375;0.7421875;0.78125;0.21484375;0.65625;0.640625;0.197265625;0.3310546875;0.6171875;0.6875;0.2119140625;0.70703125;0.76171875;0.2177734375;0.7578125;0.8046875;0.220703125;0.78125;0.80859375;0.2197265625;0.796875;0.80078125;0.2158203125;0.708984375;0.5546875;0.162109375;0.28466796875;0.55078125;0.517578125;0.169921875;0.50390625;0.400390625;0.13671875;0.8;0.171875;0.3125;0.578125;0.171875;0.109375;0.546875;0.609375;0.17578125;0.703125;0.703125;0.18359375;0.609375;0.609375;0.193359375;0.296875;0.59375;0.7265625;0.212890625;0.7109375;0.78125;0.216796875;0.7421875;0.78125;0.21875;0.65234375;0.6328125;0.1982421875;0.3349609375;0.609375;0.6796875;0.212890625;0.70703125;0.76171875;0.21875;0.7578125;0.8046875;0.220703125;0.78515625;0.8125;0.220703125;0.80078125;0.8046875;0.2177734375;0.71484375;0.572265625;0.16845703125;0.31103515625;0.564453125;0.5234375;0.17578125;0.5234375;0.396484375;0.14208984375;0.8
94;94;93.39;0.15625;0.296875;0.578125;0.171875;0.10546875;0.5625;0.609375;0.17578125;0.71875;0.65625;0.1640625;0.6171875;0.6171875;0.193359375;0.306640625;0.609375;0.734375;0.2109375;0.71875;0.78125;0.21484375;0.7421875;0.78125;0.21484375;0.65625;0.64453125;0.19921875;0.3330078125;0.62109375;0.69140625;0.212890625;0.71484375;0.765625;0.2177734375;0.7578125;0.80859375;0.220703125;0.78515625;0.8125;0.2197265625;0.80078125;0.80859375;0.2177734375;0.71484375;0.5625;0.16455078125;0.291015625;0.560546875;0.521484375;0.1708984375;0.513671875;0.412109375;0.1376953125;0.8;0.171875;0.3125;0.578125;0.16796875;0.109375;0.546875;0.609375;0.17578125;0.703125;0.703125;0.18359375;0.609375;0.6015625;0.193359375;0.296875;0.59375;0.7265625;0.212890625;0.7109375;0.78125;0.216796875;0.7421875;0.78125;0.21875;0.65234375;0.63671875;0.1982421875;0.3349609375;0.609375;0.6796875;0.212890625;0.70703125;0.76171875;0.21875;0.7578125;0.8046875;0.220703125;0.78515625;0.8125;0.220703125;0.80078125;0.8046875;0.2177734375;0.71484375;0.572265625;0.16845703125;0.31103515625;0.564453125;0.5234375;0.17578125;0.5234375;0.396484375;0.1416015625;0.8
95;95;93.45;0.15625;0.296875;0.578125;0.171875;0.109375;0.5625;0.609375;0.17578125;0.703125;0.640625;0.1640625;0.6171875;0.6171875;0.193359375;0.3046875;0.609375;0.7265625;0.2109375;0.7109375;0.7734375;0.212890625;0.7421875;0.78125;0.212890625;0.65234375;0.63671875;0.1982421875;0.330078125;0.61328125;0.6875;0.212890625;0.70703125;0.76171875;0.2177734375;0.7578125;0.8046875;0.220703125;0.78125;0.80859375;0.2197265625;0.796875;0.8046875;0.216796875;0.708984375;0.556640625;0.16455078125;0.28759765625;0.556640625;0.521484375;0.171875;0.513671875;0.404296875;0.13623046875;0.8;0.171875;0.3125;0.578125;0.171875;0.109375;0.546875;0.609375;0.17578125;0.703125;0.703125;0.18359375;0.609375;0.6015625;0.193359375;0.296875;0.59375;0.7265625;0.212890625;0.7109375;0.78125;0.216796875;0.7421875;0.78125;0.21875;0.65234375;0.6328125;0.1982421875;0.3349609375;0.609375;0.6796875;0.212890625;0.70703125;0.76171875;0.21875;0.7578125;0.8046875;0.220703125;0.78515625;0.8125;0.220703125;0.80078125;0.8046875;0.2177734375;0.71484375;0.5703125;0.16845703125;0.31103515625;0.564453125;0.5234375;0.17578125;0.5234375;0.396484375;0.14208984375;0.8
96;96;93.48;0.15625;0.28125;0.578125;0.171875;0.10546875;0.5625;0.609375;0.17578125;0.71875;0.640625;0.1640625;0.6171875;0.6171875;0.193359375;0.3046875;0.609375;0.7265625;0.2109375;0.71875;0.7734375;0.21484375;0.7421875;0.78125;0.212890625;0.65625;0.63671875;0.197265625;0.3310546875;0.61328125;0.68359375;0.2119140625;0.70703125;0.76171875;0.2177734375;0.75390625;0.80078125;0.2197265625;0.78125;0.80859375;0.21875;0.796875;0.80078125;0.2158203125;0.708984375;0.5546875;0.16357421875;0.283203125;0.55078125;0.515625;0.16943359375;0.50390625;0.3984375;0.13525390625;0.8;0.171875;0.3125;0.578125;0.171875;0.109375;0.5625;0.609375;0.1796875;0.703125;0.703125;0.18359375;0.609375;0.609375;0.193359375;0.296875;0.59375;0.7265625;0.212890625;0.7109375;0.78125;0.21875;0.7421875;0.78125;0.21875;0.65234375;0.63671875;0.1982421875;0.3349609375;0.609375;0.6796875;0.212890625;0.70703125;0.76171875;0.21875;0.7578125;0.8046875;0.220703125;0.78515625;0.8125;0.220703125;0.80078125;0.8046875;0.2177734375;0.71484375;0.5703125;0.16845703125;0.31103515625;0.564453125;0.5234375;0.17578125;0.5234375;0.396484375;0.14208984375;0.8
97;97;93.39;0.15625;0.28125;0.578125;0.171875;0.10546875;0.5625;0.609375;0.171875;0.703125;0.640625;0.16015625;0.6171875;0.6171875;0.193359375;0.3046875;0.609375;0.7265625;0.2109375;0.71875;0.7734375;0.21484375;0.7421875;0.78125;0.212890625;0.65234375;0.6328125;0.197265625;0.330078125;0.6171875;0.68359375;0.2119140625;0.70703125;0.7578125;0.216796875;0.75390625;0.80078125;0.2197265625;0.78125;0.8046875;0.21875;0.796875;0.80078125;0.2158203125;0.70703125;0.546875;0.1611328125;0.28369140625;0.54296875;0.50390625;0.16796875;0.5;0.39453125;0.13525390625;0.8;0.171875;0.3125;0.578125;0.171875;0.109375;0.546875;0.609375;0.17578125;0.703125;0.703125;0.18359375;0.609375;0.609375;0.193359375;0.296875;0.59375;0.7265625;0.212890625;0.7109375;0.78125;0.216796875;0.7421875;0.78125;0.21875;0.65234375;0.6328125;0.1982421875;0.3349609375;0.609375;0.6796875;0.212890625;0.70703125;0.76171875;0.21875;0.7578125;0.8046875;0.220703125;0.78515625;0.8125;0.220703125;0.80078125;0.8046875;0.2177734375;0.71484375;0.572265625;0.16845703125;0.31103515625;0.564453125;0.5234375;0.17578125;0.5234375;0.3984375;0.14208984375;0.8
98;98;93.43;0.15625;0.28125;0.5625;0.171875;0.10546875;0.546875;0.609375;0.171875;0.703125;0.640625;0.16015625;0.6171875;0.609375;0.19140625;0.302734375;0.6015625;0.7265625;0.2109375;0.71875;0.7734375;0.212890625;0.7421875;0.78125;0.212890625;0.65234375;0.63671875;0.197265625;0.330078125;0.61328125;0.68359375;0.2119140625;0.70703125;0.7578125;0.2177734375;0.75390625;0.80078125;0.2197265625;0.77734375;0.8046875;0.21875;0.79296875;0.80078125;0.2158203125;0.708984375;0.5546875;0.1640625;0.2841796875;0.552734375;0.517578125;0.17041015625;0.509765625;0.408203125;0.13818359375;0.8;0.171875;0.3125;0.578125;0.171875;0.109375;0.546875;0.609375;0.1796875;0.703125;0.703125;0.18359375;0.609375;0.609375;0.193359375;0.296875;0.59375;0.7265625;0.212890625;0.7109375;0.78125;0.216796875;0.7421875;0.78125;0.21875;0.65234375;0.6328125;0.1982421875;0.3349609375;0.609375;0.6796875;0.212890625;0.70703125;0.76171875;0.21875;0.7578125;0.8046875;0.220703125;0.78515625;0.8125;0.220703125;0.80078125;0.8046875;0.2177734375;0.71484375;0.5703125;0.16845703125;0.31103515625;0.564453125;0.5234375;0.17578125;0.521484375;0.396484375;0.14208984375;0.8
99;99;93.36;0.15625;0.28125;0.578125;0.171875;0.10546875;0.546875;0.609375;0.171875;0.703125;0.640625;0.16015625;0.6171875;0.6171875;0.193359375;0.3046875;0.609375;0.7265625;0.2109375;0.71875;0.78125;0.21484375;0.7421875;0.78125;0.21484375;0.65234375;0.63671875;0.1982421875;0.3310546875;0.6171875;0.68359375;0.212890625;0.70703125;0.76171875;0.2177734375;0.7578125;0.8046875;0.220703125;0.78125;0.8125;0.2197265625;0.796875;0.80859375;0.2177734375;0.7109375;0.55859375;0.16455078125;0.2880859375;0.5546875;0.513671875;0.16943359375;0.5078125;0.400390625;0.13623046875;0.8;0.171875;0.3125;0.578125;0.16796875;0.109375;0.546875;0.609375;0.17578125;0.703125;0.703125;0.18359375;0.609375;0.6015625;0.193359375;0.296875;0.59375;0.7265625;0.212890625;0.7109375;0.78125;0.216796875;0.7421875;0.78125;0.21875;0.65234375;0.63671875;0.1982421875;0.333984375;0.609375;0.6796875;0.212890625;0.70703125;0.76171875;0.21875;0.7578125;0.8046875;0.220703125;0.78515625;0.8125;0.220703125;0.80078125;0.8046875;0.2177734375;0.71484375;0.572265625;0.16845703125;0.310546875;0.56640625;0.5234375;0.17578125;0.5234375;0.3984375;0.1416015625;0.8
