;Epoch;test_accuracy;train-saturation_conv1;train-saturation_layer1-0-conv1;train-saturation_layer1-0-conv2;train-saturation_layer1-0-conv3;train-saturation_layer1-0-shortcut-0;train-saturation_layer1-1-conv1;train-saturation_layer1-1-conv2;train-saturation_layer1-1-conv3;train-saturation_layer1-2-conv1;train-saturation_layer1-2-conv2;train-saturation_layer1-2-conv3;train-saturation_layer2-0-conv1;train-saturation_layer2-0-conv2;train-saturation_layer2-0-conv3;train-saturation_layer2-0-shortcut-0;train-saturation_layer2-1-conv1;train-saturation_layer2-1-conv2;train-saturation_layer2-1-conv3;train-saturation_layer2-2-conv1;train-saturation_layer2-2-conv2;train-saturation_layer2-2-conv3;train-saturation_layer2-3-conv1;train-saturation_layer2-3-conv2;train-saturation_layer2-3-conv3;train-saturation_layer3-0-conv1;train-saturation_layer3-0-conv2;train-saturation_layer3-0-conv3;train-saturation_layer3-0-shortcut-0;train-saturation_layer3-1-conv1;train-saturation_layer3-1-conv2;train-saturation_layer3-1-conv3;train-saturation_layer3-2-conv1;train-saturation_layer3-2-conv2;train-saturation_layer3-2-conv3;train-saturation_layer3-3-conv1;train-saturation_layer3-3-conv2;train-saturation_layer3-3-conv3;train-saturation_layer3-4-conv1;train-saturation_layer3-4-conv2;train-saturation_layer3-4-conv3;train-saturation_layer3-5-conv1;train-saturation_layer3-5-conv2;train-saturation_layer3-5-conv3;train-saturation_layer4-0-conv1;train-saturation_layer4-0-conv2;train-saturation_layer4-0-conv3;train-saturation_layer4-0-shortcut-0;train-saturation_layer4-1-conv1;train-saturation_layer4-1-conv2;train-saturation_layer4-1-conv3;train-saturation_layer4-2-conv1;train-saturation_layer4-2-conv2;train-saturation_layer4-2-conv3;train-saturation_linear;eval-saturation_conv1;eval-saturation_layer1-0-conv1;eval-saturation_layer1-0-conv2;eval-saturation_layer1-0-conv3;eval-saturation_layer1-0-shortcut-0;eval-saturation_layer1-1-conv1;eval-saturation_layer1-1-conv2;eval-saturation_layer1-1-conv3;eval-saturation_layer1-2-conv1;eval-saturation_layer1-2-conv2;eval-saturation_layer1-2-conv3;eval-saturation_layer2-0-conv1;eval-saturation_layer2-0-conv2;eval-saturation_layer2-0-conv3;eval-saturation_layer2-0-shortcut-0;eval-saturation_layer2-1-conv1;eval-saturation_layer2-1-conv2;eval-saturation_layer2-1-conv3;eval-saturation_layer2-2-conv1;eval-saturation_layer2-2-conv2;eval-saturation_layer2-2-conv3;eval-saturation_layer2-3-conv1;eval-saturation_layer2-3-conv2;eval-saturation_layer2-3-conv3;eval-saturation_layer3-0-conv1;eval-saturation_layer3-0-conv2;eval-saturation_layer3-0-conv3;eval-saturation_layer3-0-shortcut-0;eval-saturation_layer3-1-conv1;eval-saturation_layer3-1-conv2;eval-saturation_layer3-1-conv3;eval-saturation_layer3-2-conv1;eval-saturation_layer3-2-conv2;eval-saturation_layer3-2-conv3;eval-saturation_layer3-3-conv1;eval-saturation_layer3-3-conv2;eval-saturation_layer3-3-conv3;eval-saturation_layer3-4-conv1;eval-saturation_layer3-4-conv2;eval-saturation_layer3-4-conv3;eval-saturation_layer3-5-conv1;eval-saturation_layer3-5-conv2;eval-saturation_layer3-5-conv3;eval-saturation_layer4-0-conv1;eval-saturation_layer4-0-conv2;eval-saturation_layer4-0-conv3;eval-saturation_layer4-0-shortcut-0;eval-saturation_layer4-1-conv1;eval-saturation_layer4-1-conv2;eval-saturation_layer4-1-conv3;eval-saturation_layer4-2-conv1;eval-saturation_layer4-2-conv2;eval-saturation_layer4-2-conv3;eval-saturation_linear
0;0;10.48;0.03125;0.015625;0.0625;0.00390625;0.0;0.03125;0.03125;0.00390625;0.046875;0.0625;0.0078125;0.015625;0.0;0.001953125;0.005859375;0.0078125;0.0234375;0.001953125;0.0078125;0.03125;0.00390625;0.015625;0.0234375;0.001953125;0.00390625;0.0078125;0.0009765625;0.0009765625;0.00390625;0.015625;0.0009765625;0.00390625;0.01171875;0.0009765625;0.00390625;0.0078125;0.0009765625;0.00390625;0.0078125;0.0009765625;0.00390625;0.0078125;0.0009765625;0.0;0.001953125;0.00048828125;0.00048828125;0.0;0.005859375;0.00048828125;0.0;0.005859375;0.00048828125;0.1;0.015625;0.015625;0.046875;0.00390625;0.0;0.03125;0.03125;0.00390625;0.046875;0.0625;0.0078125;0.015625;0.0;0.001953125;0.005859375;0.0078125;0.0234375;0.00390625;0.0078125;0.03125;0.00390625;0.015625;0.03125;0.001953125;0.0078125;0.01171875;0.001953125;0.001953125;0.00390625;0.02734375;0.0029296875;0.00390625;0.01953125;0.00390625;0.00390625;0.01953125;0.005859375;0.00390625;0.01953125;0.0078125;0.00390625;0.01953125;0.0068359375;0.001953125;0.0078125;0.00048828125;0.00048828125;0.00390625;0.0078125;0.001953125;0.0078125;0.00390625;0.0009765625;0.0
1;1;20.62;0.03125;0.015625;0.0625;0.00390625;0.00390625;0.03125;0.03125;0.00390625;0.046875;0.0625;0.0078125;0.015625;0.0;0.001953125;0.005859375;0.0078125;0.0234375;0.00390625;0.0078125;0.0390625;0.005859375;0.015625;0.03125;0.00390625;0.01171875;0.01171875;0.001953125;0.0029296875;0.00390625;0.01953125;0.0029296875;0.00390625;0.015625;0.0029296875;0.00390625;0.01171875;0.0029296875;0.00390625;0.0078125;0.0009765625;0.00390625;0.0078125;0.0009765625;0.001953125;0.001953125;0.00048828125;0.00048828125;0.0;0.005859375;0.00048828125;0.0;0.005859375;0.00048828125;0.1;0.015625;0.015625;0.046875;0.00390625;0.0;0.03125;0.03125;0.00390625;0.046875;0.0625;0.0078125;0.015625;0.0;0.001953125;0.005859375;0.0078125;0.0234375;0.00390625;0.015625;0.0390625;0.005859375;0.015625;0.0390625;0.00390625;0.01171875;0.0234375;0.00390625;0.00390625;0.0078125;0.02734375;0.005859375;0.01171875;0.0234375;0.0048828125;0.0078125;0.02734375;0.0048828125;0.0078125;0.03125;0.0087890625;0.0078125;0.03125;0.01171875;0.00390625;0.013671875;0.001953125;0.001953125;0.0078125;0.025390625;0.0078125;0.005859375;0.017578125;0.00390625;0.1
2;2;35.18;0.03125;0.015625;0.0625;0.00390625;0.00390625;0.03125;0.03125;0.00390625;0.046875;0.0625;0.0078125;0.015625;0.0;0.001953125;0.0078125;0.0078125;0.0234375;0.00390625;0.015625;0.0390625;0.005859375;0.0234375;0.03125;0.00390625;0.015625;0.0234375;0.0048828125;0.0048828125;0.01171875;0.03125;0.0068359375;0.01171875;0.0390625;0.0068359375;0.01171875;0.0234375;0.0048828125;0.01171875;0.015625;0.00390625;0.0078125;0.01171875;0.0009765625;0.001953125;0.001953125;0.00048828125;0.00146484375;0.001953125;0.005859375;0.00048828125;0.0;0.005859375;0.00048828125;0.3;0.015625;0.015625;0.0625;0.00390625;0.0;0.03125;0.03125;0.00390625;0.046875;0.0625;0.0078125;0.015625;0.0;0.001953125;0.005859375;0.0078125;0.03125;0.00390625;0.015625;0.0390625;0.005859375;0.0234375;0.0390625;0.00390625;0.01953125;0.02734375;0.005859375;0.005859375;0.01171875;0.03125;0.0068359375;0.015625;0.03515625;0.0078125;0.015625;0.0390625;0.009765625;0.015625;0.0390625;0.009765625;0.015625;0.0234375;0.005859375;0.005859375;0.01171875;0.00146484375;0.0029296875;0.009765625;0.017578125;0.0009765625;0.009765625;0.025390625;0.00341796875;0.2
3;3;38.72;0.03125;0.046875;0.078125;0.0078125;0.00390625;0.046875;0.046875;0.00390625;0.0625;0.0625;0.0078125;0.015625;0.0;0.001953125;0.0078125;0.015625;0.03125;0.00390625;0.0234375;0.0546875;0.0078125;0.0390625;0.046875;0.005859375;0.02734375;0.0390625;0.0087890625;0.009765625;0.0234375;0.05859375;0.0126953125;0.02734375;0.05078125;0.009765625;0.02734375;0.0546875;0.009765625;0.02734375;0.03515625;0.0068359375;0.01953125;0.0234375;0.0029296875;0.001953125;0.00390625;0.00048828125;0.00390625;0.00390625;0.005859375;0.00048828125;0.001953125;0.0078125;0.00048828125;0.4;0.015625;0.03125;0.0625;0.0078125;0.00390625;0.046875;0.03125;0.00390625;0.0625;0.078125;0.0078125;0.015625;0.0078125;0.00390625;0.0078125;0.0234375;0.0390625;0.005859375;0.03125;0.046875;0.0078125;0.03125;0.046875;0.0078125;0.03125;0.0390625;0.009765625;0.009765625;0.01953125;0.046875;0.0107421875;0.0234375;0.0390625;0.0078125;0.02734375;0.05078125;0.009765625;0.0234375;0.04296875;0.0087890625;0.01953125;0.03515625;0.0078125;0.005859375;0.009765625;0.00048828125;0.0048828125;0.01171875;0.015625;0.00048828125;0.015625;0.01171875;0.00048828125;0.4
4;4;50.17;0.03125;0.046875;0.109375;0.0078125;0.0078125;0.046875;0.046875;0.00390625;0.0625;0.078125;0.0078125;0.015625;0.0078125;0.00390625;0.009765625;0.0234375;0.0390625;0.005859375;0.0390625;0.0703125;0.01171875;0.046875;0.0703125;0.009765625;0.03515625;0.05859375;0.013671875;0.01171875;0.03515625;0.08984375;0.017578125;0.04296875;0.078125;0.013671875;0.04296875;0.07421875;0.0107421875;0.04296875;0.05859375;0.0068359375;0.03125;0.03515625;0.00390625;0.0078125;0.00390625;0.00048828125;0.005859375;0.009765625;0.009765625;0.00048828125;0.005859375;0.0078125;0.00048828125;0.5;0.03125;0.046875;0.09375;0.0078125;0.0078125;0.046875;0.046875;0.00390625;0.0625;0.078125;0.0078125;0.015625;0.0078125;0.00390625;0.009765625;0.0234375;0.0390625;0.0078125;0.0390625;0.0703125;0.009765625;0.0390625;0.0703125;0.01171875;0.03515625;0.05859375;0.013671875;0.0107421875;0.03515625;0.08984375;0.017578125;0.04296875;0.078125;0.0126953125;0.04296875;0.06640625;0.009765625;0.0390625;0.0625;0.0087890625;0.02734375;0.03515625;0.00390625;0.0078125;0.005859375;0.00048828125;0.00634765625;0.015625;0.01953125;0.0009765625;0.013671875;0.013671875;0.00048828125;0.5
5;5;49.98;0.0625;0.078125;0.140625;0.01171875;0.015625;0.0625;0.078125;0.0078125;0.078125;0.078125;0.0078125;0.015625;0.015625;0.00390625;0.01171875;0.0390625;0.0546875;0.01171875;0.0546875;0.0859375;0.013671875;0.0625;0.109375;0.013671875;0.0390625;0.07421875;0.0185546875;0.0126953125;0.04296875;0.1171875;0.021484375;0.0546875;0.1015625;0.0166015625;0.05859375;0.0859375;0.009765625;0.0546875;0.07421875;0.0078125;0.05078125;0.05078125;0.0048828125;0.017578125;0.0078125;0.00048828125;0.0078125;0.013671875;0.015625;0.00048828125;0.013671875;0.015625;0.00048828125;0.6;0.046875;0.0625;0.109375;0.0078125;0.015625;0.0625;0.0625;0.0078125;0.078125;0.0625;0.0078125;0.015625;0.0234375;0.00390625;0.01171875;0.0390625;0.0546875;0.01171875;0.0546875;0.078125;0.01171875;0.0625;0.109375;0.01171875;0.0390625;0.0703125;0.0166015625;0.0126953125;0.04296875;0.11328125;0.0205078125;0.05078125;0.09765625;0.0166015625;0.0546875;0.08984375;0.009765625;0.05078125;0.0703125;0.0078125;0.046875;0.046875;0.00390625;0.017578125;0.0078125;0.00048828125;0.0078125;0.013671875;0.015625;0.0009765625;0.013671875;0.015625;0.00048828125;0.6
6;6;45.63;0.0625;0.078125;0.140625;0.01171875;0.01953125;0.0625;0.0625;0.0078125;0.078125;0.09375;0.01171875;0.015625;0.0234375;0.005859375;0.013671875;0.0390625;0.0703125;0.015625;0.0546875;0.09375;0.013671875;0.0625;0.1171875;0.013671875;0.0390625;0.078125;0.021484375;0.0126953125;0.046875;0.12890625;0.0244140625;0.0625;0.1171875;0.0185546875;0.0625;0.09765625;0.01171875;0.06640625;0.09375;0.009765625;0.05859375;0.06640625;0.005859375;0.021484375;0.01171875;0.0009765625;0.00927734375;0.015625;0.01953125;0.00146484375;0.017578125;0.01953125;0.0009765625;0.5;0.0625;0.078125;0.125;0.0078125;0.01953125;0.0625;0.0625;0.0078125;0.078125;0.09375;0.01171875;0.015625;0.03125;0.0078125;0.01171875;0.0390625;0.0625;0.017578125;0.0546875;0.09375;0.01171875;0.0625;0.1171875;0.013671875;0.03515625;0.078125;0.0205078125;0.0126953125;0.046875;0.125;0.0224609375;0.05859375;0.11328125;0.0185546875;0.05859375;0.09375;0.01171875;0.0625;0.08203125;0.009765625;0.0546875;0.06640625;0.005859375;0.01953125;0.009765625;0.0009765625;0.0087890625;0.013671875;0.015625;0.00146484375;0.015625;0.017578125;0.0009765625;0.6
7;7;55.56;0.078125;0.078125;0.15625;0.01171875;0.0234375;0.078125;0.078125;0.0078125;0.09375;0.09375;0.01171875;0.015625;0.03125;0.005859375;0.013671875;0.046875;0.0859375;0.015625;0.0546875;0.109375;0.01171875;0.0703125;0.125;0.015625;0.0390625;0.08203125;0.0224609375;0.013671875;0.05078125;0.14453125;0.0283203125;0.0703125;0.12890625;0.021484375;0.0703125;0.12109375;0.0126953125;0.0703125;0.109375;0.0107421875;0.06640625;0.078125;0.0068359375;0.025390625;0.013671875;0.00146484375;0.0107421875;0.017578125;0.025390625;0.00244140625;0.021484375;0.02734375;0.00146484375;0.6;0.0625;0.078125;0.125;0.01171875;0.01953125;0.078125;0.078125;0.0078125;0.078125;0.09375;0.01171875;0.015625;0.0234375;0.0078125;0.013671875;0.046875;0.0859375;0.015625;0.0625;0.109375;0.01171875;0.0703125;0.1171875;0.015625;0.0390625;0.078125;0.021484375;0.013671875;0.05078125;0.13671875;0.02734375;0.06640625;0.125;0.0205078125;0.0703125;0.12109375;0.0126953125;0.06640625;0.1015625;0.0107421875;0.06640625;0.07421875;0.0068359375;0.0234375;0.013671875;0.0009765625;0.01025390625;0.015625;0.021484375;0.001953125;0.01953125;0.0234375;0.0009765625;0.6
8;8;52.76;0.078125;0.078125;0.125;0.01171875;0.0234375;0.078125;0.09375;0.0078125;0.09375;0.09375;0.01171875;0.03125;0.03125;0.005859375;0.013671875;0.046875;0.09375;0.015625;0.0625;0.109375;0.013671875;0.078125;0.125;0.015625;0.04296875;0.08984375;0.025390625;0.0146484375;0.0546875;0.15234375;0.029296875;0.07421875;0.14453125;0.0244140625;0.078125;0.12890625;0.0146484375;0.078125;0.125;0.01171875;0.07421875;0.07421875;0.0078125;0.0234375;0.015625;0.001953125;0.01171875;0.017578125;0.02734375;0.0029296875;0.01953125;0.02734375;0.00146484375;0.6;0.078125;0.078125;0.109375;0.01171875;0.0234375;0.078125;0.046875;0.00390625;0.078125;0.078125;0.0078125;0.0234375;0.03125;0.0078125;0.01171875;0.0390625;0.0859375;0.015625;0.0625;0.1015625;0.01171875;0.078125;0.1171875;0.015625;0.04296875;0.08203125;0.0234375;0.013671875;0.05078125;0.13671875;0.0283203125;0.0703125;0.140625;0.0244140625;0.07421875;0.12890625;0.0146484375;0.07421875;0.12109375;0.0126953125;0.0703125;0.078125;0.0068359375;0.0234375;0.015625;0.00146484375;0.0107421875;0.017578125;0.02734375;0.0029296875;0.015625;0.0234375;0.0009765625;0.6
9;9;58.89;0.09375;0.078125;0.125;0.015625;0.02734375;0.078125;0.09375;0.01171875;0.09375;0.09375;0.01171875;0.03125;0.0390625;0.0078125;0.015625;0.046875;0.109375;0.015625;0.0625;0.109375;0.013671875;0.0703125;0.1171875;0.017578125;0.04296875;0.09765625;0.0263671875;0.0166015625;0.0625;0.1640625;0.03125;0.08203125;0.16015625;0.02734375;0.0859375;0.14453125;0.0166015625;0.0859375;0.12890625;0.0126953125;0.08203125;0.08203125;0.0078125;0.029296875;0.021484375;0.001953125;0.01220703125;0.01953125;0.029296875;0.0029296875;0.021484375;0.03125;0.00244140625;0.7;0.09375;0.078125;0.09375;0.01171875;0.0234375;0.09375;0.09375;0.01171875;0.09375;0.109375;0.01171875;0.03125;0.0390625;0.0078125;0.013671875;0.046875;0.1015625;0.015625;0.0625;0.1171875;0.015625;0.0703125;0.109375;0.017578125;0.046875;0.08984375;0.025390625;0.015625;0.05859375;0.16015625;0.0302734375;0.078125;0.15234375;0.0263671875;0.08203125;0.13671875;0.015625;0.08203125;0.125;0.0126953125;0.078125;0.078125;0.0078125;0.02734375;0.01953125;0.001953125;0.01171875;0.017578125;0.025390625;0.0029296875;0.021484375;0.03125;0.00244140625;0.7
10;10;58.33;0.09375;0.078125;0.140625;0.015625;0.02734375;0.09375;0.109375;0.015625;0.109375;0.09375;0.01171875;0.0390625;0.046875;0.0078125;0.015625;0.0546875;0.1015625;0.015625;0.0703125;0.125;0.015625;0.0703125;0.125;0.017578125;0.046875;0.1015625;0.0263671875;0.017578125;0.06640625;0.1796875;0.033203125;0.08984375;0.16796875;0.029296875;0.09765625;0.15625;0.0185546875;0.09765625;0.140625;0.0146484375;0.0859375;0.078125;0.0078125;0.029296875;0.021484375;0.001953125;0.0126953125;0.01953125;0.03125;0.0029296875;0.021484375;0.03125;0.001953125;0.7;0.09375;0.09375;0.125;0.015625;0.02734375;0.078125;0.09375;0.01171875;0.09375;0.109375;0.01171875;0.0390625;0.046875;0.0078125;0.013671875;0.046875;0.1015625;0.017578125;0.0703125;0.1171875;0.015625;0.0703125;0.1171875;0.017578125;0.046875;0.09765625;0.025390625;0.0166015625;0.0625;0.16796875;0.033203125;0.0859375;0.16796875;0.029296875;0.09375;0.1484375;0.017578125;0.09375;0.13671875;0.0146484375;0.08203125;0.0703125;0.0078125;0.025390625;0.017578125;0.001953125;0.01171875;0.017578125;0.02734375;0.0029296875;0.017578125;0.025390625;0.00146484375;0.6
11;11;64.81;0.09375;0.078125;0.125;0.01953125;0.02734375;0.09375;0.09375;0.01171875;0.09375;0.09375;0.01171875;0.0390625;0.0390625;0.0078125;0.015625;0.0546875;0.109375;0.015625;0.0703125;0.125;0.015625;0.078125;0.125;0.017578125;0.046875;0.11328125;0.0283203125;0.017578125;0.06640625;0.1796875;0.0341796875;0.08984375;0.1796875;0.0322265625;0.10546875;0.1640625;0.01953125;0.1015625;0.140625;0.015625;0.09375;0.08203125;0.0087890625;0.033203125;0.021484375;0.00244140625;0.01318359375;0.01953125;0.02734375;0.0029296875;0.021484375;0.03125;0.00244140625;0.7;0.09375;0.09375;0.109375;0.015625;0.02734375;0.09375;0.09375;0.01171875;0.09375;0.125;0.015625;0.0390625;0.046875;0.0078125;0.013671875;0.0546875;0.1015625;0.017578125;0.0703125;0.125;0.015625;0.078125;0.1171875;0.017578125;0.05078125;0.109375;0.0283203125;0.017578125;0.06640625;0.171875;0.0341796875;0.08984375;0.17578125;0.03125;0.1015625;0.15625;0.01953125;0.09765625;0.13671875;0.0146484375;0.0859375;0.08203125;0.0087890625;0.03125;0.01953125;0.00244140625;0.0126953125;0.01953125;0.029296875;0.0029296875;0.021484375;0.029296875;0.001953125;0.7
12;12;64.49;0.09375;0.078125;0.125;0.01953125;0.02734375;0.078125;0.09375;0.01171875;0.109375;0.09375;0.0078125;0.046875;0.046875;0.009765625;0.015625;0.0546875;0.1171875;0.017578125;0.078125;0.1328125;0.015625;0.0859375;0.140625;0.01953125;0.0546875;0.12109375;0.029296875;0.01953125;0.06640625;0.1875;0.0361328125;0.08984375;0.1796875;0.033203125;0.109375;0.171875;0.021484375;0.10546875;0.15234375;0.0166015625;0.09375;0.0859375;0.009765625;0.033203125;0.01953125;0.001953125;0.013671875;0.01953125;0.029296875;0.00244140625;0.021484375;0.029296875;0.001953125;0.7;0.109375;0.09375;0.109375;0.015625;0.02734375;0.078125;0.078125;0.01171875;0.09375;0.125;0.015625;0.046875;0.046875;0.009765625;0.015625;0.0546875;0.109375;0.017578125;0.078125;0.1328125;0.017578125;0.0859375;0.140625;0.01953125;0.0546875;0.1171875;0.0283203125;0.01953125;0.0703125;0.18359375;0.0361328125;0.08984375;0.17578125;0.0322265625;0.10546875;0.171875;0.0205078125;0.1015625;0.1484375;0.0166015625;0.09375;0.08203125;0.0087890625;0.03125;0.017578125;0.00244140625;0.01318359375;0.017578125;0.02734375;0.00244140625;0.01953125;0.02734375;0.00146484375;0.7
13;13;63.77;0.109375;0.078125;0.125;0.01953125;0.03125;0.078125;0.078125;0.01171875;0.109375;0.09375;0.01171875;0.046875;0.0546875;0.01171875;0.017578125;0.0546875;0.109375;0.017578125;0.078125;0.1484375;0.017578125;0.0859375;0.140625;0.01953125;0.05859375;0.1328125;0.03125;0.01953125;0.0703125;0.1875;0.0380859375;0.09765625;0.1875;0.03515625;0.1171875;0.19140625;0.0234375;0.11328125;0.15625;0.0166015625;0.1015625;0.09765625;0.009765625;0.029296875;0.01953125;0.00244140625;0.013671875;0.01953125;0.02734375;0.00244140625;0.021484375;0.029296875;0.001953125;0.7;0.109375;0.09375;0.109375;0.015625;0.03125;0.078125;0.078125;0.015625;0.109375;0.109375;0.01953125;0.046875;0.0546875;0.01171875;0.015625;0.0546875;0.1015625;0.01953125;0.0703125;0.1328125;0.015625;0.078125;0.1328125;0.017578125;0.0546875;0.125;0.029296875;0.0185546875;0.06640625;0.1796875;0.037109375;0.09765625;0.18359375;0.0341796875;0.11328125;0.1875;0.0234375;0.109375;0.15234375;0.0166015625;0.09765625;0.08984375;0.009765625;0.029296875;0.017578125;0.00244140625;0.01318359375;0.01953125;0.025390625;0.00244140625;0.021484375;0.029296875;0.00146484375;0.7
14;14;60.34;0.109375;0.078125;0.140625;0.01953125;0.03125;0.09375;0.0625;0.0078125;0.109375;0.109375;0.00390625;0.0546875;0.0625;0.01171875;0.017578125;0.0546875;0.1015625;0.015625;0.078125;0.140625;0.01953125;0.09375;0.140625;0.01953125;0.0625;0.13671875;0.0302734375;0.0205078125;0.0703125;0.19921875;0.0400390625;0.1015625;0.19921875;0.0380859375;0.12109375;0.19921875;0.0244140625;0.12109375;0.1640625;0.017578125;0.10546875;0.09765625;0.009765625;0.03515625;0.01953125;0.00244140625;0.013671875;0.01953125;0.029296875;0.00244140625;0.021484375;0.029296875;0.00146484375;0.7;0.109375;0.09375;0.140625;0.01953125;0.03125;0.078125;0.0625;0.0078125;0.109375;0.125;0.01171875;0.046875;0.0546875;0.01171875;0.015625;0.046875;0.09375;0.015625;0.0703125;0.125;0.017578125;0.0859375;0.1328125;0.01953125;0.0625;0.1328125;0.029296875;0.01953125;0.0703125;0.1875;0.0380859375;0.1015625;0.1953125;0.0380859375;0.1171875;0.19140625;0.0234375;0.12109375;0.15625;0.017578125;0.1015625;0.09765625;0.009765625;0.03125;0.01953125;0.00244140625;0.01318359375;0.017578125;0.029296875;0.00244140625;0.01953125;0.029296875;0.001953125;0.6
15;15;66.35;0.109375;0.09375;0.140625;0.01953125;0.03125;0.09375;0.046875;0.0078125;0.109375;0.125;0.0078125;0.0390625;0.0546875;0.01171875;0.017578125;0.0546875;0.109375;0.017578125;0.078125;0.1328125;0.017578125;0.09375;0.140625;0.021484375;0.0625;0.13671875;0.03125;0.021484375;0.0703125;0.1953125;0.041015625;0.10546875;0.1953125;0.0390625;0.125;0.203125;0.0244140625;0.125;0.16796875;0.0185546875;0.109375;0.1015625;0.009765625;0.037109375;0.01953125;0.00244140625;0.0146484375;0.021484375;0.029296875;0.00244140625;0.021484375;0.02734375;0.001953125;0.7;0.109375;0.09375;0.140625;0.01953125;0.03125;0.078125;0.0625;0.0078125;0.09375;0.109375;0.01171875;0.0390625;0.046875;0.013671875;0.015625;0.0546875;0.1015625;0.01953125;0.078125;0.125;0.017578125;0.0859375;0.1328125;0.021484375;0.0625;0.1328125;0.0302734375;0.021484375;0.0703125;0.19140625;0.0400390625;0.1015625;0.19140625;0.0380859375;0.12109375;0.19921875;0.0244140625;0.125;0.1640625;0.0185546875;0.10546875;0.09375;0.009765625;0.03515625;0.017578125;0.00244140625;0.01416015625;0.01953125;0.02734375;0.00244140625;0.01953125;0.025390625;0.00146484375;0.7
16;16;67.57;0.109375;0.09375;0.125;0.01953125;0.03125;0.09375;0.0625;0.00390625;0.109375;0.109375;0.0078125;0.0390625;0.0625;0.013671875;0.017578125;0.0625;0.109375;0.017578125;0.0859375;0.1328125;0.017578125;0.1015625;0.140625;0.0234375;0.06640625;0.15234375;0.03125;0.0224609375;0.07421875;0.203125;0.041015625;0.10546875;0.203125;0.0390625;0.1328125;0.21875;0.025390625;0.1328125;0.16796875;0.017578125;0.11328125;0.08984375;0.009765625;0.037109375;0.01953125;0.00244140625;0.01416015625;0.01953125;0.0234375;0.00244140625;0.01953125;0.02734375;0.00146484375;0.7;0.125;0.09375;0.109375;0.015625;0.03125;0.109375;0.078125;0.0078125;0.109375;0.109375;0.015625;0.0390625;0.0625;0.013671875;0.017578125;0.0625;0.1015625;0.017578125;0.078125;0.125;0.017578125;0.09375;0.1328125;0.0234375;0.0625;0.14453125;0.03125;0.021484375;0.07421875;0.1953125;0.0400390625;0.10546875;0.19921875;0.0380859375;0.12890625;0.2109375;0.025390625;0.12890625;0.16796875;0.0185546875;0.109375;0.0859375;0.009765625;0.037109375;0.01953125;0.00244140625;0.01416015625;0.017578125;0.0234375;0.001953125;0.01953125;0.02734375;0.00146484375;0.7
17;17;67.08;0.109375;0.09375;0.109375;0.01953125;0.03125;0.09375;0.046875;0.00390625;0.109375;0.109375;0.0078125;0.0390625;0.0625;0.017578125;0.01953125;0.0625;0.109375;0.017578125;0.09375;0.1484375;0.017578125;0.109375;0.1484375;0.025390625;0.06640625;0.15234375;0.03125;0.0234375;0.078125;0.20703125;0.0400390625;0.109375;0.203125;0.041015625;0.13671875;0.21484375;0.02734375;0.1328125;0.171875;0.017578125;0.1171875;0.09765625;0.009765625;0.0390625;0.021484375;0.0029296875;0.01513671875;0.021484375;0.029296875;0.00244140625;0.021484375;0.02734375;0.00146484375;0.7;0.109375;0.09375;0.109375;0.01953125;0.03125;0.09375;0.078125;0.0078125;0.109375;0.09375;0.015625;0.0390625;0.0625;0.017578125;0.017578125;0.0625;0.1015625;0.01953125;0.0859375;0.140625;0.01953125;0.1015625;0.1484375;0.025390625;0.06640625;0.14453125;0.0302734375;0.021484375;0.078125;0.203125;0.0400390625;0.10546875;0.19921875;0.041015625;0.1328125;0.21875;0.02734375;0.12890625;0.16796875;0.017578125;0.1171875;0.09765625;0.009765625;0.037109375;0.01953125;0.00244140625;0.0146484375;0.01953125;0.025390625;0.00244140625;0.021484375;0.025390625;0.00146484375;0.7
18;18;66.69;0.109375;0.109375;0.15625;0.01953125;0.03515625;0.078125;0.046875;0.00390625;0.125;0.109375;0.0078125;0.046875;0.078125;0.01953125;0.01953125;0.0703125;0.1015625;0.015625;0.09375;0.140625;0.017578125;0.09375;0.140625;0.025390625;0.06640625;0.1484375;0.0322265625;0.0234375;0.078125;0.2109375;0.0419921875;0.11328125;0.2109375;0.04296875;0.14453125;0.23046875;0.0283203125;0.140625;0.17578125;0.0185546875;0.1171875;0.09765625;0.0107421875;0.041015625;0.021484375;0.00244140625;0.01513671875;0.01953125;0.025390625;0.00244140625;0.01953125;0.0234375;0.00146484375;0.7;0.109375;0.109375;0.140625;0.01953125;0.03125;0.09375;0.0625;0.00390625;0.125;0.109375;0.01171875;0.046875;0.0703125;0.01953125;0.01953125;0.0625;0.1015625;0.017578125;0.09375;0.140625;0.017578125;0.0859375;0.1328125;0.025390625;0.06640625;0.14453125;0.03125;0.0234375;0.078125;0.203125;0.0400390625;0.109375;0.203125;0.041015625;0.13671875;0.21875;0.02734375;0.1328125;0.1640625;0.0185546875;0.11328125;0.08984375;0.009765625;0.0390625;0.01953125;0.00244140625;0.01416015625;0.017578125;0.0234375;0.001953125;0.017578125;0.021484375;0.00146484375;0.7
19;19;70.92;0.109375;0.109375;0.140625;0.01953125;0.03125;0.078125;0.046875;0.00390625;0.109375;0.109375;0.01171875;0.0390625;0.0703125;0.021484375;0.01953125;0.0703125;0.1015625;0.015625;0.1015625;0.1484375;0.017578125;0.109375;0.1328125;0.02734375;0.0703125;0.16015625;0.03125;0.0244140625;0.078125;0.2109375;0.04296875;0.11328125;0.21484375;0.0419921875;0.14453125;0.234375;0.029296875;0.140625;0.1796875;0.01953125;0.125;0.09765625;0.0107421875;0.04296875;0.0234375;0.0029296875;0.015625;0.021484375;0.025390625;0.00244140625;0.021484375;0.025390625;0.001953125;0.7;0.125;0.125;0.140625;0.01953125;0.03125;0.09375;0.0625;0.00390625;0.09375;0.09375;0.01171875;0.0390625;0.0625;0.021484375;0.017578125;0.0625;0.09375;0.017578125;0.1015625;0.1484375;0.01953125;0.1015625;0.1328125;0.02734375;0.06640625;0.15625;0.03125;0.0234375;0.078125;0.203125;0.0419921875;0.11328125;0.2109375;0.041015625;0.140625;0.23046875;0.029296875;0.140625;0.1796875;0.01953125;0.12109375;0.09375;0.0107421875;0.041015625;0.0234375;0.0029296875;0.01513671875;0.01953125;0.0234375;0.001953125;0.01953125;0.0234375;0.001953125;0.7
20;20;67.43;0.109375;0.125;0.15625;0.01953125;0.03515625;0.078125;0.046875;0.00390625;0.109375;0.109375;0.0078125;0.046875;0.0703125;0.021484375;0.01953125;0.0625;0.109375;0.015625;0.1015625;0.140625;0.017578125;0.1171875;0.140625;0.029296875;0.0703125;0.1640625;0.033203125;0.0234375;0.078125;0.21875;0.0419921875;0.1171875;0.21484375;0.0439453125;0.1484375;0.2421875;0.0302734375;0.1484375;0.18359375;0.01953125;0.125;0.09765625;0.009765625;0.04296875;0.0234375;0.0029296875;0.01611328125;0.021484375;0.02734375;0.001953125;0.01953125;0.025390625;0.001953125;0.7;0.109375;0.125;0.15625;0.01953125;0.03515625;0.078125;0.0625;0.00390625;0.109375;0.109375;0.01171875;0.046875;0.0625;0.021484375;0.017578125;0.0625;0.1015625;0.01953125;0.1015625;0.140625;0.017578125;0.109375;0.1328125;0.029296875;0.0703125;0.16015625;0.03125;0.0224609375;0.078125;0.2109375;0.041015625;0.11328125;0.20703125;0.041015625;0.14453125;0.23046875;0.0283203125;0.140625;0.171875;0.01953125;0.12109375;0.09375;0.009765625;0.041015625;0.021484375;0.0029296875;0.01513671875;0.01953125;0.0234375;0.001953125;0.01953125;0.025390625;0.00146484375;0.7
21;21;66.91;0.109375;0.109375;0.15625;0.01953125;0.03125;0.078125;0.03125;0.00390625;0.109375;0.09375;0.01171875;0.046875;0.0703125;0.0234375;0.01953125;0.0703125;0.1015625;0.015625;0.1015625;0.140625;0.015625;0.1171875;0.140625;0.029296875;0.0703125;0.1640625;0.0322265625;0.0244140625;0.078125;0.20703125;0.0419921875;0.1171875;0.21875;0.0439453125;0.15625;0.24609375;0.029296875;0.1484375;0.18359375;0.0205078125;0.12890625;0.09765625;0.0107421875;0.04296875;0.0234375;0.0029296875;0.01513671875;0.01953125;0.0234375;0.001953125;0.01953125;0.025390625;0.00146484375;0.7;0.109375;0.109375;0.140625;0.01953125;0.03125;0.078125;0.046875;0.00390625;0.109375;0.09375;0.01171875;0.046875;0.0703125;0.0234375;0.017578125;0.0625;0.1015625;0.017578125;0.09375;0.125;0.017578125;0.109375;0.140625;0.029296875;0.06640625;0.15625;0.0322265625;0.0224609375;0.078125;0.19921875;0.041015625;0.1171875;0.21875;0.04296875;0.15234375;0.25390625;0.029296875;0.1484375;0.18359375;0.0205078125;0.125;0.08984375;0.0107421875;0.041015625;0.021484375;0.0029296875;0.01513671875;0.017578125;0.01953125;0.001953125;0.01953125;0.0234375;0.00146484375;0.6
22;22;68.67;0.109375;0.125;0.171875;0.01953125;0.03515625;0.078125;0.03125;0.00390625;0.109375;0.078125;0.0078125;0.0390625;0.0703125;0.0234375;0.01953125;0.0625;0.1015625;0.013671875;0.1015625;0.140625;0.017578125;0.1171875;0.140625;0.029296875;0.0703125;0.1640625;0.0322265625;0.025390625;0.08203125;0.21875;0.0419921875;0.1171875;0.2265625;0.0439453125;0.15625;0.2578125;0.033203125;0.15625;0.19140625;0.021484375;0.1328125;0.1015625;0.0107421875;0.046875;0.025390625;0.00341796875;0.01513671875;0.01953125;0.025390625;0.00244140625;0.01953125;0.02734375;0.00146484375;0.7;0.109375;0.125;0.15625;0.01953125;0.03515625;0.078125;0.046875;0.00390625;0.09375;0.0625;0.01171875;0.0390625;0.0625;0.025390625;0.017578125;0.0625;0.09375;0.015625;0.09375;0.1328125;0.017578125;0.109375;0.140625;0.02734375;0.06640625;0.16015625;0.03125;0.0244140625;0.08203125;0.21484375;0.0419921875;0.1171875;0.21875;0.04296875;0.15625;0.25390625;0.033203125;0.15234375;0.1875;0.0205078125;0.12890625;0.09375;0.0107421875;0.044921875;0.025390625;0.00341796875;0.01513671875;0.01953125;0.0234375;0.00244140625;0.021484375;0.02734375;0.00146484375;0.7
23;23;72.11;0.109375;0.109375;0.171875;0.01953125;0.03515625;0.0625;0.03125;0.00390625;0.09375;0.078125;0.01171875;0.0390625;0.078125;0.0234375;0.01953125;0.0703125;0.109375;0.015625;0.1015625;0.140625;0.017578125;0.109375;0.140625;0.033203125;0.0703125;0.1640625;0.0322265625;0.025390625;0.08203125;0.21875;0.0439453125;0.12109375;0.234375;0.044921875;0.15625;0.26171875;0.0341796875;0.15625;0.1953125;0.021484375;0.13671875;0.10546875;0.0107421875;0.046875;0.02734375;0.00341796875;0.01611328125;0.01953125;0.0234375;0.001953125;0.021484375;0.02734375;0.00146484375;0.7;0.125;0.109375;0.15625;0.01953125;0.03125;0.078125;0.046875;0.00390625;0.09375;0.078125;0.015625;0.0390625;0.0703125;0.0234375;0.017578125;0.0625;0.1015625;0.017578125;0.09375;0.1328125;0.01953125;0.1015625;0.140625;0.03125;0.06640625;0.16015625;0.0322265625;0.0244140625;0.08203125;0.2109375;0.04296875;0.12109375;0.23046875;0.044921875;0.15625;0.2578125;0.033203125;0.15625;0.19140625;0.0205078125;0.1328125;0.10546875;0.0107421875;0.046875;0.025390625;0.00341796875;0.015625;0.017578125;0.021484375;0.001953125;0.01953125;0.0234375;0.00146484375;0.7
24;24;68.37;0.109375;0.109375;0.15625;0.01953125;0.03515625;0.078125;0.03125;0.00390625;0.109375;0.09375;0.01171875;0.046875;0.078125;0.0234375;0.01953125;0.0703125;0.1015625;0.015625;0.09375;0.1484375;0.017578125;0.1171875;0.140625;0.03125;0.07421875;0.16796875;0.033203125;0.0263671875;0.0859375;0.2265625;0.0439453125;0.12109375;0.234375;0.044921875;0.1640625;0.2734375;0.03515625;0.16015625;0.19921875;0.021484375;0.13671875;0.109375;0.0107421875;0.048828125;0.02734375;0.00341796875;0.01611328125;0.017578125;0.025390625;0.00244140625;0.01953125;0.025390625;0.00146484375;0.7;0.109375;0.125;0.140625;0.01953125;0.03515625;0.09375;0.046875;0.00390625;0.109375;0.078125;0.015625;0.0390625;0.0703125;0.025390625;0.017578125;0.0625;0.09375;0.017578125;0.09375;0.1484375;0.017578125;0.1015625;0.140625;0.029296875;0.0703125;0.1640625;0.033203125;0.025390625;0.0859375;0.21484375;0.04296875;0.12109375;0.2265625;0.04296875;0.1640625;0.265625;0.0341796875;0.15625;0.19140625;0.0205078125;0.1328125;0.10546875;0.0107421875;0.046875;0.025390625;0.00341796875;0.01513671875;0.015625;0.021484375;0.001953125;0.01953125;0.025390625;0.00146484375;0.7
25;25;66.94;0.109375;0.109375;0.15625;0.01953125;0.03515625;0.078125;0.03125;0.0;0.109375;0.078125;0.0078125;0.0390625;0.078125;0.0234375;0.01953125;0.0625;0.1015625;0.015625;0.1015625;0.140625;0.01953125;0.109375;0.1328125;0.033203125;0.07421875;0.16796875;0.0341796875;0.025390625;0.0859375;0.23046875;0.044921875;0.125;0.23828125;0.0458984375;0.1640625;0.2734375;0.03515625;0.16015625;0.19140625;0.021484375;0.13671875;0.10546875;0.0107421875;0.048828125;0.025390625;0.00341796875;0.01611328125;0.017578125;0.021484375;0.001953125;0.01953125;0.0234375;0.0009765625;0.7;0.109375;0.109375;0.140625;0.015625;0.03515625;0.078125;0.015625;0.0;0.09375;0.078125;0.01171875;0.0390625;0.078125;0.025390625;0.017578125;0.0625;0.09375;0.015625;0.09375;0.1484375;0.01953125;0.1015625;0.1328125;0.03125;0.0703125;0.16796875;0.0341796875;0.0244140625;0.0859375;0.21484375;0.04296875;0.12109375;0.23046875;0.0439453125;0.16015625;0.26171875;0.03515625;0.15234375;0.18359375;0.021484375;0.12890625;0.10546875;0.0107421875;0.048828125;0.02734375;0.00341796875;0.01513671875;0.017578125;0.021484375;0.001953125;0.01953125;0.01953125;0.00048828125;0.7
26;26;71.1;0.125;0.109375;0.171875;0.01953125;0.03515625;0.078125;0.03125;0.00390625;0.09375;0.078125;0.0078125;0.046875;0.078125;0.025390625;0.021484375;0.0625;0.09375;0.015625;0.09375;0.1484375;0.01953125;0.1171875;0.140625;0.03125;0.0703125;0.16796875;0.0341796875;0.025390625;0.0859375;0.2265625;0.0458984375;0.12890625;0.23828125;0.0458984375;0.171875;0.28515625;0.037109375;0.16796875;0.20703125;0.0224609375;0.14453125;0.11328125;0.0107421875;0.048828125;0.02734375;0.00341796875;0.0166015625;0.015625;0.021484375;0.001953125;0.017578125;0.0234375;0.00146484375;0.7;0.125;0.125;0.171875;0.0234375;0.03515625;0.078125;0.03125;0.00390625;0.09375;0.078125;0.01171875;0.046875;0.0703125;0.02734375;0.017578125;0.0546875;0.0859375;0.015625;0.0859375;0.1484375;0.01953125;0.109375;0.140625;0.03125;0.06640625;0.16015625;0.033203125;0.0234375;0.0859375;0.21875;0.0458984375;0.125;0.234375;0.0439453125;0.16796875;0.27734375;0.037109375;0.16015625;0.19921875;0.0234375;0.140625;0.10546875;0.0107421875;0.046875;0.025390625;0.00341796875;0.015625;0.013671875;0.01953125;0.001953125;0.015625;0.0234375;0.0009765625;0.7
27;27;69.93;0.109375;0.109375;0.1875;0.01953125;0.03515625;0.078125;0.03125;0.00390625;0.109375;0.078125;0.0078125;0.046875;0.0859375;0.025390625;0.021484375;0.0703125;0.1015625;0.013671875;0.1015625;0.1484375;0.01953125;0.1171875;0.140625;0.033203125;0.07421875;0.171875;0.03515625;0.0263671875;0.0859375;0.2265625;0.044921875;0.12890625;0.23046875;0.044921875;0.17578125;0.29296875;0.0380859375;0.171875;0.20703125;0.0224609375;0.14453125;0.109375;0.01171875;0.05078125;0.029296875;0.00390625;0.0166015625;0.017578125;0.021484375;0.001953125;0.017578125;0.025390625;0.0009765625;0.7;0.125;0.125;0.171875;0.01953125;0.03515625;0.078125;0.03125;0.00390625;0.109375;0.078125;0.015625;0.046875;0.0859375;0.02734375;0.017578125;0.0625;0.09375;0.015625;0.09375;0.1484375;0.01953125;0.109375;0.140625;0.03125;0.0703125;0.1640625;0.0341796875;0.025390625;0.0859375;0.21484375;0.0439453125;0.125;0.22265625;0.0439453125;0.171875;0.2890625;0.037109375;0.16796875;0.19921875;0.0224609375;0.140625;0.1015625;0.0107421875;0.05078125;0.029296875;0.00390625;0.01611328125;0.015625;0.01953125;0.00146484375;0.015625;0.025390625;0.0009765625;0.7
28;28;66.11;0.109375;0.125;0.1875;0.01953125;0.03515625;0.0625;0.03125;0.00390625;0.09375;0.09375;0.0078125;0.0390625;0.078125;0.025390625;0.021484375;0.0625;0.1015625;0.015625;0.1015625;0.15625;0.01953125;0.109375;0.140625;0.033203125;0.07421875;0.171875;0.03515625;0.025390625;0.08984375;0.23046875;0.044921875;0.12890625;0.23828125;0.0458984375;0.17578125;0.29296875;0.0380859375;0.17578125;0.21484375;0.0234375;0.1484375;0.109375;0.01171875;0.052734375;0.029296875;0.00390625;0.0166015625;0.015625;0.01953125;0.001953125;0.017578125;0.02734375;0.00146484375;0.7;0.125;0.125;0.1875;0.01953125;0.03515625;0.0625;0.03125;0.00390625;0.09375;0.09375;0.01171875;0.03125;0.0703125;0.025390625;0.01953125;0.0625;0.09375;0.015625;0.1015625;0.1484375;0.017578125;0.1015625;0.140625;0.033203125;0.0703125;0.16796875;0.03515625;0.0244140625;0.0859375;0.21875;0.0439453125;0.12890625;0.23046875;0.044921875;0.171875;0.28515625;0.0380859375;0.17578125;0.2109375;0.0234375;0.140625;0.09765625;0.0107421875;0.052734375;0.029296875;0.00390625;0.015625;0.013671875;0.01953125;0.001953125;0.017578125;0.025390625;0.0009765625;0.7
29;29;68.71;0.109375;0.125;0.1875;0.0234375;0.03515625;0.0625;0.03125;0.00390625;0.09375;0.09375;0.0078125;0.0390625;0.0859375;0.025390625;0.021484375;0.0703125;0.1015625;0.013671875;0.1015625;0.1484375;0.01953125;0.1171875;0.140625;0.03125;0.07421875;0.171875;0.0361328125;0.02734375;0.08984375;0.23828125;0.046875;0.1328125;0.2421875;0.0458984375;0.18359375;0.30859375;0.0400390625;0.1796875;0.21484375;0.0224609375;0.15234375;0.11328125;0.0107421875;0.0546875;0.03125;0.00439453125;0.0166015625;0.017578125;0.01953125;0.001953125;0.017578125;0.02734375;0.00146484375;0.7;0.125;0.125;0.171875;0.0234375;0.03515625;0.078125;0.03125;0.00390625;0.09375;0.09375;0.0078125;0.0390625;0.078125;0.02734375;0.01953125;0.0625;0.09375;0.015625;0.1015625;0.15625;0.01953125;0.1171875;0.140625;0.03125;0.07421875;0.16796875;0.03515625;0.025390625;0.08984375;0.23046875;0.0458984375;0.12890625;0.23046875;0.044921875;0.1796875;0.30859375;0.0400390625;0.1796875;0.21484375;0.0224609375;0.15234375;0.11328125;0.0107421875;0.056640625;0.03125;0.00439453125;0.0166015625;0.017578125;0.017578125;0.00146484375;0.017578125;0.0234375;0.00146484375;0.7
30;30;67.29;0.125;0.125;0.15625;0.0234375;0.03515625;0.078125;0.03125;0.00390625;0.109375;0.109375;0.0078125;0.046875;0.0859375;0.02734375;0.021484375;0.0703125;0.1015625;0.015625;0.109375;0.1484375;0.01953125;0.125;0.140625;0.033203125;0.078125;0.17578125;0.0361328125;0.02734375;0.08984375;0.23828125;0.0458984375;0.1328125;0.25;0.048828125;0.18359375;0.296875;0.0390625;0.1796875;0.22265625;0.0234375;0.1484375;0.10546875;0.01171875;0.056640625;0.033203125;0.00390625;0.0166015625;0.015625;0.01953125;0.001953125;0.017578125;0.0234375;0.0009765625;0.7;0.125;0.125;0.140625;0.01953125;0.03515625;0.078125;0.03125;0.00390625;0.109375;0.09375;0.01171875;0.0390625;0.0859375;0.02734375;0.017578125;0.0625;0.09375;0.015625;0.1015625;0.1484375;0.01953125;0.1171875;0.1328125;0.03125;0.07421875;0.16796875;0.03515625;0.0263671875;0.08984375;0.2265625;0.044921875;0.12890625;0.23828125;0.046875;0.1796875;0.28515625;0.0380859375;0.17578125;0.21875;0.0234375;0.140625;0.09375;0.0107421875;0.0546875;0.033203125;0.00439453125;0.015625;0.015625;0.017578125;0.001953125;0.017578125;0.0234375;0.0009765625;0.8
31;31;72.18;0.109375;0.125;0.1875;0.0234375;0.03515625;0.0625;0.03125;0.00390625;0.109375;0.09375;0.0078125;0.046875;0.09375;0.02734375;0.021484375;0.0625;0.1015625;0.013671875;0.109375;0.140625;0.01953125;0.125;0.140625;0.03125;0.07421875;0.171875;0.0361328125;0.02734375;0.08984375;0.2421875;0.0458984375;0.1328125;0.25;0.048828125;0.18359375;0.3125;0.041015625;0.1796875;0.21875;0.0244140625;0.1484375;0.11328125;0.0107421875;0.05859375;0.033203125;0.00439453125;0.0166015625;0.015625;0.017578125;0.001953125;0.01953125;0.0234375;0.00146484375;0.7;0.125;0.140625;0.1875;0.0234375;0.03515625;0.0625;0.03125;0.00390625;0.09375;0.078125;0.01171875;0.046875;0.0859375;0.029296875;0.01953125;0.0546875;0.09375;0.017578125;0.109375;0.140625;0.017578125;0.1171875;0.140625;0.033203125;0.0703125;0.1640625;0.0361328125;0.025390625;0.0859375;0.23046875;0.044921875;0.12890625;0.2421875;0.0478515625;0.171875;0.296875;0.0400390625;0.16796875;0.20703125;0.0244140625;0.140625;0.10546875;0.0107421875;0.056640625;0.03125;0.00439453125;0.015625;0.015625;0.017578125;0.001953125;0.017578125;0.021484375;0.0009765625;0.7
32;32;65.0;0.125;0.125;0.171875;0.0234375;0.03515625;0.0625;0.03125;0.00390625;0.078125;0.09375;0.0078125;0.0390625;0.09375;0.029296875;0.021484375;0.0703125;0.1015625;0.015625;0.109375;0.140625;0.021484375;0.1171875;0.140625;0.03125;0.0703125;0.171875;0.037109375;0.02734375;0.08984375;0.234375;0.0458984375;0.1328125;0.24609375;0.0478515625;0.1875;0.3125;0.0419921875;0.18359375;0.2265625;0.025390625;0.15234375;0.109375;0.01171875;0.060546875;0.033203125;0.00439453125;0.0166015625;0.015625;0.01953125;0.00146484375;0.017578125;0.0234375;0.0009765625;0.7;0.125;0.125;0.171875;0.0234375;0.03515625;0.0625;0.03125;0.00390625;0.078125;0.078125;0.0078125;0.0390625;0.0859375;0.029296875;0.01953125;0.0625;0.09375;0.017578125;0.09375;0.140625;0.01953125;0.1171875;0.140625;0.03125;0.0703125;0.1640625;0.03515625;0.025390625;0.08984375;0.2265625;0.044921875;0.12890625;0.23828125;0.048828125;0.18359375;0.3125;0.0419921875;0.1796875;0.22265625;0.0244140625;0.14453125;0.10546875;0.0107421875;0.05859375;0.033203125;0.00439453125;0.015625;0.015625;0.017578125;0.00146484375;0.017578125;0.021484375;0.0009765625;0.7
33;33;76.59;0.109375;0.125;0.1875;0.01953125;0.03515625;0.0625;0.03125;0.00390625;0.09375;0.109375;0.0078125;0.0546875;0.1015625;0.029296875;0.021484375;0.0703125;0.09375;0.013671875;0.1015625;0.1484375;0.021484375;0.1171875;0.140625;0.03515625;0.0703125;0.1796875;0.0380859375;0.0283203125;0.09375;0.2421875;0.046875;0.13671875;0.23828125;0.0478515625;0.19140625;0.31640625;0.0439453125;0.19140625;0.2265625;0.0244140625;0.15625;0.11328125;0.01171875;0.0625;0.03515625;0.00439453125;0.01708984375;0.015625;0.017578125;0.00146484375;0.017578125;0.021484375;0.0009765625;0.7;0.125;0.140625;0.1875;0.0234375;0.03515625;0.078125;0.03125;0.00390625;0.078125;0.09375;0.0078125;0.046875;0.09375;0.029296875;0.01953125;0.0625;0.0859375;0.015625;0.09375;0.1484375;0.01953125;0.109375;0.140625;0.03515625;0.0703125;0.17578125;0.0380859375;0.0263671875;0.09375;0.234375;0.0458984375;0.1328125;0.234375;0.046875;0.1875;0.31640625;0.0439453125;0.1875;0.22265625;0.0234375;0.15625;0.109375;0.0107421875;0.0625;0.03515625;0.00439453125;0.0166015625;0.015625;0.017578125;0.00146484375;0.017578125;0.021484375;0.0009765625;0.7
34;34;63.61;0.125;0.140625;0.171875;0.01953125;0.03515625;0.078125;0.03125;0.00390625;0.09375;0.078125;0.0078125;0.0546875;0.09375;0.029296875;0.021484375;0.0703125;0.0859375;0.015625;0.109375;0.1484375;0.01953125;0.125;0.1484375;0.033203125;0.07421875;0.1796875;0.0380859375;0.02734375;0.09375;0.24609375;0.0458984375;0.13671875;0.25390625;0.046875;0.19140625;0.3203125;0.04296875;0.1875;0.2265625;0.0244140625;0.16015625;0.1171875;0.01171875;0.05859375;0.033203125;0.00439453125;0.017578125;0.015625;0.017578125;0.00146484375;0.017578125;0.0234375;0.00146484375;0.7;0.125;0.125;0.140625;0.01953125;0.03515625;0.078125;0.03125;0.00390625;0.078125;0.078125;0.01171875;0.046875;0.09375;0.03125;0.01953125;0.0625;0.078125;0.015625;0.09375;0.1328125;0.017578125;0.1171875;0.1484375;0.033203125;0.0703125;0.1796875;0.037109375;0.025390625;0.09375;0.2421875;0.0458984375;0.13671875;0.24609375;0.046875;0.1875;0.31640625;0.041015625;0.1796875;0.21875;0.0234375;0.15625;0.11328125;0.01171875;0.056640625;0.03125;0.00439453125;0.0166015625;0.013671875;0.017578125;0.00146484375;0.013671875;0.0234375;0.00146484375;0.7
35;35;70.28;0.109375;0.125;0.1875;0.0234375;0.03515625;0.0625;0.03125;0.00390625;0.078125;0.09375;0.0078125;0.046875;0.09375;0.03125;0.021484375;0.0703125;0.0859375;0.015625;0.109375;0.1484375;0.021484375;0.125;0.1484375;0.033203125;0.07421875;0.1875;0.0380859375;0.0283203125;0.09765625;0.25390625;0.0478515625;0.140625;0.26171875;0.048828125;0.1953125;0.328125;0.044921875;0.1953125;0.23046875;0.025390625;0.16015625;0.11328125;0.0107421875;0.064453125;0.03515625;0.00439453125;0.01708984375;0.015625;0.017578125;0.00146484375;0.017578125;0.01953125;0.0009765625;0.7;0.109375;0.125;0.1875;0.0234375;0.03515625;0.0625;0.03125;0.00390625;0.078125;0.09375;0.01171875;0.0390625;0.09375;0.03125;0.01953125;0.0625;0.0859375;0.015625;0.1015625;0.1328125;0.01953125;0.1171875;0.1484375;0.033203125;0.07421875;0.1796875;0.037109375;0.02734375;0.09765625;0.2421875;0.0478515625;0.13671875;0.25390625;0.048828125;0.19140625;0.3203125;0.044921875;0.19140625;0.21875;0.0244140625;0.15234375;0.109375;0.0107421875;0.0625;0.033203125;0.00439453125;0.01611328125;0.013671875;0.01953125;0.00146484375;0.017578125;0.021484375;0.0009765625;0.7
36;36;70.96;0.109375;0.125;0.1875;0.01953125;0.03515625;0.0625;0.03125;0.00390625;0.09375;0.09375;0.0078125;0.046875;0.1015625;0.03125;0.021484375;0.0625;0.0859375;0.015625;0.109375;0.140625;0.021484375;0.1328125;0.1640625;0.033203125;0.078125;0.19140625;0.0390625;0.0283203125;0.09765625;0.25;0.0458984375;0.140625;0.25;0.048828125;0.19921875;0.33984375;0.0458984375;0.19921875;0.2265625;0.025390625;0.1640625;0.125;0.01171875;0.06640625;0.037109375;0.0048828125;0.01708984375;0.015625;0.01953125;0.001953125;0.017578125;0.021484375;0.0009765625;0.7;0.109375;0.125;0.171875;0.0234375;0.03515625;0.0625;0.03125;0.00390625;0.09375;0.078125;0.01171875;0.0390625;0.1015625;0.03125;0.01953125;0.0625;0.0859375;0.015625;0.1015625;0.1484375;0.01953125;0.125;0.15625;0.03125;0.07421875;0.1875;0.0380859375;0.02734375;0.09765625;0.2421875;0.0458984375;0.13671875;0.25;0.048828125;0.1953125;0.3359375;0.0458984375;0.1953125;0.2265625;0.025390625;0.16015625;0.125;0.01171875;0.064453125;0.037109375;0.00439453125;0.0166015625;0.015625;0.01953125;0.001953125;0.015625;0.021484375;0.0009765625;0.7
37;37;71.39;0.109375;0.125;0.1875;0.01953125;0.03515625;0.0625;0.03125;0.00390625;0.09375;0.09375;0.01171875;0.046875;0.1015625;0.03125;0.021484375;0.0625;0.09375;0.015625;0.1171875;0.1640625;0.0234375;0.125;0.1484375;0.033203125;0.08203125;0.1953125;0.0400390625;0.029296875;0.1015625;0.25390625;0.0478515625;0.1484375;0.26953125;0.05078125;0.20703125;0.3359375;0.0458984375;0.20703125;0.2421875;0.0263671875;0.16796875;0.12109375;0.01171875;0.068359375;0.037109375;0.0048828125;0.017578125;0.015625;0.015625;0.001953125;0.017578125;0.0234375;0.0009765625;0.7;0.109375;0.125;0.171875;0.0234375;0.03515625;0.0625;0.03125;0.00390625;0.078125;0.09375;0.01171875;0.046875;0.09375;0.03125;0.01953125;0.0625;0.0859375;0.015625;0.109375;0.15625;0.021484375;0.1171875;0.140625;0.033203125;0.078125;0.1875;0.0400390625;0.0283203125;0.1015625;0.2421875;0.046875;0.14453125;0.26171875;0.0498046875;0.19921875;0.33203125;0.0458984375;0.19921875;0.2421875;0.0263671875;0.16015625;0.11328125;0.0107421875;0.064453125;0.037109375;0.0048828125;0.0166015625;0.015625;0.015625;0.001953125;0.015625;0.01953125;0.0009765625;0.7
38;38;70.37;0.109375;0.109375;0.1875;0.01953125;0.03515625;0.078125;0.03125;0.00390625;0.09375;0.09375;0.01171875;0.046875;0.1015625;0.03125;0.0234375;0.0703125;0.09375;0.013671875;0.109375;0.15625;0.0234375;0.125;0.15625;0.033203125;0.08203125;0.1875;0.041015625;0.029296875;0.09765625;0.25390625;0.0478515625;0.14453125;0.265625;0.0517578125;0.203125;0.3359375;0.046875;0.20703125;0.234375;0.0263671875;0.1640625;0.1171875;0.01171875;0.068359375;0.037109375;0.0048828125;0.017578125;0.015625;0.017578125;0.00146484375;0.015625;0.0234375;0.0009765625;0.7;0.125;0.125;0.171875;0.01953125;0.03515625;0.078125;0.03125;0.00390625;0.09375;0.09375;0.01171875;0.046875;0.09375;0.033203125;0.01953125;0.0625;0.0859375;0.015625;0.1015625;0.1484375;0.021484375;0.1171875;0.15625;0.033203125;0.078125;0.18359375;0.0400390625;0.02734375;0.1015625;0.24609375;0.0478515625;0.140625;0.26171875;0.05078125;0.19921875;0.328125;0.0458984375;0.19921875;0.2265625;0.025390625;0.16015625;0.11328125;0.0107421875;0.06640625;0.03515625;0.00439453125;0.0166015625;0.015625;0.015625;0.00146484375;0.015625;0.0234375;0.0009765625;0.7
39;39;72.9;0.125;0.125;0.1875;0.01953125;0.03515625;0.078125;0.03125;0.00390625;0.09375;0.078125;0.01171875;0.046875;0.109375;0.03125;0.0234375;0.0625;0.09375;0.013671875;0.1171875;0.1640625;0.0234375;0.1328125;0.15625;0.033203125;0.08203125;0.1953125;0.041015625;0.0302734375;0.1015625;0.26171875;0.0478515625;0.14453125;0.26171875;0.048828125;0.20703125;0.3515625;0.048828125;0.2109375;0.24609375;0.0263671875;0.16796875;0.125;0.01171875;0.068359375;0.041015625;0.0048828125;0.017578125;0.013671875;0.017578125;0.00146484375;0.015625;0.01953125;0.0009765625;0.7;0.125;0.125;0.171875;0.01953125;0.03515625;0.09375;0.03125;0.00390625;0.09375;0.078125;0.01171875;0.0390625;0.1015625;0.033203125;0.021484375;0.0625;0.078125;0.013671875;0.109375;0.15625;0.0234375;0.125;0.15625;0.03125;0.078125;0.1875;0.0400390625;0.0283203125;0.1015625;0.25390625;0.046875;0.140625;0.2578125;0.048828125;0.203125;0.34375;0.048828125;0.20703125;0.23828125;0.0263671875;0.16796875;0.1171875;0.0107421875;0.068359375;0.0390625;0.0048828125;0.01708984375;0.013671875;0.015625;0.00146484375;0.015625;0.021484375;0.00146484375;0.7
40;40;70.88;0.125;0.125;0.1875;0.01953125;0.0390625;0.0625;0.03125;0.00390625;0.078125;0.078125;0.01171875;0.0546875;0.109375;0.03125;0.0234375;0.0703125;0.09375;0.01171875;0.109375;0.171875;0.0234375;0.140625;0.1640625;0.033203125;0.08203125;0.1953125;0.041015625;0.0302734375;0.10546875;0.26171875;0.0478515625;0.15234375;0.2734375;0.052734375;0.20703125;0.34765625;0.0478515625;0.21484375;0.25390625;0.02734375;0.16796875;0.125;0.01171875;0.0703125;0.0390625;0.0048828125;0.01708984375;0.013671875;0.017578125;0.00146484375;0.015625;0.0234375;0.00146484375;0.7;0.125;0.125;0.1875;0.01953125;0.03515625;0.078125;0.03125;0.00390625;0.078125;0.0625;0.01171875;0.046875;0.1015625;0.033203125;0.021484375;0.0625;0.0859375;0.01171875;0.109375;0.171875;0.0234375;0.140625;0.15625;0.033203125;0.078125;0.1875;0.0400390625;0.029296875;0.1015625;0.25;0.046875;0.1484375;0.265625;0.052734375;0.203125;0.33984375;0.048828125;0.2109375;0.24609375;0.025390625;0.1640625;0.1171875;0.01171875;0.068359375;0.0390625;0.0048828125;0.0166015625;0.013671875;0.015625;0.00146484375;0.015625;0.021484375;0.00146484375;0.7
41;41;74.38;0.125;0.125;0.1875;0.01953125;0.03515625;0.0625;0.03125;0.00390625;0.09375;0.078125;0.0078125;0.0546875;0.1015625;0.03125;0.0234375;0.0625;0.09375;0.013671875;0.1171875;0.15625;0.025390625;0.1484375;0.1640625;0.03515625;0.0859375;0.1953125;0.0419921875;0.0302734375;0.10546875;0.26953125;0.048828125;0.1484375;0.26953125;0.05078125;0.2109375;0.35546875;0.0498046875;0.21484375;0.25;0.02734375;0.171875;0.1171875;0.01171875;0.072265625;0.0390625;0.0048828125;0.017578125;0.013671875;0.015625;0.00146484375;0.015625;0.021484375;0.0009765625;0.7;0.125;0.125;0.171875;0.01953125;0.03515625;0.0625;0.03125;0.00390625;0.078125;0.078125;0.01171875;0.0546875;0.09375;0.033203125;0.021484375;0.0546875;0.0859375;0.013671875;0.1015625;0.1484375;0.0234375;0.140625;0.1640625;0.03515625;0.08203125;0.1953125;0.0419921875;0.029296875;0.10546875;0.2578125;0.048828125;0.1484375;0.2578125;0.05078125;0.20703125;0.34765625;0.048828125;0.2109375;0.24609375;0.02734375;0.16796875;0.1171875;0.01171875;0.072265625;0.0390625;0.0048828125;0.0166015625;0.013671875;0.015625;0.00146484375;0.015625;0.0234375;0.0009765625;0.7
42;42;70.33;0.125;0.125;0.203125;0.01953125;0.03515625;0.0625;0.03125;0.00390625;0.09375;0.078125;0.01171875;0.046875;0.1015625;0.03125;0.0234375;0.0703125;0.09375;0.01171875;0.109375;0.15625;0.025390625;0.1328125;0.1640625;0.033203125;0.0859375;0.1953125;0.0419921875;0.03125;0.1015625;0.26171875;0.048828125;0.15234375;0.26953125;0.052734375;0.21484375;0.359375;0.05078125;0.21875;0.26171875;0.0283203125;0.1796875;0.125;0.01171875;0.07421875;0.041015625;0.0048828125;0.01708984375;0.013671875;0.015625;0.00146484375;0.015625;0.021484375;0.00146484375;0.7;0.125;0.125;0.1875;0.01953125;0.03515625;0.078125;0.03125;0.01953125;0.09375;0.078125;0.01171875;0.046875;0.1015625;0.033203125;0.021484375;0.0703125;0.0859375;0.013671875;0.1015625;0.1484375;0.0234375;0.1171875;0.15625;0.033203125;0.08203125;0.19140625;0.0419921875;0.0302734375;0.1015625;0.25390625;0.048828125;0.1484375;0.26171875;0.0517578125;0.20703125;0.3515625;0.0498046875;0.21484375;0.2578125;0.02734375;0.171875;0.12109375;0.01171875;0.072265625;0.041015625;0.0048828125;0.0166015625;0.013671875;0.015625;0.00146484375;0.015625;0.021484375;0.00146484375;0.7
43;43;74.25;0.125;0.125;0.171875;0.01953125;0.0390625;0.078125;0.03125;0.04296875;0.109375;0.078125;0.01171875;0.0625;0.109375;0.033203125;0.0234375;0.0703125;0.09375;0.013671875;0.109375;0.171875;0.025390625;0.140625;0.1796875;0.03515625;0.0859375;0.19921875;0.04296875;0.03125;0.10546875;0.26953125;0.05078125;0.15234375;0.28515625;0.0537109375;0.21875;0.37109375;0.052734375;0.22265625;0.26171875;0.02734375;0.18359375;0.12890625;0.01171875;0.080078125;0.044921875;0.00537109375;0.01806640625;0.013671875;0.017578125;0.00146484375;0.017578125;0.01953125;0.00146484375;0.8;0.125;0.140625;0.171875;0.01953125;0.03515625;0.078125;0.03125;0.07421875;0.09375;0.078125;0.01171875;0.0546875;0.1015625;0.033203125;0.021484375;0.0625;0.0859375;0.015625;0.109375;0.1640625;0.025390625;0.1328125;0.171875;0.03515625;0.0859375;0.1953125;0.0419921875;0.0302734375;0.10546875;0.2578125;0.0498046875;0.15234375;0.27734375;0.0517578125;0.21484375;0.36328125;0.0517578125;0.21875;0.2578125;0.02734375;0.1796875;0.12109375;0.01171875;0.076171875;0.041015625;0.0048828125;0.017578125;0.01171875;0.015625;0.00146484375;0.015625;0.01953125;0.0009765625;0.7
44;44;75.09;0.125;0.125;0.171875;0.01953125;0.0390625;0.0625;0.03125;0.10546875;0.09375;0.078125;0.01171875;0.0546875;0.1015625;0.03125;0.0234375;0.0703125;0.0859375;0.013671875;0.109375;0.15625;0.02734375;0.140625;0.171875;0.03515625;0.08203125;0.19921875;0.044921875;0.03125;0.10546875;0.265625;0.048828125;0.15234375;0.2734375;0.052734375;0.22265625;0.36328125;0.052734375;0.22265625;0.25390625;0.029296875;0.18359375;0.12890625;0.01171875;0.078125;0.04296875;0.0048828125;0.017578125;0.015625;0.015625;0.00146484375;0.017578125;0.01953125;0.0009765625;0.7;0.125;0.140625;0.15625;0.01953125;0.0390625;0.0625;0.03125;0.1328125;0.078125;0.078125;0.01171875;0.046875;0.09375;0.03125;0.021484375;0.0625;0.0859375;0.013671875;0.1015625;0.1484375;0.025390625;0.1328125;0.171875;0.03515625;0.078125;0.19921875;0.044921875;0.029296875;0.10546875;0.2578125;0.048828125;0.15234375;0.26953125;0.052734375;0.21875;0.36328125;0.052734375;0.21875;0.25390625;0.029296875;0.1796875;0.12109375;0.01171875;0.076171875;0.041015625;0.0048828125;0.01708984375;0.013671875;0.015625;0.00146484375;0.017578125;0.01953125;0.00146484375;0.7
45;45;79.11;0.125;0.125;0.171875;0.01953125;0.0390625;0.0625;0.03125;0.15625;0.078125;0.078125;0.01171875;0.0546875;0.109375;0.033203125;0.0234375;0.0703125;0.09375;0.013671875;0.109375;0.1640625;0.02734375;0.140625;0.1796875;0.03515625;0.0859375;0.203125;0.044921875;0.0322265625;0.10546875;0.265625;0.0517578125;0.16015625;0.29296875;0.0546875;0.2265625;0.37109375;0.0537109375;0.23046875;0.26953125;0.0283203125;0.1875;0.12890625;0.0126953125;0.080078125;0.04296875;0.00537109375;0.017578125;0.015625;0.017578125;0.00146484375;0.015625;0.01953125;0.0009765625;0.7;0.125;0.140625;0.15625;0.01953125;0.0390625;0.0625;0.03125;0.171875;0.078125;0.0625;0.0078125;0.0546875;0.1015625;0.03515625;0.021484375;0.0703125;0.09375;0.013671875;0.1015625;0.15625;0.02734375;0.140625;0.1796875;0.03515625;0.08203125;0.1953125;0.0439453125;0.0302734375;0.1015625;0.25390625;0.0517578125;0.15625;0.28125;0.0537109375;0.21875;0.3671875;0.0537109375;0.22265625;0.265625;0.0283203125;0.18359375;0.12109375;0.01171875;0.078125;0.04296875;0.00537109375;0.01708984375;0.013671875;0.015625;0.00146484375;0.015625;0.01953125;0.0009765625;0.8
46;46;77.31;0.125;0.125;0.15625;0.01953125;0.0390625;0.0625;0.03125;0.16796875;0.078125;0.078125;0.01171875;0.0546875;0.109375;0.033203125;0.021484375;0.0703125;0.0859375;0.01171875;0.109375;0.1640625;0.02734375;0.140625;0.171875;0.033203125;0.0859375;0.2109375;0.0458984375;0.0322265625;0.11328125;0.27734375;0.0517578125;0.15625;0.2890625;0.0546875;0.2265625;0.37890625;0.052734375;0.23046875;0.265625;0.029296875;0.18359375;0.12890625;0.01171875;0.08203125;0.044921875;0.00537109375;0.017578125;0.015625;0.015625;0.00146484375;0.015625;0.01953125;0.00146484375;0.7;0.125;0.125;0.15625;0.01953125;0.03515625;0.078125;0.03125;0.1875;0.078125;0.0625;0.01171875;0.0546875;0.1015625;0.03515625;0.021484375;0.0546875;0.078125;0.013671875;0.1015625;0.1640625;0.025390625;0.1328125;0.171875;0.033203125;0.0859375;0.20703125;0.0458984375;0.03125;0.11328125;0.26953125;0.05078125;0.15234375;0.27734375;0.0546875;0.22265625;0.37109375;0.0537109375;0.2265625;0.26171875;0.0283203125;0.1796875;0.12890625;0.01171875;0.080078125;0.04296875;0.00537109375;0.01708984375;0.013671875;0.015625;0.00146484375;0.013671875;0.017578125;0.0009765625;0.7
47;47;77.6;0.125;0.125;0.1875;0.01953125;0.0390625;0.078125;0.03125;0.19140625;0.078125;0.078125;0.01171875;0.0546875;0.109375;0.03515625;0.0234375;0.0703125;0.0859375;0.013671875;0.1171875;0.1640625;0.02734375;0.140625;0.1796875;0.03515625;0.08984375;0.20703125;0.0458984375;0.033203125;0.109375;0.27734375;0.0537109375;0.16015625;0.30078125;0.0556640625;0.23046875;0.3984375;0.0576171875;0.23828125;0.2734375;0.0302734375;0.19140625;0.1328125;0.0126953125;0.0859375;0.046875;0.00537109375;0.01806640625;0.013671875;0.017578125;0.00146484375;0.015625;0.01953125;0.00146484375;0.7;0.125;0.140625;0.1875;0.0234375;0.03515625;0.078125;0.015625;0.19140625;0.078125;0.0625;0.01171875;0.0546875;0.1015625;0.03515625;0.021484375;0.0625;0.0859375;0.015625;0.109375;0.1640625;0.025390625;0.140625;0.1796875;0.03515625;0.08203125;0.1953125;0.044921875;0.0302734375;0.109375;0.26953125;0.052734375;0.15625;0.29296875;0.0556640625;0.2265625;0.39453125;0.0576171875;0.234375;0.265625;0.0302734375;0.1875;0.125;0.01171875;0.083984375;0.044921875;0.00537109375;0.01708984375;0.013671875;0.017578125;0.00146484375;0.015625;0.017578125;0.00146484375;0.8
48;48;79.85;0.125;0.125;0.1875;0.01953125;0.0390625;0.0625;0.03125;0.19921875;0.078125;0.078125;0.01171875;0.046875;0.109375;0.033203125;0.021484375;0.0625;0.0859375;0.013671875;0.109375;0.1640625;0.02734375;0.140625;0.1796875;0.037109375;0.08984375;0.21484375;0.046875;0.033203125;0.109375;0.28125;0.0537109375;0.16015625;0.2890625;0.0576171875;0.23046875;0.38671875;0.0576171875;0.23046875;0.26171875;0.029296875;0.1875;0.12890625;0.01171875;0.0859375;0.044921875;0.00537109375;0.01806640625;0.013671875;0.017578125;0.001953125;0.015625;0.01953125;0.00146484375;0.7;0.125;0.125;0.171875;0.01953125;0.03515625;0.0625;0.03125;0.19140625;0.078125;0.0625;0.01171875;0.046875;0.109375;0.03515625;0.01953125;0.0625;0.078125;0.015625;0.1015625;0.15625;0.025390625;0.125;0.171875;0.03515625;0.0859375;0.20703125;0.0458984375;0.03125;0.109375;0.27734375;0.0537109375;0.15625;0.28515625;0.0576171875;0.2265625;0.3828125;0.056640625;0.2265625;0.26171875;0.029296875;0.18359375;0.12109375;0.01171875;0.0859375;0.044921875;0.00537109375;0.017578125;0.013671875;0.015625;0.001953125;0.015625;0.017578125;0.00146484375;0.7
49;49;72.91;0.125;0.125;0.1875;0.01953125;0.0390625;0.0625;0.03125;0.1875;0.078125;0.078125;0.01171875;0.0546875;0.109375;0.03515625;0.0234375;0.0625;0.0859375;0.013671875;0.1171875;0.171875;0.029296875;0.15625;0.1875;0.037109375;0.09375;0.22265625;0.0478515625;0.033203125;0.11328125;0.28515625;0.0556640625;0.1640625;0.30078125;0.056640625;0.234375;0.3984375;0.0595703125;0.23828125;0.2734375;0.0322265625;0.19140625;0.1328125;0.01171875;0.08984375;0.048828125;0.00537109375;0.01806640625;0.013671875;0.017578125;0.00146484375;0.015625;0.017578125;0.00146484375;0.8;0.125;0.125;0.171875;0.01953125;0.0390625;0.0625;0.015625;0.18359375;0.078125;0.0625;0.01171875;0.0546875;0.109375;0.037109375;0.021484375;0.0546875;0.078125;0.015625;0.109375;0.1640625;0.02734375;0.1484375;0.1875;0.037109375;0.08984375;0.21484375;0.046875;0.0322265625;0.11328125;0.2734375;0.0546875;0.1640625;0.296875;0.056640625;0.234375;0.3984375;0.0576171875;0.234375;0.2734375;0.03125;0.1875;0.125;0.01171875;0.0859375;0.046875;0.00537109375;0.01708984375;0.01171875;0.017578125;0.00146484375;0.013671875;0.015625;0.00146484375;0.7
50;50;71.69;0.125;0.125;0.171875;0.01953125;0.03515625;0.0625;0.015625;0.17578125;0.078125;0.09375;0.01171875;0.0546875;0.109375;0.033203125;0.0234375;0.0625;0.0859375;0.013671875;0.109375;0.171875;0.02734375;0.1484375;0.1796875;0.037109375;0.08984375;0.21875;0.0478515625;0.033203125;0.1171875;0.2890625;0.0537109375;0.16796875;0.296875;0.0576171875;0.2421875;0.41015625;0.05859375;0.25;0.27734375;0.03125;0.1953125;0.1328125;0.0126953125;0.091796875;0.046875;0.00537109375;0.01806640625;0.013671875;0.015625;0.00146484375;0.015625;0.017578125;0.00146484375;0.7;0.125;0.140625;0.171875;0.01953125;0.03515625;0.0625;0.015625;0.18359375;0.078125;0.0625;0.01171875;0.046875;0.1015625;0.03515625;0.01953125;0.0546875;0.0859375;0.015625;0.1015625;0.1640625;0.029296875;0.1328125;0.171875;0.037109375;0.0859375;0.20703125;0.0458984375;0.0322265625;0.1171875;0.28125;0.0537109375;0.1640625;0.29296875;0.0576171875;0.234375;0.40234375;0.0576171875;0.2421875;0.2734375;0.0302734375;0.1875;0.12890625;0.01171875;0.091796875;0.046875;0.00537109375;0.01708984375;0.01171875;0.013671875;0.00146484375;0.013671875;0.015625;0.0009765625;0.8
51;51;77.8;0.125;0.140625;0.1875;0.01953125;0.0390625;0.0625;0.015625;0.17578125;0.078125;0.09375;0.01171875;0.0546875;0.1171875;0.033203125;0.021484375;0.0625;0.0859375;0.013671875;0.109375;0.171875;0.02734375;0.15625;0.1953125;0.037109375;0.08984375;0.21875;0.048828125;0.0341796875;0.1171875;0.29296875;0.0546875;0.16796875;0.2890625;0.056640625;0.2421875;0.41015625;0.05859375;0.25;0.2734375;0.0322265625;0.1953125;0.12890625;0.0126953125;0.091796875;0.05078125;0.00537109375;0.01806640625;0.013671875;0.01953125;0.00146484375;0.015625;0.01953125;0.00146484375;0.7;0.125;0.140625;0.171875;0.0234375;0.03515625;0.0625;0.015625;0.1875;0.0625;0.078125;0.015625;0.0546875;0.109375;0.03515625;0.021484375;0.0546875;0.0859375;0.013671875;0.1015625;0.1640625;0.025390625;0.1484375;0.1875;0.037109375;0.08984375;0.21484375;0.0478515625;0.0322265625;0.1171875;0.28515625;0.0556640625;0.1640625;0.28515625;0.056640625;0.2421875;0.40234375;0.0576171875;0.24609375;0.26953125;0.033203125;0.1953125;0.12890625;0.0126953125;0.091796875;0.048828125;0.00537109375;0.01806640625;0.01171875;0.017578125;0.00146484375;0.015625;0.017578125;0.00146484375;0.7
52;52;77.62;0.125;0.140625;0.171875;0.01953125;0.0390625;0.0625;0.015625;0.1796875;0.078125;0.09375;0.01171875;0.0546875;0.1171875;0.033203125;0.0234375;0.0625;0.0859375;0.013671875;0.109375;0.1640625;0.02734375;0.15625;0.1953125;0.037109375;0.09375;0.22265625;0.048828125;0.0341796875;0.1171875;0.296875;0.0556640625;0.171875;0.30859375;0.05859375;0.25;0.421875;0.0625;0.25390625;0.28515625;0.0341796875;0.203125;0.13671875;0.0126953125;0.09375;0.05078125;0.00537109375;0.01806640625;0.013671875;0.015625;0.00146484375;0.015625;0.017578125;0.00146484375;0.7;0.125;0.140625;0.15625;0.01953125;0.0390625;0.078125;0.015625;0.18359375;0.078125;0.078125;0.01171875;0.0546875;0.1015625;0.03515625;0.021484375;0.0546875;0.078125;0.015625;0.109375;0.1484375;0.025390625;0.140625;0.1953125;0.037109375;0.08984375;0.21484375;0.0478515625;0.0322265625;0.1171875;0.28515625;0.0546875;0.16796875;0.30078125;0.0595703125;0.24609375;0.4140625;0.0625;0.25;0.28125;0.0341796875;0.19921875;0.1328125;0.01171875;0.091796875;0.048828125;0.00537109375;0.01708984375;0.013671875;0.015625;0.00146484375;0.015625;0.015625;0.00146484375;0.7
53;53;79.35;0.125;0.140625;0.15625;0.01953125;0.0390625;0.078125;0.015625;0.17578125;0.078125;0.09375;0.01171875;0.0546875;0.1171875;0.033203125;0.0234375;0.0703125;0.09375;0.013671875;0.1171875;0.1796875;0.029296875;0.15625;0.1953125;0.0390625;0.09375;0.22265625;0.0498046875;0.03515625;0.1171875;0.30078125;0.056640625;0.171875;0.3046875;0.0595703125;0.25;0.421875;0.064453125;0.25390625;0.27734375;0.0322265625;0.19921875;0.13671875;0.0126953125;0.09375;0.05078125;0.005859375;0.017578125;0.013671875;0.015625;0.00146484375;0.013671875;0.017578125;0.00146484375;0.7;0.125;0.140625;0.15625;0.01953125;0.0390625;0.078125;0.015625;0.1796875;0.078125;0.0625;0.01171875;0.0546875;0.109375;0.03515625;0.021484375;0.0625;0.0859375;0.015625;0.109375;0.171875;0.02734375;0.1484375;0.1953125;0.037109375;0.09375;0.21875;0.048828125;0.033203125;0.1171875;0.296875;0.0556640625;0.171875;0.30078125;0.0595703125;0.24609375;0.4140625;0.064453125;0.24609375;0.2734375;0.0302734375;0.19140625;0.13671875;0.0126953125;0.091796875;0.048828125;0.005859375;0.01708984375;0.013671875;0.015625;0.00146484375;0.013671875;0.015625;0.00146484375;0.8
54;54;79.8;0.125;0.140625;0.171875;0.01953125;0.0390625;0.0625;0.015625;0.16015625;0.0625;0.09375;0.01171875;0.0625;0.1171875;0.03515625;0.0234375;0.0625;0.0859375;0.015625;0.1171875;0.1796875;0.029296875;0.15625;0.203125;0.037109375;0.09765625;0.2265625;0.0498046875;0.03515625;0.1171875;0.29296875;0.0556640625;0.17578125;0.30859375;0.060546875;0.25390625;0.421875;0.064453125;0.26171875;0.28515625;0.0341796875;0.203125;0.1328125;0.0126953125;0.09765625;0.05078125;0.005859375;0.01806640625;0.01171875;0.015625;0.001953125;0.015625;0.017578125;0.00146484375;0.7;0.125;0.140625;0.171875;0.01953125;0.0390625;0.0625;0.015625;0.171875;0.0625;0.0625;0.01171875;0.0546875;0.109375;0.03515625;0.021484375;0.0546875;0.0859375;0.015625;0.1015625;0.171875;0.02734375;0.1484375;0.1953125;0.03515625;0.09375;0.21875;0.0478515625;0.033203125;0.1171875;0.2890625;0.056640625;0.171875;0.30078125;0.060546875;0.25390625;0.42578125;0.0654296875;0.26171875;0.29296875;0.0341796875;0.203125;0.1328125;0.0126953125;0.09765625;0.05078125;0.005859375;0.017578125;0.01171875;0.015625;0.001953125;0.013671875;0.017578125;0.00146484375;0.7
55;55;81.55;0.125;0.140625;0.203125;0.01953125;0.0390625;0.0625;0.015625;0.15625;0.0625;0.09375;0.01171875;0.0546875;0.1171875;0.03515625;0.0234375;0.0625;0.0859375;0.013671875;0.1171875;0.1640625;0.029296875;0.15625;0.21875;0.0390625;0.09765625;0.2265625;0.0498046875;0.03515625;0.125;0.3046875;0.05859375;0.18359375;0.32421875;0.0615234375;0.26171875;0.43359375;0.0673828125;0.265625;0.29296875;0.0341796875;0.20703125;0.140625;0.0126953125;0.099609375;0.0546875;0.005859375;0.0185546875;0.01171875;0.01953125;0.00146484375;0.015625;0.017578125;0.00146484375;0.7;0.125;0.15625;0.1875;0.01953125;0.0390625;0.0625;0.015625;0.17578125;0.046875;0.078125;0.015625;0.046875;0.109375;0.037109375;0.021484375;0.0546875;0.078125;0.015625;0.1015625;0.1484375;0.025390625;0.1484375;0.2109375;0.0390625;0.09375;0.21484375;0.0498046875;0.033203125;0.12109375;0.296875;0.0576171875;0.1796875;0.31640625;0.060546875;0.25390625;0.4296875;0.0673828125;0.2578125;0.28515625;0.033203125;0.203125;0.13671875;0.0126953125;0.09765625;0.052734375;0.00537109375;0.017578125;0.01171875;0.017578125;0.00146484375;0.015625;0.017578125;0.00146484375;0.7
56;56;78.11;0.125;0.140625;0.1875;0.01953125;0.0390625;0.0625;0.015625;0.16015625;0.0625;0.09375;0.015625;0.0546875;0.1171875;0.03515625;0.0234375;0.0625;0.0859375;0.013671875;0.109375;0.171875;0.02734375;0.1640625;0.21875;0.041015625;0.09765625;0.234375;0.0517578125;0.03515625;0.125;0.296875;0.05859375;0.1796875;0.3125;0.060546875;0.265625;0.44140625;0.068359375;0.26953125;0.3046875;0.0361328125;0.2109375;0.1328125;0.0126953125;0.1015625;0.0546875;0.005859375;0.0185546875;0.013671875;0.015625;0.00146484375;0.015625;0.01953125;0.00146484375;0.8;0.125;0.15625;0.1875;0.01953125;0.03515625;0.0625;0.015625;0.16015625;0.0625;0.078125;0.015625;0.0546875;0.109375;0.037109375;0.021484375;0.0546875;0.078125;0.015625;0.109375;0.15625;0.02734375;0.15625;0.2109375;0.041015625;0.09765625;0.2265625;0.0517578125;0.0341796875;0.125;0.296875;0.05859375;0.17578125;0.30859375;0.060546875;0.26171875;0.44140625;0.0673828125;0.26953125;0.30078125;0.03515625;0.21484375;0.1484375;0.0126953125;0.103515625;0.0546875;0.005859375;0.01904296875;0.013671875;0.017578125;0.00146484375;0.015625;0.017578125;0.001953125;0.7
57;57;80.81;0.125;0.140625;0.1875;0.01953125;0.0390625;0.0625;0.015625;0.1640625;0.078125;0.09375;0.015625;0.0546875;0.1171875;0.03515625;0.0234375;0.0625;0.09375;0.013671875;0.1171875;0.1640625;0.029296875;0.1640625;0.2265625;0.0390625;0.09765625;0.23046875;0.0517578125;0.0361328125;0.125;0.30859375;0.0595703125;0.18359375;0.32421875;0.0634765625;0.26953125;0.4375;0.068359375;0.2734375;0.30078125;0.037109375;0.21484375;0.1328125;0.0126953125;0.1015625;0.056640625;0.005859375;0.0185546875;0.013671875;0.017578125;0.001953125;0.013671875;0.017578125;0.001953125;0.8;0.125;0.140625;0.171875;0.01953125;0.03515625;0.078125;0.015625;0.171875;0.078125;0.078125;0.015625;0.0546875;0.109375;0.037109375;0.021484375;0.0546875;0.09375;0.015625;0.109375;0.15625;0.029296875;0.15625;0.21875;0.0390625;0.09765625;0.22265625;0.05078125;0.03515625;0.125;0.30078125;0.0595703125;0.1796875;0.31640625;0.0625;0.26171875;0.4375;0.068359375;0.26953125;0.30078125;0.0380859375;0.2109375;0.125;0.01171875;0.1015625;0.0546875;0.005859375;0.01806640625;0.013671875;0.015625;0.00146484375;0.013671875;0.017578125;0.00146484375;0.8
58;58;82.2;0.125;0.140625;0.1875;0.01953125;0.0390625;0.0625;0.015625;0.16796875;0.078125;0.09375;0.01171875;0.0546875;0.1171875;0.03515625;0.0234375;0.0625;0.09375;0.015625;0.1171875;0.171875;0.029296875;0.1640625;0.21875;0.0390625;0.1015625;0.2421875;0.052734375;0.0361328125;0.125;0.3125;0.0595703125;0.1875;0.32421875;0.0625;0.26953125;0.44140625;0.0693359375;0.27734375;0.30078125;0.037109375;0.21484375;0.140625;0.0126953125;0.103515625;0.056640625;0.005859375;0.017578125;0.015625;0.015625;0.00146484375;0.015625;0.017578125;0.00146484375;0.7;0.125;0.140625;0.1875;0.01953125;0.0390625;0.078125;0.015625;0.1640625;0.0625;0.078125;0.015625;0.0546875;0.1171875;0.037109375;0.021484375;0.0546875;0.0859375;0.017578125;0.1015625;0.1640625;0.029296875;0.15625;0.2109375;0.0390625;0.09765625;0.234375;0.052734375;0.03515625;0.125;0.3046875;0.05859375;0.1875;0.32421875;0.0634765625;0.26953125;0.44140625;0.0693359375;0.2734375;0.3046875;0.037109375;0.2109375;0.1328125;0.0126953125;0.1015625;0.0546875;0.005859375;0.0166015625;0.013671875;0.013671875;0.00146484375;0.013671875;0.015625;0.00146484375;0.8
59;59;83.89;0.125;0.140625;0.171875;0.01953125;0.0390625;0.078125;0.015625;0.15625;0.078125;0.09375;0.01171875;0.0546875;0.1171875;0.03515625;0.0234375;0.0625;0.09375;0.015625;0.125;0.171875;0.029296875;0.1640625;0.2265625;0.041015625;0.1015625;0.2421875;0.052734375;0.037109375;0.125;0.31640625;0.05859375;0.1875;0.3203125;0.0625;0.27734375;0.45703125;0.0703125;0.28515625;0.30859375;0.037109375;0.21875;0.140625;0.0126953125;0.103515625;0.0546875;0.005859375;0.01806640625;0.015625;0.017578125;0.001953125;0.013671875;0.017578125;0.001953125;0.8;0.125;0.140625;0.15625;0.01953125;0.0390625;0.078125;0.015625;0.16796875;0.078125;0.078125;0.01171875;0.0546875;0.109375;0.037109375;0.021484375;0.0546875;0.0859375;0.017578125;0.109375;0.1640625;0.02734375;0.15625;0.21875;0.0390625;0.1015625;0.234375;0.052734375;0.03515625;0.125;0.30859375;0.05859375;0.18359375;0.3203125;0.0634765625;0.2734375;0.453125;0.0712890625;0.28515625;0.30859375;0.0380859375;0.21484375;0.1328125;0.0126953125;0.10546875;0.056640625;0.005859375;0.017578125;0.013671875;0.017578125;0.001953125;0.013671875;0.015625;0.00146484375;0.8
60;60;78.55;0.125;0.125;0.1875;0.01953125;0.0390625;0.0625;0.015625;0.1640625;0.0625;0.09375;0.015625;0.0546875;0.1171875;0.037109375;0.0234375;0.0546875;0.0859375;0.015625;0.1171875;0.171875;0.03125;0.171875;0.21875;0.041015625;0.10546875;0.23828125;0.0537109375;0.037109375;0.12890625;0.3125;0.060546875;0.18359375;0.32421875;0.064453125;0.28125;0.46484375;0.07421875;0.2890625;0.3125;0.0380859375;0.22265625;0.14453125;0.0126953125;0.107421875;0.056640625;0.005859375;0.01806640625;0.013671875;0.017578125;0.001953125;0.013671875;0.017578125;0.00146484375;0.8;0.125;0.140625;0.171875;0.01953125;0.03515625;0.0625;0.015625;0.17578125;0.0625;0.078125;0.015625;0.0546875;0.109375;0.0390625;0.021484375;0.0546875;0.078125;0.015625;0.1015625;0.15625;0.029296875;0.1640625;0.21875;0.041015625;0.1015625;0.234375;0.052734375;0.0361328125;0.125;0.30859375;0.0595703125;0.18359375;0.3203125;0.0634765625;0.28125;0.46484375;0.0732421875;0.28515625;0.3125;0.0390625;0.22265625;0.13671875;0.0126953125;0.107421875;0.056640625;0.005859375;0.017578125;0.01171875;0.017578125;0.001953125;0.013671875;0.017578125;0.00146484375;0.8
61;61;79.18;0.125;0.140625;0.171875;0.01953125;0.0390625;0.078125;0.015625;0.15234375;0.0625;0.09375;0.015625;0.0625;0.1171875;0.03515625;0.0234375;0.0625;0.0859375;0.015625;0.1171875;0.1796875;0.029296875;0.171875;0.2265625;0.04296875;0.1015625;0.2421875;0.0546875;0.037109375;0.12890625;0.3203125;0.0634765625;0.19140625;0.3359375;0.06640625;0.28515625;0.4609375;0.07421875;0.29296875;0.31640625;0.0390625;0.23046875;0.15625;0.0126953125;0.109375;0.05859375;0.005859375;0.0185546875;0.015625;0.017578125;0.00146484375;0.013671875;0.015625;0.00146484375;0.7;0.125;0.140625;0.171875;0.01953125;0.0390625;0.078125;0.015625;0.17578125;0.0625;0.078125;0.015625;0.0546875;0.109375;0.037109375;0.021484375;0.0625;0.078125;0.015625;0.109375;0.1640625;0.029296875;0.1640625;0.2265625;0.041015625;0.1015625;0.23828125;0.0537109375;0.0361328125;0.125;0.31640625;0.0634765625;0.19140625;0.33203125;0.06640625;0.28125;0.4609375;0.0732421875;0.29296875;0.31640625;0.041015625;0.23046875;0.15234375;0.0126953125;0.109375;0.056640625;0.005859375;0.0185546875;0.01171875;0.015625;0.00146484375;0.01171875;0.013671875;0.001953125;0.7
62;62;83.59;0.125;0.140625;0.171875;0.01953125;0.0390625;0.0625;0.015625;0.16015625;0.0625;0.09375;0.015625;0.0625;0.125;0.03515625;0.0234375;0.0625;0.09375;0.015625;0.1171875;0.171875;0.029296875;0.171875;0.234375;0.04296875;0.10546875;0.2421875;0.0556640625;0.0380859375;0.1328125;0.32421875;0.0634765625;0.1953125;0.33984375;0.0654296875;0.2890625;0.4765625;0.076171875;0.3046875;0.328125;0.0400390625;0.23046875;0.15625;0.013671875;0.11328125;0.060546875;0.005859375;0.01806640625;0.013671875;0.015625;0.00146484375;0.013671875;0.015625;0.001953125;0.8;0.125;0.140625;0.171875;0.01953125;0.0390625;0.0625;0.015625;0.16796875;0.0625;0.078125;0.015625;0.0546875;0.1171875;0.0390625;0.021484375;0.0546875;0.0859375;0.015625;0.109375;0.1640625;0.029296875;0.1640625;0.234375;0.04296875;0.1015625;0.23828125;0.0546875;0.037109375;0.1328125;0.3125;0.0634765625;0.1953125;0.3359375;0.064453125;0.2890625;0.46875;0.0751953125;0.30078125;0.328125;0.041015625;0.23046875;0.1484375;0.0126953125;0.109375;0.0546875;0.005859375;0.017578125;0.01171875;0.013671875;0.00146484375;0.013671875;0.015625;0.00146484375;0.8
63;63;84.82;0.125;0.140625;0.171875;0.01953125;0.0390625;0.0625;0.015625;0.16015625;0.0625;0.078125;0.015625;0.0625;0.1171875;0.037109375;0.0234375;0.0625;0.09375;0.017578125;0.1171875;0.1875;0.029296875;0.171875;0.234375;0.041015625;0.1015625;0.24609375;0.0556640625;0.0380859375;0.1328125;0.33203125;0.0625;0.1953125;0.34375;0.06640625;0.29296875;0.47265625;0.078125;0.3046875;0.32421875;0.0400390625;0.234375;0.15234375;0.013671875;0.11328125;0.05859375;0.005859375;0.0185546875;0.013671875;0.017578125;0.001953125;0.013671875;0.015625;0.00146484375;0.7;0.125;0.140625;0.15625;0.01953125;0.0390625;0.078125;0.015625;0.171875;0.0625;0.078125;0.015625;0.0546875;0.109375;0.0390625;0.021484375;0.0625;0.0859375;0.017578125;0.109375;0.1796875;0.029296875;0.1640625;0.2265625;0.0390625;0.09765625;0.23828125;0.0556640625;0.037109375;0.1328125;0.32421875;0.0634765625;0.1953125;0.3359375;0.06640625;0.2890625;0.47265625;0.0791015625;0.3046875;0.32421875;0.0400390625;0.234375;0.1484375;0.0126953125;0.115234375;0.05859375;0.005859375;0.01806640625;0.015625;0.017578125;0.00146484375;0.013671875;0.015625;0.001953125;0.8
64;64;83.31;0.125;0.140625;0.1875;0.01953125;0.0390625;0.078125;0.015625;0.15625;0.0625;0.09375;0.015625;0.0625;0.1171875;0.03515625;0.0234375;0.0625;0.09375;0.017578125;0.1171875;0.1796875;0.029296875;0.1796875;0.234375;0.041015625;0.10546875;0.25;0.056640625;0.0380859375;0.1328125;0.328125;0.0634765625;0.19921875;0.35546875;0.068359375;0.296875;0.48828125;0.080078125;0.3125;0.3359375;0.0390625;0.23828125;0.15234375;0.0126953125;0.115234375;0.05859375;0.005859375;0.01806640625;0.013671875;0.017578125;0.00146484375;0.013671875;0.015625;0.001953125;0.7;0.125;0.15625;0.171875;0.01953125;0.0390625;0.078125;0.015625;0.171875;0.046875;0.078125;0.015625;0.0546875;0.109375;0.0390625;0.021484375;0.0546875;0.0859375;0.017578125;0.109375;0.171875;0.02734375;0.171875;0.2265625;0.041015625;0.1015625;0.2421875;0.056640625;0.037109375;0.1328125;0.32421875;0.064453125;0.19921875;0.34765625;0.0673828125;0.29296875;0.484375;0.0810546875;0.30859375;0.33203125;0.0390625;0.234375;0.1484375;0.0126953125;0.115234375;0.05859375;0.005859375;0.017578125;0.013671875;0.017578125;0.00146484375;0.013671875;0.015625;0.001953125;0.8
65;65;84.77;0.125;0.140625;0.171875;0.01953125;0.0390625;0.078125;0.015625;0.16015625;0.0625;0.09375;0.015625;0.0625;0.125;0.037109375;0.0234375;0.0625;0.09375;0.017578125;0.1171875;0.1875;0.029296875;0.171875;0.234375;0.04296875;0.10546875;0.25;0.0556640625;0.0390625;0.1328125;0.33203125;0.064453125;0.203125;0.34765625;0.0673828125;0.30078125;0.4921875;0.0810546875;0.31640625;0.34765625;0.04296875;0.24609375;0.15625;0.013671875;0.12109375;0.0625;0.005859375;0.0185546875;0.013671875;0.017578125;0.001953125;0.013671875;0.015625;0.001953125;0.8;0.140625;0.140625;0.15625;0.01953125;0.0390625;0.078125;0.015625;0.171875;0.046875;0.078125;0.015625;0.0546875;0.1171875;0.037109375;0.021484375;0.0625;0.0859375;0.017578125;0.1171875;0.1796875;0.029296875;0.1640625;0.2265625;0.041015625;0.1015625;0.23828125;0.0556640625;0.037109375;0.1328125;0.32421875;0.064453125;0.19921875;0.34375;0.0673828125;0.296875;0.48828125;0.08203125;0.3125;0.34375;0.0419921875;0.23828125;0.15234375;0.013671875;0.119140625;0.05859375;0.005859375;0.017578125;0.013671875;0.017578125;0.001953125;0.013671875;0.013671875;0.001953125;0.8
66;66;81.37;0.125;0.140625;0.1875;0.01953125;0.0390625;0.0625;0.015625;0.16015625;0.0625;0.09375;0.015625;0.0546875;0.1171875;0.037109375;0.0234375;0.0625;0.09375;0.017578125;0.1171875;0.1875;0.029296875;0.1796875;0.234375;0.044921875;0.10546875;0.25;0.0576171875;0.0390625;0.140625;0.33984375;0.064453125;0.20703125;0.359375;0.0703125;0.3046875;0.49609375;0.0830078125;0.3203125;0.34765625;0.04296875;0.25;0.16015625;0.013671875;0.12109375;0.0625;0.005859375;0.0185546875;0.013671875;0.01953125;0.001953125;0.013671875;0.015625;0.001953125;0.7;0.125;0.15625;0.171875;0.01953125;0.0390625;0.078125;0.015625;0.17578125;0.046875;0.078125;0.015625;0.0546875;0.109375;0.0390625;0.021484375;0.0546875;0.0859375;0.017578125;0.109375;0.171875;0.029296875;0.171875;0.2421875;0.044921875;0.10546875;0.2421875;0.056640625;0.0380859375;0.13671875;0.33203125;0.064453125;0.20703125;0.35546875;0.0693359375;0.3046875;0.48828125;0.08203125;0.3203125;0.33984375;0.041015625;0.2421875;0.1484375;0.013671875;0.119140625;0.0625;0.005859375;0.017578125;0.01171875;0.017578125;0.00146484375;0.013671875;0.015625;0.001953125;0.8
67;67;84.47;0.125;0.140625;0.171875;0.01953125;0.0390625;0.078125;0.015625;0.16015625;0.0625;0.09375;0.015625;0.0625;0.125;0.037109375;0.0234375;0.0625;0.09375;0.017578125;0.1171875;0.1875;0.03125;0.1796875;0.2421875;0.044921875;0.109375;0.25390625;0.0576171875;0.0400390625;0.140625;0.34765625;0.0693359375;0.2109375;0.3671875;0.072265625;0.3125;0.50390625;0.0830078125;0.32421875;0.33984375;0.0419921875;0.25;0.15234375;0.013671875;0.12109375;0.0625;0.005859375;0.0185546875;0.013671875;0.01953125;0.001953125;0.013671875;0.015625;0.001953125;0.8;0.125;0.15625;0.171875;0.015625;0.0390625;0.078125;0.015625;0.16796875;0.0625;0.078125;0.015625;0.0625;0.1171875;0.0390625;0.021484375;0.0546875;0.0859375;0.017578125;0.109375;0.1796875;0.029296875;0.171875;0.2421875;0.044921875;0.10546875;0.2421875;0.056640625;0.0380859375;0.140625;0.33984375;0.0693359375;0.20703125;0.359375;0.0712890625;0.30859375;0.5;0.0830078125;0.3203125;0.3359375;0.041015625;0.24609375;0.15234375;0.013671875;0.12109375;0.0625;0.005859375;0.0185546875;0.013671875;0.01953125;0.001953125;0.013671875;0.015625;0.001953125;0.8
68;68;86.62;0.125;0.140625;0.171875;0.01953125;0.0390625;0.078125;0.015625;0.16015625;0.0625;0.078125;0.015625;0.0625;0.125;0.037109375;0.0234375;0.0625;0.09375;0.017578125;0.125;0.1953125;0.03125;0.1796875;0.234375;0.044921875;0.109375;0.25;0.0576171875;0.0400390625;0.140625;0.34375;0.0673828125;0.20703125;0.3671875;0.072265625;0.3125;0.5078125;0.0849609375;0.33203125;0.3515625;0.04296875;0.25390625;0.15625;0.013671875;0.123046875;0.0625;0.005859375;0.01806640625;0.01171875;0.01953125;0.001953125;0.01171875;0.013671875;0.001953125;0.8;0.125;0.140625;0.15625;0.01953125;0.03515625;0.078125;0.015625;0.17578125;0.0625;0.0625;0.015625;0.0625;0.125;0.0390625;0.021484375;0.0546875;0.0859375;0.017578125;0.1171875;0.1875;0.029296875;0.171875;0.234375;0.04296875;0.10546875;0.24609375;0.056640625;0.0390625;0.140625;0.33984375;0.068359375;0.20703125;0.36328125;0.0732421875;0.3125;0.50390625;0.0869140625;0.328125;0.34375;0.0419921875;0.24609375;0.15234375;0.013671875;0.123046875;0.0625;0.005859375;0.017578125;0.01171875;0.01953125;0.001953125;0.01171875;0.013671875;0.001953125;0.8
69;69;86.41;0.140625;0.15625;0.171875;0.01953125;0.0390625;0.078125;0.015625;0.16015625;0.0625;0.078125;0.01171875;0.0625;0.125;0.03515625;0.0234375;0.0625;0.1015625;0.017578125;0.125;0.1953125;0.03125;0.1796875;0.25;0.04296875;0.109375;0.2578125;0.05859375;0.0400390625;0.140625;0.3515625;0.0693359375;0.21484375;0.37109375;0.0732421875;0.32421875;0.515625;0.08984375;0.33984375;0.36328125;0.044921875;0.26171875;0.16015625;0.0146484375;0.126953125;0.06640625;0.005859375;0.01806640625;0.01171875;0.01953125;0.00244140625;0.013671875;0.015625;0.001953125;0.8;0.140625;0.15625;0.15625;0.015625;0.0390625;0.078125;0.015625;0.171875;0.046875;0.0625;0.01171875;0.0625;0.1171875;0.0390625;0.021484375;0.0546875;0.09375;0.017578125;0.1171875;0.1875;0.03125;0.171875;0.25;0.04296875;0.10546875;0.25390625;0.05859375;0.0390625;0.140625;0.34765625;0.0703125;0.2109375;0.3671875;0.0732421875;0.3203125;0.515625;0.08984375;0.33984375;0.359375;0.044921875;0.26171875;0.15625;0.013671875;0.126953125;0.064453125;0.005859375;0.017578125;0.01171875;0.01953125;0.001953125;0.013671875;0.013671875;0.001953125;0.8
70;70;85.92;0.125;0.140625;0.1875;0.01953125;0.0390625;0.0625;0.015625;0.1640625;0.0625;0.09375;0.015625;0.0625;0.125;0.037109375;0.0234375;0.0546875;0.09375;0.017578125;0.125;0.1953125;0.033203125;0.1875;0.2578125;0.04296875;0.109375;0.265625;0.0595703125;0.041015625;0.14453125;0.35546875;0.0693359375;0.21875;0.375;0.07421875;0.328125;0.52734375;0.0908203125;0.34375;0.359375;0.0458984375;0.26953125;0.17578125;0.0146484375;0.12890625;0.06640625;0.005859375;0.0185546875;0.013671875;0.021484375;0.00244140625;0.013671875;0.015625;0.001953125;0.8;0.140625;0.15625;0.171875;0.01953125;0.0390625;0.078125;0.015625;0.16796875;0.0625;0.078125;0.015625;0.0546875;0.1171875;0.037109375;0.021484375;0.0546875;0.0859375;0.017578125;0.1171875;0.1875;0.03125;0.1796875;0.2578125;0.04296875;0.109375;0.25390625;0.05859375;0.0390625;0.14453125;0.34765625;0.0693359375;0.21484375;0.3671875;0.07421875;0.32421875;0.52734375;0.08984375;0.33984375;0.35546875;0.0458984375;0.265625;0.16796875;0.013671875;0.126953125;0.064453125;0.005859375;0.01806640625;0.01171875;0.01953125;0.001953125;0.013671875;0.015625;0.001953125;0.8
71;71;87.11;0.125;0.140625;0.171875;0.01953125;0.0390625;0.0625;0.015625;0.16015625;0.0625;0.09375;0.015625;0.0625;0.1328125;0.037109375;0.0234375;0.0625;0.09375;0.017578125;0.125;0.2109375;0.033203125;0.1875;0.2578125;0.044921875;0.109375;0.2578125;0.060546875;0.041015625;0.14453125;0.36328125;0.0712890625;0.21875;0.375;0.07421875;0.3359375;0.53515625;0.0947265625;0.3515625;0.36328125;0.0458984375;0.2734375;0.1640625;0.0146484375;0.1328125;0.06640625;0.005859375;0.017578125;0.013671875;0.021484375;0.00244140625;0.013671875;0.015625;0.001953125;0.8;0.125;0.140625;0.15625;0.01953125;0.0390625;0.078125;0.015625;0.16796875;0.046875;0.078125;0.01171875;0.0625;0.1171875;0.0390625;0.021484375;0.0546875;0.0859375;0.017578125;0.1171875;0.203125;0.029296875;0.1796875;0.2578125;0.044921875;0.10546875;0.25390625;0.0595703125;0.0390625;0.14453125;0.359375;0.0712890625;0.21484375;0.3671875;0.07421875;0.33203125;0.53515625;0.09375;0.3515625;0.3671875;0.046875;0.2734375;0.1640625;0.013671875;0.1328125;0.06640625;0.005859375;0.017578125;0.01171875;0.021484375;0.00244140625;0.013671875;0.015625;0.001953125;0.8
72;72;86.85;0.125;0.140625;0.1875;0.01953125;0.0390625;0.0625;0.015625;0.17578125;0.046875;0.09375;0.015625;0.0625;0.1328125;0.037109375;0.0234375;0.0703125;0.1015625;0.017578125;0.125;0.1953125;0.033203125;0.1875;0.2578125;0.044921875;0.11328125;0.26953125;0.0615234375;0.0419921875;0.1484375;0.36328125;0.0732421875;0.22265625;0.3828125;0.078125;0.33984375;0.54296875;0.0966796875;0.359375;0.3828125;0.046875;0.27734375;0.1796875;0.0146484375;0.13671875;0.068359375;0.005859375;0.01806640625;0.013671875;0.021484375;0.00244140625;0.013671875;0.015625;0.001953125;0.8;0.140625;0.15625;0.1875;0.0234375;0.0390625;0.0625;0.015625;0.17578125;0.046875;0.078125;0.015625;0.0625;0.125;0.0390625;0.021484375;0.0625;0.09375;0.017578125;0.1171875;0.1875;0.03125;0.1796875;0.25;0.044921875;0.109375;0.26171875;0.060546875;0.041015625;0.1484375;0.359375;0.0732421875;0.22265625;0.37890625;0.078125;0.33984375;0.5390625;0.0966796875;0.359375;0.37890625;0.046875;0.27734375;0.16796875;0.0146484375;0.134765625;0.06640625;0.005859375;0.01708984375;0.013671875;0.021484375;0.00244140625;0.013671875;0.015625;0.001953125;0.8
73;73;88.09;0.125;0.140625;0.1875;0.01953125;0.0390625;0.0625;0.015625;0.1640625;0.0625;0.09375;0.015625;0.0625;0.1328125;0.037109375;0.0234375;0.0703125;0.09375;0.017578125;0.125;0.1953125;0.03125;0.1875;0.2578125;0.046875;0.11328125;0.265625;0.060546875;0.0419921875;0.1484375;0.3671875;0.07421875;0.2265625;0.390625;0.0771484375;0.34375;0.546875;0.0966796875;0.36328125;0.37890625;0.0478515625;0.27734375;0.16796875;0.013671875;0.134765625;0.06640625;0.005859375;0.01806640625;0.013671875;0.021484375;0.00244140625;0.013671875;0.015625;0.001953125;0.8;0.140625;0.15625;0.1875;0.0234375;0.0390625;0.0625;0.015625;0.16015625;0.0625;0.078125;0.01171875;0.0625;0.125;0.0390625;0.021484375;0.0625;0.0859375;0.015625;0.1171875;0.1875;0.03125;0.1796875;0.265625;0.044921875;0.109375;0.25390625;0.0595703125;0.0400390625;0.1484375;0.359375;0.07421875;0.2265625;0.3828125;0.076171875;0.34375;0.54296875;0.0966796875;0.36328125;0.375;0.046875;0.28125;0.1640625;0.013671875;0.13671875;0.064453125;0.005859375;0.01708984375;0.01171875;0.021484375;0.00244140625;0.013671875;0.015625;0.001953125;0.8
74;74;88.15;0.125;0.140625;0.171875;0.01953125;0.0390625;0.078125;0.015625;0.16796875;0.046875;0.09375;0.015625;0.0625;0.125;0.037109375;0.0234375;0.0625;0.09375;0.017578125;0.125;0.203125;0.033203125;0.1953125;0.2578125;0.046875;0.11328125;0.26953125;0.0625;0.0419921875;0.15234375;0.37109375;0.076171875;0.23046875;0.3828125;0.0771484375;0.3515625;0.55078125;0.099609375;0.37109375;0.38671875;0.0478515625;0.28515625;0.17578125;0.0146484375;0.138671875;0.068359375;0.005859375;0.017578125;0.013671875;0.0234375;0.00244140625;0.013671875;0.015625;0.00244140625;0.8;0.140625;0.15625;0.15625;0.01953125;0.0390625;0.078125;0.015625;0.17578125;0.046875;0.078125;0.01171875;0.0546875;0.1171875;0.0390625;0.021484375;0.0625;0.0859375;0.017578125;0.125;0.1953125;0.033203125;0.1875;0.25;0.044921875;0.11328125;0.265625;0.0615234375;0.041015625;0.15234375;0.37109375;0.0771484375;0.23046875;0.37890625;0.078125;0.3515625;0.5546875;0.1005859375;0.37109375;0.390625;0.048828125;0.2890625;0.171875;0.0146484375;0.140625;0.064453125;0.005859375;0.017578125;0.01171875;0.0234375;0.00244140625;0.013671875;0.015625;0.00244140625;0.8
75;75;88.55;0.125;0.140625;0.171875;0.01953125;0.0390625;0.078125;0.015625;0.16796875;0.046875;0.09375;0.015625;0.0625;0.125;0.037109375;0.0234375;0.0703125;0.09375;0.017578125;0.125;0.203125;0.033203125;0.1953125;0.265625;0.048828125;0.11328125;0.2734375;0.0625;0.04296875;0.15625;0.3828125;0.076171875;0.23828125;0.39453125;0.080078125;0.35546875;0.55859375;0.1005859375;0.375;0.38671875;0.05078125;0.2890625;0.17578125;0.0146484375;0.140625;0.06640625;0.005859375;0.01806640625;0.013671875;0.0234375;0.00244140625;0.013671875;0.015625;0.001953125;0.8;0.140625;0.15625;0.15625;0.01953125;0.0390625;0.078125;0.015625;0.16796875;0.046875;0.078125;0.015625;0.0625;0.1171875;0.041015625;0.021484375;0.0625;0.0859375;0.017578125;0.125;0.203125;0.03125;0.1875;0.2578125;0.046875;0.11328125;0.265625;0.0615234375;0.041015625;0.15234375;0.37890625;0.0771484375;0.234375;0.390625;0.080078125;0.3515625;0.5625;0.1005859375;0.37109375;0.38671875;0.05078125;0.2890625;0.171875;0.0146484375;0.142578125;0.06640625;0.005859375;0.017578125;0.013671875;0.021484375;0.00244140625;0.013671875;0.015625;0.00244140625;0.8
76;76;89.4;0.125;0.140625;0.1875;0.01953125;0.0390625;0.0625;0.015625;0.1640625;0.0625;0.09375;0.015625;0.0546875;0.125;0.037109375;0.0234375;0.0703125;0.09375;0.017578125;0.125;0.203125;0.033203125;0.1953125;0.265625;0.048828125;0.11328125;0.265625;0.0634765625;0.04296875;0.15625;0.38671875;0.078125;0.23828125;0.3984375;0.0810546875;0.36328125;0.57421875;0.103515625;0.38671875;0.40234375;0.0537109375;0.30078125;0.1875;0.0146484375;0.1484375;0.072265625;0.005859375;0.01806640625;0.013671875;0.0234375;0.00244140625;0.013671875;0.015625;0.00244140625;0.8;0.140625;0.15625;0.171875;0.0234375;0.0390625;0.0625;0.015625;0.16796875;0.0625;0.078125;0.015625;0.0546875;0.125;0.0390625;0.021484375;0.0625;0.0859375;0.017578125;0.1171875;0.1953125;0.03125;0.1953125;0.265625;0.046875;0.11328125;0.26171875;0.0625;0.041015625;0.15625;0.37890625;0.078125;0.23828125;0.390625;0.0810546875;0.36328125;0.5703125;0.103515625;0.38671875;0.40234375;0.0546875;0.296875;0.1796875;0.0146484375;0.1484375;0.0703125;0.005859375;0.01708984375;0.013671875;0.0234375;0.00244140625;0.013671875;0.015625;0.00244140625;0.8
77;77;89.43;0.125;0.140625;0.1875;0.01953125;0.0390625;0.0625;0.015625;0.17578125;0.046875;0.09375;0.015625;0.0625;0.125;0.037109375;0.0234375;0.0703125;0.09375;0.017578125;0.125;0.2109375;0.033203125;0.1953125;0.265625;0.046875;0.1171875;0.2734375;0.064453125;0.04296875;0.16015625;0.38671875;0.0791015625;0.2421875;0.3984375;0.08203125;0.37109375;0.57421875;0.107421875;0.390625;0.3984375;0.0517578125;0.30078125;0.18359375;0.015625;0.146484375;0.0703125;0.005859375;0.01708984375;0.013671875;0.0234375;0.0029296875;0.013671875;0.015625;0.001953125;0.8;0.140625;0.15625;0.171875;0.01953125;0.0390625;0.078125;0.015625;0.16796875;0.046875;0.078125;0.015625;0.0546875;0.125;0.041015625;0.021484375;0.0625;0.09375;0.01953125;0.125;0.2109375;0.033203125;0.1875;0.265625;0.046875;0.11328125;0.265625;0.0634765625;0.0419921875;0.15625;0.3828125;0.0791015625;0.23828125;0.39453125;0.0830078125;0.3671875;0.57421875;0.107421875;0.390625;0.40234375;0.0537109375;0.296875;0.17578125;0.015625;0.146484375;0.068359375;0.005859375;0.0166015625;0.013671875;0.0234375;0.0029296875;0.013671875;0.015625;0.001953125;0.8
78;78;89.8;0.125;0.140625;0.171875;0.01953125;0.0390625;0.078125;0.015625;0.16015625;0.046875;0.09375;0.015625;0.0625;0.1328125;0.037109375;0.0234375;0.0703125;0.1015625;0.017578125;0.1328125;0.203125;0.033203125;0.203125;0.2734375;0.048828125;0.1171875;0.2734375;0.064453125;0.0439453125;0.16015625;0.390625;0.080078125;0.2421875;0.41015625;0.083984375;0.375;0.5859375;0.109375;0.40234375;0.41015625;0.0556640625;0.30859375;0.1875;0.015625;0.150390625;0.072265625;0.005859375;0.01708984375;0.013671875;0.0234375;0.0029296875;0.013671875;0.017578125;0.00244140625;0.8;0.140625;0.15625;0.171875;0.0234375;0.0390625;0.078125;0.015625;0.171875;0.046875;0.078125;0.015625;0.0625;0.125;0.041015625;0.021484375;0.0625;0.0859375;0.01953125;0.125;0.203125;0.033203125;0.1953125;0.2734375;0.048828125;0.1171875;0.265625;0.064453125;0.04296875;0.16015625;0.38671875;0.080078125;0.2421875;0.40234375;0.083984375;0.375;0.58203125;0.109375;0.3984375;0.41015625;0.0556640625;0.3046875;0.18359375;0.015625;0.150390625;0.0703125;0.005859375;0.0166015625;0.013671875;0.0234375;0.0029296875;0.013671875;0.017578125;0.00244140625;0.8
79;79;89.8;0.125;0.140625;0.1875;0.0234375;0.0390625;0.0625;0.015625;0.1640625;0.046875;0.09375;0.015625;0.0625;0.1328125;0.037109375;0.0234375;0.0625;0.1015625;0.017578125;0.125;0.203125;0.033203125;0.203125;0.265625;0.048828125;0.1171875;0.2734375;0.064453125;0.0439453125;0.16015625;0.390625;0.0810546875;0.2421875;0.41015625;0.0849609375;0.375;0.58203125;0.1103515625;0.40625;0.41796875;0.056640625;0.3125;0.1953125;0.0166015625;0.154296875;0.07421875;0.005859375;0.017578125;0.013671875;0.0234375;0.0029296875;0.015625;0.01953125;0.00244140625;0.8;0.140625;0.15625;0.171875;0.0234375;0.0390625;0.078125;0.015625;0.16796875;0.046875;0.078125;0.01171875;0.0625;0.125;0.041015625;0.021484375;0.0625;0.09375;0.01953125;0.125;0.1953125;0.033203125;0.1953125;0.2578125;0.048828125;0.1171875;0.265625;0.0634765625;0.04296875;0.15625;0.38671875;0.08203125;0.2421875;0.40625;0.0849609375;0.375;0.58203125;0.1103515625;0.40234375;0.41015625;0.0546875;0.30859375;0.1875;0.015625;0.15234375;0.072265625;0.005859375;0.0166015625;0.013671875;0.0234375;0.0029296875;0.013671875;0.017578125;0.001953125;0.8
80;80;89.1;0.125;0.140625;0.1875;0.01953125;0.0390625;0.0625;0.015625;0.15625;0.046875;0.09375;0.015625;0.0703125;0.1328125;0.037109375;0.0234375;0.0625;0.1015625;0.017578125;0.125;0.203125;0.03515625;0.203125;0.265625;0.048828125;0.1171875;0.2734375;0.064453125;0.0439453125;0.1640625;0.390625;0.0830078125;0.25;0.4140625;0.0859375;0.38671875;0.59375;0.1123046875;0.41015625;0.421875;0.0556640625;0.31640625;0.1953125;0.0166015625;0.15234375;0.072265625;0.00634765625;0.01708984375;0.013671875;0.025390625;0.0029296875;0.013671875;0.01953125;0.001953125;0.8;0.140625;0.15625;0.171875;0.0234375;0.0390625;0.0625;0.015625;0.16796875;0.046875;0.078125;0.015625;0.0625;0.125;0.041015625;0.021484375;0.0625;0.09375;0.01953125;0.1171875;0.1953125;0.033203125;0.1953125;0.265625;0.048828125;0.11328125;0.265625;0.064453125;0.04296875;0.16015625;0.38671875;0.08203125;0.24609375;0.41015625;0.0859375;0.3828125;0.58984375;0.1103515625;0.41015625;0.421875;0.0576171875;0.31640625;0.19140625;0.015625;0.154296875;0.072265625;0.005859375;0.01708984375;0.013671875;0.0234375;0.0029296875;0.013671875;0.017578125;0.001953125;0.8
81;81;91.0;0.125;0.140625;0.1875;0.0234375;0.0390625;0.078125;0.015625;0.1640625;0.046875;0.09375;0.015625;0.0625;0.1328125;0.0390625;0.0234375;0.0703125;0.1015625;0.017578125;0.125;0.2109375;0.03515625;0.203125;0.265625;0.048828125;0.12109375;0.28125;0.06640625;0.044921875;0.16796875;0.40234375;0.0849609375;0.25;0.421875;0.0869140625;0.390625;0.6015625;0.115234375;0.421875;0.4296875;0.0576171875;0.328125;0.19921875;0.0166015625;0.158203125;0.07421875;0.00634765625;0.017578125;0.013671875;0.025390625;0.00244140625;0.015625;0.01953125;0.001953125;0.8;0.140625;0.15625;0.171875;0.0234375;0.0390625;0.078125;0.015625;0.16796875;0.046875;0.078125;0.01171875;0.0625;0.125;0.041015625;0.021484375;0.0625;0.09375;0.01953125;0.1171875;0.1953125;0.033203125;0.1953125;0.265625;0.046875;0.1171875;0.26953125;0.0654296875;0.04296875;0.1640625;0.390625;0.0849609375;0.25;0.41796875;0.0869140625;0.390625;0.59765625;0.11328125;0.421875;0.42578125;0.0576171875;0.32421875;0.1953125;0.015625;0.15625;0.072265625;0.005859375;0.01708984375;0.013671875;0.0234375;0.00244140625;0.015625;0.017578125;0.001953125;0.8
82;82;90.84;0.125;0.140625;0.1875;0.01953125;0.0390625;0.078125;0.015625;0.1640625;0.046875;0.078125;0.015625;0.0625;0.1328125;0.0390625;0.0234375;0.0625;0.1015625;0.017578125;0.1328125;0.2109375;0.03515625;0.2109375;0.2734375;0.05078125;0.12109375;0.28125;0.06640625;0.044921875;0.1640625;0.40234375;0.0869140625;0.25390625;0.42578125;0.087890625;0.3984375;0.60546875;0.1162109375;0.421875;0.42578125;0.0615234375;0.328125;0.19921875;0.0166015625;0.158203125;0.0703125;0.005859375;0.0166015625;0.013671875;0.0234375;0.00244140625;0.013671875;0.01953125;0.001953125;0.8;0.140625;0.15625;0.171875;0.01953125;0.0390625;0.078125;0.015625;0.17578125;0.046875;0.0625;0.01171875;0.0625;0.125;0.04296875;0.021484375;0.0625;0.09375;0.01953125;0.125;0.203125;0.033203125;0.203125;0.2734375;0.05078125;0.1171875;0.2734375;0.064453125;0.04296875;0.1640625;0.3984375;0.0869140625;0.25;0.421875;0.0888671875;0.39453125;0.60546875;0.1162109375;0.421875;0.42578125;0.0615234375;0.328125;0.203125;0.0166015625;0.16015625;0.0703125;0.005859375;0.0166015625;0.01171875;0.0234375;0.00244140625;0.013671875;0.017578125;0.001953125;0.8
83;83;92.02;0.140625;0.140625;0.1875;0.0234375;0.0390625;0.078125;0.015625;0.1640625;0.0625;0.09375;0.015625;0.0625;0.140625;0.0390625;0.0234375;0.0625;0.1015625;0.017578125;0.1328125;0.21875;0.03515625;0.2109375;0.2734375;0.05078125;0.12109375;0.27734375;0.06640625;0.044921875;0.16796875;0.41015625;0.0888671875;0.26171875;0.4296875;0.087890625;0.3984375;0.60546875;0.119140625;0.4296875;0.43359375;0.060546875;0.328125;0.19921875;0.0166015625;0.16015625;0.07421875;0.005859375;0.0166015625;0.013671875;0.025390625;0.0029296875;0.015625;0.01953125;0.001953125;0.8;0.140625;0.15625;0.171875;0.0234375;0.0390625;0.078125;0.015625;0.1796875;0.0625;0.078125;0.01171875;0.0625;0.1328125;0.04296875;0.021484375;0.0625;0.09375;0.017578125;0.125;0.2109375;0.033203125;0.203125;0.2734375;0.05078125;0.1171875;0.26953125;0.0654296875;0.04296875;0.16796875;0.40625;0.0888671875;0.2578125;0.42578125;0.0888671875;0.3984375;0.60546875;0.1181640625;0.4296875;0.43359375;0.0615234375;0.33203125;0.19921875;0.0166015625;0.162109375;0.07421875;0.005859375;0.0166015625;0.013671875;0.025390625;0.0029296875;0.015625;0.01953125;0.001953125;0.8
84;84;91.72;0.125;0.140625;0.1875;0.0234375;0.0390625;0.0625;0.015625;0.16796875;0.046875;0.09375;0.015625;0.0625;0.140625;0.0390625;0.0234375;0.0625;0.109375;0.017578125;0.1328125;0.2109375;0.03515625;0.2109375;0.2734375;0.05078125;0.12109375;0.27734375;0.06640625;0.044921875;0.16796875;0.40234375;0.087890625;0.26171875;0.42578125;0.08984375;0.40234375;0.60546875;0.119140625;0.4375;0.4375;0.0625;0.3359375;0.203125;0.017578125;0.158203125;0.07421875;0.005859375;0.0166015625;0.013671875;0.025390625;0.0029296875;0.015625;0.01953125;0.001953125;0.8;0.140625;0.15625;0.171875;0.0234375;0.0390625;0.0625;0.015625;0.1640625;0.046875;0.078125;0.01171875;0.0625;0.1328125;0.041015625;0.021484375;0.0625;0.1015625;0.01953125;0.125;0.203125;0.033203125;0.203125;0.2734375;0.05078125;0.12109375;0.2734375;0.0654296875;0.0439453125;0.16796875;0.40234375;0.0888671875;0.2578125;0.421875;0.08984375;0.40234375;0.609375;0.1201171875;0.4375;0.44140625;0.0625;0.33984375;0.19921875;0.017578125;0.162109375;0.072265625;0.005859375;0.0166015625;0.013671875;0.025390625;0.00244140625;0.015625;0.01953125;0.001953125;0.8
85;85;92.21;0.125;0.140625;0.171875;0.0234375;0.0390625;0.078125;0.015625;0.16015625;0.046875;0.09375;0.015625;0.0625;0.140625;0.0390625;0.0234375;0.0625;0.109375;0.01953125;0.1328125;0.2109375;0.03515625;0.2109375;0.28125;0.05078125;0.125;0.28515625;0.068359375;0.044921875;0.171875;0.41796875;0.0908203125;0.265625;0.4296875;0.08984375;0.41015625;0.6171875;0.1201171875;0.4453125;0.4453125;0.064453125;0.3359375;0.203125;0.017578125;0.16015625;0.072265625;0.005859375;0.01611328125;0.013671875;0.025390625;0.00244140625;0.015625;0.017578125;0.001953125;0.8;0.140625;0.15625;0.171875;0.0234375;0.0390625;0.078125;0.015625;0.1640625;0.046875;0.078125;0.01171875;0.0625;0.125;0.04296875;0.021484375;0.0625;0.1015625;0.01953125;0.125;0.203125;0.033203125;0.203125;0.2734375;0.05078125;0.12109375;0.27734375;0.06640625;0.0439453125;0.171875;0.41015625;0.0908203125;0.265625;0.42578125;0.0908203125;0.41015625;0.6171875;0.119140625;0.4453125;0.4453125;0.0634765625;0.33984375;0.203125;0.017578125;0.162109375;0.072265625;0.005859375;0.01611328125;0.013671875;0.025390625;0.00244140625;0.015625;0.017578125;0.001953125;0.8
86;86;92.91;0.125;0.140625;0.1875;0.0234375;0.0390625;0.0625;0.015625;0.16015625;0.046875;0.09375;0.015625;0.0703125;0.140625;0.0390625;0.0234375;0.0625;0.109375;0.01953125;0.1328125;0.21875;0.03515625;0.2109375;0.28125;0.05078125;0.125;0.28125;0.0673828125;0.044921875;0.171875;0.4140625;0.0908203125;0.26953125;0.44140625;0.0927734375;0.4140625;0.6171875;0.1220703125;0.44921875;0.4453125;0.064453125;0.34375;0.20703125;0.017578125;0.1640625;0.07421875;0.005859375;0.01611328125;0.013671875;0.025390625;0.00244140625;0.015625;0.01953125;0.001953125;0.8;0.140625;0.15625;0.171875;0.0234375;0.0390625;0.078125;0.015625;0.171875;0.046875;0.078125;0.01171875;0.0625;0.125;0.04296875;0.021484375;0.0625;0.1015625;0.01953125;0.125;0.2109375;0.033203125;0.203125;0.2734375;0.05078125;0.12109375;0.2734375;0.06640625;0.0439453125;0.16796875;0.41015625;0.0908203125;0.26953125;0.4375;0.0927734375;0.41015625;0.62109375;0.1220703125;0.4453125;0.4453125;0.064453125;0.34375;0.203125;0.017578125;0.1640625;0.07421875;0.005859375;0.01611328125;0.013671875;0.025390625;0.00244140625;0.015625;0.01953125;0.001953125;0.8
87;87;92.78;0.125;0.140625;0.1875;0.0234375;0.0390625;0.0625;0.015625;0.16015625;0.046875;0.078125;0.015625;0.0703125;0.140625;0.0390625;0.0234375;0.0625;0.1015625;0.01953125;0.125;0.2109375;0.03515625;0.2109375;0.28125;0.052734375;0.12109375;0.27734375;0.06640625;0.044921875;0.171875;0.4140625;0.0908203125;0.2734375;0.4375;0.091796875;0.4140625;0.62109375;0.123046875;0.453125;0.453125;0.06640625;0.34375;0.20703125;0.017578125;0.162109375;0.07421875;0.005859375;0.01611328125;0.013671875;0.025390625;0.00244140625;0.015625;0.01953125;0.001953125;0.8;0.140625;0.15625;0.171875;0.0234375;0.0390625;0.0625;0.015625;0.17578125;0.046875;0.078125;0.01171875;0.0625;0.1328125;0.04296875;0.021484375;0.0625;0.09375;0.01953125;0.125;0.2109375;0.033203125;0.203125;0.28125;0.05078125;0.12109375;0.2734375;0.0654296875;0.0439453125;0.171875;0.4140625;0.091796875;0.26953125;0.43359375;0.091796875;0.41796875;0.625;0.123046875;0.453125;0.453125;0.06640625;0.34765625;0.20703125;0.017578125;0.1640625;0.072265625;0.005859375;0.015625;0.013671875;0.025390625;0.00244140625;0.015625;0.01953125;0.001953125;0.8
88;88;92.7;0.125;0.140625;0.1875;0.0234375;0.0390625;0.0625;0.015625;0.16015625;0.0625;0.09375;0.015625;0.0625;0.140625;0.041015625;0.0234375;0.0703125;0.109375;0.01953125;0.1328125;0.21875;0.03515625;0.2109375;0.28125;0.052734375;0.125;0.27734375;0.06640625;0.0458984375;0.17578125;0.421875;0.0927734375;0.2734375;0.44140625;0.09375;0.421875;0.625;0.125;0.45703125;0.453125;0.06640625;0.34765625;0.20703125;0.017578125;0.162109375;0.072265625;0.005859375;0.015625;0.013671875;0.025390625;0.00244140625;0.015625;0.01953125;0.001953125;0.8;0.140625;0.15625;0.171875;0.0234375;0.0390625;0.0625;0.015625;0.16796875;0.046875;0.078125;0.01171875;0.0625;0.1328125;0.04296875;0.021484375;0.0625;0.1015625;0.01953125;0.125;0.2109375;0.033203125;0.203125;0.28125;0.052734375;0.12109375;0.26953125;0.0654296875;0.0439453125;0.171875;0.4140625;0.09375;0.26953125;0.4375;0.09375;0.41796875;0.62109375;0.125;0.453125;0.453125;0.06640625;0.34765625;0.203125;0.017578125;0.162109375;0.072265625;0.005859375;0.01513671875;0.013671875;0.025390625;0.00244140625;0.015625;0.01953125;0.001953125;0.8
89;89;93.25;0.125;0.140625;0.1875;0.0234375;0.0390625;0.0625;0.015625;0.15625;0.0625;0.09375;0.015625;0.0625;0.140625;0.0390625;0.0234375;0.0625;0.109375;0.01953125;0.1328125;0.21875;0.03515625;0.2109375;0.2890625;0.052734375;0.125;0.28125;0.0673828125;0.0458984375;0.17578125;0.421875;0.0927734375;0.2734375;0.4375;0.0927734375;0.421875;0.62109375;0.1259765625;0.45703125;0.453125;0.06640625;0.34765625;0.19921875;0.017578125;0.16015625;0.072265625;0.005859375;0.015625;0.013671875;0.025390625;0.00244140625;0.015625;0.01953125;0.001953125;0.8;0.140625;0.15625;0.171875;0.0234375;0.0390625;0.0625;0.015625;0.17578125;0.046875;0.078125;0.01171875;0.0625;0.1328125;0.04296875;0.021484375;0.0625;0.1015625;0.01953125;0.125;0.2109375;0.033203125;0.203125;0.28125;0.052734375;0.12109375;0.2734375;0.06640625;0.0439453125;0.171875;0.41796875;0.09375;0.26953125;0.43359375;0.0927734375;0.421875;0.625;0.1259765625;0.4609375;0.45703125;0.0673828125;0.3515625;0.20703125;0.0185546875;0.1640625;0.072265625;0.005859375;0.01513671875;0.013671875;0.025390625;0.00244140625;0.015625;0.01953125;0.001953125;0.8
90;90;93.2;0.125;0.15625;0.1875;0.0234375;0.0390625;0.0625;0.015625;0.16015625;0.0625;0.09375;0.015625;0.0703125;0.140625;0.0390625;0.0234375;0.0703125;0.109375;0.01953125;0.1328125;0.2109375;0.03515625;0.2109375;0.28125;0.052734375;0.125;0.28125;0.0673828125;0.0458984375;0.17578125;0.421875;0.09375;0.27734375;0.44140625;0.09375;0.4296875;0.62890625;0.126953125;0.4609375;0.453125;0.06640625;0.3515625;0.2109375;0.0185546875;0.16015625;0.07421875;0.005859375;0.01513671875;0.015625;0.02734375;0.00244140625;0.015625;0.01953125;0.001953125;0.8;0.140625;0.15625;0.171875;0.0234375;0.0390625;0.078125;0.015625;0.16015625;0.0625;0.078125;0.01171875;0.0625;0.1328125;0.04296875;0.021484375;0.0625;0.1015625;0.01953125;0.125;0.203125;0.033203125;0.203125;0.28125;0.052734375;0.12109375;0.2734375;0.06640625;0.0439453125;0.171875;0.41796875;0.09375;0.2734375;0.4375;0.0947265625;0.42578125;0.62890625;0.1259765625;0.4609375;0.45703125;0.0673828125;0.3515625;0.2109375;0.0185546875;0.162109375;0.072265625;0.005859375;0.01513671875;0.013671875;0.025390625;0.00244140625;0.015625;0.01953125;0.001953125;0.8
91;91;93.49;0.125;0.15625;0.1875;0.0234375;0.0390625;0.0625;0.015625;0.1640625;0.046875;0.09375;0.015625;0.0703125;0.140625;0.0390625;0.0234375;0.0703125;0.109375;0.01953125;0.1328125;0.21875;0.03515625;0.2109375;0.2890625;0.052734375;0.125;0.28125;0.0673828125;0.0458984375;0.17578125;0.42578125;0.09375;0.27734375;0.4453125;0.0947265625;0.4296875;0.62890625;0.126953125;0.46484375;0.45703125;0.068359375;0.3515625;0.20703125;0.0185546875;0.16015625;0.072265625;0.005859375;0.01513671875;0.013671875;0.025390625;0.00244140625;0.015625;0.01953125;0.001953125;0.8;0.140625;0.15625;0.171875;0.0234375;0.0390625;0.078125;0.015625;0.16796875;0.046875;0.078125;0.01171875;0.0625;0.1328125;0.04296875;0.021484375;0.0625;0.1015625;0.01953125;0.125;0.2109375;0.03515625;0.2109375;0.28125;0.052734375;0.12109375;0.2734375;0.06640625;0.0439453125;0.171875;0.41796875;0.09375;0.2734375;0.44140625;0.0947265625;0.4296875;0.6328125;0.126953125;0.46484375;0.45703125;0.068359375;0.35546875;0.20703125;0.0185546875;0.162109375;0.0703125;0.005859375;0.0146484375;0.013671875;0.025390625;0.00244140625;0.015625;0.01953125;0.001953125;0.8
92;92;93.66;0.125;0.140625;0.1875;0.0234375;0.0390625;0.0625;0.015625;0.16015625;0.046875;0.09375;0.015625;0.0703125;0.140625;0.0390625;0.0234375;0.0625;0.109375;0.01953125;0.1328125;0.21875;0.03515625;0.2109375;0.2890625;0.052734375;0.125;0.28125;0.0673828125;0.0458984375;0.17578125;0.421875;0.09375;0.27734375;0.4453125;0.09375;0.4296875;0.62890625;0.126953125;0.46484375;0.45703125;0.068359375;0.3515625;0.2109375;0.0185546875;0.16015625;0.07421875;0.005859375;0.01513671875;0.013671875;0.02734375;0.00244140625;0.015625;0.01953125;0.001953125;0.8;0.140625;0.15625;0.171875;0.0234375;0.0390625;0.0625;0.015625;0.16796875;0.046875;0.078125;0.01171875;0.0625;0.1328125;0.04296875;0.021484375;0.0625;0.1015625;0.01953125;0.125;0.2109375;0.03515625;0.2109375;0.28125;0.052734375;0.12109375;0.2734375;0.06640625;0.0439453125;0.171875;0.41796875;0.09375;0.2734375;0.44140625;0.0947265625;0.4296875;0.6328125;0.126953125;0.46484375;0.45703125;0.068359375;0.35546875;0.2109375;0.0185546875;0.162109375;0.072265625;0.005859375;0.0146484375;0.013671875;0.025390625;0.00244140625;0.015625;0.01953125;0.001953125;0.8
93;93;93.93;0.125;0.140625;0.1875;0.0234375;0.0390625;0.0625;0.015625;0.15625;0.046875;0.09375;0.015625;0.0703125;0.140625;0.0390625;0.0234375;0.0625;0.109375;0.01953125;0.1328125;0.21875;0.03515625;0.2109375;0.2890625;0.052734375;0.125;0.28125;0.0673828125;0.044921875;0.17578125;0.41796875;0.0927734375;0.27734375;0.4453125;0.0947265625;0.4296875;0.62890625;0.126953125;0.46875;0.453125;0.0673828125;0.3515625;0.20703125;0.0185546875;0.162109375;0.07421875;0.005859375;0.0146484375;0.015625;0.02734375;0.00244140625;0.015625;0.021484375;0.001953125;0.8;0.140625;0.15625;0.171875;0.0234375;0.0390625;0.0625;0.015625;0.1640625;0.046875;0.078125;0.01171875;0.0625;0.1328125;0.04296875;0.021484375;0.0625;0.1015625;0.01953125;0.125;0.2109375;0.033203125;0.2109375;0.2890625;0.052734375;0.12109375;0.2734375;0.06640625;0.0439453125;0.171875;0.41796875;0.09375;0.2734375;0.44140625;0.0947265625;0.4296875;0.6328125;0.126953125;0.46875;0.45703125;0.068359375;0.35546875;0.2109375;0.0185546875;0.162109375;0.072265625;0.005859375;0.0146484375;0.013671875;0.025390625;0.00244140625;0.015625;0.01953125;0.001953125;0.8
94;94;93.77;0.125;0.140625;0.1875;0.0234375;0.0390625;0.078125;0.015625;0.1640625;0.046875;0.09375;0.015625;0.0703125;0.140625;0.0390625;0.0234375;0.0703125;0.109375;0.01953125;0.1328125;0.21875;0.03515625;0.2109375;0.2890625;0.052734375;0.125;0.28515625;0.0673828125;0.0458984375;0.17578125;0.421875;0.09375;0.27734375;0.4453125;0.0947265625;0.43359375;0.6328125;0.1279296875;0.46875;0.45703125;0.0673828125;0.35546875;0.2109375;0.01953125;0.16015625;0.07421875;0.005859375;0.0146484375;0.015625;0.02734375;0.00244140625;0.015625;0.021484375;0.001953125;0.8;0.140625;0.15625;0.171875;0.0234375;0.0390625;0.078125;0.015625;0.171875;0.046875;0.078125;0.01171875;0.0625;0.1328125;0.04296875;0.021484375;0.0625;0.1015625;0.01953125;0.125;0.2109375;0.03515625;0.2109375;0.2890625;0.052734375;0.125;0.2734375;0.06640625;0.0439453125;0.171875;0.41796875;0.09375;0.2734375;0.44140625;0.0947265625;0.43359375;0.6328125;0.126953125;0.46875;0.45703125;0.068359375;0.35546875;0.2109375;0.0185546875;0.162109375;0.0703125;0.005859375;0.0146484375;0.013671875;0.025390625;0.00244140625;0.015625;0.01953125;0.001953125;0.8
95;95;93.81;0.125;0.140625;0.1875;0.0234375;0.0390625;0.0625;0.015625;0.1640625;0.046875;0.078125;0.015625;0.0703125;0.140625;0.0390625;0.0234375;0.0625;0.109375;0.01953125;0.1328125;0.21875;0.03515625;0.2109375;0.2890625;0.052734375;0.125;0.27734375;0.0673828125;0.0458984375;0.17578125;0.41796875;0.09375;0.27734375;0.4453125;0.0947265625;0.4296875;0.625;0.126953125;0.46875;0.453125;0.068359375;0.3515625;0.203125;0.0185546875;0.16015625;0.072265625;0.005859375;0.01513671875;0.015625;0.025390625;0.00244140625;0.015625;0.021484375;0.001953125;0.8;0.140625;0.15625;0.171875;0.0234375;0.0390625;0.078125;0.015625;0.171875;0.046875;0.078125;0.01171875;0.0625;0.1328125;0.04296875;0.021484375;0.0625;0.1015625;0.01953125;0.125;0.2109375;0.03515625;0.2109375;0.2890625;0.052734375;0.125;0.2734375;0.06640625;0.0439453125;0.171875;0.41796875;0.0947265625;0.2734375;0.44140625;0.095703125;0.43359375;0.6328125;0.126953125;0.46875;0.45703125;0.068359375;0.35546875;0.2109375;0.0185546875;0.162109375;0.0703125;0.005859375;0.0146484375;0.013671875;0.025390625;0.00244140625;0.015625;0.01953125;0.001953125;0.8
96;96;94.05;0.125;0.140625;0.1875;0.0234375;0.0390625;0.0625;0.015625;0.15625;0.046875;0.09375;0.015625;0.0703125;0.140625;0.0390625;0.0234375;0.0625;0.109375;0.01953125;0.1328125;0.21875;0.03515625;0.2109375;0.2890625;0.052734375;0.125;0.28515625;0.0673828125;0.0458984375;0.17578125;0.421875;0.09375;0.27734375;0.44921875;0.0947265625;0.43359375;0.6328125;0.1279296875;0.46875;0.45703125;0.0673828125;0.3515625;0.2109375;0.0185546875;0.158203125;0.07421875;0.005859375;0.0146484375;0.015625;0.02734375;0.00244140625;0.015625;0.01953125;0.00244140625;0.8;0.140625;0.15625;0.171875;0.0234375;0.0390625;0.078125;0.015625;0.16796875;0.046875;0.078125;0.01171875;0.0625;0.1328125;0.04296875;0.021484375;0.0625;0.1015625;0.01953125;0.125;0.2109375;0.033203125;0.2109375;0.2890625;0.052734375;0.125;0.2734375;0.06640625;0.0439453125;0.171875;0.41796875;0.09375;0.27734375;0.44140625;0.095703125;0.43359375;0.6328125;0.126953125;0.46875;0.45703125;0.068359375;0.35546875;0.2109375;0.0185546875;0.162109375;0.0703125;0.005859375;0.0146484375;0.013671875;0.025390625;0.00244140625;0.015625;0.01953125;0.001953125;0.8
97;97;94.07;0.125;0.140625;0.1875;0.0234375;0.0390625;0.0625;0.015625;0.16015625;0.046875;0.09375;0.015625;0.0703125;0.140625;0.0390625;0.0234375;0.0625;0.109375;0.01953125;0.1328125;0.21875;0.03515625;0.2109375;0.2890625;0.052734375;0.125;0.28125;0.0673828125;0.044921875;0.17578125;0.421875;0.09375;0.27734375;0.4453125;0.0947265625;0.43359375;0.62890625;0.1279296875;0.46875;0.45703125;0.0673828125;0.3515625;0.20703125;0.0185546875;0.16015625;0.0703125;0.005859375;0.0146484375;0.015625;0.025390625;0.00244140625;0.015625;0.021484375;0.001953125;0.8;0.140625;0.15625;0.171875;0.0234375;0.0390625;0.078125;0.015625;0.17578125;0.046875;0.078125;0.01171875;0.0625;0.1328125;0.04296875;0.021484375;0.0625;0.1015625;0.01953125;0.125;0.2109375;0.03515625;0.2109375;0.2890625;0.052734375;0.125;0.2734375;0.06640625;0.0439453125;0.171875;0.41796875;0.0947265625;0.27734375;0.44140625;0.095703125;0.43359375;0.6328125;0.126953125;0.46875;0.45703125;0.068359375;0.35546875;0.2109375;0.0185546875;0.162109375;0.0703125;0.005859375;0.0146484375;0.013671875;0.025390625;0.00244140625;0.015625;0.01953125;0.001953125;0.8
98;98;93.98;0.125;0.140625;0.1875;0.0234375;0.0390625;0.0625;0.015625;0.16015625;0.046875;0.09375;0.015625;0.0703125;0.140625;0.0390625;0.0234375;0.0625;0.109375;0.01953125;0.1328125;0.2109375;0.03515625;0.21875;0.2890625;0.052734375;0.125;0.28125;0.0673828125;0.0458984375;0.17578125;0.421875;0.09375;0.27734375;0.4453125;0.0947265625;0.43359375;0.6328125;0.1279296875;0.46875;0.4609375;0.068359375;0.35546875;0.2109375;0.0185546875;0.16015625;0.072265625;0.005859375;0.0146484375;0.015625;0.025390625;0.00244140625;0.015625;0.01953125;0.001953125;0.8;0.140625;0.15625;0.171875;0.0234375;0.0390625;0.078125;0.015625;0.171875;0.046875;0.078125;0.01171875;0.0625;0.1328125;0.04296875;0.021484375;0.0625;0.1015625;0.01953125;0.125;0.2109375;0.03515625;0.2109375;0.2890625;0.052734375;0.125;0.2734375;0.06640625;0.0439453125;0.171875;0.41796875;0.0947265625;0.2734375;0.44140625;0.0947265625;0.43359375;0.6328125;0.126953125;0.46875;0.45703125;0.068359375;0.35546875;0.2109375;0.0185546875;0.162109375;0.0703125;0.005859375;0.0146484375;0.013671875;0.025390625;0.00244140625;0.015625;0.01953125;0.001953125;0.8
99;99;94.03;0.125;0.140625;0.1875;0.0234375;0.0390625;0.078125;0.015625;0.16015625;0.046875;0.09375;0.015625;0.0703125;0.140625;0.0390625;0.0234375;0.0703125;0.109375;0.01953125;0.1328125;0.21875;0.03515625;0.2109375;0.2890625;0.052734375;0.125;0.28125;0.0673828125;0.0458984375;0.17578125;0.421875;0.09375;0.27734375;0.4453125;0.0947265625;0.43359375;0.6328125;0.1279296875;0.46875;0.45703125;0.068359375;0.35546875;0.20703125;0.0185546875;0.158203125;0.07421875;0.005859375;0.0146484375;0.015625;0.025390625;0.00244140625;0.015625;0.021484375;0.001953125;0.8;0.140625;0.15625;0.171875;0.0234375;0.0390625;0.078125;0.015625;0.16796875;0.046875;0.078125;0.01171875;0.0625;0.1328125;0.04296875;0.021484375;0.0625;0.1015625;0.01953125;0.125;0.2109375;0.03515625;0.2109375;0.2890625;0.052734375;0.125;0.2734375;0.06640625;0.0439453125;0.171875;0.41796875;0.0947265625;0.27734375;0.44140625;0.095703125;0.43359375;0.6328125;0.126953125;0.46875;0.45703125;0.068359375;0.35546875;0.2109375;0.0185546875;0.162109375;0.0703125;0.005859375;0.0146484375;0.013671875;0.025390625;0.00244140625;0.015625;0.01953125;0.001953125;0.8
