;Epoch;test_accuracy;train-saturation_conv1;train-saturation_layer1-0-conv1;train-saturation_layer1-0-conv2;train-saturation_layer1-0-conv3;train-saturation_layer1-0-shortcut-0;train-saturation_layer1-1-conv1;train-saturation_layer1-1-conv2;train-saturation_layer1-1-conv3;train-saturation_layer1-2-conv1;train-saturation_layer1-2-conv2;train-saturation_layer1-2-conv3;train-saturation_layer2-0-conv1;train-saturation_layer2-0-conv2;train-saturation_layer2-0-conv3;train-saturation_layer2-0-shortcut-0;train-saturation_layer2-1-conv1;train-saturation_layer2-1-conv2;train-saturation_layer2-1-conv3;train-saturation_layer2-2-conv1;train-saturation_layer2-2-conv2;train-saturation_layer2-2-conv3;train-saturation_layer2-3-conv1;train-saturation_layer2-3-conv2;train-saturation_layer2-3-conv3;train-saturation_layer3-0-conv1;train-saturation_layer3-0-conv2;train-saturation_layer3-0-conv3;train-saturation_layer3-0-shortcut-0;train-saturation_layer3-1-conv1;train-saturation_layer3-1-conv2;train-saturation_layer3-1-conv3;train-saturation_layer3-2-conv1;train-saturation_layer3-2-conv2;train-saturation_layer3-2-conv3;train-saturation_layer3-3-conv1;train-saturation_layer3-3-conv2;train-saturation_layer3-3-conv3;train-saturation_layer3-4-conv1;train-saturation_layer3-4-conv2;train-saturation_layer3-4-conv3;train-saturation_layer3-5-conv1;train-saturation_layer3-5-conv2;train-saturation_layer3-5-conv3;train-saturation_layer4-0-conv1;train-saturation_layer4-0-conv2;train-saturation_layer4-0-conv3;train-saturation_layer4-0-shortcut-0;train-saturation_layer4-1-conv1;train-saturation_layer4-1-conv2;train-saturation_layer4-1-conv3;train-saturation_layer4-2-conv1;train-saturation_layer4-2-conv2;train-saturation_layer4-2-conv3;train-saturation_linear;eval-saturation_conv1;eval-saturation_layer1-0-conv1;eval-saturation_layer1-0-conv2;eval-saturation_layer1-0-conv3;eval-saturation_layer1-0-shortcut-0;eval-saturation_layer1-1-conv1;eval-saturation_layer1-1-conv2;eval-saturation_layer1-1-conv3;eval-saturation_layer1-2-conv1;eval-saturation_layer1-2-conv2;eval-saturation_layer1-2-conv3;eval-saturation_layer2-0-conv1;eval-saturation_layer2-0-conv2;eval-saturation_layer2-0-conv3;eval-saturation_layer2-0-shortcut-0;eval-saturation_layer2-1-conv1;eval-saturation_layer2-1-conv2;eval-saturation_layer2-1-conv3;eval-saturation_layer2-2-conv1;eval-saturation_layer2-2-conv2;eval-saturation_layer2-2-conv3;eval-saturation_layer2-3-conv1;eval-saturation_layer2-3-conv2;eval-saturation_layer2-3-conv3;eval-saturation_layer3-0-conv1;eval-saturation_layer3-0-conv2;eval-saturation_layer3-0-conv3;eval-saturation_layer3-0-shortcut-0;eval-saturation_layer3-1-conv1;eval-saturation_layer3-1-conv2;eval-saturation_layer3-1-conv3;eval-saturation_layer3-2-conv1;eval-saturation_layer3-2-conv2;eval-saturation_layer3-2-conv3;eval-saturation_layer3-3-conv1;eval-saturation_layer3-3-conv2;eval-saturation_layer3-3-conv3;eval-saturation_layer3-4-conv1;eval-saturation_layer3-4-conv2;eval-saturation_layer3-4-conv3;eval-saturation_layer3-5-conv1;eval-saturation_layer3-5-conv2;eval-saturation_layer3-5-conv3;eval-saturation_layer4-0-conv1;eval-saturation_layer4-0-conv2;eval-saturation_layer4-0-conv3;eval-saturation_layer4-0-shortcut-0;eval-saturation_layer4-1-conv1;eval-saturation_layer4-1-conv2;eval-saturation_layer4-1-conv3;eval-saturation_layer4-2-conv1;eval-saturation_layer4-2-conv2;eval-saturation_layer4-2-conv3;eval-saturation_linear
0;0;45.63;0.09375;0.265625;0.53125;0.1796875;0.0859375;0.6875;0.671875;0.1875;0.734375;0.6875;0.1796875;0.6328125;0.609375;0.162109375;0.302734375;0.71875;0.75;0.1875;0.765625;0.8359375;0.208984375;0.8046875;0.8359375;0.201171875;0.69921875;0.734375;0.17578125;0.3173828125;0.7265625;0.7734375;0.185546875;0.7421875;0.7421875;0.17578125;0.7421875;0.7578125;0.173828125;0.73828125;0.75390625;0.1748046875;0.734375;0.7421875;0.1689453125;0.62109375;0.44921875;0.1044921875;0.205078125;0.5859375;0.541015625;0.12255859375;0.626953125;0.58203125;0.1328125;0.5;0.09375;0.265625;0.5;0.17578125;0.08984375;0.6875;0.65625;0.1796875;0.703125;0.609375;0.1640625;0.59375;0.515625;0.142578125;0.29296875;0.671875;0.6796875;0.17578125;0.7265625;0.8125;0.205078125;0.7890625;0.8359375;0.201171875;0.69140625;0.75;0.1806640625;0.3154296875;0.7421875;0.8203125;0.1982421875;0.78125;0.8203125;0.1953125;0.79296875;0.84765625;0.1982421875;0.79296875;0.84765625;0.1982421875;0.8046875;0.8515625;0.197265625;0.703125;0.6484375;0.14794921875;0.25537109375;0.6953125;0.72265625;0.16943359375;0.73046875;0.748046875;0.17529296875;0.5
1;1;61.31;0.09375;0.296875;0.53125;0.1796875;0.09375;0.703125;0.703125;0.19140625;0.75;0.703125;0.18359375;0.65625;0.6484375;0.16796875;0.314453125;0.7265625;0.765625;0.193359375;0.78125;0.84375;0.2109375;0.8125;0.84375;0.201171875;0.7109375;0.75390625;0.1826171875;0.3251953125;0.7421875;0.796875;0.1943359375;0.765625;0.765625;0.1796875;0.76171875;0.76953125;0.1748046875;0.7578125;0.77734375;0.1767578125;0.7421875;0.7421875;0.1669921875;0.625;0.41796875;0.09326171875;0.20654296875;0.583984375;0.5546875;0.123046875;0.642578125;0.615234375;0.1376953125;0.6;0.09375;0.296875;0.53125;0.17578125;0.09765625;0.703125;0.65625;0.18359375;0.71875;0.609375;0.16015625;0.609375;0.5234375;0.142578125;0.296875;0.65625;0.6484375;0.171875;0.71875;0.8125;0.20703125;0.7734375;0.8125;0.197265625;0.6796875;0.7265625;0.1787109375;0.3134765625;0.7265625;0.80859375;0.19921875;0.76953125;0.80078125;0.1904296875;0.78125;0.8125;0.189453125;0.78125;0.8203125;0.189453125;0.7734375;0.8046875;0.1845703125;0.666015625;0.54296875;0.1220703125;0.236328125;0.64453125;0.66015625;0.1513671875;0.705078125;0.712890625;0.1640625;0.6
2;2;64.89;0.09375;0.3125;0.5625;0.18359375;0.09765625;0.703125;0.703125;0.1953125;0.765625;0.765625;0.1953125;0.6875;0.6875;0.177734375;0.32421875;0.75;0.8046875;0.201171875;0.8046875;0.8671875;0.216796875;0.828125;0.8671875;0.2109375;0.7421875;0.8125;0.2001953125;0.3427734375;0.7890625;0.84765625;0.2119140625;0.8203125;0.83984375;0.201171875;0.8203125;0.8515625;0.201171875;0.8203125;0.84765625;0.2001953125;0.8046875;0.80859375;0.1845703125;0.697265625;0.537109375;0.12109375;0.2294921875;0.6328125;0.6015625;0.13525390625;0.68359375;0.650390625;0.146484375;0.7;0.09375;0.3125;0.5625;0.1796875;0.1015625;0.71875;0.703125;0.1953125;0.78125;0.71875;0.18359375;0.671875;0.6484375;0.166015625;0.326171875;0.7421875;0.7734375;0.193359375;0.7734375;0.84375;0.212890625;0.8125;0.84375;0.205078125;0.7265625;0.79296875;0.1953125;0.337890625;0.77734375;0.84375;0.2099609375;0.81640625;0.84765625;0.201171875;0.82421875;0.859375;0.203125;0.828125;0.87109375;0.205078125;0.828125;0.84765625;0.1943359375;0.72265625;0.638671875;0.14404296875;0.26611328125;0.6953125;0.712890625;0.16650390625;0.73828125;0.7421875;0.1728515625;0.6
3;3;66.74;0.109375;0.328125;0.578125;0.1875;0.1015625;0.71875;0.734375;0.19921875;0.78125;0.75;0.19140625;0.6875;0.6875;0.177734375;0.326171875;0.75;0.796875;0.19921875;0.796875;0.8515625;0.212890625;0.8203125;0.84375;0.205078125;0.73046875;0.78125;0.1923828125;0.3388671875;0.765625;0.81640625;0.205078125;0.80078125;0.796875;0.189453125;0.80078125;0.81640625;0.1904296875;0.796875;0.80859375;0.1875;0.78515625;0.75390625;0.16796875;0.662109375;0.447265625;0.09912109375;0.22119140625;0.609375;0.537109375;0.11962890625;0.66015625;0.6015625;0.134765625;0.7;0.109375;0.328125;0.578125;0.18359375;0.109375;0.71875;0.6875;0.1875;0.75;0.6875;0.17578125;0.6484375;0.5859375;0.158203125;0.314453125;0.703125;0.71875;0.18359375;0.75;0.8125;0.208984375;0.7890625;0.8125;0.197265625;0.703125;0.75390625;0.1875;0.328125;0.75;0.82421875;0.20703125;0.8046875;0.83203125;0.2001953125;0.8203125;0.85546875;0.2041015625;0.82421875;0.859375;0.203125;0.8203125;0.8359375;0.19140625;0.71484375;0.6015625;0.1337890625;0.25927734375;0.677734375;0.66796875;0.15380859375;0.720703125;0.708984375;0.162109375;0.7
4;4;71.8;0.109375;0.328125;0.59375;0.19140625;0.109375;0.71875;0.734375;0.19921875;0.78125;0.734375;0.19140625;0.6875;0.6875;0.1796875;0.326171875;0.75;0.7890625;0.197265625;0.7890625;0.84375;0.212890625;0.8203125;0.84375;0.205078125;0.734375;0.78125;0.1943359375;0.3388671875;0.76171875;0.81640625;0.20703125;0.80859375;0.8203125;0.197265625;0.80859375;0.83203125;0.1982421875;0.80859375;0.83203125;0.1953125;0.80078125;0.80078125;0.1845703125;0.6796875;0.48828125;0.107421875;0.220703125;0.603515625;0.56640625;0.1259765625;0.6640625;0.626953125;0.14013671875;0.7;0.109375;0.34375;0.578125;0.1875;0.11328125;0.734375;0.734375;0.19921875;0.796875;0.75;0.19140625;0.703125;0.7109375;0.1796875;0.3359375;0.7578125;0.8046875;0.197265625;0.796875;0.84375;0.212890625;0.8125;0.84375;0.205078125;0.734375;0.79296875;0.197265625;0.3447265625;0.76953125;0.828125;0.2109375;0.82421875;0.85546875;0.2080078125;0.8359375;0.87109375;0.2099609375;0.84375;0.87890625;0.208984375;0.84375;0.87109375;0.2041015625;0.740234375;0.662109375;0.150390625;0.2763671875;0.701171875;0.716796875;0.17041015625;0.73828125;0.740234375;0.1748046875;0.7
5;5;75.28;0.109375;0.328125;0.59375;0.1875;0.109375;0.71875;0.734375;0.19921875;0.78125;0.75;0.1953125;0.6953125;0.703125;0.181640625;0.330078125;0.7578125;0.796875;0.19921875;0.8046875;0.859375;0.216796875;0.828125;0.859375;0.2109375;0.75;0.80859375;0.203125;0.34765625;0.78125;0.83203125;0.212890625;0.82421875;0.84765625;0.2080078125;0.83203125;0.86328125;0.2080078125;0.8359375;0.859375;0.205078125;0.828125;0.8359375;0.1953125;0.71484375;0.556640625;0.12353515625;0.23583984375;0.62890625;0.60546875;0.1357421875;0.681640625;0.662109375;0.14892578125;0.7;0.109375;0.34375;0.578125;0.18359375;0.1171875;0.71875;0.71875;0.1953125;0.78125;0.734375;0.1875;0.6953125;0.6875;0.17578125;0.33203125;0.7421875;0.78125;0.1953125;0.796875;0.8515625;0.21484375;0.8203125;0.859375;0.2109375;0.7421875;0.8125;0.2041015625;0.349609375;0.7890625;0.84375;0.2158203125;0.83984375;0.88671875;0.2197265625;0.859375;0.90234375;0.220703125;0.87109375;0.91015625;0.2216796875;0.8828125;0.91796875;0.220703125;0.79296875;0.78515625;0.18505859375;0.318359375;0.755859375;0.77734375;0.19140625;0.767578125;0.779296875;0.18798828125;0.7
6;6;76.08;0.125;0.34375;0.625;0.1953125;0.1171875;0.734375;0.734375;0.19921875;0.796875;0.765625;0.1953125;0.703125;0.7109375;0.185546875;0.337890625;0.7578125;0.8046875;0.201171875;0.8046875;0.84375;0.212890625;0.8203125;0.8359375;0.203125;0.73828125;0.7890625;0.19921875;0.3447265625;0.7734375;0.8203125;0.2119140625;0.8203125;0.84765625;0.208984375;0.83203125;0.86328125;0.2099609375;0.8359375;0.86328125;0.2080078125;0.83203125;0.84375;0.197265625;0.71875;0.552734375;0.123046875;0.23828125;0.630859375;0.599609375;0.134765625;0.677734375;0.6484375;0.1455078125;0.7;0.109375;0.34375;0.609375;0.1875;0.1171875;0.71875;0.71875;0.1953125;0.78125;0.734375;0.18359375;0.6875;0.671875;0.173828125;0.330078125;0.734375;0.765625;0.1953125;0.78125;0.8359375;0.212890625;0.8046875;0.828125;0.203125;0.7265625;0.78515625;0.2001953125;0.341796875;0.7734375;0.83203125;0.21484375;0.83203125;0.87890625;0.21875;0.8515625;0.890625;0.2197265625;0.8671875;0.90234375;0.220703125;0.875;0.91015625;0.2197265625;0.78515625;0.765625;0.1796875;0.3134765625;0.7421875;0.7578125;0.18896484375;0.759765625;0.76171875;0.185546875;0.8
7;7;81.07;0.109375;0.34375;0.625;0.19140625;0.1171875;0.734375;0.75;0.203125;0.796875;0.75;0.1953125;0.703125;0.7109375;0.18359375;0.337890625;0.75;0.7890625;0.19921875;0.796875;0.8515625;0.21484375;0.8203125;0.8515625;0.208984375;0.73828125;0.79296875;0.201171875;0.345703125;0.7734375;0.82421875;0.212890625;0.82421875;0.8515625;0.2099609375;0.83203125;0.86328125;0.2109375;0.83984375;0.859375;0.2060546875;0.83203125;0.828125;0.1923828125;0.712890625;0.5390625;0.11865234375;0.23046875;0.6171875;0.568359375;0.12646484375;0.662109375;0.619140625;0.13671875;0.7;0.109375;0.359375;0.609375;0.1875;0.12109375;0.734375;0.75;0.203125;0.796875;0.734375;0.1875;0.6953125;0.6875;0.177734375;0.337890625;0.7421875;0.7734375;0.197265625;0.7890625;0.84375;0.21484375;0.8203125;0.8515625;0.208984375;0.73828125;0.80078125;0.205078125;0.349609375;0.78125;0.8359375;0.216796875;0.8359375;0.8828125;0.2197265625;0.859375;0.8984375;0.220703125;0.87109375;0.90625;0.2197265625;0.8828125;0.9140625;0.21875;0.791015625;0.775390625;0.181640625;0.31982421875;0.744140625;0.7578125;0.1875;0.755859375;0.751953125;0.18115234375;0.7
8;8;79.82;0.109375;0.328125;0.609375;0.19140625;0.11328125;0.71875;0.734375;0.203125;0.78125;0.75;0.1953125;0.703125;0.703125;0.185546875;0.333984375;0.75;0.796875;0.203125;0.796875;0.84375;0.216796875;0.8203125;0.84375;0.20703125;0.73828125;0.7890625;0.2001953125;0.345703125;0.76953125;0.8125;0.2109375;0.8203125;0.84375;0.208984375;0.828125;0.859375;0.208984375;0.8359375;0.859375;0.2080078125;0.828125;0.8359375;0.1962890625;0.71484375;0.529296875;0.11669921875;0.232421875;0.6171875;0.57421875;0.12841796875;0.662109375;0.623046875;0.13916015625;0.8;0.125;0.359375;0.609375;0.19140625;0.12109375;0.734375;0.75;0.203125;0.796875;0.75;0.1953125;0.703125;0.71875;0.18359375;0.33984375;0.75;0.8046875;0.203125;0.8046875;0.8515625;0.216796875;0.828125;0.859375;0.2109375;0.74609375;0.80859375;0.2060546875;0.35546875;0.78515625;0.83203125;0.2158203125;0.8359375;0.8828125;0.2197265625;0.859375;0.89453125;0.220703125;0.87109375;0.90234375;0.220703125;0.87890625;0.91015625;0.2197265625;0.791015625;0.767578125;0.17919921875;0.3203125;0.740234375;0.751953125;0.18798828125;0.75390625;0.75;0.181640625;0.8
9;9;82.94;0.109375;0.34375;0.625;0.1953125;0.1171875;0.734375;0.734375;0.203125;0.796875;0.75;0.1953125;0.703125;0.7109375;0.185546875;0.3359375;0.75;0.7890625;0.201171875;0.796875;0.84375;0.21484375;0.8203125;0.8359375;0.205078125;0.73828125;0.77734375;0.1982421875;0.345703125;0.765625;0.8046875;0.2099609375;0.8125;0.83203125;0.20703125;0.82421875;0.8515625;0.2080078125;0.83203125;0.8515625;0.2060546875;0.82421875;0.83203125;0.1943359375;0.7109375;0.53515625;0.11962890625;0.2275390625;0.609375;0.564453125;0.12841796875;0.658203125;0.6171875;0.13916015625;0.8;0.125;0.359375;0.609375;0.19140625;0.12109375;0.71875;0.734375;0.19921875;0.78125;0.734375;0.1875;0.6953125;0.6875;0.177734375;0.3359375;0.7265625;0.7578125;0.1953125;0.7890625;0.8359375;0.21484375;0.8125;0.84375;0.20703125;0.734375;0.7890625;0.203125;0.3486328125;0.77734375;0.82421875;0.2158203125;0.83203125;0.875;0.21875;0.85546875;0.890625;0.220703125;0.8671875;0.8984375;0.2197265625;0.875;0.90625;0.2197265625;0.78515625;0.7578125;0.17822265625;0.314453125;0.732421875;0.74609375;0.18603515625;0.75;0.744140625;0.18017578125;0.8
10;10;83.54;0.125;0.34375;0.625;0.1953125;0.1171875;0.734375;0.75;0.203125;0.78125;0.75;0.1953125;0.703125;0.7109375;0.185546875;0.337890625;0.75;0.796875;0.203125;0.796875;0.84375;0.21484375;0.828125;0.84375;0.208984375;0.7421875;0.78515625;0.2021484375;0.3486328125;0.76953125;0.8125;0.2119140625;0.8203125;0.84375;0.2109375;0.83203125;0.859375;0.2109375;0.83984375;0.86328125;0.208984375;0.8359375;0.84375;0.19921875;0.72265625;0.5546875;0.12255859375;0.2353515625;0.619140625;0.583984375;0.1328125;0.6640625;0.62890625;0.14208984375;0.8;0.125;0.359375;0.625;0.19140625;0.125;0.734375;0.75;0.203125;0.78125;0.75;0.19140625;0.703125;0.703125;0.181640625;0.341796875;0.7421875;0.7890625;0.201171875;0.796875;0.84375;0.21484375;0.8203125;0.859375;0.212890625;0.7421875;0.796875;0.2060546875;0.3525390625;0.77734375;0.82421875;0.216796875;0.8359375;0.87890625;0.220703125;0.859375;0.89453125;0.22265625;0.8671875;0.8984375;0.2216796875;0.87890625;0.91015625;0.2216796875;0.791015625;0.763671875;0.18212890625;0.3203125;0.736328125;0.740234375;0.1875;0.748046875;0.7421875;0.181640625;0.8
11;11;82.64;0.125;0.34375;0.625;0.1953125;0.1171875;0.734375;0.734375;0.203125;0.78125;0.75;0.1953125;0.703125;0.703125;0.185546875;0.337890625;0.75;0.796875;0.205078125;0.796875;0.8359375;0.21484375;0.8203125;0.84375;0.208984375;0.7421875;0.78125;0.201171875;0.3466796875;0.765625;0.80859375;0.212890625;0.8203125;0.84375;0.2119140625;0.83203125;0.86328125;0.212890625;0.84375;0.859375;0.2099609375;0.83984375;0.8515625;0.201171875;0.7265625;0.560546875;0.1240234375;0.23828125;0.625;0.576171875;0.1318359375;0.66015625;0.62109375;0.140625;0.8;0.125;0.359375;0.625;0.1875;0.125;0.71875;0.71875;0.1953125;0.765625;0.703125;0.18359375;0.6796875;0.640625;0.169921875;0.328125;0.7109375;0.734375;0.19140625;0.765625;0.8203125;0.212890625;0.796875;0.8125;0.201171875;0.71875;0.76953125;0.19921875;0.3369140625;0.7578125;0.8125;0.21484375;0.82421875;0.86328125;0.2177734375;0.84765625;0.88671875;0.220703125;0.86328125;0.89453125;0.2197265625;0.87109375;0.90234375;0.21875;0.78125;0.740234375;0.17578125;0.31103515625;0.732421875;0.73828125;0.1865234375;0.748046875;0.7421875;0.181640625;0.8
12;12;84.5;0.125;0.34375;0.609375;0.1953125;0.1171875;0.71875;0.734375;0.203125;0.78125;0.75;0.1953125;0.6953125;0.7109375;0.1875;0.3359375;0.75;0.796875;0.205078125;0.796875;0.84375;0.21484375;0.8203125;0.84375;0.208984375;0.7421875;0.78515625;0.2021484375;0.3486328125;0.765625;0.80859375;0.212890625;0.8203125;0.84765625;0.212890625;0.8359375;0.8671875;0.21484375;0.84765625;0.8671875;0.2119140625;0.84375;0.85546875;0.203125;0.73046875;0.56640625;0.12548828125;0.23974609375;0.625;0.576171875;0.1298828125;0.662109375;0.625;0.140625;0.8;0.125;0.359375;0.625;0.19140625;0.125;0.734375;0.734375;0.203125;0.78125;0.734375;0.1875;0.6953125;0.6875;0.1796875;0.337890625;0.734375;0.7734375;0.19921875;0.7890625;0.8359375;0.21484375;0.8125;0.84375;0.2109375;0.73828125;0.7890625;0.205078125;0.3505859375;0.76953125;0.81640625;0.216796875;0.828125;0.875;0.220703125;0.85546875;0.890625;0.22265625;0.8671875;0.8984375;0.2216796875;0.87890625;0.91015625;0.2216796875;0.791015625;0.765625;0.18310546875;0.322265625;0.73828125;0.744140625;0.18798828125;0.748046875;0.736328125;0.1796875;0.8
13;13;84.88;0.140625;0.359375;0.640625;0.1953125;0.125;0.734375;0.734375;0.203125;0.78125;0.734375;0.1953125;0.703125;0.7109375;0.189453125;0.337890625;0.75;0.796875;0.205078125;0.796875;0.84375;0.216796875;0.828125;0.8515625;0.212890625;0.74609375;0.78515625;0.2041015625;0.3515625;0.7734375;0.8125;0.21484375;0.828125;0.85546875;0.216796875;0.84375;0.87109375;0.216796875;0.85546875;0.875;0.2158203125;0.85546875;0.859375;0.205078125;0.744140625;0.58984375;0.1318359375;0.255859375;0.64453125;0.595703125;0.1357421875;0.67578125;0.638671875;0.14599609375;0.8;0.125;0.359375;0.625;0.19140625;0.125;0.71875;0.71875;0.19921875;0.78125;0.734375;0.19140625;0.6953125;0.6875;0.18359375;0.3359375;0.7421875;0.78125;0.203125;0.796875;0.84375;0.216796875;0.8203125;0.8515625;0.212890625;0.7421875;0.7890625;0.205078125;0.353515625;0.76953125;0.8125;0.216796875;0.828125;0.8671875;0.220703125;0.8515625;0.890625;0.22265625;0.8671875;0.8984375;0.22265625;0.875;0.90625;0.220703125;0.7890625;0.755859375;0.18115234375;0.3193359375;0.734375;0.73828125;0.1875;0.744140625;0.734375;0.18017578125;0.8
14;14;85.73;0.125;0.34375;0.625;0.1953125;0.12109375;0.71875;0.734375;0.19921875;0.78125;0.734375;0.19140625;0.6953125;0.703125;0.1875;0.3359375;0.75;0.796875;0.205078125;0.796875;0.84375;0.216796875;0.828125;0.8515625;0.21484375;0.74609375;0.78515625;0.205078125;0.349609375;0.7734375;0.80859375;0.21484375;0.82421875;0.8515625;0.216796875;0.83984375;0.87109375;0.2158203125;0.84765625;0.87109375;0.21484375;0.8515625;0.8671875;0.208984375;0.7421875;0.59375;0.13427734375;0.24560546875;0.64453125;0.61328125;0.142578125;0.6796875;0.654296875;0.15283203125;0.8;0.140625;0.375;0.625;0.19140625;0.125;0.71875;0.71875;0.19921875;0.765625;0.71875;0.1875;0.6875;0.671875;0.177734375;0.333984375;0.7265625;0.7734375;0.19921875;0.7890625;0.8359375;0.21484375;0.8125;0.8515625;0.212890625;0.73828125;0.7890625;0.2060546875;0.3515625;0.76953125;0.8125;0.216796875;0.828125;0.87109375;0.2216796875;0.8515625;0.890625;0.22265625;0.8671875;0.8984375;0.22265625;0.87890625;0.90625;0.22265625;0.791015625;0.76171875;0.18310546875;0.322265625;0.734375;0.732421875;0.1875;0.7421875;0.728515625;0.18017578125;0.8
15;15;85.85;0.125;0.34375;0.625;0.1953125;0.12109375;0.71875;0.734375;0.19921875;0.78125;0.734375;0.19140625;0.6953125;0.703125;0.1875;0.3359375;0.75;0.796875;0.205078125;0.796875;0.8359375;0.216796875;0.828125;0.8515625;0.21484375;0.74609375;0.78515625;0.205078125;0.3515625;0.7734375;0.8125;0.2158203125;0.82421875;0.85546875;0.2177734375;0.84375;0.87109375;0.2177734375;0.8515625;0.87109375;0.21484375;0.85546875;0.8671875;0.208984375;0.744140625;0.58984375;0.13330078125;0.2509765625;0.640625;0.59765625;0.1396484375;0.671875;0.63671875;0.14892578125;0.8;0.140625;0.359375;0.609375;0.1875;0.125;0.71875;0.71875;0.19921875;0.765625;0.703125;0.18359375;0.6796875;0.6640625;0.1796875;0.33203125;0.7265625;0.765625;0.19921875;0.78125;0.828125;0.21484375;0.8125;0.84375;0.212890625;0.734375;0.77734375;0.205078125;0.349609375;0.765625;0.8125;0.216796875;0.82421875;0.8671875;0.220703125;0.84765625;0.88671875;0.2216796875;0.86328125;0.890625;0.220703125;0.875;0.8984375;0.220703125;0.78125;0.73046875;0.173828125;0.31103515625;0.724609375;0.716796875;0.18212890625;0.73828125;0.72265625;0.1787109375;0.8
16;16;86.16;0.125;0.34375;0.609375;0.1953125;0.12109375;0.71875;0.734375;0.203125;0.78125;0.75;0.1953125;0.703125;0.7109375;0.19140625;0.337890625;0.7578125;0.796875;0.20703125;0.796875;0.8359375;0.216796875;0.8203125;0.84375;0.2109375;0.7421875;0.7734375;0.2021484375;0.349609375;0.765625;0.8046875;0.21484375;0.8203125;0.8515625;0.2158203125;0.83984375;0.87109375;0.216796875;0.8515625;0.87109375;0.2158203125;0.8515625;0.8671875;0.2099609375;0.744140625;0.595703125;0.134765625;0.2470703125;0.640625;0.611328125;0.142578125;0.673828125;0.64453125;0.15185546875;0.8;0.140625;0.359375;0.625;0.19140625;0.12890625;0.734375;0.734375;0.203125;0.78125;0.75;0.1953125;0.703125;0.7109375;0.189453125;0.341796875;0.75;0.8046875;0.208984375;0.8046875;0.84375;0.21875;0.828125;0.859375;0.21484375;0.74609375;0.79296875;0.2080078125;0.3583984375;0.7734375;0.8125;0.2177734375;0.828125;0.8671875;0.2216796875;0.8515625;0.890625;0.2236328125;0.8671875;0.8984375;0.22265625;0.87890625;0.91015625;0.22265625;0.79296875;0.759765625;0.18212890625;0.3251953125;0.734375;0.736328125;0.1884765625;0.7421875;0.728515625;0.181640625;0.8
17;17;84.42;0.125;0.328125;0.609375;0.19140625;0.1171875;0.71875;0.734375;0.203125;0.78125;0.75;0.19921875;0.703125;0.71875;0.1953125;0.33984375;0.7578125;0.8046875;0.20703125;0.8046875;0.84375;0.21875;0.828125;0.859375;0.216796875;0.75;0.79296875;0.2080078125;0.3544921875;0.77734375;0.8125;0.216796875;0.828125;0.86328125;0.2216796875;0.84765625;0.8828125;0.22265625;0.86328125;0.88671875;0.2216796875;0.8671875;0.890625;0.2177734375;0.767578125;0.65234375;0.15234375;0.2685546875;0.671875;0.638671875;0.15087890625;0.693359375;0.6640625;0.15673828125;0.8;0.140625;0.359375;0.609375;0.1875;0.125;0.71875;0.734375;0.203125;0.796875;0.765625;0.19921875;0.7109375;0.7265625;0.19140625;0.341796875;0.75;0.8046875;0.208984375;0.796875;0.84375;0.21875;0.828125;0.8671875;0.21875;0.75;0.7890625;0.2080078125;0.359375;0.76953125;0.80859375;0.216796875;0.82421875;0.8671875;0.22265625;0.8515625;0.88671875;0.2236328125;0.8671875;0.89453125;0.2236328125;0.87890625;0.90625;0.2236328125;0.7890625;0.751953125;0.18310546875;0.3232421875;0.732421875;0.73046875;0.18896484375;0.740234375;0.720703125;0.18017578125;0.8
18;18;85.67;0.140625;0.34375;0.625;0.1953125;0.125;0.71875;0.734375;0.19921875;0.78125;0.734375;0.1953125;0.6953125;0.6953125;0.1875;0.337890625;0.75;0.796875;0.20703125;0.796875;0.8359375;0.21875;0.828125;0.8515625;0.216796875;0.74609375;0.78125;0.20703125;0.3525390625;0.7734375;0.80859375;0.216796875;0.828125;0.86328125;0.2216796875;0.84765625;0.8828125;0.2236328125;0.86328125;0.890625;0.2236328125;0.87109375;0.89453125;0.2216796875;0.775390625;0.685546875;0.16650390625;0.28173828125;0.69921875;0.671875;0.16357421875;0.7109375;0.68359375;0.1630859375;0.8;0.140625;0.359375;0.625;0.19140625;0.12890625;0.71875;0.734375;0.19921875;0.78125;0.734375;0.1875;0.6875;0.6640625;0.1796875;0.3359375;0.734375;0.78125;0.203125;0.7890625;0.8359375;0.216796875;0.8203125;0.8515625;0.21484375;0.73828125;0.78125;0.20703125;0.353515625;0.765625;0.8046875;0.216796875;0.82421875;0.86328125;0.22265625;0.84765625;0.88671875;0.2236328125;0.8671875;0.8984375;0.224609375;0.875;0.90625;0.2236328125;0.7890625;0.75;0.185546875;0.32373046875;0.734375;0.73828125;0.1904296875;0.744140625;0.728515625;0.1826171875;0.8
19;19;86.49;0.125;0.34375;0.609375;0.1953125;0.1171875;0.71875;0.734375;0.203125;0.78125;0.75;0.1953125;0.703125;0.703125;0.19140625;0.33984375;0.75;0.796875;0.20703125;0.796875;0.84375;0.21875;0.8203125;0.8515625;0.21484375;0.74609375;0.77734375;0.2060546875;0.3515625;0.765625;0.8046875;0.2158203125;0.8203125;0.8515625;0.21875;0.84375;0.875;0.220703125;0.85546875;0.8828125;0.21875;0.859375;0.875;0.2138671875;0.75390625;0.62890625;0.14697265625;0.25830078125;0.658203125;0.625;0.150390625;0.6796875;0.65234375;0.15673828125;0.8;0.140625;0.359375;0.625;0.19140625;0.12890625;0.71875;0.734375;0.203125;0.78125;0.75;0.1953125;0.703125;0.6875;0.185546875;0.341796875;0.734375;0.7890625;0.205078125;0.7890625;0.8359375;0.216796875;0.8203125;0.8515625;0.216796875;0.7421875;0.78125;0.20703125;0.3544921875;0.765625;0.8046875;0.216796875;0.82421875;0.86328125;0.22265625;0.84765625;0.88671875;0.2236328125;0.8671875;0.89453125;0.2236328125;0.875;0.90234375;0.2236328125;0.787109375;0.744140625;0.18359375;0.32275390625;0.724609375;0.71875;0.1875;0.73046875;0.70703125;0.1787109375;0.8
20;20;87.03;0.140625;0.359375;0.640625;0.1953125;0.125;0.71875;0.734375;0.203125;0.78125;0.75;0.1953125;0.703125;0.7109375;0.193359375;0.341796875;0.7578125;0.8046875;0.20703125;0.796875;0.8359375;0.216796875;0.828125;0.84375;0.212890625;0.74609375;0.7734375;0.2041015625;0.3515625;0.765625;0.80078125;0.21484375;0.8203125;0.84765625;0.2158203125;0.8359375;0.87109375;0.21875;0.8515625;0.875;0.216796875;0.85546875;0.8671875;0.2099609375;0.74609375;0.595703125;0.13623046875;0.24951171875;0.642578125;0.615234375;0.14697265625;0.669921875;0.642578125;0.15478515625;0.8;0.140625;0.359375;0.625;0.19140625;0.12890625;0.71875;0.71875;0.203125;0.78125;0.75;0.1953125;0.703125;0.703125;0.19140625;0.341796875;0.75;0.8046875;0.20703125;0.796875;0.8359375;0.21875;0.8203125;0.859375;0.216796875;0.74609375;0.78515625;0.2080078125;0.357421875;0.76953125;0.8046875;0.2177734375;0.82421875;0.86328125;0.2216796875;0.84765625;0.88671875;0.2236328125;0.8671875;0.89453125;0.224609375;0.87890625;0.90625;0.2236328125;0.791015625;0.75;0.18505859375;0.32568359375;0.734375;0.734375;0.19091796875;0.7421875;0.720703125;0.181640625;0.8
21;21;87.64;0.140625;0.34375;0.609375;0.1953125;0.12109375;0.703125;0.734375;0.19921875;0.78125;0.734375;0.19140625;0.6953125;0.703125;0.19140625;0.337890625;0.75;0.7890625;0.20703125;0.796875;0.8359375;0.216796875;0.8203125;0.84375;0.212890625;0.7421875;0.76953125;0.2041015625;0.3486328125;0.76171875;0.796875;0.2158203125;0.81640625;0.8515625;0.21875;0.83984375;0.87109375;0.2197265625;0.8515625;0.87890625;0.2197265625;0.859375;0.875;0.2138671875;0.75390625;0.6171875;0.1435546875;0.2568359375;0.654296875;0.61328125;0.14697265625;0.673828125;0.638671875;0.15478515625;0.8;0.140625;0.359375;0.609375;0.1875;0.12890625;0.71875;0.71875;0.19921875;0.765625;0.6875;0.1796875;0.671875;0.6484375;0.1796875;0.330078125;0.71875;0.75;0.197265625;0.7734375;0.8125;0.21484375;0.796875;0.8203125;0.20703125;0.72265625;0.7578125;0.203125;0.341796875;0.75390625;0.796875;0.2158203125;0.8203125;0.859375;0.220703125;0.84375;0.8828125;0.2236328125;0.86328125;0.890625;0.2236328125;0.87109375;0.90234375;0.22265625;0.78515625;0.736328125;0.18115234375;0.3193359375;0.72265625;0.71875;0.18701171875;0.73046875;0.703125;0.17822265625;0.8
22;22;87.26;0.140625;0.34375;0.609375;0.19140625;0.12109375;0.703125;0.734375;0.19921875;0.78125;0.734375;0.1953125;0.703125;0.703125;0.193359375;0.337890625;0.75;0.796875;0.208984375;0.796875;0.8359375;0.21875;0.828125;0.84375;0.21484375;0.74609375;0.77734375;0.2060546875;0.3525390625;0.765625;0.8046875;0.216796875;0.8203125;0.85546875;0.2197265625;0.84375;0.875;0.220703125;0.85546875;0.8828125;0.220703125;0.859375;0.87890625;0.21484375;0.7578125;0.62890625;0.14697265625;0.2607421875;0.66015625;0.626953125;0.15185546875;0.677734375;0.650390625;0.158203125;0.8;0.140625;0.359375;0.609375;0.1875;0.12890625;0.71875;0.734375;0.203125;0.765625;0.71875;0.1875;0.6875;0.6796875;0.185546875;0.3359375;0.734375;0.78125;0.205078125;0.7890625;0.8359375;0.216796875;0.8125;0.84375;0.21484375;0.73828125;0.77734375;0.2080078125;0.3544921875;0.765625;0.8046875;0.2177734375;0.8203125;0.86328125;0.22265625;0.84765625;0.8828125;0.2236328125;0.86328125;0.890625;0.224609375;0.875;0.90625;0.2236328125;0.7890625;0.744140625;0.18359375;0.3251953125;0.724609375;0.71875;0.18798828125;0.7265625;0.6953125;0.17724609375;0.8
23;23;87.48;0.140625;0.34375;0.609375;0.1953125;0.12109375;0.703125;0.71875;0.19921875;0.78125;0.734375;0.1953125;0.6953125;0.6953125;0.19140625;0.3359375;0.75;0.7890625;0.20703125;0.796875;0.8359375;0.21875;0.8203125;0.84375;0.2109375;0.7421875;0.765625;0.2041015625;0.349609375;0.76171875;0.79296875;0.21484375;0.81640625;0.83984375;0.2158203125;0.8359375;0.86328125;0.2177734375;0.84765625;0.87109375;0.216796875;0.8515625;0.8671875;0.2109375;0.74609375;0.59765625;0.1376953125;0.25341796875;0.642578125;0.607421875;0.1474609375;0.666015625;0.638671875;0.1572265625;0.8;0.140625;0.375;0.625;0.19140625;0.12890625;0.703125;0.71875;0.1953125;0.765625;0.703125;0.18359375;0.6875;0.6484375;0.1796875;0.33203125;0.71875;0.7578125;0.19921875;0.78125;0.8203125;0.216796875;0.8046875;0.828125;0.208984375;0.7265625;0.76171875;0.2041015625;0.3466796875;0.7578125;0.796875;0.216796875;0.81640625;0.85546875;0.2216796875;0.84375;0.8828125;0.2236328125;0.86328125;0.890625;0.224609375;0.875;0.90625;0.2236328125;0.7890625;0.748046875;0.18408203125;0.3232421875;0.73046875;0.7265625;0.18896484375;0.732421875;0.70703125;0.18017578125;0.8
24;24;87.2;0.140625;0.34375;0.609375;0.19140625;0.12109375;0.703125;0.734375;0.203125;0.78125;0.75;0.1953125;0.703125;0.7109375;0.193359375;0.33984375;0.7578125;0.8046875;0.2109375;0.796875;0.84375;0.220703125;0.828125;0.8515625;0.216796875;0.75;0.77734375;0.20703125;0.35546875;0.76953125;0.8046875;0.2177734375;0.82421875;0.85546875;0.2216796875;0.84765625;0.87890625;0.22265625;0.859375;0.88671875;0.22265625;0.8671875;0.890625;0.2197265625;0.771484375;0.662109375;0.15771484375;0.27734375;0.681640625;0.64453125;0.15625;0.6953125;0.666015625;0.1640625;0.8;0.140625;0.359375;0.609375;0.1875;0.12890625;0.71875;0.734375;0.203125;0.78125;0.75;0.1953125;0.703125;0.703125;0.19140625;0.33984375;0.7421875;0.796875;0.2109375;0.796875;0.8359375;0.21875;0.8203125;0.8515625;0.216796875;0.7421875;0.7734375;0.20703125;0.357421875;0.76171875;0.80078125;0.2177734375;0.8203125;0.859375;0.22265625;0.84765625;0.88671875;0.224609375;0.86328125;0.89453125;0.224609375;0.875;0.90625;0.224609375;0.791015625;0.75;0.18603515625;0.3271484375;0.73046875;0.724609375;0.18994140625;0.734375;0.708984375;0.18115234375;0.8
25;25;87.8;0.140625;0.34375;0.625;0.1953125;0.125;0.71875;0.734375;0.203125;0.78125;0.75;0.1953125;0.703125;0.703125;0.19140625;0.33984375;0.75;0.796875;0.20703125;0.796875;0.8359375;0.21875;0.8203125;0.84375;0.212890625;0.7421875;0.76953125;0.205078125;0.3505859375;0.76171875;0.796875;0.2158203125;0.81640625;0.84765625;0.21875;0.83984375;0.87109375;0.2216796875;0.8515625;0.87890625;0.220703125;0.86328125;0.8828125;0.2177734375;0.76171875;0.64453125;0.15380859375;0.265625;0.66796875;0.638671875;0.15673828125;0.685546875;0.662109375;0.1640625;0.8;0.140625;0.359375;0.609375;0.19140625;0.12890625;0.71875;0.71875;0.19921875;0.78125;0.734375;0.19140625;0.703125;0.6796875;0.185546875;0.337890625;0.734375;0.78125;0.205078125;0.7890625;0.8359375;0.21875;0.8203125;0.8515625;0.21484375;0.73828125;0.7734375;0.2080078125;0.35546875;0.76171875;0.80078125;0.2177734375;0.8203125;0.859375;0.22265625;0.84765625;0.8828125;0.224609375;0.86328125;0.890625;0.224609375;0.875;0.90234375;0.2236328125;0.7890625;0.744140625;0.1845703125;0.326171875;0.728515625;0.720703125;0.18994140625;0.732421875;0.708984375;0.1806640625;0.8
26;26;87.72;0.140625;0.328125;0.609375;0.19140625;0.1171875;0.703125;0.71875;0.19921875;0.765625;0.734375;0.1953125;0.6953125;0.6953125;0.19140625;0.3359375;0.7421875;0.796875;0.208984375;0.796875;0.8359375;0.21875;0.8203125;0.8359375;0.212890625;0.7421875;0.765625;0.2060546875;0.3505859375;0.7578125;0.796875;0.216796875;0.8203125;0.84765625;0.2197265625;0.84375;0.875;0.2216796875;0.85546875;0.8828125;0.2216796875;0.86328125;0.8828125;0.2177734375;0.765625;0.65234375;0.15576171875;0.2705078125;0.673828125;0.642578125;0.158203125;0.69140625;0.6640625;0.166015625;0.8;0.140625;0.359375;0.609375;0.1875;0.12890625;0.71875;0.71875;0.203125;0.765625;0.734375;0.19140625;0.6953125;0.6953125;0.189453125;0.337890625;0.734375;0.7890625;0.208984375;0.7890625;0.828125;0.21875;0.8125;0.84375;0.21484375;0.73828125;0.765625;0.20703125;0.35546875;0.75390625;0.79296875;0.2177734375;0.8203125;0.859375;0.22265625;0.84375;0.8828125;0.224609375;0.86328125;0.890625;0.224609375;0.875;0.90234375;0.224609375;0.7890625;0.7421875;0.18505859375;0.3251953125;0.724609375;0.716796875;0.18896484375;0.728515625;0.705078125;0.18115234375;0.8
27;27;87.41;0.140625;0.328125;0.609375;0.19140625;0.12109375;0.703125;0.71875;0.19921875;0.78125;0.734375;0.19140625;0.6953125;0.6796875;0.1875;0.3359375;0.734375;0.78125;0.205078125;0.7890625;0.828125;0.216796875;0.8203125;0.84375;0.212890625;0.73828125;0.76171875;0.2041015625;0.34765625;0.75390625;0.79296875;0.2158203125;0.8125;0.84375;0.2177734375;0.8359375;0.87109375;0.2197265625;0.84765625;0.875;0.2197265625;0.85546875;0.875;0.2158203125;0.755859375;0.634765625;0.1513671875;0.25927734375;0.662109375;0.640625;0.15966796875;0.68359375;0.662109375;0.1669921875;0.8;0.140625;0.359375;0.609375;0.1875;0.125;0.703125;0.71875;0.19921875;0.765625;0.71875;0.1875;0.6875;0.65625;0.181640625;0.3359375;0.71875;0.765625;0.203125;0.78125;0.828125;0.21875;0.8125;0.84375;0.216796875;0.734375;0.765625;0.20703125;0.353515625;0.75390625;0.79296875;0.216796875;0.81640625;0.85546875;0.2216796875;0.84375;0.87890625;0.2236328125;0.859375;0.890625;0.224609375;0.875;0.8984375;0.2236328125;0.787109375;0.736328125;0.18310546875;0.326171875;0.716796875;0.7109375;0.18896484375;0.724609375;0.701171875;0.181640625;0.8
28;28;88.85;0.140625;0.328125;0.609375;0.19140625;0.12109375;0.703125;0.71875;0.19921875;0.765625;0.734375;0.19140625;0.6953125;0.6875;0.189453125;0.3359375;0.7421875;0.7890625;0.208984375;0.7890625;0.8359375;0.21875;0.8203125;0.84375;0.212890625;0.7421875;0.765625;0.205078125;0.3505859375;0.7578125;0.796875;0.216796875;0.81640625;0.84765625;0.21875;0.83984375;0.87109375;0.2216796875;0.8515625;0.87890625;0.220703125;0.86328125;0.87890625;0.216796875;0.76171875;0.64453125;0.154296875;0.26806640625;0.669921875;0.6484375;0.1611328125;0.6875;0.66796875;0.16796875;0.8;0.140625;0.359375;0.625;0.1875;0.12890625;0.703125;0.703125;0.19921875;0.765625;0.734375;0.19140625;0.6875;0.671875;0.185546875;0.3359375;0.734375;0.78125;0.20703125;0.7890625;0.8359375;0.21875;0.8203125;0.8515625;0.216796875;0.73828125;0.76953125;0.2080078125;0.35546875;0.7578125;0.79296875;0.2177734375;0.81640625;0.85546875;0.22265625;0.84375;0.87890625;0.224609375;0.86328125;0.890625;0.224609375;0.875;0.90234375;0.224609375;0.7890625;0.740234375;0.18603515625;0.32666015625;0.7265625;0.71484375;0.18994140625;0.73046875;0.69921875;0.1806640625;0.8
29;29;88.68;0.140625;0.328125;0.609375;0.19140625;0.12109375;0.703125;0.71875;0.19921875;0.765625;0.734375;0.19140625;0.6875;0.6875;0.189453125;0.333984375;0.734375;0.7890625;0.20703125;0.7890625;0.8359375;0.21875;0.8203125;0.84375;0.21484375;0.7421875;0.765625;0.2060546875;0.3505859375;0.76171875;0.796875;0.2177734375;0.8203125;0.85546875;0.2216796875;0.84375;0.87890625;0.2236328125;0.859375;0.88671875;0.2236328125;0.87109375;0.89453125;0.2236328125;0.77734375;0.693359375;0.17138671875;0.29052734375;0.703125;0.68359375;0.17236328125;0.71484375;0.6953125;0.1748046875;0.8;0.140625;0.359375;0.609375;0.1875;0.12890625;0.703125;0.703125;0.1953125;0.765625;0.71875;0.1875;0.6875;0.65625;0.181640625;0.333984375;0.71875;0.765625;0.203125;0.78125;0.828125;0.21875;0.8125;0.8359375;0.21484375;0.734375;0.76171875;0.20703125;0.3515625;0.75390625;0.79296875;0.216796875;0.81640625;0.85546875;0.22265625;0.84375;0.87890625;0.224609375;0.86328125;0.890625;0.2255859375;0.875;0.90234375;0.2255859375;0.7890625;0.74609375;0.1884765625;0.32666015625;0.734375;0.724609375;0.19189453125;0.740234375;0.7109375;0.18359375;0.8
30;30;88.53;0.140625;0.328125;0.609375;0.19140625;0.12109375;0.703125;0.71875;0.19921875;0.765625;0.734375;0.19140625;0.6953125;0.6875;0.19140625;0.333984375;0.7421875;0.7890625;0.20703125;0.7890625;0.828125;0.21875;0.8203125;0.84375;0.21484375;0.7421875;0.7578125;0.205078125;0.349609375;0.7578125;0.79296875;0.216796875;0.81640625;0.84765625;0.220703125;0.83984375;0.87109375;0.2216796875;0.85546875;0.87890625;0.2216796875;0.859375;0.8828125;0.21875;0.763671875;0.65234375;0.158203125;0.2724609375;0.669921875;0.65625;0.166015625;0.6875;0.6640625;0.16943359375;0.8;0.140625;0.359375;0.609375;0.1875;0.12890625;0.703125;0.703125;0.19921875;0.765625;0.703125;0.1875;0.6796875;0.6640625;0.1875;0.33203125;0.7265625;0.7734375;0.205078125;0.78125;0.828125;0.21875;0.8125;0.84375;0.21484375;0.734375;0.7578125;0.2060546875;0.3525390625;0.75390625;0.7890625;0.216796875;0.81640625;0.8515625;0.22265625;0.84375;0.87890625;0.224609375;0.859375;0.88671875;0.224609375;0.87109375;0.8984375;0.224609375;0.78515625;0.736328125;0.18505859375;0.326171875;0.720703125;0.708984375;0.189453125;0.7265625;0.69921875;0.181640625;0.8
31;31;88.92;0.140625;0.328125;0.609375;0.19140625;0.12109375;0.703125;0.71875;0.19921875;0.765625;0.734375;0.19140625;0.6953125;0.6875;0.19140625;0.333984375;0.7421875;0.7890625;0.208984375;0.7890625;0.8359375;0.21875;0.8203125;0.8515625;0.216796875;0.7421875;0.765625;0.20703125;0.3515625;0.7578125;0.79296875;0.216796875;0.81640625;0.84765625;0.220703125;0.83984375;0.875;0.22265625;0.85546875;0.8828125;0.22265625;0.8671875;0.890625;0.2216796875;0.76953125;0.669921875;0.16455078125;0.2802734375;0.685546875;0.666015625;0.1689453125;0.69921875;0.677734375;0.17236328125;0.8;0.140625;0.359375;0.609375;0.19140625;0.12890625;0.703125;0.71875;0.19921875;0.765625;0.734375;0.19140625;0.6953125;0.6796875;0.189453125;0.3359375;0.734375;0.78125;0.20703125;0.7890625;0.828125;0.21875;0.8125;0.8515625;0.216796875;0.73828125;0.76171875;0.20703125;0.3544921875;0.75390625;0.78515625;0.216796875;0.8125;0.8515625;0.22265625;0.83984375;0.87890625;0.224609375;0.859375;0.88671875;0.224609375;0.87109375;0.90234375;0.224609375;0.78515625;0.73828125;0.1875;0.326171875;0.7265625;0.716796875;0.19091796875;0.73046875;0.701171875;0.18115234375;0.8
32;32;89.32;0.140625;0.34375;0.609375;0.19140625;0.12109375;0.703125;0.71875;0.203125;0.78125;0.75;0.19921875;0.6953125;0.6953125;0.193359375;0.337890625;0.7421875;0.796875;0.208984375;0.7890625;0.828125;0.21875;0.8203125;0.84375;0.212890625;0.7421875;0.7578125;0.2041015625;0.3515625;0.75390625;0.7890625;0.2158203125;0.8125;0.83984375;0.2177734375;0.83203125;0.86328125;0.2197265625;0.84765625;0.875;0.2197265625;0.85546875;0.875;0.2158203125;0.75390625;0.6171875;0.14794921875;0.259765625;0.65625;0.6328125;0.1591796875;0.677734375;0.65625;0.16845703125;0.8;0.140625;0.359375;0.59375;0.1875;0.12890625;0.703125;0.71875;0.19921875;0.765625;0.734375;0.19140625;0.6875;0.6640625;0.185546875;0.3359375;0.7265625;0.7734375;0.205078125;0.78125;0.828125;0.216796875;0.8125;0.8359375;0.21484375;0.734375;0.7578125;0.2060546875;0.3515625;0.75390625;0.79296875;0.216796875;0.81640625;0.8515625;0.22265625;0.84375;0.87890625;0.224609375;0.86328125;0.890625;0.224609375;0.87109375;0.90234375;0.2255859375;0.787109375;0.73828125;0.18603515625;0.32763671875;0.724609375;0.71484375;0.1904296875;0.7265625;0.697265625;0.1806640625;0.8
33;33;89.19;0.140625;0.34375;0.609375;0.19140625;0.12109375;0.703125;0.71875;0.19921875;0.78125;0.734375;0.1953125;0.6953125;0.6953125;0.19140625;0.337890625;0.7421875;0.796875;0.208984375;0.7890625;0.828125;0.216796875;0.8125;0.828125;0.2109375;0.734375;0.75;0.2041015625;0.3486328125;0.75;0.7890625;0.216796875;0.8125;0.84375;0.2197265625;0.8359375;0.87109375;0.2216796875;0.8515625;0.87890625;0.2216796875;0.859375;0.8828125;0.21875;0.76171875;0.642578125;0.1552734375;0.27001953125;0.671875;0.65234375;0.16650390625;0.685546875;0.666015625;0.17236328125;0.8;0.140625;0.359375;0.609375;0.1875;0.12890625;0.703125;0.703125;0.1953125;0.765625;0.71875;0.1875;0.6796875;0.6484375;0.181640625;0.33203125;0.71875;0.7578125;0.201171875;0.7734375;0.8203125;0.216796875;0.8046875;0.8203125;0.208984375;0.72265625;0.74609375;0.203125;0.345703125;0.74609375;0.78515625;0.216796875;0.80859375;0.84765625;0.2216796875;0.8359375;0.875;0.2236328125;0.859375;0.88671875;0.2236328125;0.8671875;0.89453125;0.2236328125;0.779296875;0.71484375;0.17822265625;0.31298828125;0.71484375;0.701171875;0.1845703125;0.72265625;0.69140625;0.1796875;0.8
34;34;88.13;0.140625;0.34375;0.609375;0.19140625;0.125;0.703125;0.734375;0.19921875;0.765625;0.734375;0.19140625;0.6953125;0.6953125;0.19140625;0.337890625;0.7421875;0.7890625;0.208984375;0.796875;0.828125;0.21875;0.8203125;0.8359375;0.212890625;0.73828125;0.75390625;0.205078125;0.3486328125;0.75;0.7890625;0.216796875;0.8125;0.84765625;0.220703125;0.83984375;0.87109375;0.22265625;0.85546875;0.8828125;0.22265625;0.86328125;0.890625;0.2216796875;0.76953125;0.66796875;0.16455078125;0.27978515625;0.6875;0.66796875;0.171875;0.697265625;0.677734375;0.17431640625;0.8;0.140625;0.359375;0.609375;0.1875;0.12890625;0.703125;0.71875;0.19921875;0.765625;0.734375;0.1953125;0.703125;0.6953125;0.189453125;0.33984375;0.734375;0.7890625;0.208984375;0.7890625;0.828125;0.21875;0.8125;0.84375;0.216796875;0.734375;0.7578125;0.20703125;0.35546875;0.75;0.7890625;0.2177734375;0.8125;0.8515625;0.22265625;0.83984375;0.87890625;0.224609375;0.859375;0.88671875;0.224609375;0.87109375;0.8984375;0.2255859375;0.78515625;0.734375;0.18603515625;0.32763671875;0.72265625;0.708984375;0.1904296875;0.7265625;0.69921875;0.18212890625;0.8
35;35;88.72;0.140625;0.34375;0.609375;0.19140625;0.125;0.703125;0.71875;0.19921875;0.78125;0.734375;0.19140625;0.703125;0.703125;0.193359375;0.337890625;0.7421875;0.796875;0.208984375;0.7890625;0.828125;0.21875;0.8203125;0.8359375;0.212890625;0.73828125;0.7578125;0.2060546875;0.3505859375;0.75390625;0.79296875;0.216796875;0.81640625;0.84765625;0.220703125;0.8359375;0.87109375;0.2216796875;0.8515625;0.87890625;0.2216796875;0.859375;0.87890625;0.21875;0.76171875;0.6484375;0.1572265625;0.26953125;0.67578125;0.65625;0.16748046875;0.69140625;0.677734375;0.17431640625;0.8;0.140625;0.359375;0.609375;0.1875;0.12890625;0.703125;0.71875;0.19921875;0.765625;0.71875;0.19140625;0.6953125;0.6796875;0.189453125;0.3359375;0.7265625;0.7734375;0.205078125;0.7890625;0.828125;0.21875;0.8125;0.8359375;0.21484375;0.734375;0.7578125;0.20703125;0.3525390625;0.75;0.7890625;0.2177734375;0.8125;0.8515625;0.22265625;0.83984375;0.875;0.224609375;0.859375;0.88671875;0.224609375;0.87109375;0.8984375;0.224609375;0.78515625;0.736328125;0.18603515625;0.32666015625;0.720703125;0.705078125;0.1904296875;0.724609375;0.69921875;0.18212890625;0.8
36;36;87.37;0.140625;0.34375;0.625;0.1953125;0.125;0.703125;0.734375;0.203125;0.78125;0.75;0.1953125;0.703125;0.703125;0.1953125;0.33984375;0.7421875;0.796875;0.208984375;0.796875;0.8359375;0.21875;0.8203125;0.84375;0.216796875;0.7421875;0.76171875;0.20703125;0.353515625;0.7578125;0.79296875;0.2177734375;0.81640625;0.8515625;0.22265625;0.83984375;0.875;0.224609375;0.859375;0.890625;0.2255859375;0.87109375;0.8984375;0.2255859375;0.783203125;0.712890625;0.18212890625;0.30126953125;0.720703125;0.712890625;0.18701171875;0.73046875;0.70703125;0.1806640625;0.8;0.140625;0.359375;0.625;0.19140625;0.12890625;0.703125;0.71875;0.203125;0.78125;0.75;0.19921875;0.703125;0.703125;0.1953125;0.33984375;0.734375;0.7890625;0.208984375;0.7890625;0.828125;0.21875;0.8125;0.84375;0.216796875;0.734375;0.75390625;0.20703125;0.3544921875;0.74609375;0.78515625;0.216796875;0.8125;0.8515625;0.22265625;0.83984375;0.875;0.224609375;0.859375;0.890625;0.2255859375;0.87109375;0.8984375;0.2255859375;0.787109375;0.740234375;0.18798828125;0.328125;0.7265625;0.71484375;0.19140625;0.732421875;0.703125;0.18310546875;0.8
37;37;90.05;0.140625;0.328125;0.609375;0.19140625;0.12109375;0.703125;0.71875;0.203125;0.78125;0.734375;0.19140625;0.6953125;0.6875;0.19140625;0.3359375;0.734375;0.7890625;0.20703125;0.7890625;0.828125;0.21875;0.8125;0.8359375;0.212890625;0.734375;0.74609375;0.2041015625;0.3486328125;0.74609375;0.78125;0.2158203125;0.8125;0.84375;0.220703125;0.8359375;0.8671875;0.22265625;0.8515625;0.87890625;0.2216796875;0.859375;0.8828125;0.2197265625;0.76171875;0.65234375;0.1591796875;0.271484375;0.673828125;0.65625;0.1689453125;0.6875;0.66796875;0.17333984375;0.8;0.140625;0.359375;0.609375;0.1875;0.12890625;0.703125;0.734375;0.203125;0.78125;0.734375;0.19140625;0.6953125;0.6796875;0.1875;0.337890625;0.7265625;0.78125;0.20703125;0.7890625;0.8203125;0.21875;0.8125;0.84375;0.216796875;0.73046875;0.75;0.2060546875;0.3525390625;0.7421875;0.78125;0.216796875;0.8125;0.8515625;0.22265625;0.83984375;0.875;0.224609375;0.859375;0.88671875;0.224609375;0.87109375;0.8984375;0.224609375;0.78515625;0.73828125;0.18701171875;0.32763671875;0.72265625;0.712890625;0.19091796875;0.7265625;0.6953125;0.181640625;0.8
38;38;88.81;0.140625;0.328125;0.609375;0.19140625;0.12109375;0.6875;0.71875;0.19921875;0.765625;0.734375;0.1953125;0.6953125;0.6953125;0.193359375;0.3359375;0.7421875;0.796875;0.2109375;0.796875;0.828125;0.21875;0.8203125;0.84375;0.216796875;0.73828125;0.7578125;0.20703125;0.3515625;0.75390625;0.7890625;0.216796875;0.81640625;0.8515625;0.22265625;0.83984375;0.875;0.2236328125;0.85546875;0.8828125;0.224609375;0.8671875;0.890625;0.2236328125;0.775390625;0.69140625;0.173828125;0.2919921875;0.703125;0.6875;0.1787109375;0.71484375;0.6953125;0.1796875;0.8;0.140625;0.359375;0.609375;0.1875;0.12890625;0.703125;0.71875;0.19921875;0.765625;0.734375;0.19140625;0.6953125;0.6796875;0.189453125;0.337890625;0.734375;0.7890625;0.208984375;0.7890625;0.828125;0.21875;0.8125;0.84375;0.216796875;0.734375;0.75390625;0.20703125;0.3544921875;0.74609375;0.78515625;0.216796875;0.8125;0.8515625;0.22265625;0.83984375;0.875;0.224609375;0.859375;0.88671875;0.2255859375;0.87109375;0.8984375;0.2255859375;0.78515625;0.734375;0.1875;0.32763671875;0.72265625;0.71484375;0.19189453125;0.728515625;0.701171875;0.18310546875;0.8
39;39;89.67;0.140625;0.34375;0.625;0.19140625;0.125;0.703125;0.734375;0.203125;0.78125;0.734375;0.1953125;0.703125;0.6953125;0.193359375;0.337890625;0.7421875;0.796875;0.2109375;0.7890625;0.828125;0.21875;0.8203125;0.84375;0.21484375;0.73828125;0.75390625;0.2060546875;0.3515625;0.75;0.78515625;0.216796875;0.8125;0.84375;0.2197265625;0.8359375;0.8671875;0.2216796875;0.8515625;0.87890625;0.2216796875;0.859375;0.8828125;0.21875;0.763671875;0.654296875;0.1591796875;0.2744140625;0.67578125;0.66015625;0.17138671875;0.689453125;0.669921875;0.17431640625;0.8;0.140625;0.359375;0.609375;0.1875;0.12890625;0.703125;0.71875;0.19921875;0.765625;0.71875;0.1875;0.6953125;0.671875;0.1875;0.333984375;0.7265625;0.7734375;0.20703125;0.78125;0.8203125;0.21875;0.8046875;0.8359375;0.21484375;0.7265625;0.75;0.2060546875;0.3515625;0.74609375;0.78515625;0.216796875;0.80859375;0.84765625;0.22265625;0.8359375;0.875;0.224609375;0.859375;0.88671875;0.224609375;0.87109375;0.8984375;0.224609375;0.78515625;0.732421875;0.1865234375;0.3271484375;0.71875;0.701171875;0.18994140625;0.72265625;0.69140625;0.18115234375;0.8
40;40;88.74;0.140625;0.34375;0.609375;0.19140625;0.125;0.703125;0.71875;0.19921875;0.78125;0.75;0.19921875;0.703125;0.703125;0.193359375;0.337890625;0.7421875;0.796875;0.2109375;0.796875;0.828125;0.21875;0.8203125;0.84375;0.216796875;0.73828125;0.7578125;0.20703125;0.3525390625;0.7578125;0.79296875;0.2177734375;0.81640625;0.84765625;0.2216796875;0.83984375;0.875;0.224609375;0.85546875;0.88671875;0.224609375;0.8671875;0.89453125;0.224609375;0.779296875;0.703125;0.1787109375;0.2978515625;0.708984375;0.69921875;0.18359375;0.716796875;0.6953125;0.1787109375;0.8;0.140625;0.359375;0.609375;0.1875;0.12890625;0.703125;0.71875;0.19921875;0.78125;0.75;0.1953125;0.6953125;0.6875;0.189453125;0.337890625;0.734375;0.7890625;0.208984375;0.7890625;0.8203125;0.21875;0.8125;0.84375;0.216796875;0.734375;0.75390625;0.20703125;0.3544921875;0.74609375;0.78515625;0.2177734375;0.8125;0.84765625;0.22265625;0.83984375;0.875;0.224609375;0.859375;0.88671875;0.2255859375;0.87109375;0.8984375;0.2255859375;0.787109375;0.740234375;0.18896484375;0.3291015625;0.7265625;0.712890625;0.19140625;0.73046875;0.69921875;0.18212890625;0.8
41;41;89.77;0.140625;0.328125;0.609375;0.19140625;0.12109375;0.6875;0.71875;0.19921875;0.765625;0.75;0.1953125;0.6953125;0.6875;0.19140625;0.3359375;0.7421875;0.796875;0.208984375;0.7890625;0.828125;0.21875;0.8125;0.8359375;0.212890625;0.734375;0.75;0.205078125;0.3486328125;0.74609375;0.78515625;0.216796875;0.80859375;0.84375;0.220703125;0.8359375;0.8671875;0.22265625;0.8515625;0.87890625;0.22265625;0.859375;0.88671875;0.220703125;0.765625;0.666015625;0.1650390625;0.27587890625;0.68359375;0.671875;0.17529296875;0.6953125;0.671875;0.17529296875;0.8;0.140625;0.359375;0.609375;0.1875;0.12890625;0.703125;0.71875;0.19921875;0.765625;0.75;0.1953125;0.6953125;0.671875;0.1875;0.3359375;0.7265625;0.78125;0.20703125;0.78125;0.8203125;0.21875;0.8125;0.8359375;0.21484375;0.7265625;0.74609375;0.2060546875;0.3515625;0.7421875;0.78125;0.216796875;0.80859375;0.84765625;0.22265625;0.8359375;0.875;0.224609375;0.85546875;0.88671875;0.224609375;0.87109375;0.8984375;0.2255859375;0.78515625;0.736328125;0.18798828125;0.32763671875;0.720703125;0.70703125;0.19091796875;0.724609375;0.689453125;0.1806640625;0.8
42;42;89.99;0.140625;0.328125;0.609375;0.19140625;0.12109375;0.6875;0.71875;0.19921875;0.78125;0.734375;0.1953125;0.6953125;0.6953125;0.193359375;0.333984375;0.7421875;0.796875;0.2109375;0.7890625;0.828125;0.21875;0.8203125;0.8359375;0.21484375;0.734375;0.75;0.205078125;0.349609375;0.74609375;0.78515625;0.216796875;0.80859375;0.84375;0.220703125;0.8359375;0.8671875;0.22265625;0.8515625;0.87890625;0.22265625;0.86328125;0.88671875;0.2216796875;0.767578125;0.673828125;0.16796875;0.2783203125;0.685546875;0.673828125;0.17724609375;0.6953125;0.671875;0.1748046875;0.8;0.140625;0.359375;0.609375;0.1875;0.12890625;0.703125;0.703125;0.19921875;0.765625;0.734375;0.19140625;0.6953125;0.6875;0.19140625;0.3359375;0.734375;0.7890625;0.208984375;0.7890625;0.828125;0.21875;0.8125;0.84375;0.216796875;0.734375;0.75390625;0.20703125;0.35546875;0.74609375;0.78515625;0.2177734375;0.80859375;0.84765625;0.22265625;0.83984375;0.875;0.224609375;0.859375;0.88671875;0.224609375;0.87109375;0.8984375;0.2255859375;0.787109375;0.740234375;0.18896484375;0.32861328125;0.724609375;0.7109375;0.19189453125;0.7265625;0.697265625;0.1826171875;0.8
43;43;90.05;0.140625;0.328125;0.625;0.1953125;0.12109375;0.6875;0.71875;0.19921875;0.765625;0.734375;0.1953125;0.6953125;0.6875;0.19140625;0.333984375;0.734375;0.7890625;0.208984375;0.7890625;0.828125;0.21875;0.8203125;0.84375;0.21484375;0.734375;0.75;0.2060546875;0.349609375;0.75;0.78515625;0.216796875;0.80859375;0.84375;0.220703125;0.8359375;0.87109375;0.22265625;0.8515625;0.87890625;0.22265625;0.86328125;0.8828125;0.220703125;0.765625;0.66796875;0.1650390625;0.27490234375;0.68359375;0.66796875;0.1748046875;0.6953125;0.669921875;0.1748046875;0.8;0.140625;0.359375;0.609375;0.19140625;0.12890625;0.703125;0.703125;0.1953125;0.765625;0.71875;0.1875;0.6875;0.65625;0.18359375;0.33203125;0.71875;0.765625;0.203125;0.7734375;0.8203125;0.21875;0.8046875;0.828125;0.212890625;0.7265625;0.75;0.2060546875;0.349609375;0.7421875;0.78125;0.216796875;0.80859375;0.84765625;0.22265625;0.83984375;0.87890625;0.224609375;0.859375;0.88671875;0.2255859375;0.87109375;0.90234375;0.2255859375;0.787109375;0.7421875;0.18896484375;0.32861328125;0.72265625;0.70703125;0.1904296875;0.72265625;0.689453125;0.1806640625;0.8
44;44;90.3;0.140625;0.328125;0.609375;0.19140625;0.12109375;0.703125;0.71875;0.19921875;0.78125;0.75;0.1953125;0.6953125;0.703125;0.193359375;0.3359375;0.7421875;0.7890625;0.208984375;0.7890625;0.828125;0.21875;0.8203125;0.8359375;0.212890625;0.734375;0.75390625;0.205078125;0.3486328125;0.75;0.7890625;0.216796875;0.80859375;0.84765625;0.220703125;0.8359375;0.87109375;0.22265625;0.8515625;0.87890625;0.22265625;0.86328125;0.88671875;0.2216796875;0.767578125;0.6796875;0.16796875;0.275390625;0.6875;0.677734375;0.17822265625;0.69921875;0.67578125;0.17626953125;0.8;0.140625;0.359375;0.609375;0.1875;0.12890625;0.703125;0.703125;0.19921875;0.765625;0.734375;0.19140625;0.6953125;0.6796875;0.189453125;0.3359375;0.7265625;0.7734375;0.20703125;0.78125;0.8203125;0.21875;0.8125;0.8359375;0.21484375;0.73046875;0.75390625;0.20703125;0.3515625;0.74609375;0.78515625;0.216796875;0.80859375;0.84765625;0.22265625;0.83984375;0.875;0.224609375;0.859375;0.88671875;0.2255859375;0.87109375;0.8984375;0.2255859375;0.787109375;0.736328125;0.1875;0.328125;0.716796875;0.701171875;0.18994140625;0.716796875;0.685546875;0.1806640625;0.8
45;45;89.61;0.140625;0.328125;0.609375;0.19140625;0.12109375;0.6875;0.71875;0.19921875;0.765625;0.75;0.1953125;0.703125;0.6953125;0.1953125;0.3359375;0.7421875;0.796875;0.2109375;0.7890625;0.828125;0.21875;0.8203125;0.8359375;0.21484375;0.73828125;0.75;0.205078125;0.3505859375;0.75;0.78515625;0.216796875;0.80859375;0.84375;0.220703125;0.8359375;0.87109375;0.22265625;0.8515625;0.87890625;0.22265625;0.86328125;0.88671875;0.2216796875;0.767578125;0.673828125;0.16845703125;0.2783203125;0.685546875;0.671875;0.1767578125;0.6953125;0.671875;0.1748046875;0.8;0.140625;0.359375;0.609375;0.1875;0.12890625;0.703125;0.71875;0.19921875;0.765625;0.734375;0.1953125;0.6953125;0.6796875;0.189453125;0.3359375;0.7265625;0.78125;0.20703125;0.7890625;0.828125;0.21875;0.8125;0.8359375;0.216796875;0.73046875;0.75;0.2060546875;0.353515625;0.74609375;0.78515625;0.2177734375;0.80859375;0.8515625;0.22265625;0.83984375;0.875;0.224609375;0.859375;0.890625;0.2255859375;0.87109375;0.90234375;0.2255859375;0.787109375;0.740234375;0.18896484375;0.3291015625;0.72265625;0.708984375;0.19140625;0.7265625;0.697265625;0.18310546875;0.8
46;46;90.29;0.140625;0.328125;0.609375;0.19140625;0.12109375;0.703125;0.71875;0.19921875;0.78125;0.734375;0.1953125;0.703125;0.6953125;0.1953125;0.337890625;0.7421875;0.7890625;0.208984375;0.796875;0.828125;0.21875;0.8203125;0.84375;0.216796875;0.73828125;0.75;0.205078125;0.3505859375;0.75;0.78515625;0.216796875;0.8125;0.84375;0.220703125;0.8359375;0.8671875;0.22265625;0.8515625;0.87890625;0.22265625;0.86328125;0.88671875;0.220703125;0.767578125;0.673828125;0.16796875;0.275390625;0.681640625;0.673828125;0.1787109375;0.693359375;0.669921875;0.17626953125;0.8;0.15625;0.359375;0.609375;0.1875;0.12890625;0.703125;0.71875;0.19921875;0.765625;0.71875;0.19140625;0.6875;0.671875;0.1875;0.3359375;0.7265625;0.7734375;0.205078125;0.78125;0.8203125;0.21875;0.8125;0.8359375;0.216796875;0.73046875;0.75;0.2060546875;0.3515625;0.74609375;0.78515625;0.2177734375;0.8125;0.8515625;0.22265625;0.83984375;0.875;0.224609375;0.859375;0.88671875;0.2255859375;0.87109375;0.8984375;0.2255859375;0.78515625;0.73828125;0.1884765625;0.32861328125;0.71875;0.701171875;0.18994140625;0.720703125;0.6875;0.181640625;0.8
47;47;89.55;0.140625;0.328125;0.625;0.19140625;0.12109375;0.703125;0.71875;0.19921875;0.765625;0.75;0.1953125;0.703125;0.703125;0.1953125;0.3359375;0.7421875;0.796875;0.2109375;0.7890625;0.828125;0.21875;0.8203125;0.84375;0.216796875;0.73828125;0.75;0.205078125;0.349609375;0.74609375;0.78125;0.216796875;0.80859375;0.84375;0.220703125;0.8359375;0.8671875;0.22265625;0.8515625;0.87890625;0.22265625;0.86328125;0.8828125;0.220703125;0.765625;0.669921875;0.16845703125;0.27734375;0.685546875;0.66796875;0.177734375;0.69140625;0.6640625;0.173828125;0.8;0.140625;0.359375;0.609375;0.1875;0.12890625;0.703125;0.71875;0.19921875;0.765625;0.75;0.1953125;0.6953125;0.6796875;0.189453125;0.3359375;0.7265625;0.7734375;0.20703125;0.78125;0.8203125;0.21875;0.8125;0.8359375;0.216796875;0.73046875;0.75;0.2060546875;0.3525390625;0.7421875;0.78125;0.2177734375;0.80859375;0.84765625;0.22265625;0.83984375;0.875;0.224609375;0.859375;0.88671875;0.2255859375;0.87109375;0.8984375;0.2255859375;0.787109375;0.736328125;0.18896484375;0.32861328125;0.720703125;0.703125;0.1904296875;0.72265625;0.69140625;0.181640625;0.8
48;48;90.64;0.140625;0.34375;0.625;0.19140625;0.125;0.703125;0.71875;0.19921875;0.765625;0.734375;0.1953125;0.6953125;0.6875;0.193359375;0.3359375;0.7421875;0.796875;0.208984375;0.7890625;0.8203125;0.21875;0.8203125;0.8359375;0.216796875;0.73828125;0.75;0.2060546875;0.349609375;0.75;0.78515625;0.216796875;0.8125;0.84765625;0.220703125;0.8359375;0.87109375;0.22265625;0.85546875;0.87890625;0.22265625;0.86328125;0.88671875;0.2216796875;0.767578125;0.6796875;0.17041015625;0.27880859375;0.69140625;0.677734375;0.1806640625;0.69921875;0.673828125;0.1767578125;0.8;0.140625;0.359375;0.609375;0.1875;0.12890625;0.703125;0.71875;0.19921875;0.765625;0.734375;0.19140625;0.6953125;0.671875;0.189453125;0.333984375;0.7265625;0.78125;0.208984375;0.78125;0.8203125;0.21875;0.8125;0.84375;0.216796875;0.73046875;0.75;0.20703125;0.353515625;0.74609375;0.78125;0.2177734375;0.80859375;0.8515625;0.2236328125;0.83984375;0.87890625;0.224609375;0.859375;0.890625;0.2255859375;0.87109375;0.90234375;0.2255859375;0.787109375;0.740234375;0.18896484375;0.330078125;0.720703125;0.703125;0.19091796875;0.72265625;0.693359375;0.1826171875;0.8
49;49;90.31;0.140625;0.34375;0.625;0.1953125;0.125;0.703125;0.734375;0.203125;0.78125;0.75;0.19921875;0.703125;0.6953125;0.1953125;0.33984375;0.7421875;0.796875;0.2109375;0.7890625;0.828125;0.21875;0.8203125;0.84375;0.216796875;0.73828125;0.75;0.205078125;0.3505859375;0.75;0.78515625;0.2177734375;0.8125;0.84765625;0.2216796875;0.83984375;0.87109375;0.2236328125;0.85546875;0.87890625;0.22265625;0.86328125;0.88671875;0.2216796875;0.767578125;0.669921875;0.1669921875;0.279296875;0.685546875;0.673828125;0.17919921875;0.69140625;0.66796875;0.17529296875;0.8;0.15625;0.359375;0.609375;0.1875;0.12890625;0.703125;0.71875;0.19921875;0.765625;0.734375;0.19140625;0.6953125;0.6796875;0.19140625;0.3359375;0.7265625;0.78125;0.208984375;0.7890625;0.8203125;0.21875;0.8125;0.84375;0.216796875;0.73046875;0.75;0.20703125;0.353515625;0.74609375;0.78125;0.2177734375;0.80859375;0.84765625;0.22265625;0.83984375;0.875;0.224609375;0.859375;0.88671875;0.2255859375;0.87109375;0.8984375;0.2255859375;0.78515625;0.734375;0.18798828125;0.32861328125;0.716796875;0.697265625;0.189453125;0.716796875;0.68359375;0.1806640625;0.8
50;50;90.85;0.140625;0.328125;0.609375;0.19140625;0.12109375;0.703125;0.71875;0.203125;0.78125;0.734375;0.1953125;0.6953125;0.6875;0.19140625;0.3359375;0.734375;0.7890625;0.208984375;0.7890625;0.828125;0.21875;0.8203125;0.8359375;0.21484375;0.734375;0.74609375;0.205078125;0.3486328125;0.74609375;0.78515625;0.216796875;0.8125;0.84765625;0.2216796875;0.8359375;0.87109375;0.2236328125;0.8515625;0.8828125;0.2236328125;0.86328125;0.88671875;0.2216796875;0.76953125;0.677734375;0.16943359375;0.27978515625;0.689453125;0.68359375;0.181640625;0.697265625;0.677734375;0.17724609375;0.8;0.15625;0.359375;0.609375;0.1875;0.12890625;0.703125;0.71875;0.203125;0.765625;0.734375;0.19140625;0.6953125;0.671875;0.1875;0.3359375;0.7265625;0.78125;0.20703125;0.78125;0.8203125;0.21875;0.8125;0.8359375;0.216796875;0.73046875;0.74609375;0.2060546875;0.3515625;0.7421875;0.78125;0.2177734375;0.80859375;0.84765625;0.22265625;0.83984375;0.875;0.224609375;0.859375;0.88671875;0.2255859375;0.87109375;0.8984375;0.2255859375;0.787109375;0.73828125;0.1884765625;0.3291015625;0.71875;0.701171875;0.18994140625;0.72265625;0.69140625;0.18212890625;0.8
51;51;90.44;0.140625;0.328125;0.609375;0.19140625;0.12109375;0.703125;0.71875;0.19921875;0.78125;0.734375;0.1953125;0.6953125;0.6875;0.19140625;0.333984375;0.734375;0.7890625;0.208984375;0.7890625;0.828125;0.21875;0.8125;0.8359375;0.21484375;0.734375;0.74609375;0.205078125;0.3486328125;0.75;0.78515625;0.216796875;0.8125;0.84375;0.2216796875;0.83984375;0.87109375;0.2236328125;0.8515625;0.87890625;0.22265625;0.86328125;0.88671875;0.2216796875;0.767578125;0.673828125;0.16845703125;0.27880859375;0.6875;0.677734375;0.18017578125;0.69921875;0.677734375;0.1767578125;0.8;0.15625;0.359375;0.609375;0.1875;0.12890625;0.703125;0.703125;0.19921875;0.765625;0.734375;0.19140625;0.6875;0.65625;0.185546875;0.333984375;0.71875;0.765625;0.205078125;0.78125;0.8203125;0.21875;0.8046875;0.8359375;0.21484375;0.7265625;0.74609375;0.2060546875;0.3505859375;0.74609375;0.78125;0.2177734375;0.80859375;0.8515625;0.2236328125;0.83984375;0.87890625;0.224609375;0.859375;0.88671875;0.2255859375;0.87109375;0.8984375;0.2255859375;0.787109375;0.736328125;0.1884765625;0.32958984375;0.71875;0.701171875;0.1904296875;0.72265625;0.693359375;0.18310546875;0.8
52;52;90.79;0.140625;0.328125;0.625;0.1953125;0.12109375;0.703125;0.71875;0.19921875;0.78125;0.734375;0.1953125;0.6953125;0.6875;0.19140625;0.3359375;0.734375;0.7890625;0.20703125;0.7890625;0.8203125;0.21875;0.8125;0.8359375;0.21484375;0.734375;0.74609375;0.205078125;0.34765625;0.74609375;0.78515625;0.2177734375;0.8125;0.84765625;0.2216796875;0.8359375;0.87109375;0.2236328125;0.85546875;0.8828125;0.2236328125;0.86328125;0.890625;0.2236328125;0.771484375;0.6875;0.173828125;0.28466796875;0.6953125;0.685546875;0.18310546875;0.703125;0.6796875;0.1767578125;0.8;0.15625;0.359375;0.625;0.19140625;0.12890625;0.703125;0.71875;0.19921875;0.765625;0.734375;0.19140625;0.6953125;0.671875;0.189453125;0.3359375;0.7265625;0.7734375;0.20703125;0.78125;0.8203125;0.21875;0.8125;0.8359375;0.216796875;0.73046875;0.74609375;0.2060546875;0.353515625;0.74609375;0.78125;0.2177734375;0.8125;0.8515625;0.2236328125;0.83984375;0.87890625;0.2255859375;0.859375;0.88671875;0.2255859375;0.87109375;0.90234375;0.2265625;0.787109375;0.740234375;0.189453125;0.32958984375;0.724609375;0.70703125;0.19091796875;0.7265625;0.697265625;0.18310546875;0.8
53;53;91.03;0.140625;0.34375;0.625;0.19140625;0.125;0.703125;0.71875;0.19921875;0.765625;0.734375;0.1953125;0.6953125;0.6875;0.19140625;0.3359375;0.734375;0.7890625;0.208984375;0.7890625;0.828125;0.21875;0.8203125;0.84375;0.216796875;0.734375;0.75;0.2060546875;0.349609375;0.75;0.7890625;0.2177734375;0.8125;0.8515625;0.2216796875;0.83984375;0.875;0.224609375;0.85546875;0.8828125;0.224609375;0.8671875;0.89453125;0.2236328125;0.775390625;0.69140625;0.17529296875;0.2890625;0.701171875;0.69140625;0.18408203125;0.70703125;0.68359375;0.17822265625;0.8;0.15625;0.359375;0.609375;0.1875;0.12890625;0.703125;0.703125;0.19921875;0.765625;0.71875;0.1875;0.6875;0.65625;0.18359375;0.333984375;0.71875;0.765625;0.203125;0.78125;0.8203125;0.21875;0.8046875;0.8359375;0.216796875;0.7265625;0.74609375;0.2060546875;0.3505859375;0.7421875;0.78125;0.2177734375;0.80859375;0.8515625;0.2236328125;0.83984375;0.875;0.224609375;0.859375;0.88671875;0.2255859375;0.87109375;0.8984375;0.2255859375;0.787109375;0.736328125;0.18896484375;0.32958984375;0.720703125;0.705078125;0.19091796875;0.7265625;0.6953125;0.18310546875;0.8
54;54;90.79;0.140625;0.34375;0.625;0.1953125;0.125;0.703125;0.71875;0.19921875;0.78125;0.734375;0.1953125;0.6953125;0.6875;0.193359375;0.3359375;0.7421875;0.7890625;0.2109375;0.7890625;0.828125;0.21875;0.8203125;0.84375;0.21875;0.73828125;0.75;0.2060546875;0.3505859375;0.75;0.78515625;0.2177734375;0.8125;0.84765625;0.22265625;0.83984375;0.875;0.224609375;0.85546875;0.88671875;0.224609375;0.8671875;0.89453125;0.224609375;0.77734375;0.69921875;0.17822265625;0.2939453125;0.708984375;0.693359375;0.18505859375;0.708984375;0.68359375;0.17822265625;0.8;0.15625;0.359375;0.625;0.1875;0.12890625;0.703125;0.703125;0.19921875;0.765625;0.71875;0.19140625;0.6875;0.6640625;0.1875;0.333984375;0.71875;0.7734375;0.205078125;0.78125;0.8203125;0.21875;0.8125;0.8359375;0.216796875;0.73046875;0.74609375;0.2060546875;0.3515625;0.7421875;0.78125;0.2177734375;0.8125;0.8515625;0.2236328125;0.83984375;0.87890625;0.224609375;0.859375;0.88671875;0.2255859375;0.87109375;0.8984375;0.2255859375;0.787109375;0.73828125;0.18896484375;0.330078125;0.72265625;0.705078125;0.19091796875;0.7265625;0.693359375;0.18359375;0.8
55;55;90.96;0.140625;0.328125;0.609375;0.19140625;0.1171875;0.6875;0.71875;0.19921875;0.765625;0.734375;0.1953125;0.6953125;0.6875;0.193359375;0.33203125;0.734375;0.7890625;0.208984375;0.7890625;0.828125;0.21875;0.8203125;0.84375;0.21875;0.73828125;0.75390625;0.20703125;0.3505859375;0.75;0.78515625;0.2177734375;0.8125;0.8515625;0.22265625;0.83984375;0.87890625;0.224609375;0.859375;0.88671875;0.224609375;0.8671875;0.89453125;0.224609375;0.779296875;0.705078125;0.18017578125;0.296875;0.7109375;0.697265625;0.18603515625;0.71484375;0.689453125;0.1796875;0.8;0.15625;0.359375;0.625;0.1875;0.12890625;0.703125;0.703125;0.19921875;0.765625;0.71875;0.19140625;0.6875;0.6640625;0.1875;0.333984375;0.71875;0.7734375;0.20703125;0.78125;0.8203125;0.21875;0.8125;0.84375;0.216796875;0.73046875;0.75;0.20703125;0.3525390625;0.7421875;0.78125;0.2177734375;0.80859375;0.8515625;0.2236328125;0.83984375;0.87890625;0.2255859375;0.859375;0.88671875;0.2255859375;0.87109375;0.8984375;0.2265625;0.787109375;0.736328125;0.189453125;0.32958984375;0.72265625;0.705078125;0.19091796875;0.724609375;0.6953125;0.1826171875;0.8
56;56;91.12;0.140625;0.328125;0.609375;0.19140625;0.12109375;0.703125;0.71875;0.19921875;0.765625;0.734375;0.1953125;0.6953125;0.6953125;0.193359375;0.3359375;0.7421875;0.7890625;0.208984375;0.7890625;0.828125;0.21875;0.8203125;0.8359375;0.21484375;0.734375;0.74609375;0.205078125;0.3486328125;0.74609375;0.78125;0.2177734375;0.8125;0.84765625;0.2216796875;0.83984375;0.875;0.224609375;0.85546875;0.88671875;0.224609375;0.8671875;0.89453125;0.224609375;0.77734375;0.69921875;0.1787109375;0.2919921875;0.70703125;0.697265625;0.18603515625;0.712890625;0.69140625;0.1796875;0.8;0.15625;0.359375;0.609375;0.1875;0.12890625;0.703125;0.703125;0.19921875;0.765625;0.71875;0.19140625;0.6875;0.671875;0.1875;0.333984375;0.71875;0.7734375;0.20703125;0.78125;0.8203125;0.21875;0.8125;0.8359375;0.216796875;0.73046875;0.74609375;0.2060546875;0.3515625;0.7421875;0.78125;0.2177734375;0.80859375;0.8515625;0.2236328125;0.83984375;0.87890625;0.2255859375;0.859375;0.890625;0.2255859375;0.87109375;0.8984375;0.2255859375;0.787109375;0.73828125;0.189453125;0.32958984375;0.72265625;0.70703125;0.19091796875;0.7265625;0.693359375;0.1826171875;0.8
57;57;91.21;0.140625;0.328125;0.625;0.19140625;0.125;0.703125;0.71875;0.19921875;0.765625;0.734375;0.1953125;0.6953125;0.6875;0.193359375;0.3359375;0.734375;0.7890625;0.208984375;0.7890625;0.828125;0.21875;0.8203125;0.8359375;0.216796875;0.734375;0.75;0.205078125;0.349609375;0.75;0.78515625;0.2177734375;0.8125;0.84765625;0.2216796875;0.83984375;0.875;0.2236328125;0.85546875;0.8828125;0.2236328125;0.8671875;0.89453125;0.2236328125;0.7734375;0.689453125;0.17529296875;0.28564453125;0.697265625;0.685546875;0.18359375;0.70703125;0.6796875;0.17724609375;0.8;0.15625;0.359375;0.625;0.19140625;0.12890625;0.703125;0.71875;0.19921875;0.765625;0.734375;0.19140625;0.6953125;0.6796875;0.19140625;0.3359375;0.7265625;0.78125;0.208984375;0.7890625;0.8203125;0.21875;0.8125;0.84375;0.21875;0.73046875;0.75;0.20703125;0.353515625;0.7421875;0.78125;0.2177734375;0.8125;0.8515625;0.2236328125;0.83984375;0.87890625;0.2255859375;0.859375;0.890625;0.2255859375;0.875;0.90234375;0.2265625;0.7890625;0.7421875;0.1904296875;0.33056640625;0.7265625;0.708984375;0.19140625;0.728515625;0.697265625;0.18359375;0.8
58;58;91.09;0.140625;0.328125;0.625;0.19140625;0.12109375;0.703125;0.71875;0.19921875;0.765625;0.734375;0.1953125;0.6953125;0.6875;0.193359375;0.333984375;0.734375;0.7890625;0.208984375;0.7890625;0.828125;0.21875;0.8203125;0.8359375;0.216796875;0.73828125;0.75390625;0.2060546875;0.349609375;0.75;0.78515625;0.2177734375;0.8125;0.8515625;0.22265625;0.83984375;0.87890625;0.224609375;0.859375;0.88671875;0.224609375;0.87109375;0.8984375;0.2255859375;0.779296875;0.70703125;0.1806640625;0.294921875;0.7109375;0.697265625;0.18603515625;0.712890625;0.685546875;0.17822265625;0.8;0.15625;0.359375;0.625;0.1875;0.12890625;0.703125;0.71875;0.19921875;0.765625;0.734375;0.19140625;0.6953125;0.671875;0.189453125;0.3359375;0.7265625;0.7734375;0.20703125;0.78125;0.8203125;0.21875;0.8125;0.8359375;0.216796875;0.73046875;0.74609375;0.20703125;0.3525390625;0.7421875;0.78125;0.2177734375;0.8125;0.8515625;0.2236328125;0.83984375;0.87890625;0.2255859375;0.86328125;0.890625;0.2255859375;0.875;0.90234375;0.2265625;0.7890625;0.740234375;0.1904296875;0.33056640625;0.7265625;0.70703125;0.19140625;0.728515625;0.69921875;0.18359375;0.8
59;59;91.02;0.140625;0.328125;0.609375;0.19140625;0.12109375;0.703125;0.71875;0.19921875;0.765625;0.734375;0.1953125;0.6953125;0.6953125;0.193359375;0.333984375;0.734375;0.7890625;0.208984375;0.7890625;0.828125;0.21875;0.8125;0.8359375;0.216796875;0.734375;0.75390625;0.2060546875;0.3486328125;0.75;0.78515625;0.2177734375;0.8125;0.8515625;0.22265625;0.83984375;0.875;0.224609375;0.859375;0.88671875;0.224609375;0.8671875;0.89453125;0.224609375;0.779296875;0.70703125;0.18017578125;0.29248046875;0.708984375;0.69921875;0.18701171875;0.716796875;0.693359375;0.18017578125;0.8;0.15625;0.359375;0.625;0.19140625;0.12890625;0.703125;0.71875;0.19921875;0.765625;0.734375;0.19140625;0.6953125;0.671875;0.1875;0.3359375;0.71875;0.7734375;0.20703125;0.78125;0.8203125;0.21875;0.8046875;0.8359375;0.21484375;0.73046875;0.74609375;0.2060546875;0.3505859375;0.7421875;0.78125;0.2177734375;0.80859375;0.84765625;0.2236328125;0.83984375;0.87890625;0.2255859375;0.859375;0.890625;0.2255859375;0.87109375;0.8984375;0.2265625;0.7890625;0.740234375;0.1904296875;0.3291015625;0.724609375;0.70703125;0.19091796875;0.728515625;0.697265625;0.18359375;0.8
60;60;91.62;0.140625;0.328125;0.609375;0.19140625;0.12109375;0.703125;0.71875;0.19921875;0.765625;0.734375;0.1953125;0.6953125;0.6953125;0.193359375;0.333984375;0.734375;0.7890625;0.2109375;0.7890625;0.828125;0.21875;0.8203125;0.8359375;0.21484375;0.734375;0.75;0.205078125;0.3486328125;0.75;0.78125;0.216796875;0.8125;0.84765625;0.2216796875;0.8359375;0.875;0.2236328125;0.85546875;0.8828125;0.2236328125;0.8671875;0.89453125;0.2236328125;0.7734375;0.697265625;0.17626953125;0.28369140625;0.69921875;0.6875;0.18408203125;0.703125;0.6796875;0.17724609375;0.8;0.15625;0.359375;0.625;0.19140625;0.12890625;0.703125;0.71875;0.19921875;0.765625;0.734375;0.19140625;0.6953125;0.6640625;0.1875;0.3359375;0.71875;0.7734375;0.20703125;0.78125;0.8203125;0.21875;0.8125;0.8359375;0.21484375;0.73046875;0.74609375;0.2060546875;0.3505859375;0.7421875;0.78125;0.2177734375;0.80859375;0.84765625;0.2236328125;0.83984375;0.87890625;0.2255859375;0.86328125;0.890625;0.2255859375;0.875;0.90234375;0.2265625;0.7890625;0.7421875;0.1904296875;0.330078125;0.7265625;0.70703125;0.19091796875;0.728515625;0.697265625;0.18359375;0.8
61;61;91.27;0.15625;0.34375;0.625;0.19140625;0.125;0.703125;0.71875;0.203125;0.78125;0.75;0.1953125;0.703125;0.6953125;0.1953125;0.337890625;0.7421875;0.796875;0.2109375;0.796875;0.828125;0.21875;0.8203125;0.84375;0.216796875;0.73828125;0.75390625;0.2060546875;0.3505859375;0.75;0.78515625;0.2177734375;0.8125;0.84765625;0.2216796875;0.83984375;0.875;0.224609375;0.85546875;0.88671875;0.224609375;0.8671875;0.89453125;0.2236328125;0.775390625;0.6953125;0.17626953125;0.287109375;0.69921875;0.685546875;0.18359375;0.703125;0.67578125;0.17626953125;0.8;0.15625;0.359375;0.609375;0.1875;0.12890625;0.703125;0.71875;0.203125;0.765625;0.734375;0.19140625;0.6953125;0.6796875;0.189453125;0.3359375;0.7265625;0.78125;0.20703125;0.78125;0.8203125;0.21875;0.8125;0.84375;0.216796875;0.73046875;0.75;0.20703125;0.3525390625;0.7421875;0.78125;0.2177734375;0.8125;0.8515625;0.2236328125;0.83984375;0.87890625;0.2255859375;0.86328125;0.890625;0.2255859375;0.875;0.90234375;0.2265625;0.7890625;0.7421875;0.1904296875;0.33056640625;0.7265625;0.70703125;0.19091796875;0.7265625;0.693359375;0.1826171875;0.8
62;62;91.53;0.140625;0.328125;0.625;0.19140625;0.12109375;0.703125;0.71875;0.203125;0.78125;0.734375;0.1953125;0.6953125;0.6875;0.193359375;0.3359375;0.7421875;0.7890625;0.208984375;0.7890625;0.828125;0.21875;0.8203125;0.84375;0.21484375;0.73828125;0.75;0.205078125;0.349609375;0.75;0.78515625;0.2177734375;0.8125;0.84375;0.220703125;0.8359375;0.875;0.2236328125;0.85546875;0.8828125;0.2236328125;0.86328125;0.890625;0.22265625;0.76953125;0.68359375;0.171875;0.28076171875;0.69140625;0.6796875;0.181640625;0.6953125;0.669921875;0.17626953125;0.8;0.15625;0.359375;0.609375;0.1875;0.12890625;0.703125;0.71875;0.19921875;0.765625;0.71875;0.19140625;0.6875;0.6640625;0.1875;0.333984375;0.7265625;0.7734375;0.20703125;0.78125;0.8203125;0.21875;0.8125;0.8359375;0.216796875;0.73046875;0.75;0.20703125;0.3515625;0.74609375;0.78125;0.2177734375;0.8125;0.8515625;0.2236328125;0.83984375;0.87890625;0.2255859375;0.86328125;0.890625;0.2255859375;0.875;0.90234375;0.2265625;0.7890625;0.740234375;0.18994140625;0.33056640625;0.72265625;0.703125;0.1904296875;0.72265625;0.689453125;0.1826171875;0.8
63;63;91.22;0.140625;0.328125;0.625;0.19140625;0.12109375;0.703125;0.71875;0.19921875;0.78125;0.734375;0.1953125;0.703125;0.6953125;0.1953125;0.337890625;0.7421875;0.796875;0.2109375;0.796875;0.828125;0.21875;0.8203125;0.84375;0.21484375;0.73828125;0.75390625;0.205078125;0.3505859375;0.75;0.78125;0.216796875;0.8125;0.84375;0.2197265625;0.8359375;0.87109375;0.22265625;0.85546875;0.87890625;0.22265625;0.86328125;0.88671875;0.220703125;0.765625;0.669921875;0.16748046875;0.2724609375;0.685546875;0.67578125;0.18115234375;0.693359375;0.673828125;0.1767578125;0.8;0.15625;0.359375;0.625;0.19140625;0.12890625;0.703125;0.71875;0.19921875;0.765625;0.734375;0.19140625;0.6953125;0.6796875;0.19140625;0.3359375;0.7265625;0.78125;0.208984375;0.7890625;0.828125;0.21875;0.8125;0.84375;0.21875;0.734375;0.75;0.20703125;0.3544921875;0.74609375;0.78125;0.2177734375;0.8125;0.8515625;0.2236328125;0.83984375;0.87890625;0.2255859375;0.86328125;0.890625;0.2255859375;0.875;0.90234375;0.2265625;0.7890625;0.73828125;0.189453125;0.3310546875;0.720703125;0.701171875;0.18994140625;0.720703125;0.6875;0.181640625;0.8
64;64;91.64;0.140625;0.328125;0.609375;0.19140625;0.12109375;0.703125;0.71875;0.19921875;0.765625;0.734375;0.1953125;0.6953125;0.6953125;0.193359375;0.333984375;0.734375;0.796875;0.2109375;0.7890625;0.828125;0.21875;0.8203125;0.84375;0.216796875;0.73828125;0.75;0.2060546875;0.349609375;0.75;0.78515625;0.216796875;0.8125;0.84765625;0.2216796875;0.83984375;0.875;0.2236328125;0.85546875;0.88671875;0.224609375;0.8671875;0.89453125;0.2236328125;0.7734375;0.697265625;0.1767578125;0.28369140625;0.69921875;0.693359375;0.18603515625;0.705078125;0.681640625;0.177734375;0.8;0.15625;0.359375;0.625;0.19140625;0.12890625;0.703125;0.71875;0.19921875;0.765625;0.734375;0.19140625;0.6953125;0.6796875;0.189453125;0.337890625;0.7265625;0.78125;0.208984375;0.7890625;0.828125;0.21875;0.8125;0.84375;0.216796875;0.734375;0.75390625;0.20703125;0.353515625;0.74609375;0.78125;0.2177734375;0.8125;0.8515625;0.2236328125;0.84375;0.87890625;0.2255859375;0.86328125;0.890625;0.2265625;0.875;0.90234375;0.2265625;0.7890625;0.740234375;0.18994140625;0.3310546875;0.72265625;0.703125;0.18994140625;0.724609375;0.69140625;0.1826171875;0.8
65;65;91.45;0.140625;0.328125;0.625;0.1953125;0.12109375;0.703125;0.71875;0.19921875;0.765625;0.734375;0.1953125;0.6953125;0.6875;0.193359375;0.333984375;0.734375;0.796875;0.2109375;0.7890625;0.828125;0.21875;0.8203125;0.84375;0.216796875;0.734375;0.75;0.2060546875;0.3486328125;0.75;0.78125;0.2177734375;0.8125;0.84765625;0.2216796875;0.83984375;0.875;0.2236328125;0.859375;0.8828125;0.224609375;0.8671875;0.89453125;0.2236328125;0.7734375;0.693359375;0.1767578125;0.28759765625;0.697265625;0.685546875;0.18408203125;0.701171875;0.671875;0.17626953125;0.8;0.15625;0.359375;0.625;0.19140625;0.12890625;0.703125;0.71875;0.19921875;0.765625;0.734375;0.19140625;0.6953125;0.6796875;0.189453125;0.3359375;0.7265625;0.78125;0.208984375;0.7890625;0.8203125;0.21875;0.8125;0.84375;0.216796875;0.734375;0.75;0.20703125;0.353515625;0.74609375;0.78125;0.2177734375;0.8125;0.8515625;0.2236328125;0.84375;0.87890625;0.2255859375;0.86328125;0.890625;0.2255859375;0.875;0.90234375;0.2265625;0.7890625;0.740234375;0.1904296875;0.3310546875;0.724609375;0.703125;0.1904296875;0.724609375;0.69140625;0.1826171875;0.8
66;66;91.58;0.140625;0.34375;0.625;0.1953125;0.125;0.703125;0.734375;0.203125;0.78125;0.75;0.19921875;0.703125;0.703125;0.1953125;0.33984375;0.7421875;0.796875;0.2109375;0.796875;0.828125;0.21875;0.8203125;0.84375;0.216796875;0.7421875;0.75390625;0.2060546875;0.3515625;0.75390625;0.78515625;0.216796875;0.81640625;0.84765625;0.2216796875;0.83984375;0.87890625;0.2236328125;0.859375;0.88671875;0.2236328125;0.8671875;0.89453125;0.22265625;0.7734375;0.689453125;0.173828125;0.28271484375;0.697265625;0.685546875;0.18359375;0.703125;0.677734375;0.177734375;0.8;0.15625;0.359375;0.625;0.19140625;0.12890625;0.703125;0.71875;0.19921875;0.765625;0.734375;0.19140625;0.6953125;0.6796875;0.189453125;0.3359375;0.7265625;0.78125;0.208984375;0.7890625;0.8203125;0.21875;0.8125;0.84375;0.216796875;0.734375;0.75;0.20703125;0.353515625;0.74609375;0.78125;0.2177734375;0.8125;0.8515625;0.2236328125;0.84375;0.87890625;0.2255859375;0.86328125;0.890625;0.2265625;0.875;0.90234375;0.2265625;0.791015625;0.744140625;0.19091796875;0.3310546875;0.7265625;0.705078125;0.19091796875;0.728515625;0.693359375;0.1826171875;0.8
67;67;91.57;0.140625;0.34375;0.625;0.1953125;0.12109375;0.703125;0.734375;0.203125;0.78125;0.75;0.19921875;0.703125;0.6953125;0.1953125;0.337890625;0.7421875;0.796875;0.2109375;0.796875;0.828125;0.21875;0.8203125;0.84375;0.216796875;0.73828125;0.75390625;0.20703125;0.349609375;0.75390625;0.78515625;0.2177734375;0.81640625;0.8515625;0.2216796875;0.83984375;0.87890625;0.224609375;0.859375;0.88671875;0.224609375;0.87109375;0.8984375;0.224609375;0.779296875;0.705078125;0.17919921875;0.291015625;0.705078125;0.69140625;0.18505859375;0.708984375;0.685546875;0.17919921875;0.8;0.15625;0.359375;0.625;0.19140625;0.12890625;0.703125;0.71875;0.19921875;0.78125;0.75;0.1953125;0.703125;0.6875;0.19140625;0.337890625;0.734375;0.7890625;0.2109375;0.7890625;0.828125;0.21875;0.8125;0.84375;0.21875;0.734375;0.75390625;0.20703125;0.3544921875;0.74609375;0.78125;0.2177734375;0.8125;0.8515625;0.2236328125;0.84375;0.87890625;0.2255859375;0.86328125;0.890625;0.2265625;0.875;0.90234375;0.2265625;0.791015625;0.744140625;0.19091796875;0.3310546875;0.7265625;0.705078125;0.1904296875;0.7265625;0.6953125;0.18310546875;0.8
68;68;91.39;0.15625;0.34375;0.625;0.1953125;0.125;0.703125;0.71875;0.19921875;0.765625;0.734375;0.1953125;0.6953125;0.6953125;0.193359375;0.333984375;0.734375;0.7890625;0.208984375;0.7890625;0.828125;0.21875;0.8203125;0.8359375;0.21484375;0.734375;0.74609375;0.205078125;0.3486328125;0.74609375;0.78125;0.216796875;0.8125;0.84375;0.2216796875;0.83984375;0.875;0.2236328125;0.85546875;0.88671875;0.224609375;0.8671875;0.89453125;0.2236328125;0.7734375;0.697265625;0.17724609375;0.2841796875;0.69921875;0.689453125;0.18505859375;0.705078125;0.681640625;0.17822265625;0.8;0.15625;0.359375;0.625;0.1875;0.12890625;0.703125;0.71875;0.19921875;0.765625;0.734375;0.1953125;0.6953125;0.6796875;0.189453125;0.3359375;0.7265625;0.78125;0.208984375;0.7890625;0.8203125;0.21875;0.8125;0.84375;0.216796875;0.734375;0.75;0.20703125;0.353515625;0.74609375;0.78125;0.2177734375;0.8125;0.8515625;0.2236328125;0.83984375;0.87890625;0.2255859375;0.86328125;0.890625;0.2265625;0.875;0.90234375;0.2265625;0.7890625;0.7421875;0.1904296875;0.3310546875;0.724609375;0.703125;0.1904296875;0.724609375;0.693359375;0.1826171875;0.8
69;69;91.52;0.140625;0.328125;0.609375;0.19140625;0.12109375;0.6875;0.71875;0.19921875;0.765625;0.734375;0.1953125;0.6953125;0.6953125;0.193359375;0.333984375;0.734375;0.7890625;0.2109375;0.7890625;0.828125;0.21875;0.8203125;0.8359375;0.21484375;0.734375;0.74609375;0.205078125;0.34765625;0.74609375;0.78125;0.216796875;0.80859375;0.84375;0.2216796875;0.83984375;0.87109375;0.2236328125;0.85546875;0.8828125;0.2236328125;0.8671875;0.89453125;0.2236328125;0.771484375;0.69140625;0.17529296875;0.28369140625;0.6953125;0.68359375;0.18359375;0.701171875;0.677734375;0.1767578125;0.8;0.15625;0.359375;0.609375;0.1875;0.12890625;0.703125;0.71875;0.19921875;0.765625;0.734375;0.19140625;0.6953125;0.6796875;0.189453125;0.3359375;0.7265625;0.78125;0.208984375;0.7890625;0.8203125;0.21875;0.8125;0.8359375;0.216796875;0.734375;0.75;0.20703125;0.3525390625;0.74609375;0.78125;0.2177734375;0.8125;0.8515625;0.2236328125;0.83984375;0.87890625;0.2255859375;0.86328125;0.890625;0.2265625;0.875;0.90234375;0.2265625;0.7890625;0.7421875;0.1904296875;0.33056640625;0.724609375;0.703125;0.1904296875;0.7265625;0.693359375;0.1826171875;0.8
70;70;91.72;0.140625;0.34375;0.625;0.19140625;0.125;0.703125;0.71875;0.203125;0.78125;0.734375;0.1953125;0.6953125;0.6875;0.193359375;0.3359375;0.7421875;0.796875;0.208984375;0.7890625;0.828125;0.21875;0.8203125;0.84375;0.216796875;0.73828125;0.75390625;0.2060546875;0.349609375;0.75;0.78515625;0.2177734375;0.8125;0.84765625;0.22265625;0.83984375;0.875;0.224609375;0.859375;0.88671875;0.224609375;0.8671875;0.8984375;0.2255859375;0.779296875;0.705078125;0.18017578125;0.2919921875;0.703125;0.689453125;0.18505859375;0.708984375;0.681640625;0.177734375;0.8;0.15625;0.359375;0.609375;0.1875;0.12890625;0.703125;0.71875;0.19921875;0.765625;0.734375;0.19140625;0.6953125;0.6796875;0.189453125;0.3359375;0.7265625;0.78125;0.208984375;0.7890625;0.8203125;0.21875;0.8125;0.84375;0.216796875;0.734375;0.75;0.20703125;0.353515625;0.74609375;0.78125;0.2177734375;0.8125;0.8515625;0.2236328125;0.84375;0.87890625;0.2255859375;0.86328125;0.890625;0.2255859375;0.875;0.90234375;0.2265625;0.7890625;0.7421875;0.19091796875;0.33056640625;0.7265625;0.705078125;0.1904296875;0.7265625;0.6953125;0.18310546875;0.8
71;71;91.75;0.140625;0.34375;0.625;0.1953125;0.12109375;0.703125;0.734375;0.203125;0.78125;0.75;0.1953125;0.703125;0.6953125;0.1953125;0.337890625;0.7421875;0.796875;0.2109375;0.796875;0.828125;0.21875;0.8203125;0.8359375;0.21484375;0.73828125;0.75;0.205078125;0.3486328125;0.75;0.78515625;0.2177734375;0.8125;0.84765625;0.220703125;0.83984375;0.875;0.2236328125;0.85546875;0.88671875;0.224609375;0.8671875;0.89453125;0.2236328125;0.7734375;0.69140625;0.17578125;0.28369140625;0.697265625;0.68359375;0.18408203125;0.701171875;0.673828125;0.1767578125;0.8;0.15625;0.359375;0.625;0.1875;0.12890625;0.703125;0.71875;0.19921875;0.765625;0.734375;0.19140625;0.6953125;0.671875;0.189453125;0.3359375;0.7265625;0.78125;0.208984375;0.7890625;0.8203125;0.21875;0.8125;0.8359375;0.216796875;0.73046875;0.75;0.20703125;0.3525390625;0.74609375;0.78125;0.2177734375;0.8125;0.8515625;0.2236328125;0.83984375;0.87890625;0.2255859375;0.86328125;0.890625;0.2255859375;0.875;0.90234375;0.2265625;0.7890625;0.7421875;0.1904296875;0.33056640625;0.724609375;0.703125;0.1904296875;0.7265625;0.693359375;0.18310546875;0.8
72;72;91.63;0.140625;0.328125;0.609375;0.19140625;0.12109375;0.703125;0.71875;0.19921875;0.78125;0.734375;0.1953125;0.6953125;0.6875;0.193359375;0.3359375;0.734375;0.796875;0.208984375;0.7890625;0.828125;0.21875;0.8203125;0.84375;0.21484375;0.73828125;0.75;0.2060546875;0.3486328125;0.75;0.78515625;0.2177734375;0.8125;0.84765625;0.22265625;0.83984375;0.87890625;0.224609375;0.859375;0.88671875;0.224609375;0.87109375;0.8984375;0.224609375;0.779296875;0.70703125;0.18017578125;0.291015625;0.70703125;0.697265625;0.1865234375;0.7109375;0.6875;0.1796875;0.8;0.15625;0.359375;0.609375;0.1875;0.12890625;0.703125;0.71875;0.19921875;0.765625;0.734375;0.19140625;0.6953125;0.671875;0.189453125;0.3359375;0.7265625;0.78125;0.20703125;0.7890625;0.8203125;0.21875;0.8125;0.84375;0.216796875;0.73046875;0.75;0.20703125;0.3525390625;0.74609375;0.78125;0.2177734375;0.8125;0.8515625;0.2236328125;0.84375;0.87890625;0.2255859375;0.86328125;0.890625;0.2255859375;0.875;0.90234375;0.2265625;0.791015625;0.7421875;0.1904296875;0.33056640625;0.724609375;0.701171875;0.18994140625;0.724609375;0.69140625;0.18310546875;0.8
73;73;91.56;0.140625;0.34375;0.625;0.19140625;0.125;0.703125;0.71875;0.19921875;0.78125;0.734375;0.1953125;0.6953125;0.6953125;0.193359375;0.337890625;0.7421875;0.796875;0.2109375;0.796875;0.828125;0.21875;0.8203125;0.84375;0.216796875;0.7421875;0.7578125;0.20703125;0.3505859375;0.75390625;0.78515625;0.2177734375;0.81640625;0.84765625;0.22265625;0.83984375;0.87890625;0.224609375;0.859375;0.890625;0.224609375;0.87109375;0.8984375;0.2255859375;0.779296875;0.708984375;0.18115234375;0.29248046875;0.708984375;0.697265625;0.1865234375;0.712890625;0.685546875;0.1787109375;0.8;0.15625;0.359375;0.625;0.1875;0.12890625;0.703125;0.71875;0.19921875;0.765625;0.734375;0.19140625;0.6953125;0.6796875;0.189453125;0.3359375;0.7265625;0.78125;0.208984375;0.7890625;0.8203125;0.21875;0.8125;0.84375;0.216796875;0.734375;0.75;0.20703125;0.353515625;0.74609375;0.78125;0.2177734375;0.8125;0.8515625;0.2236328125;0.84375;0.87890625;0.2255859375;0.86328125;0.890625;0.2265625;0.875;0.90234375;0.2265625;0.791015625;0.744140625;0.19091796875;0.3310546875;0.728515625;0.705078125;0.1904296875;0.728515625;0.6953125;0.18310546875;0.8
74;74;91.79;0.140625;0.328125;0.609375;0.19140625;0.12109375;0.703125;0.71875;0.19921875;0.765625;0.734375;0.1953125;0.6953125;0.6875;0.193359375;0.333984375;0.734375;0.796875;0.2109375;0.7890625;0.828125;0.21875;0.8203125;0.84375;0.216796875;0.73828125;0.75390625;0.20703125;0.349609375;0.75390625;0.78515625;0.2177734375;0.81640625;0.8515625;0.2216796875;0.83984375;0.87890625;0.224609375;0.859375;0.88671875;0.224609375;0.87109375;0.89453125;0.224609375;0.77734375;0.701171875;0.177734375;0.28955078125;0.703125;0.6875;0.1845703125;0.708984375;0.6796875;0.177734375;0.8;0.15625;0.359375;0.609375;0.1875;0.12890625;0.703125;0.71875;0.19921875;0.765625;0.734375;0.19140625;0.6953125;0.6796875;0.189453125;0.3359375;0.7265625;0.78125;0.208984375;0.7890625;0.828125;0.21875;0.8125;0.84375;0.216796875;0.734375;0.75;0.20703125;0.353515625;0.74609375;0.78125;0.2177734375;0.8125;0.8515625;0.2236328125;0.84375;0.87890625;0.2255859375;0.86328125;0.890625;0.2265625;0.875;0.90234375;0.2265625;0.791015625;0.7421875;0.1904296875;0.3310546875;0.724609375;0.703125;0.18994140625;0.724609375;0.693359375;0.1826171875;0.8
75;75;91.61;0.140625;0.328125;0.625;0.19140625;0.12109375;0.703125;0.71875;0.19921875;0.78125;0.75;0.1953125;0.6953125;0.6953125;0.1953125;0.3359375;0.7421875;0.796875;0.2109375;0.796875;0.828125;0.21875;0.8203125;0.84375;0.216796875;0.73828125;0.75390625;0.20703125;0.349609375;0.75390625;0.78515625;0.2177734375;0.81640625;0.84765625;0.22265625;0.84375;0.87890625;0.224609375;0.859375;0.88671875;0.224609375;0.87109375;0.8984375;0.2255859375;0.779296875;0.70703125;0.18017578125;0.29248046875;0.70703125;0.693359375;0.185546875;0.7109375;0.68359375;0.17822265625;0.8;0.15625;0.359375;0.625;0.19140625;0.12890625;0.703125;0.71875;0.19921875;0.765625;0.734375;0.19140625;0.6953125;0.6796875;0.19140625;0.337890625;0.734375;0.78125;0.208984375;0.7890625;0.828125;0.21875;0.8125;0.84375;0.216796875;0.734375;0.75390625;0.20703125;0.353515625;0.74609375;0.78125;0.2177734375;0.8125;0.8515625;0.2236328125;0.84375;0.87890625;0.2255859375;0.86328125;0.890625;0.2265625;0.875;0.90234375;0.2265625;0.791015625;0.744140625;0.19091796875;0.3310546875;0.7265625;0.703125;0.1904296875;0.7265625;0.693359375;0.1826171875;0.8
76;76;91.8;0.140625;0.328125;0.625;0.19140625;0.12109375;0.703125;0.71875;0.19921875;0.78125;0.734375;0.1953125;0.6953125;0.6953125;0.1953125;0.3359375;0.7421875;0.796875;0.2109375;0.7890625;0.828125;0.21875;0.8203125;0.84375;0.216796875;0.734375;0.74609375;0.2060546875;0.3486328125;0.75;0.78125;0.216796875;0.8125;0.84765625;0.22265625;0.83984375;0.875;0.224609375;0.859375;0.88671875;0.224609375;0.8671875;0.8984375;0.2255859375;0.77734375;0.70703125;0.1806640625;0.2919921875;0.70703125;0.693359375;0.1865234375;0.7109375;0.685546875;0.17822265625;0.8;0.15625;0.359375;0.625;0.19140625;0.12890625;0.703125;0.71875;0.19921875;0.765625;0.734375;0.19140625;0.6953125;0.6796875;0.189453125;0.3359375;0.7265625;0.78125;0.208984375;0.7890625;0.828125;0.21875;0.8125;0.84375;0.216796875;0.734375;0.75;0.20703125;0.353515625;0.74609375;0.78125;0.2177734375;0.8125;0.8515625;0.2236328125;0.84375;0.87890625;0.2255859375;0.86328125;0.890625;0.2265625;0.875;0.90234375;0.2265625;0.791015625;0.7421875;0.1904296875;0.3310546875;0.724609375;0.703125;0.1904296875;0.7265625;0.693359375;0.1826171875;0.8
77;77;91.89;0.140625;0.34375;0.625;0.1953125;0.125;0.703125;0.71875;0.19921875;0.78125;0.734375;0.1953125;0.703125;0.6953125;0.1953125;0.337890625;0.7421875;0.796875;0.2109375;0.796875;0.828125;0.21875;0.8203125;0.84375;0.216796875;0.73828125;0.75390625;0.2060546875;0.349609375;0.75;0.78515625;0.2177734375;0.8125;0.84765625;0.2216796875;0.83984375;0.875;0.224609375;0.859375;0.88671875;0.224609375;0.8671875;0.89453125;0.2236328125;0.77734375;0.69921875;0.17822265625;0.287109375;0.701171875;0.689453125;0.18505859375;0.70703125;0.68359375;0.17822265625;0.8;0.15625;0.359375;0.625;0.19140625;0.12890625;0.703125;0.71875;0.19921875;0.765625;0.734375;0.19140625;0.6953125;0.6796875;0.189453125;0.3359375;0.7265625;0.78125;0.208984375;0.7890625;0.828125;0.21875;0.8125;0.84375;0.216796875;0.734375;0.75;0.20703125;0.353515625;0.74609375;0.78125;0.2177734375;0.8125;0.8515625;0.2236328125;0.84375;0.87890625;0.2255859375;0.86328125;0.890625;0.2255859375;0.875;0.90234375;0.2265625;0.7890625;0.7421875;0.18994140625;0.3310546875;0.72265625;0.69921875;0.18994140625;0.72265625;0.689453125;0.18212890625;0.8
78;78;91.69;0.140625;0.34375;0.625;0.19140625;0.125;0.703125;0.71875;0.19921875;0.78125;0.734375;0.1953125;0.6953125;0.6953125;0.193359375;0.3359375;0.7421875;0.796875;0.2109375;0.796875;0.828125;0.21875;0.8203125;0.8359375;0.21484375;0.73828125;0.75;0.205078125;0.3486328125;0.74609375;0.78125;0.216796875;0.8125;0.84375;0.220703125;0.8359375;0.87109375;0.2236328125;0.85546875;0.8828125;0.2236328125;0.86328125;0.890625;0.22265625;0.76953125;0.68359375;0.1728515625;0.27685546875;0.689453125;0.681640625;0.18310546875;0.6953125;0.671875;0.17626953125;0.8;0.15625;0.359375;0.625;0.19140625;0.12890625;0.703125;0.71875;0.19921875;0.765625;0.734375;0.19140625;0.6953125;0.6796875;0.189453125;0.3359375;0.7265625;0.78125;0.208984375;0.7890625;0.8203125;0.21875;0.8125;0.84375;0.216796875;0.734375;0.75;0.20703125;0.353515625;0.74609375;0.78125;0.2177734375;0.8125;0.8515625;0.2236328125;0.84375;0.87890625;0.2255859375;0.86328125;0.890625;0.2265625;0.875;0.90234375;0.2265625;0.791015625;0.7421875;0.18994140625;0.3310546875;0.72265625;0.701171875;0.18994140625;0.72265625;0.689453125;0.18212890625;0.8
79;79;91.78;0.140625;0.328125;0.625;0.19140625;0.12109375;0.703125;0.71875;0.19921875;0.78125;0.734375;0.1953125;0.703125;0.703125;0.1953125;0.3359375;0.7421875;0.796875;0.2109375;0.796875;0.828125;0.21875;0.8203125;0.84375;0.216796875;0.73828125;0.75;0.205078125;0.3486328125;0.74609375;0.78125;0.216796875;0.8125;0.84765625;0.2216796875;0.83984375;0.875;0.224609375;0.859375;0.88671875;0.224609375;0.8671875;0.89453125;0.224609375;0.775390625;0.69921875;0.177734375;0.28515625;0.69921875;0.689453125;0.18505859375;0.705078125;0.677734375;0.1767578125;0.8;0.15625;0.359375;0.625;0.19140625;0.12890625;0.703125;0.71875;0.19921875;0.765625;0.734375;0.19140625;0.6953125;0.6796875;0.19140625;0.337890625;0.734375;0.78125;0.208984375;0.7890625;0.828125;0.21875;0.8125;0.84375;0.216796875;0.734375;0.75390625;0.20703125;0.353515625;0.74609375;0.78125;0.2177734375;0.8125;0.8515625;0.2236328125;0.84375;0.87890625;0.2255859375;0.86328125;0.890625;0.2265625;0.875;0.90234375;0.2265625;0.791015625;0.7421875;0.1904296875;0.3310546875;0.724609375;0.703125;0.18994140625;0.724609375;0.69140625;0.1826171875;0.8
80;80;91.74;0.140625;0.328125;0.625;0.19140625;0.12109375;0.703125;0.71875;0.19921875;0.765625;0.734375;0.1953125;0.6953125;0.6953125;0.1953125;0.333984375;0.734375;0.7890625;0.2109375;0.7890625;0.828125;0.21875;0.8203125;0.8359375;0.216796875;0.734375;0.75;0.2060546875;0.3486328125;0.75;0.78515625;0.216796875;0.8125;0.84765625;0.2216796875;0.83984375;0.875;0.224609375;0.859375;0.88671875;0.2255859375;0.87109375;0.8984375;0.2255859375;0.78125;0.708984375;0.18212890625;0.294921875;0.70703125;0.693359375;0.185546875;0.7109375;0.6796875;0.17626953125;0.8;0.15625;0.359375;0.625;0.19140625;0.12890625;0.703125;0.71875;0.19921875;0.765625;0.734375;0.19140625;0.6953125;0.6796875;0.19140625;0.3359375;0.7265625;0.78125;0.208984375;0.7890625;0.828125;0.21875;0.8125;0.84375;0.216796875;0.734375;0.75;0.20703125;0.353515625;0.74609375;0.78125;0.2177734375;0.8125;0.8515625;0.2236328125;0.84375;0.87890625;0.2255859375;0.86328125;0.890625;0.2265625;0.875;0.90234375;0.2265625;0.791015625;0.7421875;0.1904296875;0.3310546875;0.724609375;0.703125;0.18994140625;0.724609375;0.693359375;0.1826171875;0.8
81;81;91.79;0.15625;0.34375;0.625;0.1953125;0.125;0.703125;0.71875;0.203125;0.78125;0.734375;0.1953125;0.703125;0.6953125;0.1953125;0.337890625;0.7421875;0.796875;0.2109375;0.796875;0.828125;0.21875;0.8203125;0.84375;0.216796875;0.73828125;0.75;0.2060546875;0.349609375;0.75;0.78515625;0.2177734375;0.8125;0.84765625;0.2216796875;0.83984375;0.87890625;0.224609375;0.859375;0.88671875;0.224609375;0.87109375;0.8984375;0.2255859375;0.779296875;0.70703125;0.1806640625;0.28955078125;0.705078125;0.6953125;0.185546875;0.70703125;0.677734375;0.17724609375;0.8;0.15625;0.359375;0.625;0.19140625;0.12890625;0.703125;0.71875;0.19921875;0.765625;0.71875;0.19140625;0.6953125;0.671875;0.1875;0.3359375;0.7265625;0.7734375;0.20703125;0.7890625;0.8203125;0.21875;0.8125;0.8359375;0.216796875;0.73046875;0.75;0.20703125;0.3515625;0.74609375;0.78125;0.2177734375;0.8125;0.8515625;0.2236328125;0.84375;0.87890625;0.2255859375;0.86328125;0.890625;0.2255859375;0.875;0.90234375;0.2265625;0.7890625;0.7421875;0.1904296875;0.33056640625;0.72265625;0.701171875;0.18994140625;0.72265625;0.69140625;0.1826171875;0.8
82;82;91.89;0.140625;0.328125;0.625;0.19140625;0.12109375;0.703125;0.71875;0.19921875;0.78125;0.734375;0.1953125;0.6953125;0.6953125;0.1953125;0.337890625;0.7421875;0.796875;0.2109375;0.796875;0.828125;0.21875;0.8203125;0.84375;0.216796875;0.73828125;0.75390625;0.2060546875;0.3505859375;0.75390625;0.7890625;0.2177734375;0.81640625;0.8515625;0.2216796875;0.84375;0.875;0.224609375;0.859375;0.88671875;0.224609375;0.8671875;0.8984375;0.224609375;0.779296875;0.705078125;0.1796875;0.28955078125;0.705078125;0.689453125;0.18505859375;0.70703125;0.681640625;0.17822265625;0.8;0.15625;0.359375;0.625;0.19140625;0.12890625;0.703125;0.71875;0.19921875;0.765625;0.734375;0.19140625;0.6953125;0.6796875;0.189453125;0.3359375;0.7265625;0.78125;0.208984375;0.7890625;0.8203125;0.21875;0.8125;0.84375;0.216796875;0.734375;0.75;0.20703125;0.353515625;0.74609375;0.78125;0.2177734375;0.8125;0.8515625;0.2236328125;0.84375;0.87890625;0.2255859375;0.86328125;0.890625;0.2265625;0.875;0.90234375;0.2265625;0.791015625;0.7421875;0.1904296875;0.3310546875;0.724609375;0.701171875;0.18994140625;0.724609375;0.69140625;0.1826171875;0.8
83;83;92.03;0.15625;0.34375;0.625;0.1953125;0.125;0.703125;0.71875;0.203125;0.78125;0.734375;0.1953125;0.703125;0.6953125;0.1953125;0.337890625;0.7421875;0.796875;0.2109375;0.7890625;0.828125;0.21875;0.8203125;0.84375;0.216796875;0.73828125;0.75;0.2060546875;0.349609375;0.75;0.78515625;0.2177734375;0.8125;0.8515625;0.22265625;0.83984375;0.87890625;0.224609375;0.859375;0.88671875;0.2255859375;0.87109375;0.8984375;0.2255859375;0.779296875;0.708984375;0.18115234375;0.2939453125;0.705078125;0.69140625;0.185546875;0.708984375;0.681640625;0.177734375;0.8;0.15625;0.359375;0.625;0.19140625;0.12890625;0.703125;0.71875;0.19921875;0.765625;0.734375;0.19140625;0.6953125;0.6796875;0.189453125;0.3359375;0.7265625;0.78125;0.20703125;0.7890625;0.8203125;0.21875;0.8125;0.84375;0.216796875;0.734375;0.75;0.20703125;0.3525390625;0.74609375;0.78125;0.2177734375;0.8125;0.8515625;0.2236328125;0.84375;0.87890625;0.2255859375;0.86328125;0.890625;0.2265625;0.875;0.90234375;0.2265625;0.791015625;0.7421875;0.1904296875;0.3310546875;0.724609375;0.701171875;0.18994140625;0.724609375;0.69140625;0.1826171875;0.8
84;84;91.89;0.140625;0.328125;0.625;0.19140625;0.12109375;0.703125;0.71875;0.19921875;0.78125;0.734375;0.1953125;0.703125;0.6953125;0.1953125;0.3359375;0.7421875;0.796875;0.2109375;0.796875;0.828125;0.21875;0.8203125;0.84375;0.216796875;0.73828125;0.75390625;0.2060546875;0.349609375;0.75;0.78515625;0.2177734375;0.8125;0.84765625;0.2216796875;0.83984375;0.875;0.2236328125;0.85546875;0.88671875;0.224609375;0.8671875;0.89453125;0.2236328125;0.775390625;0.6953125;0.17626953125;0.28466796875;0.697265625;0.68359375;0.18359375;0.703125;0.6796875;0.1767578125;0.8;0.15625;0.359375;0.625;0.19140625;0.12890625;0.703125;0.71875;0.19921875;0.765625;0.734375;0.19140625;0.6953125;0.6796875;0.189453125;0.3359375;0.7265625;0.78125;0.20703125;0.7890625;0.8203125;0.21875;0.8125;0.84375;0.216796875;0.734375;0.75;0.20703125;0.3525390625;0.74609375;0.78125;0.2177734375;0.8125;0.8515625;0.2236328125;0.84375;0.87890625;0.2255859375;0.86328125;0.890625;0.2265625;0.875;0.90234375;0.2265625;0.791015625;0.7421875;0.1904296875;0.33056640625;0.724609375;0.703125;0.18994140625;0.724609375;0.69140625;0.1826171875;0.8
85;85;92.01;0.140625;0.34375;0.625;0.1953125;0.125;0.703125;0.734375;0.203125;0.78125;0.75;0.1953125;0.703125;0.6953125;0.193359375;0.33984375;0.7421875;0.796875;0.208984375;0.7890625;0.828125;0.21875;0.8203125;0.84375;0.21484375;0.73828125;0.75;0.205078125;0.3505859375;0.75;0.78515625;0.2177734375;0.8125;0.84765625;0.2216796875;0.83984375;0.875;0.2236328125;0.85546875;0.88671875;0.2236328125;0.8671875;0.890625;0.22265625;0.7734375;0.685546875;0.1728515625;0.28173828125;0.693359375;0.6796875;0.18310546875;0.69921875;0.673828125;0.17626953125;0.8;0.15625;0.359375;0.625;0.19140625;0.12890625;0.703125;0.71875;0.19921875;0.765625;0.734375;0.19140625;0.6953125;0.6796875;0.189453125;0.3359375;0.7265625;0.78125;0.208984375;0.7890625;0.828125;0.21875;0.8125;0.84375;0.216796875;0.734375;0.75;0.20703125;0.353515625;0.74609375;0.78125;0.2177734375;0.8125;0.8515625;0.2236328125;0.84375;0.87890625;0.2255859375;0.86328125;0.890625;0.2265625;0.875;0.90234375;0.2265625;0.791015625;0.7421875;0.1904296875;0.33056640625;0.724609375;0.703125;0.18994140625;0.724609375;0.69140625;0.1826171875;0.8
86;86;92.05;0.140625;0.328125;0.625;0.1953125;0.125;0.703125;0.71875;0.19921875;0.78125;0.734375;0.1953125;0.703125;0.6953125;0.1953125;0.337890625;0.7421875;0.796875;0.2109375;0.796875;0.828125;0.220703125;0.8203125;0.8515625;0.21875;0.7421875;0.7578125;0.20703125;0.3525390625;0.75390625;0.7890625;0.2177734375;0.81640625;0.8515625;0.22265625;0.84375;0.87890625;0.2255859375;0.859375;0.890625;0.2255859375;0.87109375;0.8984375;0.2255859375;0.78125;0.708984375;0.1806640625;0.29638671875;0.70703125;0.693359375;0.18505859375;0.708984375;0.6796875;0.177734375;0.8;0.15625;0.359375;0.625;0.19140625;0.12890625;0.703125;0.71875;0.19921875;0.765625;0.734375;0.19140625;0.6953125;0.671875;0.189453125;0.3359375;0.7265625;0.78125;0.20703125;0.7890625;0.8203125;0.21875;0.8125;0.8359375;0.216796875;0.73046875;0.75;0.20703125;0.3525390625;0.74609375;0.78125;0.2177734375;0.8125;0.8515625;0.2236328125;0.84375;0.87890625;0.2255859375;0.86328125;0.890625;0.2265625;0.875;0.90234375;0.2265625;0.791015625;0.7421875;0.1904296875;0.33056640625;0.724609375;0.703125;0.18994140625;0.724609375;0.693359375;0.1826171875;0.8
87;87;91.98;0.140625;0.328125;0.609375;0.19140625;0.12109375;0.703125;0.71875;0.19921875;0.765625;0.734375;0.1953125;0.6953125;0.6953125;0.1953125;0.3359375;0.7421875;0.796875;0.2109375;0.796875;0.828125;0.21875;0.8203125;0.84375;0.216796875;0.73828125;0.75390625;0.2060546875;0.349609375;0.75;0.78515625;0.2177734375;0.8125;0.84765625;0.2216796875;0.83984375;0.87890625;0.224609375;0.859375;0.88671875;0.224609375;0.8671875;0.8984375;0.224609375;0.77734375;0.69921875;0.17724609375;0.2880859375;0.69921875;0.68359375;0.18359375;0.701171875;0.671875;0.17626953125;0.8;0.15625;0.359375;0.625;0.19140625;0.12890625;0.703125;0.71875;0.19921875;0.765625;0.734375;0.19140625;0.6953125;0.6796875;0.189453125;0.3359375;0.7265625;0.78125;0.208984375;0.7890625;0.828125;0.21875;0.8125;0.84375;0.216796875;0.734375;0.75;0.20703125;0.353515625;0.74609375;0.78125;0.2177734375;0.8125;0.8515625;0.2236328125;0.84375;0.87890625;0.2255859375;0.86328125;0.890625;0.2265625;0.875;0.90234375;0.2265625;0.791015625;0.7421875;0.1904296875;0.3310546875;0.7265625;0.703125;0.18994140625;0.724609375;0.693359375;0.18310546875;0.8
88;88;91.99;0.140625;0.328125;0.625;0.19140625;0.12109375;0.703125;0.71875;0.19921875;0.78125;0.734375;0.1953125;0.6953125;0.6953125;0.193359375;0.3359375;0.7421875;0.796875;0.2109375;0.7890625;0.828125;0.21875;0.8203125;0.84375;0.216796875;0.73828125;0.75;0.2060546875;0.3486328125;0.75;0.78125;0.216796875;0.8125;0.84765625;0.2216796875;0.83984375;0.875;0.224609375;0.859375;0.88671875;0.224609375;0.8671875;0.8984375;0.2255859375;0.77734375;0.705078125;0.18017578125;0.2890625;0.703125;0.689453125;0.185546875;0.708984375;0.685546875;0.1787109375;0.8;0.15625;0.359375;0.625;0.19140625;0.12890625;0.703125;0.71875;0.19921875;0.765625;0.734375;0.19140625;0.6953125;0.6796875;0.189453125;0.3359375;0.7265625;0.78125;0.208984375;0.7890625;0.828125;0.21875;0.8125;0.84375;0.216796875;0.734375;0.75;0.20703125;0.353515625;0.74609375;0.78125;0.2177734375;0.8125;0.8515625;0.2236328125;0.84375;0.87890625;0.2255859375;0.86328125;0.890625;0.2265625;0.875;0.90234375;0.2265625;0.791015625;0.7421875;0.1904296875;0.3310546875;0.724609375;0.701171875;0.18994140625;0.724609375;0.69140625;0.1826171875;0.8
89;89;91.93;0.140625;0.34375;0.625;0.1953125;0.125;0.703125;0.734375;0.203125;0.78125;0.75;0.1953125;0.703125;0.703125;0.1953125;0.337890625;0.7421875;0.796875;0.2109375;0.796875;0.828125;0.21875;0.8203125;0.84375;0.216796875;0.73828125;0.7578125;0.20703125;0.3515625;0.75390625;0.7890625;0.2177734375;0.81640625;0.8515625;0.2216796875;0.83984375;0.87890625;0.224609375;0.859375;0.890625;0.224609375;0.87109375;0.8984375;0.224609375;0.779296875;0.705078125;0.17919921875;0.2900390625;0.701171875;0.6875;0.18505859375;0.705078125;0.67578125;0.17626953125;0.8;0.15625;0.359375;0.625;0.1875;0.12890625;0.703125;0.71875;0.19921875;0.765625;0.734375;0.19140625;0.6953125;0.671875;0.189453125;0.3359375;0.7265625;0.78125;0.208984375;0.7890625;0.828125;0.21875;0.8125;0.84375;0.216796875;0.734375;0.75;0.20703125;0.353515625;0.74609375;0.78125;0.2177734375;0.8125;0.8515625;0.2236328125;0.84375;0.87890625;0.2255859375;0.86328125;0.890625;0.2265625;0.875;0.90234375;0.2265625;0.791015625;0.7421875;0.1904296875;0.3310546875;0.724609375;0.703125;0.18994140625;0.724609375;0.69140625;0.1826171875;0.8
90;90;92.03;0.140625;0.34375;0.625;0.1953125;0.125;0.703125;0.71875;0.19921875;0.78125;0.75;0.1953125;0.703125;0.6953125;0.1953125;0.337890625;0.7421875;0.796875;0.208984375;0.7890625;0.828125;0.21875;0.8203125;0.84375;0.216796875;0.73828125;0.75;0.2060546875;0.349609375;0.75;0.78515625;0.2177734375;0.8125;0.84765625;0.2216796875;0.83984375;0.875;0.224609375;0.859375;0.88671875;0.224609375;0.8671875;0.89453125;0.224609375;0.77734375;0.703125;0.1796875;0.287109375;0.703125;0.693359375;0.185546875;0.708984375;0.685546875;0.17919921875;0.8;0.15625;0.359375;0.625;0.1875;0.12890625;0.703125;0.71875;0.19921875;0.765625;0.734375;0.19140625;0.6953125;0.671875;0.189453125;0.3359375;0.7265625;0.78125;0.20703125;0.7890625;0.8203125;0.21875;0.8125;0.8359375;0.216796875;0.73046875;0.75;0.20703125;0.3525390625;0.74609375;0.78125;0.2177734375;0.8125;0.8515625;0.2236328125;0.84375;0.87890625;0.2255859375;0.86328125;0.890625;0.2265625;0.875;0.90234375;0.2265625;0.791015625;0.7421875;0.1904296875;0.33056640625;0.724609375;0.703125;0.18994140625;0.724609375;0.693359375;0.1826171875;0.8
91;91;91.85;0.140625;0.34375;0.625;0.1953125;0.125;0.703125;0.71875;0.19921875;0.78125;0.734375;0.1953125;0.6953125;0.6875;0.1953125;0.3359375;0.7421875;0.796875;0.2109375;0.796875;0.828125;0.21875;0.8203125;0.84375;0.216796875;0.73828125;0.75;0.205078125;0.3486328125;0.74609375;0.78125;0.216796875;0.8125;0.84765625;0.2216796875;0.83984375;0.875;0.2236328125;0.85546875;0.88671875;0.224609375;0.8671875;0.89453125;0.2236328125;0.7734375;0.6953125;0.1767578125;0.28466796875;0.697265625;0.685546875;0.18408203125;0.703125;0.6796875;0.17724609375;0.8;0.15625;0.359375;0.625;0.19140625;0.12890625;0.703125;0.71875;0.19921875;0.765625;0.734375;0.19140625;0.6953125;0.671875;0.189453125;0.3359375;0.7265625;0.78125;0.20703125;0.7890625;0.8203125;0.21875;0.8125;0.84375;0.216796875;0.73046875;0.75;0.20703125;0.3525390625;0.74609375;0.78125;0.2177734375;0.8125;0.8515625;0.2236328125;0.84375;0.87890625;0.2255859375;0.86328125;0.890625;0.2265625;0.875;0.90234375;0.2265625;0.791015625;0.7421875;0.1904296875;0.3310546875;0.724609375;0.701171875;0.18994140625;0.724609375;0.69140625;0.1826171875;0.8
92;92;91.94;0.15625;0.34375;0.625;0.1953125;0.125;0.703125;0.734375;0.203125;0.78125;0.75;0.1953125;0.703125;0.703125;0.1953125;0.33984375;0.75;0.796875;0.2109375;0.796875;0.828125;0.21875;0.8203125;0.84375;0.216796875;0.73828125;0.75390625;0.2060546875;0.3515625;0.75390625;0.7890625;0.2177734375;0.81640625;0.84765625;0.2216796875;0.83984375;0.87890625;0.224609375;0.859375;0.88671875;0.224609375;0.87109375;0.8984375;0.224609375;0.779296875;0.701171875;0.17919921875;0.28955078125;0.703125;0.685546875;0.18408203125;0.703125;0.673828125;0.1767578125;0.8;0.15625;0.359375;0.625;0.1875;0.12890625;0.703125;0.71875;0.19921875;0.765625;0.734375;0.19140625;0.6953125;0.671875;0.189453125;0.3359375;0.7265625;0.78125;0.20703125;0.7890625;0.8203125;0.21875;0.8125;0.8359375;0.216796875;0.73046875;0.75;0.20703125;0.3525390625;0.74609375;0.78125;0.2177734375;0.8125;0.8515625;0.2236328125;0.84375;0.87890625;0.2255859375;0.86328125;0.890625;0.2265625;0.875;0.90234375;0.2265625;0.791015625;0.7421875;0.1904296875;0.33056640625;0.724609375;0.701171875;0.18994140625;0.724609375;0.69140625;0.1826171875;0.8
93;93;91.96;0.140625;0.328125;0.625;0.19140625;0.12109375;0.703125;0.71875;0.19921875;0.765625;0.734375;0.1953125;0.6953125;0.6875;0.193359375;0.3359375;0.7421875;0.7890625;0.208984375;0.7890625;0.828125;0.21875;0.8203125;0.84375;0.21484375;0.73828125;0.75;0.205078125;0.3486328125;0.75;0.78515625;0.216796875;0.8125;0.84765625;0.2216796875;0.83984375;0.875;0.224609375;0.85546875;0.88671875;0.224609375;0.8671875;0.89453125;0.2236328125;0.7734375;0.693359375;0.17626953125;0.2841796875;0.6953125;0.6875;0.18408203125;0.701171875;0.677734375;0.1767578125;0.8;0.15625;0.359375;0.625;0.19140625;0.12890625;0.703125;0.71875;0.19921875;0.765625;0.734375;0.19140625;0.6953125;0.6796875;0.189453125;0.3359375;0.7265625;0.78125;0.208984375;0.7890625;0.828125;0.21875;0.8125;0.84375;0.216796875;0.734375;0.75;0.20703125;0.353515625;0.74609375;0.78125;0.2177734375;0.8125;0.8515625;0.2236328125;0.84375;0.87890625;0.2255859375;0.86328125;0.890625;0.2265625;0.875;0.90234375;0.2265625;0.791015625;0.7421875;0.1904296875;0.3310546875;0.724609375;0.703125;0.18994140625;0.724609375;0.693359375;0.1826171875;0.8
94;94;92.1;0.140625;0.34375;0.625;0.19140625;0.125;0.703125;0.71875;0.19921875;0.78125;0.734375;0.1953125;0.6953125;0.6953125;0.1953125;0.3359375;0.7421875;0.796875;0.2109375;0.7890625;0.828125;0.21875;0.8203125;0.84375;0.216796875;0.73828125;0.75;0.2060546875;0.3486328125;0.74609375;0.78125;0.216796875;0.8125;0.84765625;0.2216796875;0.83984375;0.875;0.224609375;0.859375;0.88671875;0.224609375;0.8671875;0.89453125;0.224609375;0.775390625;0.701171875;0.17822265625;0.28564453125;0.69921875;0.689453125;0.1845703125;0.705078125;0.6796875;0.177734375;0.8;0.15625;0.359375;0.625;0.1875;0.12890625;0.703125;0.71875;0.19921875;0.765625;0.734375;0.19140625;0.6953125;0.671875;0.189453125;0.3359375;0.7265625;0.78125;0.208984375;0.7890625;0.8203125;0.21875;0.8125;0.84375;0.216796875;0.734375;0.75;0.20703125;0.3525390625;0.74609375;0.78125;0.2177734375;0.8125;0.8515625;0.2236328125;0.84375;0.87890625;0.2255859375;0.86328125;0.890625;0.2265625;0.875;0.90234375;0.2265625;0.791015625;0.7421875;0.1904296875;0.3310546875;0.72265625;0.701171875;0.18994140625;0.72265625;0.69140625;0.1826171875;0.8
95;95;92.0;0.15625;0.34375;0.625;0.1953125;0.125;0.703125;0.71875;0.203125;0.78125;0.75;0.1953125;0.703125;0.6953125;0.1953125;0.337890625;0.7421875;0.796875;0.2109375;0.796875;0.828125;0.21875;0.8203125;0.84375;0.216796875;0.73828125;0.75390625;0.2060546875;0.349609375;0.75;0.78515625;0.2177734375;0.81640625;0.84765625;0.2216796875;0.84375;0.875;0.224609375;0.859375;0.88671875;0.224609375;0.87109375;0.8984375;0.224609375;0.77734375;0.701171875;0.17919921875;0.2890625;0.703125;0.689453125;0.1845703125;0.705078125;0.677734375;0.17626953125;0.8;0.15625;0.359375;0.625;0.1875;0.12890625;0.703125;0.71875;0.19921875;0.765625;0.734375;0.19140625;0.6953125;0.671875;0.189453125;0.3359375;0.7265625;0.78125;0.20703125;0.7890625;0.8203125;0.21875;0.8125;0.84375;0.216796875;0.73046875;0.75;0.20703125;0.3525390625;0.74609375;0.78125;0.2177734375;0.8125;0.8515625;0.2236328125;0.84375;0.87890625;0.2255859375;0.86328125;0.890625;0.2265625;0.875;0.90234375;0.2265625;0.791015625;0.7421875;0.1904296875;0.3310546875;0.724609375;0.701171875;0.18994140625;0.724609375;0.69140625;0.1826171875;0.8
96;96;92.03;0.15625;0.34375;0.625;0.1953125;0.125;0.703125;0.71875;0.19921875;0.78125;0.734375;0.1953125;0.703125;0.6953125;0.1953125;0.337890625;0.7421875;0.796875;0.2109375;0.796875;0.828125;0.21875;0.8203125;0.84375;0.216796875;0.73828125;0.75390625;0.2060546875;0.3505859375;0.75;0.78515625;0.2177734375;0.8125;0.8515625;0.22265625;0.84375;0.87890625;0.224609375;0.859375;0.88671875;0.2255859375;0.87109375;0.8984375;0.224609375;0.779296875;0.703125;0.17919921875;0.28955078125;0.703125;0.69140625;0.18505859375;0.705078125;0.6796875;0.177734375;0.8;0.15625;0.359375;0.625;0.19140625;0.12890625;0.703125;0.71875;0.19921875;0.765625;0.734375;0.19140625;0.6953125;0.671875;0.189453125;0.3359375;0.7265625;0.78125;0.20703125;0.7890625;0.8203125;0.21875;0.8125;0.84375;0.216796875;0.73046875;0.75;0.20703125;0.3525390625;0.74609375;0.78125;0.2177734375;0.8125;0.8515625;0.2236328125;0.84375;0.87890625;0.2255859375;0.86328125;0.890625;0.2265625;0.875;0.90234375;0.2265625;0.791015625;0.7421875;0.1904296875;0.3310546875;0.724609375;0.703125;0.18994140625;0.724609375;0.693359375;0.1826171875;0.8
97;97;91.97;0.140625;0.328125;0.625;0.19140625;0.12109375;0.703125;0.71875;0.19921875;0.78125;0.734375;0.1953125;0.6953125;0.6953125;0.1953125;0.3359375;0.7421875;0.796875;0.2109375;0.7890625;0.828125;0.21875;0.8203125;0.8359375;0.21484375;0.73828125;0.75;0.205078125;0.3486328125;0.74609375;0.78125;0.216796875;0.8125;0.84765625;0.2216796875;0.83984375;0.875;0.2236328125;0.859375;0.88671875;0.224609375;0.8671875;0.89453125;0.2236328125;0.7734375;0.693359375;0.17578125;0.28369140625;0.697265625;0.6875;0.1845703125;0.701171875;0.673828125;0.17626953125;0.8;0.15625;0.359375;0.625;0.19140625;0.12890625;0.703125;0.71875;0.19921875;0.765625;0.734375;0.19140625;0.6953125;0.6796875;0.189453125;0.3359375;0.7265625;0.78125;0.208984375;0.7890625;0.8203125;0.21875;0.8125;0.84375;0.216796875;0.734375;0.75;0.20703125;0.353515625;0.74609375;0.78125;0.2177734375;0.8125;0.8515625;0.2236328125;0.84375;0.87890625;0.2255859375;0.86328125;0.890625;0.2265625;0.875;0.90234375;0.2265625;0.791015625;0.7421875;0.1904296875;0.3310546875;0.72265625;0.701171875;0.18994140625;0.724609375;0.69140625;0.1826171875;0.8
98;98;91.9;0.140625;0.328125;0.625;0.19140625;0.12109375;0.703125;0.71875;0.19921875;0.765625;0.734375;0.1953125;0.6953125;0.6875;0.193359375;0.333984375;0.734375;0.7890625;0.208984375;0.7890625;0.828125;0.21875;0.8203125;0.8359375;0.216796875;0.734375;0.74609375;0.205078125;0.34765625;0.74609375;0.78125;0.216796875;0.8125;0.84765625;0.2216796875;0.83984375;0.875;0.2236328125;0.85546875;0.88671875;0.224609375;0.8671875;0.89453125;0.224609375;0.775390625;0.6953125;0.177734375;0.28466796875;0.697265625;0.685546875;0.18408203125;0.69921875;0.67578125;0.17724609375;0.8;0.15625;0.359375;0.625;0.19140625;0.12890625;0.703125;0.71875;0.19921875;0.765625;0.734375;0.19140625;0.6953125;0.6796875;0.189453125;0.3359375;0.7265625;0.78125;0.208984375;0.7890625;0.828125;0.21875;0.8125;0.84375;0.216796875;0.734375;0.75;0.20703125;0.353515625;0.74609375;0.78125;0.2177734375;0.8125;0.8515625;0.2236328125;0.84375;0.87890625;0.2255859375;0.86328125;0.890625;0.2265625;0.875;0.90234375;0.2265625;0.791015625;0.7421875;0.1904296875;0.3310546875;0.724609375;0.703125;0.18994140625;0.7265625;0.693359375;0.18310546875;0.8
99;99;92.01;0.140625;0.328125;0.625;0.1953125;0.12109375;0.703125;0.71875;0.19921875;0.78125;0.734375;0.1953125;0.6953125;0.6875;0.193359375;0.3359375;0.7421875;0.7890625;0.208984375;0.7890625;0.828125;0.21875;0.8203125;0.8359375;0.21484375;0.734375;0.74609375;0.205078125;0.34765625;0.74609375;0.78125;0.216796875;0.8125;0.84765625;0.2216796875;0.83984375;0.875;0.2236328125;0.85546875;0.8828125;0.2236328125;0.8671875;0.89453125;0.2236328125;0.7734375;0.693359375;0.17626953125;0.283203125;0.697265625;0.681640625;0.18359375;0.69921875;0.67578125;0.17724609375;0.8;0.15625;0.359375;0.625;0.19140625;0.12890625;0.703125;0.71875;0.19921875;0.765625;0.734375;0.19140625;0.6953125;0.6796875;0.189453125;0.3359375;0.7265625;0.78125;0.208984375;0.7890625;0.8203125;0.21875;0.8125;0.84375;0.216796875;0.734375;0.75;0.20703125;0.353515625;0.74609375;0.78125;0.2177734375;0.8125;0.8515625;0.2236328125;0.84375;0.87890625;0.2255859375;0.86328125;0.890625;0.2265625;0.875;0.90234375;0.2265625;0.791015625;0.7421875;0.1904296875;0.3310546875;0.724609375;0.701171875;0.18994140625;0.724609375;0.69140625;0.1826171875;0.8
