;Epoch;test_accuracy;train-saturation_conv1;train-saturation_layer1-0-conv1;train-saturation_layer1-0-conv2;train-saturation_layer1-0-conv3;train-saturation_layer1-0-shortcut-0;train-saturation_layer1-1-conv1;train-saturation_layer1-1-conv2;train-saturation_layer1-1-conv3;train-saturation_layer1-2-conv1;train-saturation_layer1-2-conv2;train-saturation_layer1-2-conv3;train-saturation_layer2-0-conv1;train-saturation_layer2-0-conv2;train-saturation_layer2-0-conv3;train-saturation_layer2-0-shortcut-0;train-saturation_layer2-1-conv1;train-saturation_layer2-1-conv2;train-saturation_layer2-1-conv3;train-saturation_layer2-2-conv1;train-saturation_layer2-2-conv2;train-saturation_layer2-2-conv3;train-saturation_layer2-3-conv1;train-saturation_layer2-3-conv2;train-saturation_layer2-3-conv3;train-saturation_layer3-0-conv1;train-saturation_layer3-0-conv2;train-saturation_layer3-0-conv3;train-saturation_layer3-0-shortcut-0;train-saturation_layer3-1-conv1;train-saturation_layer3-1-conv2;train-saturation_layer3-1-conv3;train-saturation_layer3-2-conv1;train-saturation_layer3-2-conv2;train-saturation_layer3-2-conv3;train-saturation_layer3-3-conv1;train-saturation_layer3-3-conv2;train-saturation_layer3-3-conv3;train-saturation_layer3-4-conv1;train-saturation_layer3-4-conv2;train-saturation_layer3-4-conv3;train-saturation_layer3-5-conv1;train-saturation_layer3-5-conv2;train-saturation_layer3-5-conv3;train-saturation_layer4-0-conv1;train-saturation_layer4-0-conv2;train-saturation_layer4-0-conv3;train-saturation_layer4-0-shortcut-0;train-saturation_layer4-1-conv1;train-saturation_layer4-1-conv2;train-saturation_layer4-1-conv3;train-saturation_layer4-2-conv1;train-saturation_layer4-2-conv2;train-saturation_layer4-2-conv3;train-saturation_linear;eval-saturation_conv1;eval-saturation_layer1-0-conv1;eval-saturation_layer1-0-conv2;eval-saturation_layer1-0-conv3;eval-saturation_layer1-0-shortcut-0;eval-saturation_layer1-1-conv1;eval-saturation_layer1-1-conv2;eval-saturation_layer1-1-conv3;eval-saturation_layer1-2-conv1;eval-saturation_layer1-2-conv2;eval-saturation_layer1-2-conv3;eval-saturation_layer2-0-conv1;eval-saturation_layer2-0-conv2;eval-saturation_layer2-0-conv3;eval-saturation_layer2-0-shortcut-0;eval-saturation_layer2-1-conv1;eval-saturation_layer2-1-conv2;eval-saturation_layer2-1-conv3;eval-saturation_layer2-2-conv1;eval-saturation_layer2-2-conv2;eval-saturation_layer2-2-conv3;eval-saturation_layer2-3-conv1;eval-saturation_layer2-3-conv2;eval-saturation_layer2-3-conv3;eval-saturation_layer3-0-conv1;eval-saturation_layer3-0-conv2;eval-saturation_layer3-0-conv3;eval-saturation_layer3-0-shortcut-0;eval-saturation_layer3-1-conv1;eval-saturation_layer3-1-conv2;eval-saturation_layer3-1-conv3;eval-saturation_layer3-2-conv1;eval-saturation_layer3-2-conv2;eval-saturation_layer3-2-conv3;eval-saturation_layer3-3-conv1;eval-saturation_layer3-3-conv2;eval-saturation_layer3-3-conv3;eval-saturation_layer3-4-conv1;eval-saturation_layer3-4-conv2;eval-saturation_layer3-4-conv3;eval-saturation_layer3-5-conv1;eval-saturation_layer3-5-conv2;eval-saturation_layer3-5-conv3;eval-saturation_layer4-0-conv1;eval-saturation_layer4-0-conv2;eval-saturation_layer4-0-conv3;eval-saturation_layer4-0-shortcut-0;eval-saturation_layer4-1-conv1;eval-saturation_layer4-1-conv2;eval-saturation_layer4-1-conv3;eval-saturation_layer4-2-conv1;eval-saturation_layer4-2-conv2;eval-saturation_layer4-2-conv3;eval-saturation_linear
0;0;52.13;0.09375;0.25;0.375;0.14453125;0.09375;0.546875;0.546875;0.16796875;0.640625;0.609375;0.16796875;0.59375;0.5703125;0.162109375;0.283203125;0.65625;0.7265625;0.185546875;0.7265625;0.7109375;0.17578125;0.765625;0.7734375;0.19140625;0.67578125;0.7109375;0.171875;0.310546875;0.734375;0.8046875;0.1962890625;0.765625;0.7890625;0.18359375;0.75;0.765625;0.173828125;0.74609375;0.7265625;0.1650390625;0.73828125;0.73828125;0.1640625;0.603515625;0.39453125;0.0859375;0.19775390625;0.5546875;0.484375;0.1083984375;0.59375;0.5234375;0.11083984375;0.6;0.09375;0.234375;0.328125;0.140625;0.0859375;0.515625;0.5;0.15625;0.59375;0.53125;0.14453125;0.53125;0.453125;0.138671875;0.259765625;0.5546875;0.6015625;0.162109375;0.6171875;0.5625;0.146484375;0.6796875;0.671875;0.169921875;0.6015625;0.62109375;0.15625;0.2744140625;0.6875;0.7890625;0.1953125;0.75390625;0.80859375;0.1904296875;0.765625;0.80859375;0.1875;0.78515625;0.80859375;0.1884765625;0.79296875;0.83203125;0.193359375;0.685546875;0.625;0.1435546875;0.24755859375;0.6953125;0.724609375;0.17333984375;0.736328125;0.74609375;0.17431640625;0.5
1;1;62.61;0.109375;0.28125;0.453125;0.15625;0.09765625;0.609375;0.59375;0.17578125;0.671875;0.609375;0.1640625;0.609375;0.5546875;0.15625;0.2890625;0.65625;0.6953125;0.177734375;0.7265625;0.6875;0.169921875;0.7578125;0.7578125;0.185546875;0.6796875;0.703125;0.171875;0.306640625;0.73046875;0.78515625;0.197265625;0.76953125;0.7890625;0.185546875;0.75390625;0.7421875;0.169921875;0.75390625;0.72265625;0.166015625;0.7421875;0.72265625;0.1640625;0.599609375;0.345703125;0.0712890625;0.18017578125;0.5;0.37109375;0.07861328125;0.5390625;0.431640625;0.08544921875;0.6;0.109375;0.265625;0.40625;0.1484375;0.09765625;0.59375;0.578125;0.16796875;0.65625;0.5625;0.15234375;0.578125;0.5234375;0.150390625;0.28515625;0.6484375;0.6953125;0.177734375;0.7109375;0.6796875;0.16796875;0.7421875;0.7421875;0.181640625;0.6640625;0.68359375;0.166015625;0.306640625;0.70703125;0.75;0.1884765625;0.73828125;0.73046875;0.1708984375;0.70703125;0.671875;0.1533203125;0.69921875;0.64453125;0.1494140625;0.6875;0.6484375;0.1455078125;0.53515625;0.26171875;0.0537109375;0.15869140625;0.439453125;0.296875;0.0625;0.494140625;0.36328125;0.0703125;0.6
2;2;65.64;0.109375;0.265625;0.453125;0.16015625;0.09765625;0.609375;0.625;0.1796875;0.6875;0.65625;0.17578125;0.6328125;0.609375;0.169921875;0.298828125;0.6875;0.734375;0.189453125;0.7578125;0.75;0.185546875;0.7890625;0.796875;0.197265625;0.7109375;0.75;0.1865234375;0.3232421875;0.7578125;0.80859375;0.2080078125;0.80859375;0.83203125;0.2001953125;0.80078125;0.78515625;0.18359375;0.796875;0.75;0.1728515625;0.78125;0.73828125;0.1650390625;0.640625;0.369140625;0.076171875;0.19921875;0.53515625;0.3828125;0.07861328125;0.564453125;0.431640625;0.08642578125;0.7;0.109375;0.28125;0.4375;0.15625;0.09765625;0.625;0.625;0.1796875;0.6875;0.640625;0.1640625;0.625;0.59375;0.1640625;0.30078125;0.6875;0.7421875;0.1875;0.7578125;0.7734375;0.18359375;0.78125;0.796875;0.193359375;0.703125;0.75390625;0.18359375;0.3251953125;0.75;0.8046875;0.2080078125;0.80859375;0.85546875;0.205078125;0.8203125;0.84765625;0.2001953125;0.83203125;0.84765625;0.1982421875;0.83203125;0.85546875;0.197265625;0.724609375;0.626953125;0.13818359375;0.25830078125;0.669921875;0.638671875;0.14990234375;0.701171875;0.671875;0.15380859375;0.7
3;3;73.22;0.109375;0.28125;0.484375;0.1640625;0.1015625;0.625;0.640625;0.18359375;0.703125;0.671875;0.1796875;0.6484375;0.609375;0.16796875;0.306640625;0.6875;0.734375;0.1875;0.75;0.7421875;0.181640625;0.7890625;0.7890625;0.189453125;0.70703125;0.73046875;0.1787109375;0.326171875;0.74609375;0.77734375;0.203125;0.796875;0.80859375;0.193359375;0.7890625;0.76953125;0.1806640625;0.7890625;0.73828125;0.1708984375;0.77734375;0.7265625;0.1630859375;0.63671875;0.36328125;0.0732421875;0.19677734375;0.52734375;0.32421875;0.06591796875;0.55859375;0.396484375;0.0771484375;0.7;0.109375;0.296875;0.46875;0.16015625;0.1015625;0.640625;0.65625;0.18359375;0.703125;0.65625;0.171875;0.6328125;0.578125;0.162109375;0.30859375;0.671875;0.703125;0.181640625;0.7265625;0.703125;0.171875;0.7578125;0.7578125;0.181640625;0.6875;0.6953125;0.1708984375;0.3193359375;0.72265625;0.76171875;0.2001953125;0.77734375;0.78515625;0.1865234375;0.765625;0.7578125;0.177734375;0.765625;0.734375;0.1689453125;0.75390625;0.7265625;0.1611328125;0.6171875;0.375;0.07421875;0.18701171875;0.505859375;0.361328125;0.07373046875;0.548828125;0.431640625;0.083984375;0.7
4;4;71.63;0.109375;0.296875;0.515625;0.16796875;0.10546875;0.640625;0.65625;0.1875;0.71875;0.6875;0.1796875;0.6640625;0.6328125;0.17578125;0.314453125;0.703125;0.7578125;0.1953125;0.7734375;0.765625;0.1875;0.796875;0.796875;0.189453125;0.71484375;0.734375;0.1826171875;0.3349609375;0.74609375;0.765625;0.2021484375;0.79296875;0.79296875;0.1884765625;0.78125;0.76953125;0.1796875;0.78515625;0.75390625;0.1728515625;0.76953125;0.734375;0.166015625;0.626953125;0.353515625;0.06884765625;0.18408203125;0.484375;0.3359375;0.06591796875;0.51953125;0.400390625;0.076171875;0.7;0.109375;0.296875;0.5;0.1640625;0.10546875;0.640625;0.671875;0.1875;0.734375;0.71875;0.1875;0.671875;0.671875;0.1796875;0.3203125;0.7109375;0.796875;0.201171875;0.7890625;0.84375;0.201171875;0.8125;0.8515625;0.205078125;0.73046875;0.796875;0.2001953125;0.3447265625;0.76171875;0.80078125;0.2119140625;0.82421875;0.87109375;0.2138671875;0.84375;0.8828125;0.212890625;0.86328125;0.89453125;0.212890625;0.87109375;0.8984375;0.21484375;0.779296875;0.755859375;0.17529296875;0.31103515625;0.71875;0.7265625;0.18310546875;0.728515625;0.708984375;0.1708984375;0.7
5;5;78.09;0.109375;0.296875;0.515625;0.1640625;0.10546875;0.640625;0.640625;0.18359375;0.71875;0.6875;0.1796875;0.65625;0.625;0.173828125;0.314453125;0.6953125;0.7578125;0.197265625;0.7734375;0.765625;0.19140625;0.796875;0.8125;0.19921875;0.71875;0.75;0.189453125;0.3359375;0.7421875;0.765625;0.2060546875;0.796875;0.81640625;0.201171875;0.80078125;0.8046875;0.193359375;0.80078125;0.7890625;0.1845703125;0.7890625;0.765625;0.1748046875;0.658203125;0.412109375;0.08154296875;0.197265625;0.51953125;0.4140625;0.083984375;0.544921875;0.4375;0.083984375;0.7;0.109375;0.296875;0.5;0.1640625;0.109375;0.640625;0.640625;0.1796875;0.71875;0.65625;0.171875;0.640625;0.59375;0.166015625;0.310546875;0.6796875;0.7421875;0.193359375;0.7578125;0.7578125;0.1875;0.7890625;0.796875;0.197265625;0.7109375;0.74609375;0.1904296875;0.33203125;0.734375;0.765625;0.2080078125;0.80078125;0.83984375;0.2099609375;0.81640625;0.84375;0.20703125;0.83203125;0.84765625;0.203125;0.83203125;0.84765625;0.19921875;0.724609375;0.6015625;0.130859375;0.25439453125;0.63671875;0.578125;0.1337890625;0.662109375;0.59375;0.13134765625;0.7
6;6;80.37;0.125;0.296875;0.5625;0.17578125;0.109375;0.65625;0.671875;0.1875;0.71875;0.6875;0.1796875;0.6640625;0.625;0.173828125;0.318359375;0.6953125;0.7578125;0.197265625;0.7734375;0.7734375;0.193359375;0.796875;0.8125;0.201171875;0.72265625;0.7578125;0.193359375;0.337890625;0.74609375;0.7734375;0.208984375;0.80078125;0.8203125;0.2041015625;0.8046875;0.8125;0.1962890625;0.81640625;0.80859375;0.1923828125;0.8046875;0.78125;0.1826171875;0.673828125;0.439453125;0.08837890625;0.19482421875;0.509765625;0.349609375;0.06982421875;0.54296875;0.41015625;0.07861328125;0.7;0.125;0.3125;0.546875;0.171875;0.109375;0.65625;0.671875;0.1875;0.734375;0.6875;0.17578125;0.65625;0.6015625;0.166015625;0.318359375;0.6796875;0.7421875;0.19140625;0.7578125;0.765625;0.1875;0.78125;0.796875;0.197265625;0.71484375;0.76171875;0.1953125;0.333984375;0.7421875;0.7734375;0.2109375;0.80859375;0.84765625;0.212890625;0.828125;0.85546875;0.2109375;0.84765625;0.87109375;0.2099609375;0.8515625;0.875;0.208984375;0.75390625;0.677734375;0.15478515625;0.28466796875;0.669921875;0.646484375;0.16015625;0.685546875;0.638671875;0.1533203125;0.7
7;7;78.0;0.125;0.296875;0.546875;0.16796875;0.109375;0.640625;0.640625;0.18359375;0.71875;0.671875;0.17578125;0.65625;0.6328125;0.173828125;0.314453125;0.6953125;0.7578125;0.19921875;0.78125;0.78125;0.1953125;0.8046875;0.8203125;0.203125;0.72265625;0.75390625;0.1923828125;0.33984375;0.74609375;0.7578125;0.20703125;0.796875;0.8046875;0.19921875;0.80078125;0.8046875;0.1943359375;0.80859375;0.78515625;0.185546875;0.8046875;0.76953125;0.1767578125;0.6640625;0.40234375;0.0791015625;0.19775390625;0.50390625;0.3828125;0.07763671875;0.529296875;0.41015625;0.0791015625;0.8;0.125;0.3125;0.53125;0.16796875;0.11328125;0.640625;0.65625;0.18359375;0.71875;0.671875;0.171875;0.640625;0.59375;0.166015625;0.314453125;0.671875;0.7265625;0.19140625;0.7578125;0.7578125;0.189453125;0.7890625;0.8125;0.203125;0.71484375;0.765625;0.19921875;0.3349609375;0.74609375;0.7734375;0.212890625;0.8125;0.85546875;0.216796875;0.8359375;0.8671875;0.2158203125;0.8515625;0.8828125;0.21484375;0.86328125;0.890625;0.21484375;0.76953125;0.716796875;0.1689453125;0.30517578125;0.689453125;0.6875;0.177734375;0.6953125;0.650390625;0.16162109375;0.7
8;8;82.44;0.125;0.296875;0.53125;0.16796875;0.11328125;0.640625;0.65625;0.18359375;0.71875;0.671875;0.17578125;0.65625;0.6171875;0.173828125;0.31640625;0.6875;0.75;0.19921875;0.7734375;0.7890625;0.197265625;0.8046875;0.8125;0.203125;0.7265625;0.76171875;0.197265625;0.3408203125;0.7421875;0.76171875;0.2099609375;0.80078125;0.81640625;0.20703125;0.80859375;0.8203125;0.201171875;0.8203125;0.81640625;0.1953125;0.81640625;0.79296875;0.1845703125;0.68359375;0.443359375;0.0888671875;0.20703125;0.5234375;0.400390625;0.08056640625;0.54296875;0.42578125;0.08251953125;0.7;0.125;0.3125;0.515625;0.16015625;0.11328125;0.640625;0.65625;0.1796875;0.703125;0.625;0.16015625;0.6171875;0.53125;0.154296875;0.3046875;0.6328125;0.6640625;0.1796875;0.7265625;0.6796875;0.171875;0.7578125;0.7421875;0.18359375;0.68359375;0.71484375;0.185546875;0.318359375;0.71875;0.75;0.2080078125;0.78515625;0.80859375;0.2041015625;0.796875;0.8125;0.1982421875;0.80859375;0.8046875;0.1923828125;0.80078125;0.77734375;0.1806640625;0.666015625;0.4296875;0.08544921875;0.19677734375;0.513671875;0.349609375;0.068359375;0.541015625;0.39453125;0.07421875;0.7
9;9;82.57;0.109375;0.296875;0.546875;0.171875;0.109375;0.625;0.640625;0.18359375;0.71875;0.671875;0.171875;0.6484375;0.625;0.17578125;0.314453125;0.6875;0.7578125;0.201171875;0.7734375;0.7890625;0.19921875;0.8046875;0.828125;0.208984375;0.73046875;0.76953125;0.201171875;0.3427734375;0.75;0.7734375;0.212890625;0.80859375;0.8359375;0.2138671875;0.82421875;0.84375;0.2099609375;0.8359375;0.83984375;0.203125;0.8359375;0.82421875;0.1962890625;0.712890625;0.509765625;0.10595703125;0.2177734375;0.552734375;0.427734375;0.08740234375;0.568359375;0.46484375;0.09228515625;0.7;0.125;0.3125;0.546875;0.171875;0.11328125;0.65625;0.671875;0.1875;0.734375;0.671875;0.171875;0.65625;0.6328125;0.17578125;0.31640625;0.6875;0.7734375;0.205078125;0.78125;0.8203125;0.205078125;0.8046875;0.8359375;0.212890625;0.73046875;0.78515625;0.205078125;0.3466796875;0.74609375;0.76953125;0.2138671875;0.80859375;0.84765625;0.2177734375;0.8359375;0.8671875;0.2177734375;0.85546875;0.8828125;0.216796875;0.8671875;0.890625;0.216796875;0.775390625;0.720703125;0.1728515625;0.31494140625;0.69140625;0.68359375;0.18017578125;0.6953125;0.650390625;0.16455078125;0.8
10;10;83.18;0.125;0.296875;0.53125;0.16796875;0.11328125;0.640625;0.640625;0.18359375;0.71875;0.65625;0.171875;0.6484375;0.6015625;0.169921875;0.314453125;0.6796875;0.734375;0.1953125;0.765625;0.765625;0.189453125;0.7890625;0.7890625;0.197265625;0.7109375;0.734375;0.1923828125;0.3359375;0.73046875;0.75390625;0.208984375;0.79296875;0.8125;0.2080078125;0.8046875;0.8125;0.201171875;0.8203125;0.81640625;0.1962890625;0.81640625;0.796875;0.1875;0.6875;0.4609375;0.0947265625;0.20654296875;0.53125;0.427734375;0.08837890625;0.546875;0.447265625;0.08935546875;0.8;0.125;0.3125;0.515625;0.1640625;0.11328125;0.625;0.609375;0.17578125;0.6875;0.59375;0.15234375;0.609375;0.515625;0.154296875;0.30078125;0.6328125;0.6875;0.185546875;0.734375;0.7265625;0.181640625;0.7734375;0.7734375;0.193359375;0.6953125;0.7109375;0.1875;0.3271484375;0.71484375;0.73828125;0.2060546875;0.7734375;0.7890625;0.2001953125;0.77734375;0.765625;0.1865234375;0.78515625;0.73828125;0.1748046875;0.7578125;0.68359375;0.1552734375;0.595703125;0.259765625;0.04736328125;0.1455078125;0.375;0.173828125;0.02685546875;0.400390625;0.228515625;0.03466796875;0.8
11;11;83.35;0.125;0.296875;0.5625;0.171875;0.11328125;0.625;0.65625;0.1875;0.734375;0.6875;0.17578125;0.65625;0.625;0.17578125;0.31640625;0.6875;0.7578125;0.201171875;0.7734375;0.78125;0.1953125;0.8046875;0.8203125;0.20703125;0.72265625;0.75390625;0.2001953125;0.341796875;0.73828125;0.765625;0.212890625;0.8046875;0.83984375;0.2177734375;0.83203125;0.85546875;0.216796875;0.84375;0.86328125;0.21484375;0.8515625;0.859375;0.208984375;0.740234375;0.572265625;0.125;0.24853515625;0.599609375;0.482421875;0.10205078125;0.6015625;0.494140625;0.1015625;0.8;0.140625;0.3125;0.546875;0.16796875;0.11328125;0.640625;0.65625;0.18359375;0.71875;0.65625;0.16796875;0.640625;0.59375;0.16796875;0.314453125;0.6640625;0.734375;0.197265625;0.75;0.75;0.189453125;0.78125;0.78125;0.19921875;0.703125;0.72265625;0.1904296875;0.333984375;0.71875;0.73828125;0.20703125;0.77734375;0.79296875;0.201171875;0.78125;0.7578125;0.181640625;0.7734375;0.6953125;0.1630859375;0.7265625;0.6015625;0.1328125;0.529296875;0.134765625;0.01904296875;0.10546875;0.23046875;0.068359375;0.0078125;0.2421875;0.09375;0.01025390625;0.8
12;12;84.68;0.125;0.296875;0.546875;0.16796875;0.11328125;0.625;0.640625;0.18359375;0.734375;0.671875;0.17578125;0.65625;0.6328125;0.1796875;0.31640625;0.6796875;0.7421875;0.19921875;0.7734375;0.7890625;0.19921875;0.796875;0.8046875;0.203125;0.72265625;0.74609375;0.19921875;0.341796875;0.73828125;0.76171875;0.212890625;0.80078125;0.828125;0.216796875;0.82421875;0.84765625;0.2158203125;0.83984375;0.859375;0.21484375;0.84765625;0.85546875;0.208984375;0.732421875;0.556640625;0.12255859375;0.240234375;0.5859375;0.474609375;0.1015625;0.591796875;0.494140625;0.10205078125;0.8;0.140625;0.3125;0.53125;0.1640625;0.11328125;0.640625;0.640625;0.18359375;0.71875;0.65625;0.1640625;0.640625;0.59375;0.169921875;0.3125;0.6484375;0.703125;0.19140625;0.75;0.75;0.189453125;0.7734375;0.765625;0.193359375;0.69921875;0.7109375;0.1884765625;0.3310546875;0.71875;0.73828125;0.2080078125;0.77734375;0.796875;0.2060546875;0.79296875;0.80078125;0.1982421875;0.8046875;0.796875;0.1923828125;0.79296875;0.7578125;0.1767578125;0.642578125;0.3515625;0.06689453125;0.16748046875;0.443359375;0.251953125;0.0439453125;0.470703125;0.31640625;0.0537109375;0.8
13;13;83.48;0.125;0.296875;0.53125;0.1640625;0.109375;0.625;0.65625;0.1875;0.71875;0.671875;0.17578125;0.65625;0.6328125;0.1796875;0.314453125;0.6796875;0.7578125;0.205078125;0.78125;0.8125;0.208984375;0.8046875;0.828125;0.21484375;0.73046875;0.7578125;0.2041015625;0.3466796875;0.7421875;0.7578125;0.212890625;0.796875;0.82421875;0.21484375;0.81640625;0.8359375;0.2109375;0.83203125;0.83984375;0.2060546875;0.83203125;0.828125;0.2001953125;0.7109375;0.494140625;0.1044921875;0.21826171875;0.537109375;0.431640625;0.09033203125;0.548828125;0.443359375;0.09130859375;0.8;0.140625;0.3125;0.515625;0.15625;0.11328125;0.625;0.65625;0.1875;0.703125;0.625;0.16015625;0.625;0.578125;0.166015625;0.3046875;0.640625;0.71875;0.197265625;0.75;0.78125;0.201171875;0.78125;0.8125;0.2109375;0.7109375;0.74609375;0.203125;0.33984375;0.73046875;0.75390625;0.2138671875;0.80078125;0.8359375;0.21875;0.828125;0.859375;0.2197265625;0.84765625;0.87890625;0.2197265625;0.859375;0.8828125;0.2197265625;0.771484375;0.705078125;0.17333984375;0.31689453125;0.689453125;0.68359375;0.1806640625;0.69140625;0.63671875;0.16357421875;0.8
14;14;87.35;0.140625;0.296875;0.546875;0.16796875;0.11328125;0.625;0.640625;0.1875;0.71875;0.671875;0.17578125;0.65625;0.625;0.17578125;0.314453125;0.671875;0.75;0.201171875;0.765625;0.7890625;0.201171875;0.796875;0.8125;0.20703125;0.71875;0.734375;0.197265625;0.3408203125;0.7265625;0.73828125;0.2099609375;0.78515625;0.80859375;0.2099609375;0.8046875;0.81640625;0.2060546875;0.8203125;0.82421875;0.2021484375;0.8203125;0.8046875;0.19140625;0.697265625;0.4765625;0.10009765625;0.2080078125;0.521484375;0.419921875;0.08935546875;0.53515625;0.435546875;0.09033203125;0.8;0.140625;0.3125;0.53125;0.16796875;0.11328125;0.625;0.65625;0.1875;0.71875;0.65625;0.16796875;0.6328125;0.578125;0.166015625;0.3125;0.6484375;0.7109375;0.1953125;0.7421875;0.7578125;0.193359375;0.78125;0.796875;0.203125;0.70703125;0.71875;0.1943359375;0.3359375;0.71484375;0.734375;0.2099609375;0.78125;0.8046875;0.208984375;0.796875;0.80859375;0.2041015625;0.8125;0.80859375;0.197265625;0.80859375;0.7734375;0.1826171875;0.673828125;0.423828125;0.0849609375;0.19287109375;0.484375;0.314453125;0.0615234375;0.50390625;0.361328125;0.0693359375;0.8
15;15;86.87;0.140625;0.296875;0.5625;0.171875;0.11328125;0.625;0.640625;0.1875;0.71875;0.671875;0.17578125;0.65625;0.625;0.177734375;0.31640625;0.6796875;0.75;0.201171875;0.765625;0.7890625;0.19921875;0.796875;0.8046875;0.203125;0.71875;0.73046875;0.1962890625;0.33984375;0.7265625;0.75;0.212890625;0.79296875;0.828125;0.216796875;0.8203125;0.84375;0.2158203125;0.8359375;0.8515625;0.2138671875;0.84375;0.85546875;0.2099609375;0.734375;0.564453125;0.125;0.236328125;0.580078125;0.451171875;0.09423828125;0.583984375;0.466796875;0.09765625;0.8;0.140625;0.3125;0.546875;0.16796875;0.1171875;0.625;0.65625;0.1875;0.71875;0.625;0.16015625;0.6328125;0.5703125;0.1640625;0.310546875;0.640625;0.6953125;0.189453125;0.734375;0.7109375;0.181640625;0.765625;0.75;0.1875;0.6875;0.6875;0.18359375;0.3251953125;0.70703125;0.734375;0.208984375;0.77734375;0.80078125;0.2080078125;0.7890625;0.79296875;0.1982421875;0.79296875;0.76171875;0.1845703125;0.77734375;0.72265625;0.166015625;0.61328125;0.28125;0.04638671875;0.14208984375;0.337890625;0.125;0.015625;0.33984375;0.162109375;0.02099609375;0.8
16;16;87.04;0.140625;0.296875;0.578125;0.17578125;0.11328125;0.625;0.640625;0.18359375;0.71875;0.671875;0.171875;0.6484375;0.6171875;0.17578125;0.31640625;0.671875;0.75;0.203125;0.765625;0.78125;0.19921875;0.796875;0.8046875;0.208984375;0.71875;0.734375;0.19921875;0.341796875;0.73046875;0.75;0.2138671875;0.79296875;0.82421875;0.216796875;0.81640625;0.8359375;0.21484375;0.8359375;0.8515625;0.2138671875;0.83984375;0.83984375;0.2060546875;0.728515625;0.55078125;0.1220703125;0.23583984375;0.57421875;0.46484375;0.10205078125;0.57421875;0.46875;0.10107421875;0.8;0.140625;0.3125;0.5625;0.171875;0.1171875;0.625;0.640625;0.18359375;0.71875;0.640625;0.1640625;0.6328125;0.5703125;0.166015625;0.310546875;0.6484375;0.7265625;0.197265625;0.7421875;0.7421875;0.189453125;0.7734375;0.78125;0.19921875;0.69921875;0.7109375;0.1923828125;0.3330078125;0.71484375;0.734375;0.2109375;0.78125;0.80859375;0.2119140625;0.80078125;0.8125;0.20703125;0.8203125;0.8203125;0.2021484375;0.81640625;0.79296875;0.189453125;0.69140625;0.4609375;0.09423828125;0.2041015625;0.513671875;0.353515625;0.06982421875;0.52734375;0.392578125;0.076171875;0.8
17;17;86.25;0.140625;0.296875;0.5625;0.171875;0.1171875;0.625;0.640625;0.1875;0.734375;0.671875;0.17578125;0.65625;0.6171875;0.177734375;0.318359375;0.671875;0.7421875;0.201171875;0.765625;0.7734375;0.19921875;0.7890625;0.8046875;0.208984375;0.71875;0.734375;0.2001953125;0.341796875;0.72265625;0.73828125;0.2119140625;0.7890625;0.8203125;0.216796875;0.8125;0.8359375;0.21484375;0.8359375;0.8515625;0.2138671875;0.83984375;0.84375;0.20703125;0.728515625;0.560546875;0.126953125;0.236328125;0.580078125;0.498046875;0.1142578125;0.583984375;0.48828125;0.10986328125;0.8;0.140625;0.3125;0.546875;0.16796875;0.11328125;0.625;0.65625;0.1875;0.71875;0.65625;0.16796875;0.640625;0.5859375;0.171875;0.3125;0.65625;0.7265625;0.201171875;0.75;0.765625;0.197265625;0.78125;0.796875;0.208984375;0.70703125;0.734375;0.2001953125;0.3388671875;0.71484375;0.734375;0.212890625;0.78515625;0.82421875;0.2177734375;0.81640625;0.84375;0.216796875;0.83984375;0.86328125;0.216796875;0.84765625;0.86328125;0.21484375;0.751953125;0.650390625;0.15625;0.279296875;0.65234375;0.611328125;0.154296875;0.658203125;0.576171875;0.14501953125;0.8
18;18;85.66;0.140625;0.296875;0.5625;0.17578125;0.11328125;0.625;0.640625;0.18359375;0.71875;0.671875;0.171875;0.6484375;0.625;0.181640625;0.31640625;0.671875;0.7421875;0.203125;0.7578125;0.78125;0.201171875;0.7890625;0.8046875;0.20703125;0.71484375;0.73046875;0.2001953125;0.341796875;0.7265625;0.74609375;0.212890625;0.7890625;0.8203125;0.216796875;0.81640625;0.83984375;0.2158203125;0.8359375;0.85546875;0.2158203125;0.83984375;0.84375;0.208984375;0.732421875;0.56640625;0.12939453125;0.24853515625;0.591796875;0.50390625;0.11474609375;0.58984375;0.49609375;0.1103515625;0.8;0.140625;0.3125;0.5625;0.171875;0.11328125;0.625;0.640625;0.18359375;0.71875;0.640625;0.16015625;0.6328125;0.59375;0.173828125;0.30859375;0.65625;0.7265625;0.201171875;0.75;0.765625;0.19921875;0.78125;0.796875;0.20703125;0.70703125;0.7265625;0.2001953125;0.3388671875;0.71875;0.7421875;0.2138671875;0.78515625;0.8203125;0.216796875;0.8125;0.8359375;0.21484375;0.8359375;0.8515625;0.21484375;0.8359375;0.83984375;0.20703125;0.73046875;0.5703125;0.12939453125;0.25390625;0.5859375;0.474609375;0.109375;0.591796875;0.478515625;0.1083984375;0.8
19;19;86.78;0.140625;0.296875;0.5625;0.171875;0.11328125;0.625;0.65625;0.18359375;0.71875;0.671875;0.171875;0.6640625;0.640625;0.18359375;0.318359375;0.6796875;0.7578125;0.20703125;0.7734375;0.796875;0.20703125;0.796875;0.8125;0.212890625;0.72265625;0.7421875;0.2041015625;0.3466796875;0.73046875;0.74609375;0.2138671875;0.79296875;0.82421875;0.21875;0.81640625;0.83984375;0.216796875;0.8359375;0.85546875;0.216796875;0.84375;0.8515625;0.2109375;0.736328125;0.57421875;0.1298828125;0.24658203125;0.580078125;0.49609375;0.11376953125;0.583984375;0.494140625;0.11474609375;0.8;0.140625;0.3125;0.5625;0.171875;0.11328125;0.625;0.65625;0.18359375;0.71875;0.625;0.16015625;0.6328125;0.59375;0.173828125;0.30859375;0.65625;0.7265625;0.201171875;0.7421875;0.765625;0.197265625;0.78125;0.796875;0.208984375;0.70703125;0.734375;0.203125;0.33984375;0.71875;0.7421875;0.21484375;0.7890625;0.828125;0.2197265625;0.8203125;0.84765625;0.2197265625;0.83984375;0.87109375;0.220703125;0.8515625;0.87109375;0.21875;0.759765625;0.66796875;0.166015625;0.30224609375;0.662109375;0.630859375;0.16845703125;0.662109375;0.587890625;0.15625;0.8
20;20;87.84;0.140625;0.28125;0.546875;0.171875;0.11328125;0.609375;0.640625;0.1875;0.734375;0.6875;0.1796875;0.65625;0.640625;0.185546875;0.31640625;0.6796875;0.7578125;0.20703125;0.7734375;0.796875;0.208984375;0.796875;0.8203125;0.212890625;0.72265625;0.734375;0.201171875;0.345703125;0.72265625;0.73828125;0.2138671875;0.7890625;0.82421875;0.21875;0.81640625;0.84375;0.21875;0.8359375;0.859375;0.2177734375;0.84375;0.84765625;0.2109375;0.73828125;0.583984375;0.13330078125;0.24755859375;0.59375;0.484375;0.10986328125;0.599609375;0.50390625;0.11572265625;0.8;0.140625;0.296875;0.53125;0.1640625;0.11328125;0.625;0.65625;0.1875;0.734375;0.671875;0.171875;0.6484375;0.625;0.18359375;0.314453125;0.6640625;0.7421875;0.20703125;0.765625;0.8046875;0.2109375;0.7890625;0.8203125;0.216796875;0.71484375;0.734375;0.205078125;0.34765625;0.71484375;0.73046875;0.2138671875;0.78515625;0.82421875;0.2197265625;0.8203125;0.84765625;0.2216796875;0.83984375;0.87109375;0.2216796875;0.85546875;0.875;0.220703125;0.765625;0.6875;0.17431640625;0.3193359375;0.67578125;0.654296875;0.18017578125;0.671875;0.6015625;0.16064453125;0.8
21;21;86.15;0.140625;0.28125;0.546875;0.171875;0.11328125;0.609375;0.640625;0.18359375;0.71875;0.671875;0.17578125;0.65625;0.625;0.18359375;0.314453125;0.671875;0.7421875;0.203125;0.765625;0.7734375;0.201171875;0.78125;0.7890625;0.203125;0.70703125;0.70703125;0.197265625;0.337890625;0.70703125;0.7265625;0.212890625;0.78125;0.8203125;0.2177734375;0.80859375;0.8359375;0.2177734375;0.83203125;0.85546875;0.21875;0.83984375;0.85546875;0.21484375;0.740234375;0.59765625;0.14013671875;0.2578125;0.60546875;0.53125;0.125;0.6015625;0.509765625;0.12060546875;0.7;0.140625;0.296875;0.546875;0.16796875;0.1171875;0.625;0.65625;0.1875;0.734375;0.671875;0.171875;0.6484375;0.6171875;0.181640625;0.314453125;0.65625;0.734375;0.205078125;0.7578125;0.7890625;0.205078125;0.78125;0.796875;0.208984375;0.703125;0.71875;0.201171875;0.341796875;0.70703125;0.73046875;0.2138671875;0.78125;0.82421875;0.2197265625;0.81640625;0.84375;0.220703125;0.8359375;0.8671875;0.2216796875;0.8515625;0.875;0.220703125;0.763671875;0.68359375;0.17333984375;0.31298828125;0.671875;0.650390625;0.1787109375;0.666015625;0.5859375;0.158203125;0.8
22;22;87.57;0.140625;0.296875;0.5625;0.17578125;0.1171875;0.625;0.640625;0.1875;0.734375;0.6875;0.1796875;0.65625;0.625;0.18359375;0.31640625;0.671875;0.75;0.205078125;0.765625;0.7890625;0.205078125;0.7890625;0.8046875;0.2109375;0.7109375;0.7109375;0.197265625;0.341796875;0.70703125;0.72265625;0.2119140625;0.77734375;0.80859375;0.21484375;0.80078125;0.81640625;0.2119140625;0.8203125;0.828125;0.2080078125;0.82421875;0.81640625;0.2021484375;0.7109375;0.515625;0.1162109375;0.2236328125;0.541015625;0.451171875;0.1044921875;0.55078125;0.455078125;0.10693359375;0.8;0.140625;0.3125;0.5625;0.171875;0.1171875;0.625;0.65625;0.1875;0.71875;0.671875;0.171875;0.640625;0.6015625;0.1796875;0.3125;0.65625;0.7421875;0.205078125;0.75;0.7890625;0.20703125;0.78125;0.8125;0.212890625;0.703125;0.71484375;0.201171875;0.341796875;0.69921875;0.72265625;0.212890625;0.77734375;0.8203125;0.21875;0.8125;0.83984375;0.21875;0.83203125;0.859375;0.21875;0.84765625;0.86328125;0.2177734375;0.75390625;0.654296875;0.16552734375;0.2998046875;0.6484375;0.619140625;0.16943359375;0.6484375;0.5703125;0.15283203125;0.8
23;23;85.53;0.140625;0.28125;0.53125;0.16796875;0.109375;0.609375;0.640625;0.18359375;0.71875;0.6875;0.17578125;0.6484375;0.625;0.18359375;0.3125;0.6640625;0.7421875;0.205078125;0.765625;0.796875;0.208984375;0.796875;0.8125;0.212890625;0.71875;0.73046875;0.2021484375;0.34375;0.71484375;0.7265625;0.212890625;0.77734375;0.81640625;0.2177734375;0.80859375;0.83203125;0.216796875;0.82421875;0.84375;0.21484375;0.83203125;0.83984375;0.2099609375;0.728515625;0.564453125;0.1298828125;0.240234375;0.576171875;0.501953125;0.1181640625;0.580078125;0.4921875;0.1181640625;0.8;0.15625;0.296875;0.53125;0.16015625;0.1171875;0.625;0.640625;0.18359375;0.71875;0.65625;0.16796875;0.6171875;0.5703125;0.169921875;0.3046875;0.6171875;0.6953125;0.197265625;0.734375;0.75;0.197265625;0.7734375;0.7890625;0.205078125;0.69921875;0.6953125;0.1943359375;0.3349609375;0.69921875;0.71484375;0.2099609375;0.76953125;0.80078125;0.2119140625;0.7890625;0.8046875;0.20703125;0.80859375;0.80078125;0.2001953125;0.80078125;0.76953125;0.1875;0.669921875;0.421875;0.08447265625;0.185546875;0.470703125;0.306640625;0.060546875;0.486328125;0.357421875;0.07177734375;0.8
24;24;88.07;0.15625;0.296875;0.5625;0.171875;0.1171875;0.625;0.640625;0.1875;0.734375;0.671875;0.17578125;0.6484375;0.6328125;0.1875;0.31640625;0.671875;0.75;0.20703125;0.765625;0.796875;0.2109375;0.796875;0.8125;0.21484375;0.71875;0.7265625;0.201171875;0.345703125;0.71484375;0.73046875;0.212890625;0.77734375;0.8125;0.216796875;0.8046875;0.82421875;0.21484375;0.82421875;0.8359375;0.212890625;0.82421875;0.82421875;0.205078125;0.720703125;0.54296875;0.125;0.234375;0.55859375;0.455078125;0.10595703125;0.560546875;0.462890625;0.11279296875;0.8;0.15625;0.3125;0.546875;0.16796875;0.1171875;0.625;0.65625;0.1875;0.734375;0.671875;0.171875;0.640625;0.6171875;0.18359375;0.3125;0.65625;0.7421875;0.20703125;0.7578125;0.7890625;0.208984375;0.78125;0.8046875;0.21484375;0.7109375;0.71484375;0.201171875;0.34375;0.703125;0.72265625;0.212890625;0.7734375;0.80859375;0.2158203125;0.80078125;0.82421875;0.21484375;0.8203125;0.8359375;0.2119140625;0.828125;0.82421875;0.205078125;0.720703125;0.560546875;0.13037109375;0.2451171875;0.578125;0.484375;0.1162109375;0.5859375;0.478515625;0.1181640625;0.8
25;25;87.88;0.15625;0.296875;0.578125;0.1796875;0.1171875;0.625;0.640625;0.1875;0.734375;0.671875;0.17578125;0.65625;0.625;0.18359375;0.318359375;0.671875;0.7421875;0.205078125;0.7578125;0.7734375;0.201171875;0.7890625;0.796875;0.2109375;0.7109375;0.7109375;0.2001953125;0.3408203125;0.70703125;0.72265625;0.212890625;0.7734375;0.8125;0.216796875;0.8046875;0.828125;0.216796875;0.82421875;0.84375;0.21484375;0.83203125;0.8359375;0.208984375;0.724609375;0.55078125;0.12841796875;0.24072265625;0.572265625;0.490234375;0.11767578125;0.572265625;0.482421875;0.1201171875;0.8;0.15625;0.3125;0.578125;0.17578125;0.1171875;0.609375;0.640625;0.18359375;0.71875;0.65625;0.16796875;0.6328125;0.59375;0.1796875;0.30859375;0.6484375;0.734375;0.203125;0.7421875;0.765625;0.201171875;0.7734375;0.796875;0.212890625;0.703125;0.71484375;0.2021484375;0.3388671875;0.69921875;0.71875;0.2138671875;0.7734375;0.8125;0.2197265625;0.80859375;0.83984375;0.220703125;0.83203125;0.859375;0.220703125;0.84375;0.86328125;0.2197265625;0.75390625;0.65234375;0.16748046875;0.30517578125;0.6484375;0.6171875;0.17236328125;0.646484375;0.560546875;0.15576171875;0.8
26;26;87.16;0.140625;0.28125;0.5625;0.171875;0.11328125;0.609375;0.640625;0.1875;0.71875;0.671875;0.171875;0.6484375;0.6328125;0.1875;0.31640625;0.671875;0.7578125;0.20703125;0.765625;0.796875;0.20703125;0.7890625;0.8125;0.21484375;0.71484375;0.71875;0.201171875;0.3447265625;0.70703125;0.7265625;0.2138671875;0.77734375;0.8125;0.2177734375;0.80859375;0.83203125;0.2177734375;0.828125;0.84765625;0.216796875;0.83203125;0.84375;0.2119140625;0.73046875;0.572265625;0.13525390625;0.248046875;0.58203125;0.513671875;0.12548828125;0.580078125;0.494140625;0.12353515625;0.8;0.15625;0.296875;0.546875;0.16796875;0.11328125;0.609375;0.640625;0.1875;0.71875;0.671875;0.171875;0.640625;0.6171875;0.185546875;0.310546875;0.65625;0.7578125;0.20703125;0.75;0.7890625;0.208984375;0.78125;0.8046875;0.21484375;0.70703125;0.71875;0.203125;0.34375;0.69921875;0.71875;0.2138671875;0.7734375;0.81640625;0.2197265625;0.8125;0.83984375;0.220703125;0.83203125;0.859375;0.220703125;0.84375;0.86328125;0.2197265625;0.755859375;0.658203125;0.1708984375;0.3154296875;0.650390625;0.623046875;0.177734375;0.646484375;0.564453125;0.15966796875;0.8
27;27;89.08;0.15625;0.28125;0.5625;0.171875;0.11328125;0.609375;0.640625;0.1875;0.734375;0.671875;0.17578125;0.6484375;0.6171875;0.18359375;0.31640625;0.6640625;0.75;0.205078125;0.7578125;0.78125;0.205078125;0.7890625;0.796875;0.2109375;0.70703125;0.71484375;0.201171875;0.341796875;0.70703125;0.73046875;0.2138671875;0.7734375;0.8125;0.21875;0.80859375;0.83203125;0.21875;0.828125;0.8515625;0.2177734375;0.83984375;0.84375;0.212890625;0.73828125;0.591796875;0.14111328125;0.26123046875;0.59375;0.513671875;0.1240234375;0.58984375;0.50390625;0.12548828125;0.8;0.15625;0.3125;0.546875;0.16796875;0.1171875;0.625;0.65625;0.1875;0.71875;0.671875;0.16796875;0.6328125;0.59375;0.177734375;0.30859375;0.640625;0.7265625;0.203125;0.7421875;0.7734375;0.203125;0.7734375;0.7890625;0.2109375;0.69921875;0.70703125;0.201171875;0.3388671875;0.69921875;0.71875;0.2138671875;0.7734375;0.8125;0.2197265625;0.80859375;0.83984375;0.220703125;0.83203125;0.85546875;0.220703125;0.84375;0.86328125;0.220703125;0.755859375;0.6640625;0.1728515625;0.310546875;0.65625;0.630859375;0.17626953125;0.65234375;0.5625;0.15771484375;0.8
28;28;89.2;0.140625;0.28125;0.5625;0.171875;0.11328125;0.625;0.640625;0.1875;0.71875;0.671875;0.17578125;0.65625;0.6328125;0.1875;0.31640625;0.6640625;0.7421875;0.205078125;0.765625;0.7890625;0.20703125;0.7890625;0.8046875;0.212890625;0.7109375;0.71484375;0.2021484375;0.34375;0.70703125;0.7265625;0.212890625;0.7734375;0.80859375;0.2177734375;0.8046875;0.828125;0.216796875;0.82421875;0.84375;0.2158203125;0.83203125;0.83203125;0.208984375;0.73046875;0.564453125;0.1328125;0.24560546875;0.578125;0.5;0.12109375;0.576171875;0.49609375;0.1279296875;0.8;0.15625;0.3125;0.546875;0.16796875;0.1171875;0.625;0.65625;0.1875;0.71875;0.65625;0.171875;0.640625;0.609375;0.18359375;0.30859375;0.6484375;0.734375;0.203125;0.75;0.7890625;0.20703125;0.78125;0.8046875;0.21484375;0.703125;0.7109375;0.2041015625;0.3427734375;0.703125;0.72265625;0.21484375;0.7734375;0.81640625;0.220703125;0.8125;0.83984375;0.220703125;0.83203125;0.859375;0.2216796875;0.84765625;0.86328125;0.2197265625;0.7578125;0.66015625;0.1708984375;0.31298828125;0.658203125;0.626953125;0.17529296875;0.65234375;0.56640625;0.1591796875;0.8
29;29;88.34;0.140625;0.28125;0.5625;0.171875;0.11328125;0.609375;0.625;0.18359375;0.71875;0.65625;0.171875;0.640625;0.6171875;0.18359375;0.314453125;0.65625;0.7421875;0.205078125;0.7578125;0.7890625;0.208984375;0.78125;0.796875;0.212890625;0.70703125;0.71484375;0.203125;0.3427734375;0.70703125;0.7265625;0.2138671875;0.7734375;0.8125;0.21875;0.80859375;0.8359375;0.2197265625;0.828125;0.84765625;0.2177734375;0.8359375;0.84375;0.212890625;0.736328125;0.591796875;0.14404296875;0.25732421875;0.59765625;0.537109375;0.13427734375;0.595703125;0.51953125;0.1357421875;0.8;0.15625;0.296875;0.546875;0.1640625;0.1171875;0.609375;0.640625;0.18359375;0.703125;0.625;0.15625;0.6171875;0.578125;0.173828125;0.302734375;0.625;0.71875;0.201171875;0.7421875;0.7734375;0.203125;0.7734375;0.7890625;0.2109375;0.6953125;0.70703125;0.2021484375;0.337890625;0.6953125;0.72265625;0.2138671875;0.76953125;0.8125;0.2197265625;0.80859375;0.8359375;0.220703125;0.828125;0.8515625;0.2197265625;0.83984375;0.85546875;0.216796875;0.748046875;0.640625;0.1640625;0.29736328125;0.638671875;0.60546875;0.16845703125;0.638671875;0.55859375;0.15625;0.8
30;30;89.2;0.140625;0.28125;0.5625;0.16796875;0.11328125;0.609375;0.640625;0.1875;0.71875;0.671875;0.17578125;0.6484375;0.625;0.185546875;0.31640625;0.6640625;0.75;0.20703125;0.7578125;0.7890625;0.20703125;0.7890625;0.8046875;0.2109375;0.7109375;0.71875;0.203125;0.3427734375;0.70703125;0.7265625;0.2138671875;0.7734375;0.81640625;0.2197265625;0.8125;0.83984375;0.220703125;0.828125;0.85546875;0.220703125;0.83984375;0.85546875;0.2177734375;0.74609375;0.615234375;0.1533203125;0.2744140625;0.623046875;0.5546875;0.13818359375;0.615234375;0.537109375;0.1396484375;0.8;0.15625;0.296875;0.546875;0.1640625;0.1171875;0.609375;0.640625;0.18359375;0.71875;0.640625;0.1640625;0.625;0.5859375;0.177734375;0.306640625;0.6328125;0.7265625;0.203125;0.7421875;0.7734375;0.205078125;0.7734375;0.796875;0.2109375;0.69921875;0.7109375;0.203125;0.33984375;0.6953125;0.71875;0.2138671875;0.76953125;0.8125;0.2197265625;0.80859375;0.83984375;0.220703125;0.828125;0.8515625;0.220703125;0.83984375;0.85546875;0.216796875;0.748046875;0.630859375;0.15869140625;0.291015625;0.640625;0.572265625;0.1474609375;0.6328125;0.54296875;0.1455078125;0.8
31;31;89.4;0.140625;0.28125;0.578125;0.171875;0.11328125;0.609375;0.625;0.18359375;0.71875;0.671875;0.171875;0.640625;0.6171875;0.18359375;0.3125;0.65625;0.7421875;0.205078125;0.7578125;0.7890625;0.20703125;0.78125;0.8046875;0.212890625;0.703125;0.70703125;0.2021484375;0.3408203125;0.69921875;0.72265625;0.2138671875;0.765625;0.80859375;0.21875;0.8046875;0.828125;0.2177734375;0.82421875;0.84375;0.216796875;0.83203125;0.83203125;0.208984375;0.728515625;0.564453125;0.1357421875;0.25390625;0.583984375;0.509765625;0.126953125;0.580078125;0.494140625;0.13232421875;0.8;0.15625;0.296875;0.5625;0.16796875;0.11328125;0.609375;0.625;0.18359375;0.703125;0.640625;0.16015625;0.6171875;0.5625;0.171875;0.302734375;0.6171875;0.703125;0.1953125;0.7265625;0.7421875;0.197265625;0.765625;0.7890625;0.208984375;0.69140625;0.6953125;0.2001953125;0.333984375;0.69140625;0.71875;0.2138671875;0.765625;0.8125;0.2197265625;0.8046875;0.83203125;0.2197265625;0.82421875;0.8515625;0.2197265625;0.8359375;0.8515625;0.21484375;0.7421875;0.62890625;0.15625;0.2822265625;0.630859375;0.57421875;0.15185546875;0.62890625;0.54296875;0.14794921875;0.8
32;32;88.88;0.15625;0.28125;0.5625;0.171875;0.109375;0.609375;0.640625;0.18359375;0.71875;0.671875;0.171875;0.6484375;0.625;0.185546875;0.314453125;0.6640625;0.75;0.20703125;0.7578125;0.796875;0.208984375;0.78125;0.8046875;0.212890625;0.70703125;0.7109375;0.201171875;0.3427734375;0.69921875;0.71875;0.2138671875;0.765625;0.80859375;0.21875;0.8046875;0.83203125;0.21875;0.8203125;0.84765625;0.2197265625;0.83203125;0.84375;0.21484375;0.734375;0.5859375;0.14501953125;0.26318359375;0.595703125;0.52734375;0.1357421875;0.587890625;0.509765625;0.138671875;0.8;0.15625;0.296875;0.546875;0.1640625;0.11328125;0.609375;0.640625;0.18359375;0.71875;0.640625;0.16015625;0.625;0.5859375;0.177734375;0.3046875;0.6328125;0.7265625;0.203125;0.7421875;0.765625;0.203125;0.7734375;0.7890625;0.2109375;0.6953125;0.703125;0.201171875;0.337890625;0.69140625;0.71484375;0.2138671875;0.765625;0.80859375;0.2197265625;0.8046875;0.83203125;0.220703125;0.82421875;0.8515625;0.220703125;0.83984375;0.85546875;0.2177734375;0.74609375;0.63671875;0.1630859375;0.29736328125;0.640625;0.595703125;0.1640625;0.634765625;0.55078125;0.154296875;0.8
33;33;88.99;0.140625;0.28125;0.578125;0.171875;0.109375;0.609375;0.640625;0.18359375;0.71875;0.671875;0.17578125;0.6484375;0.6328125;0.189453125;0.314453125;0.65625;0.75;0.208984375;0.7578125;0.796875;0.2109375;0.78125;0.8046875;0.21484375;0.70703125;0.70703125;0.201171875;0.3427734375;0.6953125;0.71484375;0.212890625;0.765625;0.8046875;0.21875;0.80078125;0.828125;0.2177734375;0.8203125;0.84375;0.2177734375;0.83203125;0.83203125;0.2119140625;0.73046875;0.57421875;0.14111328125;0.26171875;0.58984375;0.5078125;0.12744140625;0.58203125;0.501953125;0.1357421875;0.8;0.15625;0.3125;0.5625;0.16796875;0.1171875;0.609375;0.640625;0.18359375;0.71875;0.671875;0.16796875;0.6328125;0.6015625;0.181640625;0.30859375;0.640625;0.734375;0.203125;0.7421875;0.7734375;0.205078125;0.7734375;0.7890625;0.2109375;0.6953125;0.69921875;0.2001953125;0.3388671875;0.6875;0.7109375;0.2138671875;0.76171875;0.8046875;0.21875;0.80078125;0.828125;0.21875;0.8203125;0.84765625;0.21875;0.83203125;0.84375;0.21484375;0.73828125;0.6171875;0.15625;0.2802734375;0.62109375;0.576171875;0.1572265625;0.6171875;0.529296875;0.150390625;0.8
34;34;89.76;0.15625;0.28125;0.5625;0.171875;0.109375;0.59375;0.625;0.18359375;0.703125;0.671875;0.171875;0.640625;0.625;0.1875;0.310546875;0.65625;0.75;0.20703125;0.7578125;0.7890625;0.2109375;0.78125;0.796875;0.212890625;0.703125;0.6953125;0.1982421875;0.33984375;0.69140625;0.7109375;0.2119140625;0.7578125;0.79296875;0.216796875;0.796875;0.81640625;0.21484375;0.8125;0.83203125;0.21484375;0.8203125;0.8203125;0.20703125;0.716796875;0.546875;0.1328125;0.24609375;0.564453125;0.501953125;0.12744140625;0.55859375;0.486328125;0.1337890625;0.8;0.15625;0.296875;0.5625;0.16796875;0.11328125;0.59375;0.640625;0.18359375;0.703125;0.65625;0.16796875;0.625;0.59375;0.181640625;0.306640625;0.640625;0.734375;0.20703125;0.7421875;0.78125;0.20703125;0.7734375;0.796875;0.212890625;0.69921875;0.703125;0.201171875;0.33984375;0.6875;0.70703125;0.212890625;0.7578125;0.80078125;0.21875;0.80078125;0.83203125;0.2197265625;0.8203125;0.8515625;0.220703125;0.8359375;0.84765625;0.216796875;0.7421875;0.625;0.16064453125;0.2900390625;0.626953125;0.5859375;0.1611328125;0.619140625;0.529296875;0.15234375;0.8
35;35;89.53;0.15625;0.28125;0.5625;0.16796875;0.109375;0.59375;0.640625;0.18359375;0.71875;0.65625;0.171875;0.640625;0.6171875;0.18359375;0.310546875;0.6484375;0.7421875;0.208984375;0.7578125;0.7890625;0.208984375;0.78125;0.7890625;0.2109375;0.703125;0.69921875;0.2021484375;0.3388671875;0.69140625;0.71484375;0.212890625;0.76171875;0.80078125;0.21875;0.80078125;0.828125;0.21875;0.81640625;0.84375;0.2197265625;0.83203125;0.84375;0.2158203125;0.734375;0.595703125;0.150390625;0.26220703125;0.603515625;0.544921875;0.14111328125;0.59375;0.521484375;0.14404296875;0.8;0.15625;0.296875;0.546875;0.1640625;0.11328125;0.59375;0.640625;0.18359375;0.703125;0.625;0.15625;0.6171875;0.5703125;0.171875;0.302734375;0.6171875;0.71875;0.201171875;0.7265625;0.7421875;0.1953125;0.7578125;0.765625;0.205078125;0.68359375;0.6875;0.19921875;0.330078125;0.68359375;0.70703125;0.212890625;0.7578125;0.80078125;0.21875;0.796875;0.828125;0.2197265625;0.8203125;0.84765625;0.2197265625;0.83203125;0.84375;0.216796875;0.73828125;0.62109375;0.15869140625;0.28271484375;0.62890625;0.57421875;0.1533203125;0.623046875;0.53515625;0.1513671875;0.8
36;36;90.11;0.15625;0.28125;0.578125;0.171875;0.11328125;0.609375;0.640625;0.18359375;0.71875;0.671875;0.17578125;0.640625;0.6171875;0.185546875;0.314453125;0.65625;0.75;0.205078125;0.75;0.7734375;0.205078125;0.7734375;0.7890625;0.2109375;0.69921875;0.69921875;0.201171875;0.3388671875;0.69140625;0.71484375;0.2138671875;0.76171875;0.80078125;0.21875;0.796875;0.82421875;0.21875;0.81640625;0.83984375;0.21875;0.83203125;0.84375;0.2158203125;0.73046875;0.58984375;0.14892578125;0.263671875;0.6015625;0.556640625;0.1484375;0.59375;0.517578125;0.14453125;0.8;0.15625;0.296875;0.5625;0.16796875;0.11328125;0.609375;0.640625;0.18359375;0.71875;0.65625;0.171875;0.625;0.5859375;0.177734375;0.306640625;0.625;0.7265625;0.201171875;0.734375;0.7421875;0.1953125;0.765625;0.7734375;0.20703125;0.6875;0.6875;0.1982421875;0.33203125;0.68359375;0.70703125;0.2138671875;0.7578125;0.796875;0.2177734375;0.796875;0.82421875;0.2177734375;0.81640625;0.8359375;0.216796875;0.828125;0.8359375;0.2138671875;0.728515625;0.591796875;0.14794921875;0.267578125;0.603515625;0.546875;0.14697265625;0.60546875;0.525390625;0.150390625;0.8
37;37;88.34;0.15625;0.28125;0.578125;0.17578125;0.11328125;0.609375;0.640625;0.1875;0.71875;0.6875;0.17578125;0.640625;0.6171875;0.185546875;0.314453125;0.65625;0.75;0.20703125;0.75;0.78125;0.20703125;0.78125;0.796875;0.212890625;0.703125;0.703125;0.201171875;0.33984375;0.69140625;0.71484375;0.2138671875;0.7578125;0.80078125;0.2177734375;0.796875;0.82421875;0.2177734375;0.81640625;0.8359375;0.216796875;0.82421875;0.828125;0.2099609375;0.72265625;0.568359375;0.14013671875;0.24755859375;0.578125;0.517578125;0.1357421875;0.572265625;0.5;0.1416015625;0.8;0.15625;0.3125;0.5625;0.171875;0.11328125;0.609375;0.640625;0.18359375;0.703125;0.625;0.16015625;0.609375;0.546875;0.166015625;0.30078125;0.6015625;0.6953125;0.193359375;0.7109375;0.6953125;0.181640625;0.7421875;0.7421875;0.1953125;0.66796875;0.6640625;0.19140625;0.3193359375;0.67578125;0.703125;0.212890625;0.75;0.79296875;0.21484375;0.78515625;0.8125;0.2138671875;0.8046875;0.81640625;0.208984375;0.8046875;0.78515625;0.1953125;0.6875;0.494140625;0.1123046875;0.20849609375;0.52734375;0.416015625;0.10009765625;0.533203125;0.46484375;0.12841796875;0.8
38;38;89.11;0.15625;0.28125;0.578125;0.17578125;0.109375;0.59375;0.640625;0.18359375;0.71875;0.671875;0.1796875;0.640625;0.625;0.189453125;0.3125;0.65625;0.75;0.208984375;0.7578125;0.796875;0.208984375;0.78125;0.8046875;0.21484375;0.703125;0.70703125;0.201171875;0.341796875;0.6953125;0.72265625;0.2138671875;0.7578125;0.80078125;0.21875;0.796875;0.82421875;0.21875;0.81640625;0.84375;0.21875;0.828125;0.83984375;0.21484375;0.732421875;0.599609375;0.154296875;0.26220703125;0.595703125;0.55078125;0.1484375;0.587890625;0.517578125;0.146484375;0.8;0.15625;0.296875;0.578125;0.171875;0.11328125;0.609375;0.640625;0.1875;0.71875;0.6875;0.1796875;0.6328125;0.609375;0.1875;0.30859375;0.640625;0.75;0.208984375;0.7421875;0.796875;0.212890625;0.7734375;0.8046875;0.216796875;0.69921875;0.70703125;0.205078125;0.3427734375;0.69140625;0.71484375;0.21484375;0.7578125;0.8046875;0.220703125;0.80078125;0.8359375;0.2216796875;0.82421875;0.85546875;0.22265625;0.83984375;0.859375;0.2216796875;0.751953125;0.658203125;0.17822265625;0.32177734375;0.65234375;0.6171875;0.181640625;0.638671875;0.541015625;0.15869140625;0.8
39;39;90.29;0.15625;0.28125;0.5625;0.171875;0.11328125;0.59375;0.640625;0.18359375;0.71875;0.65625;0.171875;0.640625;0.6171875;0.185546875;0.3125;0.6484375;0.75;0.20703125;0.75;0.7890625;0.208984375;0.78125;0.8046875;0.21484375;0.703125;0.70703125;0.2021484375;0.3408203125;0.6953125;0.71875;0.2138671875;0.7578125;0.80078125;0.21875;0.80078125;0.828125;0.21875;0.81640625;0.84375;0.21875;0.828125;0.8359375;0.212890625;0.73046875;0.583984375;0.1474609375;0.267578125;0.595703125;0.5234375;0.13623046875;0.5859375;0.509765625;0.14453125;0.8;0.15625;0.296875;0.546875;0.16796875;0.11328125;0.609375;0.640625;0.1875;0.71875;0.65625;0.16796875;0.625;0.59375;0.181640625;0.306640625;0.6328125;0.734375;0.205078125;0.7421875;0.78125;0.20703125;0.7734375;0.796875;0.21484375;0.6953125;0.703125;0.203125;0.3408203125;0.6875;0.71484375;0.21484375;0.7578125;0.8046875;0.2197265625;0.80078125;0.83203125;0.2216796875;0.82421875;0.85546875;0.22265625;0.83984375;0.85546875;0.220703125;0.748046875;0.646484375;0.1748046875;0.31884765625;0.642578125;0.611328125;0.18017578125;0.626953125;0.529296875;0.1572265625;0.8
40;40;90.05;0.140625;0.265625;0.5625;0.171875;0.109375;0.59375;0.640625;0.18359375;0.71875;0.671875;0.171875;0.640625;0.6171875;0.1875;0.310546875;0.65625;0.7421875;0.20703125;0.75;0.78125;0.205078125;0.7734375;0.796875;0.2109375;0.6953125;0.6953125;0.201171875;0.3369140625;0.6875;0.7109375;0.212890625;0.7578125;0.80078125;0.21875;0.796875;0.828125;0.2197265625;0.81640625;0.84375;0.2197265625;0.828125;0.83984375;0.2158203125;0.73046875;0.58984375;0.1513671875;0.265625;0.595703125;0.546875;0.146484375;0.5859375;0.51171875;0.146484375;0.8;0.15625;0.296875;0.546875;0.16796875;0.11328125;0.59375;0.640625;0.18359375;0.71875;0.65625;0.16796875;0.625;0.59375;0.18359375;0.3046875;0.6328125;0.734375;0.20703125;0.7421875;0.7734375;0.205078125;0.765625;0.796875;0.212890625;0.69140625;0.69921875;0.2021484375;0.337890625;0.68359375;0.70703125;0.2138671875;0.7578125;0.8046875;0.2197265625;0.80078125;0.83203125;0.220703125;0.8203125;0.8515625;0.2216796875;0.8359375;0.8515625;0.2197265625;0.74609375;0.640625;0.169921875;0.3046875;0.640625;0.6015625;0.17138671875;0.630859375;0.53515625;0.15673828125;0.8
41;41;90.33;0.15625;0.28125;0.578125;0.171875;0.109375;0.59375;0.640625;0.18359375;0.71875;0.65625;0.171875;0.640625;0.609375;0.18359375;0.310546875;0.6484375;0.7421875;0.205078125;0.75;0.7734375;0.203125;0.7734375;0.796875;0.212890625;0.6953125;0.69921875;0.201171875;0.337890625;0.6875;0.71484375;0.212890625;0.7578125;0.80078125;0.21875;0.796875;0.828125;0.21875;0.81640625;0.83984375;0.2197265625;0.828125;0.83984375;0.2158203125;0.728515625;0.59375;0.1533203125;0.26416015625;0.59765625;0.5625;0.154296875;0.591796875;0.51953125;0.14990234375;0.8;0.15625;0.296875;0.5625;0.16796875;0.11328125;0.59375;0.640625;0.18359375;0.71875;0.640625;0.1640625;0.625;0.5859375;0.1796875;0.3046875;0.6328125;0.7265625;0.203125;0.734375;0.765625;0.203125;0.7734375;0.796875;0.21484375;0.69140625;0.69921875;0.203125;0.337890625;0.68359375;0.70703125;0.2138671875;0.7578125;0.8046875;0.220703125;0.796875;0.83203125;0.2216796875;0.8203125;0.8515625;0.22265625;0.8359375;0.85546875;0.2216796875;0.748046875;0.6484375;0.17578125;0.31591796875;0.6484375;0.615234375;0.18115234375;0.638671875;0.544921875;0.16064453125;0.8
42;42;90.7;0.15625;0.28125;0.5625;0.16796875;0.11328125;0.59375;0.640625;0.18359375;0.71875;0.671875;0.171875;0.640625;0.6171875;0.18359375;0.3125;0.6484375;0.734375;0.205078125;0.75;0.7734375;0.203125;0.7734375;0.7890625;0.208984375;0.69140625;0.69140625;0.19921875;0.3349609375;0.68359375;0.7109375;0.212890625;0.7578125;0.80078125;0.21875;0.796875;0.82421875;0.21875;0.8125;0.84375;0.21875;0.828125;0.8359375;0.21484375;0.73046875;0.59375;0.1533203125;0.2685546875;0.60546875;0.560546875;0.15478515625;0.595703125;0.525390625;0.150390625;0.8;0.15625;0.296875;0.53125;0.16015625;0.11328125;0.59375;0.640625;0.1875;0.703125;0.640625;0.1640625;0.6171875;0.59375;0.1796875;0.302734375;0.625;0.71875;0.203125;0.734375;0.765625;0.203125;0.765625;0.796875;0.212890625;0.6875;0.6953125;0.203125;0.3369140625;0.6796875;0.7109375;0.2138671875;0.7578125;0.8046875;0.2197265625;0.796875;0.83203125;0.2216796875;0.8203125;0.8515625;0.22265625;0.8359375;0.859375;0.2216796875;0.75;0.65234375;0.17626953125;0.31982421875;0.646484375;0.61328125;0.18212890625;0.634765625;0.546875;0.162109375;0.8
43;43;89.75;0.15625;0.28125;0.5625;0.16796875;0.11328125;0.59375;0.640625;0.18359375;0.71875;0.671875;0.17578125;0.640625;0.625;0.189453125;0.3125;0.65625;0.75;0.208984375;0.7578125;0.7890625;0.208984375;0.78125;0.796875;0.2109375;0.69921875;0.69921875;0.201171875;0.3388671875;0.69140625;0.71484375;0.2138671875;0.7578125;0.80078125;0.21875;0.796875;0.82421875;0.21875;0.81640625;0.84375;0.2197265625;0.828125;0.83984375;0.216796875;0.732421875;0.59765625;0.1552734375;0.2705078125;0.60546875;0.564453125;0.1552734375;0.595703125;0.53125;0.15283203125;0.8;0.15625;0.296875;0.546875;0.1640625;0.11328125;0.59375;0.625;0.18359375;0.703125;0.640625;0.1640625;0.6171875;0.59375;0.181640625;0.30078125;0.625;0.7265625;0.203125;0.734375;0.7734375;0.20703125;0.7734375;0.796875;0.212890625;0.69140625;0.69921875;0.203125;0.337890625;0.68359375;0.7109375;0.2138671875;0.7578125;0.8046875;0.2197265625;0.796875;0.83203125;0.2216796875;0.8203125;0.8515625;0.22265625;0.83984375;0.859375;0.22265625;0.75;0.65625;0.177734375;0.31982421875;0.65234375;0.619140625;0.18310546875;0.63671875;0.541015625;0.15966796875;0.8
44;44;90.73;0.15625;0.28125;0.578125;0.171875;0.1171875;0.59375;0.640625;0.1875;0.71875;0.6875;0.17578125;0.6484375;0.625;0.1875;0.314453125;0.6484375;0.7421875;0.20703125;0.75;0.7890625;0.208984375;0.7734375;0.8046875;0.21484375;0.69921875;0.703125;0.203125;0.33984375;0.69140625;0.71875;0.2138671875;0.7578125;0.8046875;0.2197265625;0.80078125;0.83203125;0.220703125;0.8203125;0.8515625;0.2216796875;0.8359375;0.8515625;0.2197265625;0.740234375;0.623046875;0.1650390625;0.2861328125;0.62890625;0.583984375;0.16259765625;0.61328125;0.533203125;0.15283203125;0.8;0.15625;0.296875;0.546875;0.1640625;0.11328125;0.59375;0.640625;0.18359375;0.71875;0.640625;0.1640625;0.6171875;0.5859375;0.177734375;0.302734375;0.625;0.71875;0.203125;0.7265625;0.765625;0.203125;0.765625;0.796875;0.21484375;0.6875;0.6953125;0.203125;0.3349609375;0.68359375;0.71484375;0.21484375;0.7578125;0.8046875;0.220703125;0.80078125;0.8359375;0.2216796875;0.8203125;0.85546875;0.22265625;0.83984375;0.859375;0.22265625;0.75;0.65625;0.177734375;0.318359375;0.658203125;0.623046875;0.1826171875;0.646484375;0.552734375;0.16162109375;0.8
45;45;90.53;0.15625;0.28125;0.5625;0.16796875;0.109375;0.59375;0.640625;0.18359375;0.71875;0.6875;0.17578125;0.640625;0.625;0.189453125;0.3125;0.6484375;0.75;0.208984375;0.75;0.7890625;0.208984375;0.7734375;0.796875;0.2109375;0.6953125;0.6953125;0.2001953125;0.337890625;0.68359375;0.7109375;0.212890625;0.75390625;0.796875;0.2177734375;0.7890625;0.81640625;0.2177734375;0.80859375;0.8359375;0.2177734375;0.8203125;0.828125;0.212890625;0.724609375;0.576171875;0.1484375;0.2578125;0.58203125;0.53515625;0.1484375;0.572265625;0.50390625;0.1484375;0.8;0.15625;0.296875;0.546875;0.1640625;0.11328125;0.59375;0.640625;0.1875;0.71875;0.6875;0.17578125;0.6328125;0.6015625;0.185546875;0.30859375;0.6328125;0.734375;0.20703125;0.7421875;0.7890625;0.208984375;0.765625;0.796875;0.21484375;0.69140625;0.69921875;0.203125;0.3388671875;0.6796875;0.7109375;0.2138671875;0.7578125;0.8046875;0.2197265625;0.796875;0.83203125;0.2216796875;0.8203125;0.8515625;0.22265625;0.8359375;0.85546875;0.2216796875;0.748046875;0.646484375;0.17578125;0.31689453125;0.642578125;0.607421875;0.1806640625;0.62890625;0.53515625;0.15966796875;0.8
46;46;90.35;0.15625;0.28125;0.578125;0.171875;0.109375;0.59375;0.640625;0.18359375;0.71875;0.671875;0.17578125;0.640625;0.625;0.189453125;0.3125;0.65625;0.75;0.208984375;0.75;0.7890625;0.208984375;0.7734375;0.7890625;0.208984375;0.6953125;0.69140625;0.2001953125;0.3369140625;0.6796875;0.71484375;0.2138671875;0.75390625;0.80078125;0.21875;0.79296875;0.82421875;0.21875;0.8125;0.84375;0.2197265625;0.828125;0.83984375;0.216796875;0.73046875;0.595703125;0.15625;0.27099609375;0.603515625;0.55859375;0.1572265625;0.595703125;0.529296875;0.15283203125;0.8;0.15625;0.296875;0.5625;0.16796875;0.11328125;0.59375;0.640625;0.18359375;0.71875;0.65625;0.16796875;0.625;0.6015625;0.18359375;0.3046875;0.6328125;0.734375;0.20703125;0.734375;0.7734375;0.20703125;0.765625;0.7890625;0.212890625;0.6875;0.69140625;0.2021484375;0.3369140625;0.67578125;0.7109375;0.2138671875;0.75390625;0.80078125;0.2197265625;0.79296875;0.828125;0.220703125;0.81640625;0.84765625;0.2216796875;0.83203125;0.84765625;0.2197265625;0.7421875;0.6328125;0.1708984375;0.302734375;0.634765625;0.59375;0.17529296875;0.630859375;0.54296875;0.16064453125;0.8
47;47;91.0;0.15625;0.28125;0.578125;0.171875;0.11328125;0.59375;0.640625;0.18359375;0.71875;0.671875;0.171875;0.640625;0.6171875;0.185546875;0.3125;0.6484375;0.7421875;0.20703125;0.75;0.78125;0.20703125;0.7734375;0.796875;0.2109375;0.6953125;0.69140625;0.2001953125;0.3369140625;0.6796875;0.7109375;0.212890625;0.75390625;0.796875;0.2177734375;0.7890625;0.81640625;0.2177734375;0.80859375;0.8359375;0.2177734375;0.8203125;0.828125;0.2119140625;0.724609375;0.578125;0.1494140625;0.259765625;0.5859375;0.54296875;0.15283203125;0.580078125;0.509765625;0.14990234375;0.8;0.15625;0.296875;0.5625;0.16796875;0.11328125;0.59375;0.640625;0.18359375;0.71875;0.640625;0.1640625;0.625;0.5859375;0.1796875;0.3046875;0.625;0.71875;0.203125;0.7265625;0.7578125;0.203125;0.765625;0.7890625;0.2109375;0.6875;0.69140625;0.201171875;0.333984375;0.6796875;0.7109375;0.2138671875;0.75390625;0.80078125;0.2197265625;0.79296875;0.828125;0.220703125;0.81640625;0.84765625;0.220703125;0.83203125;0.84375;0.21875;0.740234375;0.626953125;0.1669921875;0.29638671875;0.626953125;0.591796875;0.1728515625;0.623046875;0.537109375;0.15966796875;0.8
48;48;91.04;0.15625;0.28125;0.546875;0.16796875;0.109375;0.578125;0.625;0.18359375;0.71875;0.671875;0.171875;0.640625;0.625;0.1875;0.310546875;0.6484375;0.7421875;0.20703125;0.75;0.7890625;0.208984375;0.7734375;0.796875;0.212890625;0.69921875;0.6953125;0.201171875;0.337890625;0.6875;0.71484375;0.2138671875;0.7578125;0.8046875;0.2197265625;0.796875;0.828125;0.2197265625;0.81640625;0.84375;0.220703125;0.828125;0.84375;0.2177734375;0.734375;0.60546875;0.16015625;0.27392578125;0.607421875;0.560546875;0.16015625;0.595703125;0.521484375;0.15283203125;0.8;0.15625;0.296875;0.53125;0.16015625;0.11328125;0.59375;0.640625;0.1875;0.71875;0.671875;0.171875;0.6328125;0.609375;0.185546875;0.306640625;0.6328125;0.734375;0.20703125;0.7421875;0.7890625;0.212890625;0.765625;0.796875;0.216796875;0.69140625;0.6953125;0.203125;0.3388671875;0.6796875;0.7109375;0.21484375;0.7578125;0.8046875;0.220703125;0.796875;0.83203125;0.2216796875;0.8203125;0.8515625;0.22265625;0.83984375;0.85546875;0.22265625;0.75;0.6484375;0.177734375;0.3212890625;0.64453125;0.60546875;0.18115234375;0.630859375;0.537109375;0.16015625;0.8
49;49;91.07;0.15625;0.28125;0.5625;0.16796875;0.109375;0.578125;0.640625;0.18359375;0.71875;0.671875;0.171875;0.6328125;0.625;0.1875;0.310546875;0.6484375;0.7421875;0.20703125;0.75;0.7890625;0.208984375;0.7734375;0.796875;0.212890625;0.6953125;0.6953125;0.201171875;0.3369140625;0.6796875;0.7109375;0.2138671875;0.75390625;0.80078125;0.21875;0.79296875;0.82421875;0.2197265625;0.8125;0.84375;0.220703125;0.828125;0.84375;0.2177734375;0.734375;0.607421875;0.16064453125;0.27294921875;0.609375;0.5625;0.1591796875;0.595703125;0.525390625;0.15234375;0.8;0.15625;0.296875;0.53125;0.16015625;0.11328125;0.59375;0.640625;0.1875;0.71875;0.65625;0.1640625;0.6171875;0.59375;0.181640625;0.302734375;0.625;0.7265625;0.205078125;0.734375;0.7734375;0.20703125;0.765625;0.7890625;0.21484375;0.69140625;0.6953125;0.203125;0.3369140625;0.6796875;0.70703125;0.21484375;0.7578125;0.8046875;0.220703125;0.796875;0.83203125;0.2216796875;0.8203125;0.8515625;0.22265625;0.8359375;0.85546875;0.2216796875;0.748046875;0.6484375;0.17626953125;0.31689453125;0.64453125;0.60546875;0.18115234375;0.6328125;0.54296875;0.16162109375;0.8
50;50;91.06;0.140625;0.265625;0.5625;0.16796875;0.109375;0.59375;0.640625;0.18359375;0.71875;0.6875;0.17578125;0.640625;0.625;0.1875;0.3125;0.65625;0.75;0.20703125;0.75;0.7890625;0.2109375;0.78125;0.8046875;0.21484375;0.703125;0.703125;0.203125;0.33984375;0.69140625;0.71875;0.2138671875;0.7578125;0.8046875;0.2197265625;0.796875;0.828125;0.220703125;0.81640625;0.84765625;0.220703125;0.83203125;0.84765625;0.21875;0.73828125;0.6171875;0.1640625;0.2783203125;0.619140625;0.580078125;0.1650390625;0.609375;0.541015625;0.1552734375;0.8;0.15625;0.296875;0.546875;0.1640625;0.11328125;0.59375;0.640625;0.1875;0.71875;0.671875;0.171875;0.625;0.59375;0.181640625;0.306640625;0.6328125;0.7265625;0.205078125;0.734375;0.78125;0.208984375;0.7734375;0.796875;0.21484375;0.69140625;0.69921875;0.2041015625;0.337890625;0.68359375;0.7109375;0.21484375;0.7578125;0.8046875;0.220703125;0.796875;0.83203125;0.2216796875;0.8203125;0.8515625;0.22265625;0.8359375;0.85546875;0.22265625;0.75;0.65234375;0.177734375;0.318359375;0.646484375;0.609375;0.18212890625;0.6328125;0.5390625;0.16015625;0.8
51;51;91.46;0.15625;0.265625;0.5625;0.16796875;0.11328125;0.59375;0.640625;0.18359375;0.71875;0.671875;0.171875;0.640625;0.6171875;0.185546875;0.310546875;0.6484375;0.7421875;0.205078125;0.7421875;0.78125;0.205078125;0.7734375;0.796875;0.2109375;0.6953125;0.69140625;0.2001953125;0.3359375;0.68359375;0.7109375;0.2138671875;0.75390625;0.80078125;0.21875;0.79296875;0.82421875;0.2197265625;0.8125;0.83984375;0.2197265625;0.828125;0.83984375;0.2177734375;0.732421875;0.611328125;0.16357421875;0.27490234375;0.615234375;0.576171875;0.16650390625;0.6015625;0.52734375;0.1533203125;0.8;0.15625;0.296875;0.546875;0.1640625;0.11328125;0.59375;0.640625;0.18359375;0.71875;0.640625;0.1640625;0.6171875;0.5859375;0.1796875;0.302734375;0.6171875;0.71875;0.201171875;0.7265625;0.765625;0.203125;0.765625;0.7890625;0.212890625;0.6875;0.69140625;0.203125;0.3349609375;0.6796875;0.7109375;0.21484375;0.7578125;0.8046875;0.2197265625;0.796875;0.83203125;0.2216796875;0.8203125;0.8515625;0.22265625;0.8359375;0.8515625;0.2216796875;0.748046875;0.650390625;0.17724609375;0.31494140625;0.642578125;0.603515625;0.18115234375;0.630859375;0.541015625;0.1611328125;0.8
52;52;91.36;0.15625;0.28125;0.578125;0.171875;0.11328125;0.59375;0.640625;0.18359375;0.71875;0.671875;0.171875;0.640625;0.6171875;0.18359375;0.3125;0.6484375;0.7421875;0.205078125;0.75;0.78125;0.205078125;0.7734375;0.7890625;0.208984375;0.6953125;0.6875;0.19921875;0.3359375;0.6796875;0.7109375;0.2138671875;0.75390625;0.80078125;0.21875;0.79296875;0.8203125;0.21875;0.8125;0.83984375;0.2197265625;0.82421875;0.83984375;0.216796875;0.73046875;0.599609375;0.1591796875;0.26611328125;0.6015625;0.564453125;0.1650390625;0.587890625;0.517578125;0.15185546875;0.8;0.15625;0.296875;0.546875;0.1640625;0.11328125;0.59375;0.640625;0.18359375;0.703125;0.640625;0.16015625;0.6171875;0.5703125;0.17578125;0.30078125;0.6171875;0.71875;0.201171875;0.7265625;0.75;0.19921875;0.7578125;0.7734375;0.20703125;0.68359375;0.68359375;0.19921875;0.3310546875;0.67578125;0.70703125;0.2138671875;0.75390625;0.80078125;0.2197265625;0.79296875;0.828125;0.220703125;0.81640625;0.84765625;0.220703125;0.83203125;0.84765625;0.2197265625;0.740234375;0.6328125;0.1708984375;0.29736328125;0.62890625;0.591796875;0.1767578125;0.623046875;0.5390625;0.16064453125;0.8
53;53;91.58;0.15625;0.265625;0.5625;0.171875;0.109375;0.59375;0.640625;0.18359375;0.71875;0.671875;0.171875;0.6328125;0.6171875;0.185546875;0.30859375;0.6484375;0.7421875;0.20703125;0.75;0.7890625;0.208984375;0.78125;0.796875;0.212890625;0.69921875;0.6953125;0.201171875;0.3369140625;0.68359375;0.7109375;0.2138671875;0.75390625;0.80078125;0.21875;0.79296875;0.82421875;0.2197265625;0.8125;0.84375;0.220703125;0.828125;0.84375;0.2177734375;0.734375;0.611328125;0.16259765625;0.27197265625;0.61328125;0.58203125;0.16943359375;0.603515625;0.53125;0.1552734375;0.8;0.15625;0.296875;0.5625;0.16796875;0.11328125;0.59375;0.640625;0.18359375;0.71875;0.65625;0.16796875;0.625;0.59375;0.181640625;0.3046875;0.6328125;0.734375;0.20703125;0.734375;0.78125;0.20703125;0.7734375;0.796875;0.21484375;0.69140625;0.6953125;0.203125;0.3369140625;0.6796875;0.7109375;0.21484375;0.7578125;0.8046875;0.220703125;0.796875;0.83203125;0.2216796875;0.8203125;0.8515625;0.22265625;0.8359375;0.85546875;0.22265625;0.748046875;0.646484375;0.1767578125;0.3193359375;0.640625;0.6015625;0.1806640625;0.626953125;0.533203125;0.15966796875;0.8
54;54;91.26;0.15625;0.265625;0.5625;0.16796875;0.109375;0.59375;0.640625;0.1875;0.71875;0.671875;0.17578125;0.640625;0.625;0.189453125;0.3125;0.65625;0.75;0.20703125;0.75;0.7890625;0.2109375;0.78125;0.796875;0.212890625;0.69921875;0.69921875;0.203125;0.3388671875;0.68359375;0.71484375;0.2138671875;0.7578125;0.80078125;0.2197265625;0.796875;0.828125;0.220703125;0.81640625;0.84765625;0.2216796875;0.83203125;0.84765625;0.2197265625;0.73828125;0.6171875;0.166015625;0.27880859375;0.6171875;0.578125;0.1689453125;0.607421875;0.53125;0.154296875;0.8;0.15625;0.296875;0.546875;0.1640625;0.11328125;0.59375;0.65625;0.1875;0.71875;0.65625;0.171875;0.625;0.59375;0.181640625;0.3046875;0.6328125;0.7265625;0.203125;0.734375;0.765625;0.205078125;0.765625;0.7890625;0.212890625;0.69140625;0.69140625;0.2021484375;0.3359375;0.67578125;0.70703125;0.21484375;0.75390625;0.80078125;0.2197265625;0.796875;0.83203125;0.2216796875;0.8203125;0.8515625;0.22265625;0.8359375;0.85546875;0.22265625;0.75;0.650390625;0.177734375;0.32080078125;0.638671875;0.603515625;0.181640625;0.630859375;0.537109375;0.15966796875;0.8
55;55;91.63;0.15625;0.28125;0.5625;0.171875;0.109375;0.59375;0.640625;0.1875;0.71875;0.6875;0.1796875;0.640625;0.625;0.1875;0.3125;0.6484375;0.7421875;0.20703125;0.75;0.7890625;0.2109375;0.78125;0.8046875;0.21484375;0.703125;0.69921875;0.203125;0.33984375;0.6875;0.71484375;0.2138671875;0.7578125;0.80078125;0.2197265625;0.796875;0.828125;0.220703125;0.81640625;0.84765625;0.2216796875;0.83203125;0.8515625;0.220703125;0.740234375;0.626953125;0.16943359375;0.2822265625;0.626953125;0.58984375;0.171875;0.615234375;0.5390625;0.15576171875;0.8;0.15625;0.296875;0.546875;0.1640625;0.11328125;0.59375;0.640625;0.1875;0.71875;0.671875;0.171875;0.625;0.6015625;0.185546875;0.3046875;0.6328125;0.734375;0.20703125;0.7421875;0.78125;0.2109375;0.7734375;0.8046875;0.216796875;0.6953125;0.6953125;0.2041015625;0.33984375;0.6796875;0.7109375;0.21484375;0.75390625;0.80078125;0.2197265625;0.796875;0.83203125;0.2216796875;0.8203125;0.8515625;0.22265625;0.83984375;0.85546875;0.22265625;0.75;0.65234375;0.17822265625;0.32275390625;0.642578125;0.6015625;0.1806640625;0.634765625;0.54296875;0.1611328125;0.8
56;56;91.44;0.15625;0.28125;0.5625;0.171875;0.109375;0.59375;0.625;0.18359375;0.71875;0.671875;0.17578125;0.640625;0.6171875;0.1875;0.310546875;0.6484375;0.7421875;0.20703125;0.75;0.7890625;0.2109375;0.78125;0.8046875;0.21484375;0.69921875;0.6953125;0.2021484375;0.337890625;0.68359375;0.71484375;0.2138671875;0.7578125;0.80078125;0.2197265625;0.796875;0.828125;0.220703125;0.81640625;0.84375;0.2216796875;0.83203125;0.84765625;0.2197265625;0.736328125;0.619140625;0.16796875;0.2783203125;0.62109375;0.58984375;0.1728515625;0.609375;0.533203125;0.15478515625;0.8;0.15625;0.296875;0.546875;0.16796875;0.11328125;0.59375;0.640625;0.18359375;0.71875;0.65625;0.16796875;0.625;0.59375;0.181640625;0.302734375;0.6328125;0.734375;0.205078125;0.734375;0.7734375;0.20703125;0.7734375;0.796875;0.21484375;0.69140625;0.6953125;0.2041015625;0.3369140625;0.6796875;0.7109375;0.21484375;0.7578125;0.8046875;0.220703125;0.80078125;0.8359375;0.22265625;0.8203125;0.85546875;0.2236328125;0.83984375;0.859375;0.2236328125;0.751953125;0.65625;0.1796875;0.32275390625;0.65234375;0.611328125;0.181640625;0.638671875;0.548828125;0.16162109375;0.8
57;57;91.76;0.15625;0.28125;0.578125;0.171875;0.11328125;0.59375;0.640625;0.1875;0.71875;0.671875;0.17578125;0.640625;0.625;0.1875;0.3125;0.6484375;0.7421875;0.205078125;0.75;0.78125;0.20703125;0.7734375;0.796875;0.2109375;0.6953125;0.69140625;0.201171875;0.3369140625;0.68359375;0.71484375;0.2138671875;0.7578125;0.80078125;0.21875;0.796875;0.83203125;0.220703125;0.81640625;0.84765625;0.2216796875;0.83203125;0.84765625;0.2197265625;0.73828125;0.619140625;0.16748046875;0.2802734375;0.62109375;0.587890625;0.1728515625;0.607421875;0.533203125;0.154296875;0.8;0.15625;0.296875;0.546875;0.1640625;0.11328125;0.59375;0.640625;0.1875;0.71875;0.65625;0.16796875;0.625;0.59375;0.181640625;0.3046875;0.6328125;0.7265625;0.203125;0.734375;0.7734375;0.205078125;0.7734375;0.796875;0.21484375;0.69140625;0.6953125;0.2041015625;0.3359375;0.6796875;0.7109375;0.21484375;0.7578125;0.8046875;0.220703125;0.80078125;0.8359375;0.22265625;0.8203125;0.8515625;0.2236328125;0.83984375;0.85546875;0.2236328125;0.751953125;0.654296875;0.17919921875;0.322265625;0.650390625;0.609375;0.181640625;0.638671875;0.548828125;0.162109375;0.8
58;58;91.79;0.15625;0.28125;0.578125;0.171875;0.109375;0.59375;0.640625;0.1875;0.71875;0.671875;0.17578125;0.640625;0.625;0.189453125;0.3125;0.65625;0.75;0.208984375;0.75;0.7890625;0.2109375;0.78125;0.8046875;0.21484375;0.703125;0.703125;0.2041015625;0.33984375;0.69140625;0.71875;0.21484375;0.76171875;0.8046875;0.220703125;0.80078125;0.8359375;0.2216796875;0.8203125;0.8515625;0.22265625;0.8359375;0.85546875;0.2216796875;0.74609375;0.642578125;0.1748046875;0.29345703125;0.646484375;0.61328125;0.1787109375;0.634765625;0.55859375;0.1591796875;0.8;0.15625;0.296875;0.546875;0.1640625;0.11328125;0.59375;0.640625;0.18359375;0.71875;0.65625;0.16796875;0.625;0.59375;0.181640625;0.302734375;0.6328125;0.7265625;0.205078125;0.734375;0.7734375;0.20703125;0.7734375;0.796875;0.212890625;0.69140625;0.69921875;0.2041015625;0.3369140625;0.6796875;0.7109375;0.21484375;0.7578125;0.8046875;0.220703125;0.80078125;0.8359375;0.22265625;0.82421875;0.85546875;0.2236328125;0.83984375;0.85546875;0.22265625;0.751953125;0.65625;0.1796875;0.32177734375;0.650390625;0.609375;0.181640625;0.63671875;0.548828125;0.162109375;0.8
59;59;91.76;0.15625;0.28125;0.5625;0.16796875;0.11328125;0.59375;0.640625;0.1875;0.71875;0.6875;0.17578125;0.640625;0.6328125;0.189453125;0.3125;0.65625;0.75;0.208984375;0.75;0.796875;0.2109375;0.78125;0.8046875;0.21484375;0.703125;0.703125;0.203125;0.33984375;0.6875;0.71875;0.2138671875;0.7578125;0.8046875;0.2197265625;0.796875;0.83203125;0.220703125;0.8203125;0.8515625;0.2216796875;0.8359375;0.8515625;0.2216796875;0.7421875;0.630859375;0.171875;0.2880859375;0.6328125;0.59765625;0.17626953125;0.623046875;0.548828125;0.15771484375;0.8;0.15625;0.296875;0.546875;0.1640625;0.11328125;0.59375;0.640625;0.1875;0.71875;0.65625;0.16796875;0.625;0.59375;0.18359375;0.3046875;0.6328125;0.734375;0.205078125;0.734375;0.78125;0.20703125;0.7734375;0.796875;0.216796875;0.6953125;0.69921875;0.2041015625;0.337890625;0.6796875;0.7109375;0.21484375;0.7578125;0.8046875;0.220703125;0.80078125;0.8359375;0.22265625;0.82421875;0.85546875;0.2236328125;0.83984375;0.85546875;0.2236328125;0.751953125;0.65234375;0.1787109375;0.32275390625;0.646484375;0.603515625;0.18115234375;0.634765625;0.546875;0.162109375;0.8
60;60;92.06;0.15625;0.28125;0.5625;0.16796875;0.109375;0.59375;0.640625;0.1875;0.71875;0.6875;0.17578125;0.640625;0.625;0.189453125;0.310546875;0.65625;0.75;0.208984375;0.75;0.7890625;0.208984375;0.78125;0.8046875;0.21484375;0.69921875;0.69921875;0.2021484375;0.337890625;0.68359375;0.71484375;0.2138671875;0.7578125;0.80078125;0.2197265625;0.796875;0.83203125;0.2216796875;0.81640625;0.8515625;0.2216796875;0.8359375;0.8515625;0.2216796875;0.744140625;0.62890625;0.1708984375;0.28857421875;0.630859375;0.595703125;0.17431640625;0.6171875;0.5390625;0.15576171875;0.8;0.15625;0.296875;0.546875;0.1640625;0.11328125;0.59375;0.640625;0.1875;0.71875;0.671875;0.171875;0.625;0.6015625;0.18359375;0.306640625;0.6328125;0.734375;0.20703125;0.734375;0.7734375;0.20703125;0.7734375;0.796875;0.216796875;0.6953125;0.69921875;0.2041015625;0.3388671875;0.6796875;0.7109375;0.21484375;0.7578125;0.8046875;0.220703125;0.80078125;0.83984375;0.22265625;0.82421875;0.85546875;0.2236328125;0.83984375;0.859375;0.2236328125;0.751953125;0.654296875;0.17919921875;0.3232421875;0.650390625;0.609375;0.18115234375;0.638671875;0.55078125;0.16357421875;0.8
61;61;92.07;0.15625;0.28125;0.5625;0.171875;0.11328125;0.59375;0.640625;0.1875;0.71875;0.671875;0.17578125;0.640625;0.625;0.1875;0.3125;0.6484375;0.7421875;0.20703125;0.75;0.78125;0.208984375;0.78125;0.796875;0.212890625;0.69921875;0.6953125;0.2021484375;0.337890625;0.68359375;0.71484375;0.2138671875;0.7578125;0.8046875;0.2197265625;0.796875;0.83203125;0.220703125;0.81640625;0.8515625;0.2216796875;0.83203125;0.8515625;0.2197265625;0.740234375;0.625;0.16943359375;0.283203125;0.626953125;0.59375;0.17431640625;0.61328125;0.541015625;0.1572265625;0.8;0.15625;0.296875;0.546875;0.1640625;0.11328125;0.59375;0.640625;0.1875;0.71875;0.65625;0.16796875;0.625;0.59375;0.181640625;0.3046875;0.6328125;0.7265625;0.205078125;0.734375;0.7734375;0.205078125;0.7734375;0.796875;0.21484375;0.69140625;0.6953125;0.203125;0.3369140625;0.6796875;0.7109375;0.21484375;0.7578125;0.8046875;0.220703125;0.80078125;0.83984375;0.22265625;0.82421875;0.85546875;0.2236328125;0.83984375;0.859375;0.2236328125;0.751953125;0.65625;0.1796875;0.3232421875;0.65234375;0.611328125;0.181640625;0.640625;0.552734375;0.16357421875;0.8
62;62;92.17;0.15625;0.28125;0.5625;0.16796875;0.109375;0.59375;0.640625;0.18359375;0.71875;0.6875;0.17578125;0.640625;0.625;0.1875;0.310546875;0.65625;0.75;0.208984375;0.75;0.7890625;0.2109375;0.78125;0.8046875;0.216796875;0.69921875;0.69921875;0.203125;0.337890625;0.68359375;0.71484375;0.2138671875;0.7578125;0.8046875;0.2197265625;0.80078125;0.83203125;0.2216796875;0.8203125;0.8515625;0.22265625;0.8359375;0.85546875;0.2216796875;0.74609375;0.6328125;0.17236328125;0.29248046875;0.634765625;0.59765625;0.17578125;0.619140625;0.544921875;0.15673828125;0.8;0.15625;0.296875;0.546875;0.1640625;0.11328125;0.59375;0.640625;0.1875;0.71875;0.671875;0.17578125;0.6328125;0.6015625;0.185546875;0.306640625;0.640625;0.7421875;0.208984375;0.7421875;0.7890625;0.2109375;0.7734375;0.8046875;0.216796875;0.6953125;0.69921875;0.2041015625;0.3408203125;0.6796875;0.7109375;0.21484375;0.7578125;0.8046875;0.220703125;0.80078125;0.8359375;0.22265625;0.82421875;0.85546875;0.2236328125;0.83984375;0.859375;0.2236328125;0.75390625;0.66015625;0.18017578125;0.3232421875;0.65625;0.615234375;0.18212890625;0.64453125;0.556640625;0.1630859375;0.8
63;63;92.06;0.15625;0.265625;0.5625;0.171875;0.109375;0.59375;0.640625;0.1875;0.71875;0.671875;0.17578125;0.640625;0.625;0.185546875;0.310546875;0.6484375;0.7421875;0.20703125;0.75;0.78125;0.20703125;0.78125;0.796875;0.212890625;0.6953125;0.6953125;0.2021484375;0.3359375;0.68359375;0.71484375;0.2138671875;0.7578125;0.8046875;0.2197265625;0.796875;0.83203125;0.2216796875;0.81640625;0.8515625;0.22265625;0.8359375;0.85546875;0.2216796875;0.744140625;0.6328125;0.1728515625;0.28955078125;0.634765625;0.6015625;0.1767578125;0.62109375;0.544921875;0.1572265625;0.8;0.15625;0.296875;0.546875;0.1640625;0.11328125;0.59375;0.640625;0.18359375;0.71875;0.65625;0.16796875;0.6171875;0.5859375;0.1796875;0.302734375;0.625;0.7265625;0.203125;0.734375;0.765625;0.203125;0.765625;0.7890625;0.212890625;0.69140625;0.6953125;0.203125;0.3349609375;0.6796875;0.7109375;0.21484375;0.7578125;0.8046875;0.220703125;0.80078125;0.8359375;0.22265625;0.82421875;0.85546875;0.2236328125;0.83984375;0.859375;0.2236328125;0.751953125;0.65625;0.1796875;0.32177734375;0.65234375;0.611328125;0.18212890625;0.640625;0.55078125;0.1630859375;0.8
64;64;92.23;0.15625;0.28125;0.578125;0.171875;0.11328125;0.59375;0.640625;0.18359375;0.71875;0.671875;0.17578125;0.640625;0.6171875;0.185546875;0.3125;0.6484375;0.7421875;0.20703125;0.75;0.78125;0.208984375;0.78125;0.8046875;0.21484375;0.69921875;0.69921875;0.203125;0.3369140625;0.6875;0.71875;0.21484375;0.76171875;0.8046875;0.220703125;0.80078125;0.8359375;0.2216796875;0.8203125;0.85546875;0.22265625;0.83984375;0.859375;0.22265625;0.75;0.64453125;0.17626953125;0.29833984375;0.6484375;0.61328125;0.17919921875;0.6328125;0.556640625;0.158203125;0.8;0.15625;0.296875;0.546875;0.1640625;0.11328125;0.59375;0.625;0.18359375;0.703125;0.640625;0.1640625;0.6171875;0.578125;0.177734375;0.30078125;0.625;0.71875;0.203125;0.7265625;0.7578125;0.201171875;0.765625;0.7890625;0.212890625;0.69140625;0.69140625;0.2021484375;0.3330078125;0.6796875;0.7109375;0.21484375;0.7578125;0.8046875;0.220703125;0.80078125;0.8359375;0.22265625;0.82421875;0.85546875;0.2236328125;0.83984375;0.859375;0.2236328125;0.751953125;0.658203125;0.1796875;0.32080078125;0.654296875;0.61328125;0.18212890625;0.642578125;0.556640625;0.16357421875;0.8
65;65;92.18;0.15625;0.28125;0.578125;0.171875;0.11328125;0.59375;0.640625;0.1875;0.71875;0.6875;0.17578125;0.640625;0.625;0.1875;0.3125;0.6484375;0.75;0.20703125;0.75;0.7890625;0.2109375;0.78125;0.8046875;0.21484375;0.703125;0.703125;0.203125;0.33984375;0.6875;0.71875;0.21484375;0.76171875;0.80859375;0.220703125;0.80078125;0.8359375;0.2216796875;0.8203125;0.85546875;0.22265625;0.83984375;0.859375;0.22265625;0.748046875;0.638671875;0.17431640625;0.29443359375;0.642578125;0.611328125;0.17822265625;0.630859375;0.552734375;0.1591796875;0.8;0.15625;0.296875;0.546875;0.1640625;0.11328125;0.59375;0.640625;0.1875;0.71875;0.65625;0.171875;0.625;0.59375;0.181640625;0.3046875;0.6328125;0.734375;0.205078125;0.734375;0.7734375;0.20703125;0.7734375;0.796875;0.21484375;0.6953125;0.6953125;0.203125;0.3369140625;0.6796875;0.7109375;0.21484375;0.7578125;0.8046875;0.220703125;0.80078125;0.83984375;0.22265625;0.82421875;0.85546875;0.2236328125;0.83984375;0.859375;0.2236328125;0.75390625;0.65625;0.1796875;0.32275390625;0.654296875;0.611328125;0.18212890625;0.642578125;0.5546875;0.16357421875;0.8
66;66;92.23;0.15625;0.28125;0.578125;0.171875;0.11328125;0.59375;0.640625;0.1875;0.71875;0.6875;0.17578125;0.640625;0.625;0.189453125;0.314453125;0.65625;0.75;0.208984375;0.75;0.7890625;0.2109375;0.78125;0.8046875;0.21484375;0.703125;0.703125;0.203125;0.3388671875;0.6875;0.72265625;0.21484375;0.76171875;0.80859375;0.220703125;0.80078125;0.83984375;0.2216796875;0.8203125;0.85546875;0.22265625;0.83984375;0.859375;0.22265625;0.748046875;0.642578125;0.1748046875;0.29248046875;0.640625;0.607421875;0.17822265625;0.62890625;0.556640625;0.1591796875;0.8;0.15625;0.296875;0.546875;0.1640625;0.11328125;0.59375;0.640625;0.1875;0.71875;0.65625;0.171875;0.625;0.59375;0.18359375;0.3046875;0.6328125;0.734375;0.205078125;0.734375;0.7734375;0.20703125;0.7734375;0.796875;0.21484375;0.6953125;0.6953125;0.203125;0.3369140625;0.6796875;0.71484375;0.21484375;0.7578125;0.80859375;0.220703125;0.80078125;0.83984375;0.22265625;0.82421875;0.85546875;0.2236328125;0.83984375;0.859375;0.2236328125;0.75390625;0.66015625;0.18017578125;0.32177734375;0.65625;0.615234375;0.18212890625;0.64453125;0.556640625;0.1630859375;0.8
67;67;92.52;0.15625;0.28125;0.5625;0.16796875;0.11328125;0.59375;0.640625;0.18359375;0.71875;0.671875;0.17578125;0.640625;0.625;0.1875;0.3125;0.6484375;0.75;0.208984375;0.75;0.7890625;0.2109375;0.78125;0.8046875;0.21484375;0.703125;0.703125;0.2041015625;0.3388671875;0.6875;0.72265625;0.21484375;0.76171875;0.80859375;0.220703125;0.8046875;0.8359375;0.2216796875;0.82421875;0.85546875;0.22265625;0.83984375;0.859375;0.22265625;0.748046875;0.642578125;0.173828125;0.29443359375;0.640625;0.60546875;0.17724609375;0.626953125;0.55078125;0.158203125;0.8;0.15625;0.296875;0.546875;0.1640625;0.11328125;0.59375;0.640625;0.1875;0.71875;0.671875;0.171875;0.625;0.6015625;0.18359375;0.306640625;0.6328125;0.734375;0.20703125;0.734375;0.78125;0.20703125;0.7734375;0.796875;0.21484375;0.6953125;0.69921875;0.2041015625;0.337890625;0.6796875;0.71484375;0.21484375;0.7578125;0.80859375;0.220703125;0.80078125;0.83984375;0.22265625;0.82421875;0.859375;0.2236328125;0.84375;0.859375;0.2236328125;0.755859375;0.6640625;0.1806640625;0.32373046875;0.66015625;0.619140625;0.1826171875;0.646484375;0.55859375;0.16357421875;0.8
68;68;92.46;0.15625;0.28125;0.5625;0.171875;0.11328125;0.59375;0.640625;0.1875;0.734375;0.6875;0.1796875;0.640625;0.625;0.1875;0.314453125;0.65625;0.75;0.20703125;0.75;0.7890625;0.208984375;0.78125;0.8046875;0.21484375;0.703125;0.70703125;0.2041015625;0.3388671875;0.69140625;0.72265625;0.21484375;0.765625;0.80859375;0.220703125;0.8046875;0.83984375;0.2216796875;0.82421875;0.859375;0.2236328125;0.83984375;0.859375;0.22265625;0.748046875;0.64453125;0.17431640625;0.29345703125;0.642578125;0.611328125;0.1787109375;0.626953125;0.5546875;0.15869140625;0.8;0.15625;0.296875;0.546875;0.16015625;0.11328125;0.59375;0.640625;0.1875;0.71875;0.671875;0.171875;0.625;0.6015625;0.18359375;0.306640625;0.6328125;0.7265625;0.205078125;0.734375;0.7734375;0.20703125;0.7734375;0.796875;0.21484375;0.6953125;0.6953125;0.203125;0.3369140625;0.6796875;0.7109375;0.21484375;0.7578125;0.80859375;0.220703125;0.80078125;0.83984375;0.22265625;0.82421875;0.859375;0.2236328125;0.84375;0.859375;0.2236328125;0.75390625;0.662109375;0.1806640625;0.32373046875;0.65625;0.615234375;0.1826171875;0.64453125;0.5546875;0.16357421875;0.8
69;69;92.36;0.15625;0.265625;0.5625;0.16796875;0.109375;0.59375;0.640625;0.1875;0.71875;0.6875;0.1796875;0.640625;0.6328125;0.19140625;0.314453125;0.65625;0.7578125;0.2109375;0.7578125;0.796875;0.212890625;0.7890625;0.8125;0.216796875;0.70703125;0.7109375;0.205078125;0.3427734375;0.6953125;0.7265625;0.2158203125;0.765625;0.80859375;0.220703125;0.8046875;0.83984375;0.22265625;0.82421875;0.859375;0.2236328125;0.83984375;0.86328125;0.2236328125;0.75390625;0.6484375;0.1767578125;0.29931640625;0.654296875;0.615234375;0.17919921875;0.63671875;0.55859375;0.1591796875;0.8;0.15625;0.296875;0.546875;0.1640625;0.11328125;0.59375;0.65625;0.1875;0.71875;0.6875;0.17578125;0.6328125;0.609375;0.185546875;0.30859375;0.640625;0.734375;0.20703125;0.7421875;0.78125;0.208984375;0.7734375;0.8046875;0.216796875;0.6953125;0.69921875;0.2041015625;0.33984375;0.68359375;0.71484375;0.21484375;0.76171875;0.80859375;0.220703125;0.80078125;0.83984375;0.22265625;0.82421875;0.859375;0.2236328125;0.84375;0.859375;0.2236328125;0.755859375;0.662109375;0.18017578125;0.32373046875;0.658203125;0.615234375;0.18212890625;0.64453125;0.5546875;0.16357421875;0.8
70;70;92.33;0.15625;0.28125;0.578125;0.171875;0.11328125;0.59375;0.640625;0.1875;0.71875;0.6875;0.1796875;0.6484375;0.625;0.189453125;0.314453125;0.65625;0.75;0.208984375;0.75;0.7890625;0.2109375;0.78125;0.8046875;0.21484375;0.703125;0.703125;0.203125;0.3388671875;0.6875;0.71875;0.21484375;0.76171875;0.80859375;0.220703125;0.80078125;0.8359375;0.2216796875;0.8203125;0.85546875;0.22265625;0.8359375;0.85546875;0.2216796875;0.74609375;0.638671875;0.1728515625;0.2900390625;0.634765625;0.603515625;0.17724609375;0.623046875;0.544921875;0.1572265625;0.8;0.15625;0.296875;0.546875;0.1640625;0.11328125;0.59375;0.640625;0.1875;0.71875;0.671875;0.171875;0.6328125;0.6015625;0.18359375;0.306640625;0.6328125;0.734375;0.205078125;0.734375;0.7734375;0.205078125;0.7734375;0.796875;0.21484375;0.6953125;0.69921875;0.2041015625;0.3369140625;0.68359375;0.71484375;0.21484375;0.76171875;0.80859375;0.220703125;0.8046875;0.83984375;0.22265625;0.82421875;0.859375;0.2236328125;0.84375;0.859375;0.2236328125;0.755859375;0.6640625;0.1806640625;0.3232421875;0.66015625;0.6171875;0.1826171875;0.646484375;0.55859375;0.16357421875;0.8
71;71;92.47;0.15625;0.28125;0.578125;0.171875;0.11328125;0.59375;0.640625;0.1875;0.734375;0.6875;0.1796875;0.6484375;0.6328125;0.189453125;0.314453125;0.65625;0.75;0.208984375;0.75;0.796875;0.2109375;0.78125;0.8046875;0.216796875;0.703125;0.703125;0.203125;0.33984375;0.6875;0.71875;0.21484375;0.76171875;0.80859375;0.220703125;0.80078125;0.8359375;0.2216796875;0.8203125;0.85546875;0.22265625;0.83984375;0.859375;0.22265625;0.748046875;0.64453125;0.17626953125;0.29150390625;0.646484375;0.615234375;0.18017578125;0.634765625;0.5625;0.15966796875;0.8;0.15625;0.296875;0.546875;0.1640625;0.11328125;0.59375;0.65625;0.1875;0.71875;0.671875;0.17578125;0.6328125;0.609375;0.185546875;0.306640625;0.640625;0.734375;0.20703125;0.7421875;0.78125;0.208984375;0.7734375;0.796875;0.21484375;0.6953125;0.69921875;0.2041015625;0.3388671875;0.68359375;0.71484375;0.21484375;0.7578125;0.80859375;0.220703125;0.80078125;0.83984375;0.22265625;0.82421875;0.859375;0.2236328125;0.84375;0.859375;0.2236328125;0.755859375;0.662109375;0.1806640625;0.3232421875;0.658203125;0.615234375;0.18212890625;0.646484375;0.5546875;0.16357421875;0.8
72;72;92.54;0.15625;0.265625;0.5625;0.16796875;0.109375;0.59375;0.640625;0.18359375;0.71875;0.6875;0.1796875;0.640625;0.6328125;0.189453125;0.310546875;0.65625;0.75;0.208984375;0.7578125;0.796875;0.212890625;0.7890625;0.8125;0.216796875;0.70703125;0.70703125;0.2041015625;0.3408203125;0.69140625;0.71875;0.21484375;0.76171875;0.80859375;0.220703125;0.8046875;0.8359375;0.2216796875;0.8203125;0.85546875;0.22265625;0.83984375;0.859375;0.22265625;0.748046875;0.63671875;0.173828125;0.296875;0.642578125;0.603515625;0.1767578125;0.62109375;0.54296875;0.15625;0.8;0.15625;0.296875;0.546875;0.1640625;0.11328125;0.59375;0.65625;0.1875;0.71875;0.671875;0.17578125;0.6328125;0.609375;0.185546875;0.30859375;0.640625;0.734375;0.20703125;0.7421875;0.78125;0.208984375;0.7734375;0.796875;0.21484375;0.6953125;0.69921875;0.2041015625;0.3388671875;0.68359375;0.71484375;0.21484375;0.76171875;0.80859375;0.220703125;0.8046875;0.83984375;0.22265625;0.82421875;0.859375;0.2236328125;0.84375;0.859375;0.2236328125;0.755859375;0.662109375;0.1806640625;0.32373046875;0.658203125;0.615234375;0.18212890625;0.64453125;0.5546875;0.16357421875;0.8
73;73;92.49;0.15625;0.28125;0.578125;0.171875;0.11328125;0.59375;0.640625;0.1875;0.71875;0.6875;0.17578125;0.640625;0.625;0.1875;0.3125;0.65625;0.7421875;0.20703125;0.75;0.78125;0.20703125;0.78125;0.796875;0.212890625;0.69921875;0.69921875;0.203125;0.3369140625;0.6875;0.71875;0.21484375;0.76171875;0.80859375;0.220703125;0.8046875;0.83984375;0.2216796875;0.82421875;0.85546875;0.2236328125;0.83984375;0.859375;0.22265625;0.75;0.642578125;0.17529296875;0.29736328125;0.646484375;0.61328125;0.1787109375;0.6328125;0.5546875;0.1591796875;0.8;0.15625;0.296875;0.546875;0.1640625;0.11328125;0.59375;0.640625;0.1875;0.71875;0.671875;0.171875;0.6328125;0.6015625;0.18359375;0.306640625;0.6328125;0.734375;0.205078125;0.734375;0.7734375;0.20703125;0.7734375;0.796875;0.21484375;0.6953125;0.69921875;0.2041015625;0.337890625;0.68359375;0.71484375;0.21484375;0.7578125;0.80859375;0.220703125;0.80078125;0.83984375;0.22265625;0.82421875;0.859375;0.2236328125;0.84375;0.859375;0.2236328125;0.755859375;0.662109375;0.18017578125;0.3232421875;0.65625;0.615234375;0.181640625;0.64453125;0.5546875;0.16357421875;0.8
74;74;92.42;0.15625;0.265625;0.5625;0.16796875;0.109375;0.59375;0.640625;0.1875;0.71875;0.671875;0.17578125;0.640625;0.625;0.189453125;0.3125;0.65625;0.7421875;0.20703125;0.75;0.7890625;0.208984375;0.78125;0.8046875;0.21484375;0.69921875;0.69921875;0.203125;0.3369140625;0.6875;0.71875;0.21484375;0.76171875;0.80859375;0.220703125;0.80078125;0.8359375;0.2216796875;0.8203125;0.85546875;0.22265625;0.83984375;0.859375;0.22265625;0.75;0.642578125;0.1748046875;0.29736328125;0.64453125;0.607421875;0.17724609375;0.630859375;0.548828125;0.1572265625;0.8;0.15625;0.296875;0.546875;0.1640625;0.11328125;0.59375;0.640625;0.1875;0.71875;0.65625;0.171875;0.625;0.6015625;0.18359375;0.306640625;0.6328125;0.734375;0.205078125;0.7421875;0.7734375;0.20703125;0.7734375;0.796875;0.21484375;0.6953125;0.69921875;0.2041015625;0.337890625;0.6796875;0.7109375;0.21484375;0.7578125;0.80859375;0.220703125;0.80078125;0.83984375;0.22265625;0.82421875;0.859375;0.2236328125;0.84375;0.859375;0.2236328125;0.755859375;0.662109375;0.1806640625;0.32373046875;0.65625;0.615234375;0.18212890625;0.64453125;0.5546875;0.1630859375;0.8
75;75;92.68;0.15625;0.28125;0.5625;0.16796875;0.109375;0.59375;0.640625;0.1875;0.71875;0.6875;0.17578125;0.640625;0.625;0.1875;0.3125;0.65625;0.75;0.208984375;0.75;0.7890625;0.2109375;0.78125;0.8046875;0.216796875;0.703125;0.703125;0.2041015625;0.3388671875;0.69140625;0.71875;0.21484375;0.76171875;0.8046875;0.220703125;0.80078125;0.8359375;0.2216796875;0.82421875;0.85546875;0.22265625;0.83984375;0.859375;0.22265625;0.75;0.640625;0.1748046875;0.29833984375;0.64453125;0.61328125;0.1787109375;0.630859375;0.5546875;0.158203125;0.8;0.15625;0.296875;0.546875;0.1640625;0.11328125;0.59375;0.640625;0.1875;0.71875;0.671875;0.171875;0.6328125;0.6015625;0.18359375;0.306640625;0.6328125;0.734375;0.205078125;0.734375;0.7734375;0.20703125;0.7734375;0.796875;0.21484375;0.6953125;0.69921875;0.2041015625;0.337890625;0.6796875;0.71484375;0.21484375;0.7578125;0.80859375;0.220703125;0.80078125;0.83984375;0.22265625;0.82421875;0.859375;0.2236328125;0.84375;0.859375;0.2236328125;0.755859375;0.662109375;0.1806640625;0.3232421875;0.658203125;0.615234375;0.18212890625;0.646484375;0.5546875;0.16357421875;0.8
76;76;92.64;0.15625;0.265625;0.5625;0.16796875;0.109375;0.59375;0.640625;0.1875;0.71875;0.6875;0.1796875;0.6484375;0.6328125;0.189453125;0.3125;0.65625;0.75;0.208984375;0.75;0.7890625;0.2109375;0.78125;0.8046875;0.21484375;0.703125;0.703125;0.2041015625;0.337890625;0.6875;0.72265625;0.21484375;0.76171875;0.80859375;0.220703125;0.80078125;0.83984375;0.22265625;0.82421875;0.859375;0.2236328125;0.83984375;0.86328125;0.22265625;0.751953125;0.64453125;0.17578125;0.29931640625;0.65234375;0.615234375;0.1787109375;0.6328125;0.55859375;0.1591796875;0.8;0.15625;0.296875;0.546875;0.1640625;0.11328125;0.59375;0.640625;0.1875;0.71875;0.671875;0.171875;0.625;0.6015625;0.18359375;0.306640625;0.6328125;0.7265625;0.205078125;0.734375;0.7734375;0.20703125;0.7734375;0.796875;0.21484375;0.6953125;0.6953125;0.203125;0.3369140625;0.6796875;0.7109375;0.21484375;0.7578125;0.80859375;0.220703125;0.80078125;0.83984375;0.22265625;0.82421875;0.859375;0.2236328125;0.84375;0.859375;0.2236328125;0.755859375;0.662109375;0.18017578125;0.32275390625;0.65625;0.61328125;0.181640625;0.64453125;0.552734375;0.1630859375;0.8
77;77;92.67;0.15625;0.28125;0.578125;0.171875;0.11328125;0.59375;0.640625;0.1875;0.71875;0.6875;0.1796875;0.640625;0.625;0.1875;0.3125;0.65625;0.7421875;0.20703125;0.75;0.7890625;0.208984375;0.78125;0.796875;0.212890625;0.69921875;0.6953125;0.2021484375;0.3369140625;0.68359375;0.71875;0.21484375;0.76171875;0.8046875;0.2197265625;0.80078125;0.8359375;0.2216796875;0.8203125;0.8515625;0.22265625;0.8359375;0.85546875;0.2216796875;0.74609375;0.63671875;0.173828125;0.2890625;0.6328125;0.599609375;0.1767578125;0.619140625;0.541015625;0.15625;0.8;0.15625;0.296875;0.546875;0.1640625;0.11328125;0.59375;0.640625;0.1875;0.71875;0.671875;0.171875;0.6328125;0.6015625;0.18359375;0.306640625;0.6328125;0.734375;0.205078125;0.734375;0.7734375;0.20703125;0.7734375;0.796875;0.21484375;0.6953125;0.69921875;0.2041015625;0.337890625;0.6796875;0.7109375;0.21484375;0.7578125;0.80859375;0.220703125;0.80078125;0.83984375;0.22265625;0.82421875;0.859375;0.2236328125;0.84375;0.859375;0.2236328125;0.755859375;0.662109375;0.1806640625;0.3232421875;0.65625;0.615234375;0.18212890625;0.64453125;0.5546875;0.1630859375;0.8
78;78;92.59;0.15625;0.265625;0.578125;0.171875;0.109375;0.59375;0.640625;0.1875;0.71875;0.6875;0.1796875;0.6484375;0.6328125;0.189453125;0.3125;0.65625;0.75;0.208984375;0.75;0.7890625;0.208984375;0.78125;0.796875;0.212890625;0.69921875;0.69921875;0.2021484375;0.3369140625;0.68359375;0.71875;0.21484375;0.76171875;0.8046875;0.2197265625;0.80078125;0.8359375;0.220703125;0.8203125;0.85546875;0.22265625;0.8359375;0.859375;0.2216796875;0.74609375;0.638671875;0.173828125;0.2890625;0.634765625;0.603515625;0.17724609375;0.623046875;0.55078125;0.15771484375;0.8;0.15625;0.296875;0.546875;0.1640625;0.11328125;0.59375;0.65625;0.1875;0.71875;0.671875;0.171875;0.6328125;0.6015625;0.18359375;0.306640625;0.6328125;0.734375;0.205078125;0.7421875;0.7734375;0.20703125;0.7734375;0.796875;0.21484375;0.6953125;0.69921875;0.2041015625;0.337890625;0.68359375;0.71484375;0.21484375;0.7578125;0.80859375;0.220703125;0.8046875;0.83984375;0.22265625;0.82421875;0.859375;0.2236328125;0.84375;0.859375;0.2236328125;0.755859375;0.662109375;0.18017578125;0.3232421875;0.65625;0.61328125;0.181640625;0.642578125;0.552734375;0.1630859375;0.8
79;79;92.67;0.15625;0.265625;0.5625;0.16796875;0.109375;0.59375;0.640625;0.1875;0.71875;0.6875;0.1796875;0.640625;0.6328125;0.189453125;0.3125;0.65625;0.7421875;0.20703125;0.75;0.7890625;0.208984375;0.78125;0.796875;0.212890625;0.69921875;0.69921875;0.2021484375;0.3369140625;0.6875;0.71875;0.21484375;0.76171875;0.8046875;0.2197265625;0.80078125;0.83984375;0.2216796875;0.8203125;0.85546875;0.22265625;0.83984375;0.86328125;0.22265625;0.75;0.646484375;0.17578125;0.2939453125;0.646484375;0.6171875;0.17919921875;0.6328125;0.5625;0.1611328125;0.8;0.15625;0.296875;0.546875;0.1640625;0.11328125;0.59375;0.65625;0.1875;0.71875;0.671875;0.17578125;0.6328125;0.6015625;0.185546875;0.306640625;0.6328125;0.734375;0.205078125;0.7421875;0.78125;0.20703125;0.7734375;0.796875;0.21484375;0.6953125;0.69921875;0.2041015625;0.337890625;0.68359375;0.71484375;0.21484375;0.7578125;0.80859375;0.220703125;0.8046875;0.83984375;0.22265625;0.82421875;0.859375;0.2236328125;0.84375;0.86328125;0.2236328125;0.755859375;0.662109375;0.18017578125;0.32373046875;0.65625;0.61328125;0.181640625;0.642578125;0.552734375;0.16357421875;0.8
80;80;92.62;0.15625;0.28125;0.578125;0.171875;0.11328125;0.59375;0.640625;0.1875;0.734375;0.6875;0.1796875;0.6484375;0.6328125;0.189453125;0.314453125;0.65625;0.75;0.208984375;0.75;0.7890625;0.208984375;0.78125;0.8046875;0.212890625;0.703125;0.69921875;0.2021484375;0.3388671875;0.6875;0.71875;0.21484375;0.76171875;0.80859375;0.2197265625;0.80078125;0.8359375;0.2216796875;0.8203125;0.85546875;0.22265625;0.83984375;0.859375;0.2216796875;0.748046875;0.642578125;0.173828125;0.2900390625;0.640625;0.60546875;0.177734375;0.625;0.546875;0.1572265625;0.8;0.15625;0.296875;0.546875;0.1640625;0.11328125;0.59375;0.640625;0.1875;0.71875;0.671875;0.171875;0.6328125;0.6015625;0.18359375;0.306640625;0.6328125;0.734375;0.205078125;0.734375;0.7734375;0.20703125;0.7734375;0.796875;0.21484375;0.6953125;0.69921875;0.2041015625;0.3369140625;0.6796875;0.7109375;0.21484375;0.7578125;0.80859375;0.220703125;0.80078125;0.83984375;0.22265625;0.82421875;0.859375;0.2236328125;0.84375;0.859375;0.2236328125;0.755859375;0.662109375;0.18017578125;0.32275390625;0.65625;0.61328125;0.181640625;0.64453125;0.5546875;0.16357421875;0.8
81;81;92.46;0.15625;0.265625;0.5625;0.171875;0.109375;0.59375;0.640625;0.1875;0.71875;0.6875;0.1796875;0.640625;0.6328125;0.189453125;0.3125;0.65625;0.7421875;0.20703125;0.75;0.78125;0.20703125;0.78125;0.796875;0.212890625;0.69921875;0.6953125;0.2021484375;0.3369140625;0.68359375;0.71875;0.21484375;0.7578125;0.8046875;0.220703125;0.80078125;0.8359375;0.2216796875;0.8203125;0.85546875;0.2236328125;0.83984375;0.859375;0.22265625;0.751953125;0.646484375;0.17626953125;0.29833984375;0.6484375;0.609375;0.177734375;0.6328125;0.552734375;0.1572265625;0.8;0.15625;0.296875;0.546875;0.1640625;0.11328125;0.59375;0.65625;0.1875;0.71875;0.671875;0.171875;0.6328125;0.609375;0.185546875;0.306640625;0.6328125;0.734375;0.205078125;0.7421875;0.7734375;0.20703125;0.7734375;0.796875;0.21484375;0.6953125;0.69921875;0.2041015625;0.337890625;0.68359375;0.71484375;0.21484375;0.7578125;0.80859375;0.220703125;0.80078125;0.83984375;0.22265625;0.82421875;0.859375;0.2236328125;0.84375;0.859375;0.2236328125;0.755859375;0.662109375;0.18017578125;0.32373046875;0.65625;0.61328125;0.181640625;0.64453125;0.552734375;0.1630859375;0.8
82;82;92.68;0.140625;0.265625;0.5625;0.16796875;0.10546875;0.59375;0.640625;0.18359375;0.71875;0.6875;0.17578125;0.640625;0.6328125;0.19140625;0.3125;0.65625;0.75;0.208984375;0.7578125;0.796875;0.2109375;0.7890625;0.8046875;0.216796875;0.703125;0.703125;0.2041015625;0.3408203125;0.69140625;0.71875;0.21484375;0.76171875;0.8046875;0.220703125;0.8046875;0.83984375;0.2216796875;0.82421875;0.85546875;0.2236328125;0.83984375;0.86328125;0.22265625;0.751953125;0.646484375;0.17626953125;0.2978515625;0.6484375;0.615234375;0.17919921875;0.634765625;0.556640625;0.15869140625;0.8;0.15625;0.296875;0.546875;0.1640625;0.11328125;0.59375;0.65625;0.1875;0.71875;0.671875;0.17578125;0.6328125;0.609375;0.185546875;0.306640625;0.6328125;0.734375;0.20703125;0.7421875;0.78125;0.20703125;0.7734375;0.796875;0.21484375;0.6953125;0.69921875;0.2041015625;0.337890625;0.68359375;0.71484375;0.21484375;0.76171875;0.80859375;0.220703125;0.8046875;0.83984375;0.22265625;0.82421875;0.859375;0.2236328125;0.84375;0.86328125;0.2236328125;0.755859375;0.662109375;0.1806640625;0.3232421875;0.65625;0.61328125;0.181640625;0.64453125;0.5546875;0.16357421875;0.8
83;83;92.62;0.15625;0.28125;0.578125;0.171875;0.11328125;0.59375;0.640625;0.1875;0.734375;0.6875;0.1796875;0.6484375;0.625;0.1875;0.314453125;0.65625;0.7421875;0.20703125;0.75;0.78125;0.20703125;0.78125;0.796875;0.212890625;0.69921875;0.6953125;0.2021484375;0.3369140625;0.68359375;0.71875;0.21484375;0.76171875;0.80859375;0.220703125;0.80078125;0.8359375;0.2216796875;0.82421875;0.85546875;0.2236328125;0.83984375;0.86328125;0.22265625;0.75;0.6484375;0.1767578125;0.2978515625;0.650390625;0.6171875;0.18017578125;0.63671875;0.55859375;0.1591796875;0.8;0.15625;0.296875;0.546875;0.1640625;0.11328125;0.59375;0.640625;0.1875;0.71875;0.671875;0.171875;0.6328125;0.6015625;0.18359375;0.306640625;0.6328125;0.734375;0.205078125;0.734375;0.7734375;0.20703125;0.7734375;0.796875;0.21484375;0.6953125;0.69921875;0.2041015625;0.3369140625;0.6796875;0.7109375;0.21484375;0.7578125;0.80859375;0.220703125;0.80078125;0.83984375;0.22265625;0.82421875;0.859375;0.2236328125;0.84375;0.86328125;0.2236328125;0.755859375;0.662109375;0.1806640625;0.3232421875;0.658203125;0.615234375;0.181640625;0.646484375;0.556640625;0.16357421875;0.8
84;84;92.83;0.15625;0.28125;0.578125;0.171875;0.11328125;0.59375;0.640625;0.1875;0.734375;0.6875;0.1796875;0.6484375;0.625;0.1875;0.31640625;0.65625;0.7421875;0.20703125;0.75;0.78125;0.20703125;0.78125;0.796875;0.212890625;0.69921875;0.69921875;0.2021484375;0.3369140625;0.6875;0.72265625;0.21484375;0.76171875;0.80859375;0.220703125;0.80078125;0.8359375;0.2216796875;0.8203125;0.85546875;0.22265625;0.83984375;0.85546875;0.2216796875;0.74609375;0.63671875;0.17236328125;0.2880859375;0.6328125;0.599609375;0.17578125;0.615234375;0.537109375;0.15576171875;0.8;0.15625;0.296875;0.546875;0.1640625;0.11328125;0.59375;0.640625;0.1875;0.71875;0.65625;0.171875;0.625;0.6015625;0.18359375;0.306640625;0.6328125;0.7265625;0.205078125;0.734375;0.7734375;0.205078125;0.7734375;0.796875;0.21484375;0.6953125;0.6953125;0.203125;0.3369140625;0.6796875;0.7109375;0.21484375;0.7578125;0.80859375;0.220703125;0.80078125;0.83984375;0.22265625;0.82421875;0.859375;0.2236328125;0.84375;0.86328125;0.2236328125;0.755859375;0.662109375;0.1806640625;0.3232421875;0.65625;0.61328125;0.181640625;0.64453125;0.5546875;0.16357421875;0.8
85;85;92.85;0.15625;0.28125;0.578125;0.171875;0.11328125;0.59375;0.640625;0.1875;0.71875;0.6875;0.1796875;0.6484375;0.6328125;0.189453125;0.314453125;0.65625;0.75;0.208984375;0.75;0.7890625;0.208984375;0.78125;0.796875;0.212890625;0.69921875;0.69921875;0.2021484375;0.3359375;0.68359375;0.71484375;0.2138671875;0.76171875;0.8046875;0.2197265625;0.80078125;0.83203125;0.2216796875;0.8203125;0.85546875;0.22265625;0.8359375;0.85546875;0.2216796875;0.744140625;0.634765625;0.17236328125;0.2861328125;0.6328125;0.60546875;0.177734375;0.619140625;0.546875;0.15673828125;0.8;0.15625;0.296875;0.546875;0.1640625;0.11328125;0.59375;0.640625;0.1875;0.71875;0.671875;0.171875;0.6328125;0.6015625;0.18359375;0.306640625;0.6328125;0.734375;0.205078125;0.734375;0.7734375;0.205078125;0.7734375;0.796875;0.21484375;0.6953125;0.69921875;0.203125;0.3369140625;0.6796875;0.7109375;0.21484375;0.7578125;0.80859375;0.220703125;0.80078125;0.83984375;0.22265625;0.82421875;0.859375;0.2236328125;0.84375;0.86328125;0.2236328125;0.755859375;0.662109375;0.18017578125;0.3232421875;0.65625;0.61328125;0.181640625;0.642578125;0.552734375;0.1630859375;0.8
86;86;92.78;0.15625;0.28125;0.578125;0.171875;0.109375;0.59375;0.640625;0.1875;0.71875;0.6875;0.1796875;0.6484375;0.625;0.1875;0.314453125;0.65625;0.7421875;0.20703125;0.75;0.78125;0.20703125;0.78125;0.796875;0.2109375;0.6953125;0.69140625;0.201171875;0.3359375;0.68359375;0.71484375;0.21484375;0.7578125;0.8046875;0.2197265625;0.80078125;0.8359375;0.2216796875;0.8203125;0.8515625;0.22265625;0.83984375;0.859375;0.22265625;0.748046875;0.640625;0.173828125;0.29150390625;0.63671875;0.603515625;0.1767578125;0.623046875;0.546875;0.15771484375;0.8;0.15625;0.296875;0.546875;0.1640625;0.11328125;0.59375;0.640625;0.1875;0.71875;0.671875;0.171875;0.6328125;0.6015625;0.18359375;0.306640625;0.6328125;0.734375;0.205078125;0.734375;0.7734375;0.205078125;0.7734375;0.796875;0.21484375;0.6953125;0.69921875;0.203125;0.3369140625;0.6796875;0.7109375;0.21484375;0.7578125;0.80859375;0.220703125;0.80078125;0.83984375;0.22265625;0.82421875;0.859375;0.2236328125;0.84375;0.86328125;0.2236328125;0.755859375;0.662109375;0.1806640625;0.3232421875;0.658203125;0.615234375;0.181640625;0.64453125;0.5546875;0.16357421875;0.8
87;87;92.66;0.15625;0.28125;0.578125;0.171875;0.11328125;0.59375;0.640625;0.1875;0.71875;0.6875;0.17578125;0.640625;0.625;0.1875;0.314453125;0.65625;0.75;0.20703125;0.75;0.78125;0.208984375;0.78125;0.8046875;0.21484375;0.703125;0.703125;0.2041015625;0.3388671875;0.69140625;0.71875;0.21484375;0.76171875;0.80859375;0.220703125;0.8046875;0.83984375;0.2216796875;0.82421875;0.85546875;0.2236328125;0.84375;0.86328125;0.2236328125;0.751953125;0.6484375;0.17626953125;0.298828125;0.6484375;0.611328125;0.177734375;0.62890625;0.544921875;0.15625;0.8;0.15625;0.296875;0.546875;0.1640625;0.11328125;0.59375;0.640625;0.1875;0.71875;0.671875;0.171875;0.6328125;0.6015625;0.18359375;0.306640625;0.6328125;0.734375;0.205078125;0.734375;0.7734375;0.20703125;0.7734375;0.796875;0.21484375;0.6953125;0.69921875;0.2041015625;0.3369140625;0.6796875;0.7109375;0.21484375;0.7578125;0.80859375;0.220703125;0.80078125;0.83984375;0.22265625;0.82421875;0.859375;0.2236328125;0.84375;0.86328125;0.2236328125;0.755859375;0.662109375;0.1806640625;0.3232421875;0.658203125;0.61328125;0.181640625;0.64453125;0.5546875;0.16357421875;0.8
88;88;92.58;0.15625;0.28125;0.578125;0.171875;0.11328125;0.59375;0.640625;0.1875;0.71875;0.6875;0.17578125;0.640625;0.625;0.1875;0.314453125;0.65625;0.7421875;0.20703125;0.75;0.78125;0.20703125;0.78125;0.796875;0.2109375;0.69921875;0.6953125;0.201171875;0.3359375;0.68359375;0.71875;0.21484375;0.76171875;0.8046875;0.2197265625;0.80078125;0.8359375;0.2216796875;0.8203125;0.85546875;0.22265625;0.8359375;0.859375;0.22265625;0.74609375;0.63671875;0.173828125;0.29150390625;0.638671875;0.60546875;0.17822265625;0.625;0.552734375;0.1591796875;0.8;0.15625;0.296875;0.546875;0.1640625;0.11328125;0.59375;0.640625;0.1875;0.71875;0.671875;0.171875;0.6328125;0.6015625;0.18359375;0.306640625;0.6328125;0.734375;0.205078125;0.734375;0.7734375;0.205078125;0.7734375;0.796875;0.21484375;0.6953125;0.69921875;0.2041015625;0.3369140625;0.6796875;0.7109375;0.21484375;0.7578125;0.80859375;0.220703125;0.8046875;0.83984375;0.22265625;0.82421875;0.859375;0.2236328125;0.84375;0.86328125;0.2236328125;0.755859375;0.662109375;0.1806640625;0.3232421875;0.658203125;0.615234375;0.181640625;0.646484375;0.5546875;0.16357421875;0.8
89;89;92.77;0.15625;0.28125;0.578125;0.171875;0.11328125;0.59375;0.640625;0.1875;0.71875;0.6875;0.1796875;0.6484375;0.6328125;0.189453125;0.314453125;0.65625;0.75;0.20703125;0.75;0.78125;0.20703125;0.78125;0.796875;0.212890625;0.69921875;0.69921875;0.2021484375;0.3369140625;0.6875;0.72265625;0.21484375;0.76171875;0.80859375;0.220703125;0.80078125;0.8359375;0.2216796875;0.8203125;0.85546875;0.22265625;0.83984375;0.859375;0.22265625;0.748046875;0.642578125;0.17431640625;0.29345703125;0.642578125;0.609375;0.177734375;0.626953125;0.546875;0.1572265625;0.8;0.15625;0.296875;0.546875;0.1640625;0.11328125;0.59375;0.640625;0.1875;0.71875;0.671875;0.171875;0.6328125;0.6015625;0.18359375;0.306640625;0.6328125;0.734375;0.205078125;0.734375;0.7734375;0.20703125;0.7734375;0.796875;0.21484375;0.6953125;0.69921875;0.2041015625;0.337890625;0.6796875;0.7109375;0.21484375;0.7578125;0.80859375;0.220703125;0.80078125;0.83984375;0.22265625;0.82421875;0.859375;0.2236328125;0.84375;0.86328125;0.2236328125;0.755859375;0.662109375;0.1806640625;0.32373046875;0.658203125;0.615234375;0.181640625;0.64453125;0.552734375;0.1630859375;0.8
90;90;92.59;0.15625;0.28125;0.578125;0.171875;0.11328125;0.59375;0.640625;0.1875;0.71875;0.6875;0.1796875;0.640625;0.6328125;0.1875;0.314453125;0.65625;0.75;0.20703125;0.75;0.7890625;0.208984375;0.78125;0.8046875;0.212890625;0.703125;0.703125;0.203125;0.337890625;0.6875;0.71875;0.21484375;0.76171875;0.80859375;0.2197265625;0.80078125;0.8359375;0.2216796875;0.8203125;0.85546875;0.22265625;0.83984375;0.859375;0.22265625;0.748046875;0.640625;0.17431640625;0.291015625;0.638671875;0.603515625;0.17724609375;0.62109375;0.544921875;0.1572265625;0.8;0.15625;0.296875;0.546875;0.1640625;0.11328125;0.59375;0.640625;0.1875;0.71875;0.671875;0.171875;0.6328125;0.6015625;0.18359375;0.306640625;0.6328125;0.734375;0.205078125;0.7421875;0.7734375;0.20703125;0.7734375;0.796875;0.21484375;0.6953125;0.69921875;0.2041015625;0.337890625;0.6796875;0.7109375;0.21484375;0.7578125;0.80859375;0.220703125;0.8046875;0.83984375;0.22265625;0.82421875;0.859375;0.2236328125;0.84375;0.86328125;0.2236328125;0.755859375;0.662109375;0.1806640625;0.32373046875;0.658203125;0.615234375;0.181640625;0.64453125;0.5546875;0.16357421875;0.8
91;91;92.73;0.15625;0.28125;0.5625;0.171875;0.109375;0.59375;0.640625;0.1875;0.71875;0.6875;0.1796875;0.640625;0.6328125;0.189453125;0.3125;0.65625;0.75;0.208984375;0.7578125;0.7890625;0.208984375;0.78125;0.8046875;0.21484375;0.703125;0.703125;0.203125;0.3388671875;0.6875;0.72265625;0.21484375;0.76171875;0.80859375;0.220703125;0.8046875;0.8359375;0.2216796875;0.82421875;0.85546875;0.22265625;0.83984375;0.86328125;0.22265625;0.75;0.64453125;0.1748046875;0.294921875;0.642578125;0.611328125;0.1787109375;0.626953125;0.548828125;0.1572265625;0.8;0.15625;0.296875;0.546875;0.1640625;0.11328125;0.59375;0.65625;0.1875;0.71875;0.671875;0.17578125;0.6328125;0.609375;0.185546875;0.306640625;0.6328125;0.734375;0.20703125;0.7421875;0.78125;0.20703125;0.7734375;0.796875;0.21484375;0.6953125;0.69921875;0.2041015625;0.337890625;0.68359375;0.71484375;0.21484375;0.76171875;0.80859375;0.220703125;0.8046875;0.83984375;0.22265625;0.82421875;0.859375;0.2236328125;0.84375;0.86328125;0.2236328125;0.755859375;0.6640625;0.1806640625;0.32373046875;0.658203125;0.615234375;0.181640625;0.646484375;0.5546875;0.16357421875;0.8
92;92;92.76;0.15625;0.28125;0.578125;0.171875;0.11328125;0.59375;0.640625;0.1875;0.734375;0.6875;0.1796875;0.6484375;0.625;0.189453125;0.314453125;0.65625;0.75;0.208984375;0.75;0.7890625;0.208984375;0.78125;0.796875;0.212890625;0.69921875;0.69921875;0.2021484375;0.337890625;0.6875;0.71875;0.21484375;0.76171875;0.80859375;0.220703125;0.80078125;0.8359375;0.2216796875;0.8203125;0.85546875;0.22265625;0.83984375;0.859375;0.22265625;0.748046875;0.642578125;0.1748046875;0.2939453125;0.640625;0.607421875;0.177734375;0.625;0.544921875;0.15673828125;0.8;0.15625;0.296875;0.546875;0.1640625;0.11328125;0.59375;0.640625;0.1875;0.71875;0.671875;0.171875;0.6328125;0.6015625;0.18359375;0.306640625;0.6328125;0.734375;0.205078125;0.734375;0.7734375;0.20703125;0.7734375;0.796875;0.21484375;0.6953125;0.69921875;0.2041015625;0.3369140625;0.6796875;0.7109375;0.21484375;0.7578125;0.80859375;0.220703125;0.8046875;0.83984375;0.22265625;0.82421875;0.859375;0.2236328125;0.84375;0.86328125;0.2236328125;0.755859375;0.6640625;0.1806640625;0.32373046875;0.658203125;0.615234375;0.181640625;0.646484375;0.5546875;0.16357421875;0.8
93;93;92.76;0.15625;0.28125;0.578125;0.171875;0.11328125;0.59375;0.640625;0.1875;0.734375;0.6875;0.1796875;0.6484375;0.6328125;0.189453125;0.314453125;0.65625;0.75;0.208984375;0.75;0.7890625;0.208984375;0.78125;0.8046875;0.21484375;0.703125;0.703125;0.203125;0.3388671875;0.6875;0.72265625;0.21484375;0.76171875;0.80859375;0.220703125;0.8046875;0.83984375;0.2216796875;0.82421875;0.85546875;0.22265625;0.83984375;0.859375;0.22265625;0.75;0.640625;0.17431640625;0.2958984375;0.642578125;0.609375;0.17822265625;0.626953125;0.55078125;0.15673828125;0.8;0.15625;0.296875;0.546875;0.1640625;0.11328125;0.59375;0.640625;0.1875;0.71875;0.671875;0.171875;0.6328125;0.6015625;0.18359375;0.306640625;0.6328125;0.7265625;0.205078125;0.734375;0.7734375;0.205078125;0.7734375;0.796875;0.212890625;0.6953125;0.69921875;0.203125;0.3359375;0.6796875;0.71484375;0.21484375;0.76171875;0.80859375;0.220703125;0.8046875;0.83984375;0.22265625;0.82421875;0.859375;0.2236328125;0.84375;0.86328125;0.2236328125;0.755859375;0.6640625;0.1806640625;0.32275390625;0.658203125;0.615234375;0.181640625;0.646484375;0.5546875;0.16357421875;0.8
94;94;92.76;0.15625;0.28125;0.578125;0.171875;0.11328125;0.59375;0.640625;0.1875;0.734375;0.6875;0.1796875;0.6484375;0.6328125;0.189453125;0.31640625;0.65625;0.75;0.208984375;0.75;0.7890625;0.208984375;0.78125;0.8046875;0.21484375;0.703125;0.703125;0.203125;0.3388671875;0.6875;0.72265625;0.21484375;0.76171875;0.80859375;0.220703125;0.80078125;0.8359375;0.2216796875;0.8203125;0.85546875;0.22265625;0.83984375;0.859375;0.22265625;0.748046875;0.64453125;0.17431640625;0.29150390625;0.640625;0.60546875;0.17724609375;0.625;0.548828125;0.15771484375;0.8;0.15625;0.296875;0.546875;0.1640625;0.11328125;0.59375;0.640625;0.1875;0.71875;0.671875;0.171875;0.6328125;0.6015625;0.18359375;0.306640625;0.6328125;0.7265625;0.205078125;0.734375;0.7734375;0.205078125;0.7734375;0.796875;0.212890625;0.6953125;0.69921875;0.203125;0.3369140625;0.6796875;0.7109375;0.21484375;0.7578125;0.80859375;0.220703125;0.8046875;0.83984375;0.22265625;0.82421875;0.859375;0.2236328125;0.84375;0.86328125;0.2236328125;0.755859375;0.6640625;0.1806640625;0.3232421875;0.658203125;0.61328125;0.181640625;0.64453125;0.5546875;0.16357421875;0.8
95;95;92.76;0.15625;0.28125;0.578125;0.171875;0.11328125;0.59375;0.640625;0.1875;0.71875;0.6875;0.1796875;0.640625;0.625;0.189453125;0.3125;0.65625;0.75;0.208984375;0.75;0.7890625;0.208984375;0.78125;0.8046875;0.21484375;0.703125;0.703125;0.203125;0.337890625;0.6875;0.71875;0.21484375;0.76171875;0.8046875;0.220703125;0.80078125;0.8359375;0.2216796875;0.8203125;0.85546875;0.22265625;0.83984375;0.859375;0.2216796875;0.748046875;0.638671875;0.1728515625;0.29150390625;0.634765625;0.599609375;0.17578125;0.619140625;0.537109375;0.1552734375;0.8;0.15625;0.296875;0.546875;0.1640625;0.11328125;0.59375;0.65625;0.1875;0.71875;0.671875;0.171875;0.6328125;0.6015625;0.18359375;0.306640625;0.6328125;0.734375;0.205078125;0.7421875;0.7734375;0.20703125;0.7734375;0.796875;0.21484375;0.6953125;0.69921875;0.2041015625;0.3369140625;0.68359375;0.71484375;0.21484375;0.76171875;0.80859375;0.220703125;0.8046875;0.83984375;0.22265625;0.82421875;0.859375;0.2236328125;0.84375;0.86328125;0.2236328125;0.755859375;0.662109375;0.1806640625;0.3232421875;0.65625;0.61328125;0.181640625;0.64453125;0.552734375;0.1630859375;0.8
96;96;92.75;0.15625;0.265625;0.5625;0.16796875;0.109375;0.59375;0.640625;0.18359375;0.71875;0.6875;0.17578125;0.640625;0.6328125;0.189453125;0.310546875;0.65625;0.75;0.208984375;0.75;0.7890625;0.2109375;0.78125;0.8046875;0.21484375;0.703125;0.70703125;0.2041015625;0.3388671875;0.6875;0.72265625;0.21484375;0.76171875;0.80859375;0.220703125;0.80078125;0.8359375;0.2216796875;0.82421875;0.85546875;0.2236328125;0.83984375;0.859375;0.22265625;0.75;0.640625;0.17431640625;0.2978515625;0.640625;0.603515625;0.1767578125;0.625;0.546875;0.15673828125;0.8;0.15625;0.296875;0.546875;0.1640625;0.11328125;0.59375;0.65625;0.1875;0.71875;0.671875;0.171875;0.6328125;0.6015625;0.18359375;0.306640625;0.6328125;0.734375;0.205078125;0.7421875;0.7734375;0.20703125;0.7734375;0.796875;0.21484375;0.6953125;0.69921875;0.2041015625;0.337890625;0.68359375;0.71484375;0.21484375;0.76171875;0.80859375;0.220703125;0.8046875;0.83984375;0.22265625;0.828125;0.859375;0.2236328125;0.84375;0.86328125;0.2236328125;0.755859375;0.6640625;0.1806640625;0.3232421875;0.66015625;0.615234375;0.181640625;0.646484375;0.556640625;0.16357421875;0.8
97;97;92.64;0.15625;0.28125;0.5625;0.171875;0.109375;0.59375;0.640625;0.1875;0.71875;0.6875;0.17578125;0.640625;0.6328125;0.189453125;0.314453125;0.65625;0.75;0.20703125;0.75;0.7890625;0.208984375;0.78125;0.796875;0.212890625;0.69921875;0.69921875;0.2021484375;0.337890625;0.6875;0.71875;0.21484375;0.76171875;0.80859375;0.220703125;0.80078125;0.8359375;0.2216796875;0.8203125;0.85546875;0.22265625;0.83984375;0.859375;0.22265625;0.75;0.6484375;0.17578125;0.294921875;0.642578125;0.611328125;0.1787109375;0.62890625;0.552734375;0.158203125;0.8;0.15625;0.296875;0.546875;0.1640625;0.11328125;0.59375;0.640625;0.1875;0.71875;0.671875;0.171875;0.6328125;0.6015625;0.18359375;0.306640625;0.6328125;0.734375;0.205078125;0.734375;0.7734375;0.20703125;0.7734375;0.796875;0.21484375;0.6953125;0.69921875;0.2041015625;0.3369140625;0.6796875;0.7109375;0.21484375;0.76171875;0.80859375;0.220703125;0.8046875;0.83984375;0.22265625;0.82421875;0.859375;0.2236328125;0.84375;0.86328125;0.2236328125;0.755859375;0.662109375;0.1806640625;0.32373046875;0.658203125;0.61328125;0.181640625;0.64453125;0.5546875;0.16357421875;0.8
98;98;92.71;0.15625;0.28125;0.578125;0.171875;0.11328125;0.59375;0.65625;0.1875;0.734375;0.6875;0.1796875;0.6484375;0.6328125;0.189453125;0.31640625;0.65625;0.75;0.208984375;0.75;0.7890625;0.208984375;0.78125;0.8046875;0.21484375;0.703125;0.70703125;0.2041015625;0.3408203125;0.69140625;0.7265625;0.2158203125;0.765625;0.8125;0.220703125;0.8046875;0.83984375;0.2216796875;0.82421875;0.859375;0.22265625;0.83984375;0.859375;0.22265625;0.751953125;0.650390625;0.17578125;0.29345703125;0.646484375;0.61328125;0.1787109375;0.630859375;0.556640625;0.15869140625;0.8;0.15625;0.296875;0.546875;0.1640625;0.11328125;0.59375;0.640625;0.1875;0.71875;0.671875;0.171875;0.625;0.6015625;0.18359375;0.306640625;0.6328125;0.7265625;0.205078125;0.734375;0.765625;0.205078125;0.7734375;0.796875;0.212890625;0.6953125;0.69921875;0.203125;0.3359375;0.68359375;0.71484375;0.21484375;0.76171875;0.80859375;0.220703125;0.8046875;0.83984375;0.22265625;0.82421875;0.859375;0.2236328125;0.84375;0.86328125;0.2236328125;0.755859375;0.6640625;0.1806640625;0.322265625;0.658203125;0.615234375;0.181640625;0.64453125;0.5546875;0.16357421875;0.8
99;99;92.79;0.15625;0.28125;0.5625;0.16796875;0.109375;0.59375;0.640625;0.1875;0.71875;0.6875;0.17578125;0.640625;0.625;0.1875;0.3125;0.6484375;0.7421875;0.20703125;0.75;0.78125;0.20703125;0.78125;0.796875;0.2109375;0.6953125;0.69140625;0.201171875;0.3349609375;0.68359375;0.71484375;0.2138671875;0.7578125;0.8046875;0.2197265625;0.80078125;0.8359375;0.2216796875;0.8203125;0.85546875;0.22265625;0.8359375;0.85546875;0.2216796875;0.74609375;0.634765625;0.17236328125;0.2900390625;0.630859375;0.59375;0.17529296875;0.615234375;0.537109375;0.1552734375;0.8;0.15625;0.296875;0.546875;0.1640625;0.11328125;0.59375;0.65625;0.1875;0.71875;0.671875;0.171875;0.6328125;0.6015625;0.18359375;0.306640625;0.6328125;0.734375;0.205078125;0.7421875;0.7734375;0.20703125;0.7734375;0.796875;0.21484375;0.6953125;0.69921875;0.2041015625;0.337890625;0.6796875;0.7109375;0.21484375;0.7578125;0.80859375;0.220703125;0.80078125;0.83984375;0.22265625;0.82421875;0.859375;0.2236328125;0.84375;0.86328125;0.2236328125;0.755859375;0.662109375;0.1806640625;0.32373046875;0.658203125;0.615234375;0.181640625;0.64453125;0.5546875;0.1630859375;0.8
