;Epoch;test_accuracy;train-saturation_conv1;train-saturation_layer1-0-conv1;train-saturation_layer1-0-conv2;train-saturation_layer1-0-conv3;train-saturation_layer1-0-shortcut-0;train-saturation_layer1-1-conv1;train-saturation_layer1-1-conv2;train-saturation_layer1-1-conv3;train-saturation_layer1-2-conv1;train-saturation_layer1-2-conv2;train-saturation_layer1-2-conv3;train-saturation_layer2-0-conv1;train-saturation_layer2-0-conv2;train-saturation_layer2-0-conv3;train-saturation_layer2-0-shortcut-0;train-saturation_layer2-1-conv1;train-saturation_layer2-1-conv2;train-saturation_layer2-1-conv3;train-saturation_layer2-2-conv1;train-saturation_layer2-2-conv2;train-saturation_layer2-2-conv3;train-saturation_layer2-3-conv1;train-saturation_layer2-3-conv2;train-saturation_layer2-3-conv3;train-saturation_layer3-0-conv1;train-saturation_layer3-0-conv2;train-saturation_layer3-0-conv3;train-saturation_layer3-0-shortcut-0;train-saturation_layer3-1-conv1;train-saturation_layer3-1-conv2;train-saturation_layer3-1-conv3;train-saturation_layer3-2-conv1;train-saturation_layer3-2-conv2;train-saturation_layer3-2-conv3;train-saturation_layer3-3-conv1;train-saturation_layer3-3-conv2;train-saturation_layer3-3-conv3;train-saturation_layer3-4-conv1;train-saturation_layer3-4-conv2;train-saturation_layer3-4-conv3;train-saturation_layer3-5-conv1;train-saturation_layer3-5-conv2;train-saturation_layer3-5-conv3;train-saturation_layer4-0-conv1;train-saturation_layer4-0-conv2;train-saturation_layer4-0-conv3;train-saturation_layer4-0-shortcut-0;train-saturation_layer4-1-conv1;train-saturation_layer4-1-conv2;train-saturation_layer4-1-conv3;train-saturation_layer4-2-conv1;train-saturation_layer4-2-conv2;train-saturation_layer4-2-conv3;train-saturation_linear;eval-saturation_conv1;eval-saturation_layer1-0-conv1;eval-saturation_layer1-0-conv2;eval-saturation_layer1-0-conv3;eval-saturation_layer1-0-shortcut-0;eval-saturation_layer1-1-conv1;eval-saturation_layer1-1-conv2;eval-saturation_layer1-1-conv3;eval-saturation_layer1-2-conv1;eval-saturation_layer1-2-conv2;eval-saturation_layer1-2-conv3;eval-saturation_layer2-0-conv1;eval-saturation_layer2-0-conv2;eval-saturation_layer2-0-conv3;eval-saturation_layer2-0-shortcut-0;eval-saturation_layer2-1-conv1;eval-saturation_layer2-1-conv2;eval-saturation_layer2-1-conv3;eval-saturation_layer2-2-conv1;eval-saturation_layer2-2-conv2;eval-saturation_layer2-2-conv3;eval-saturation_layer2-3-conv1;eval-saturation_layer2-3-conv2;eval-saturation_layer2-3-conv3;eval-saturation_layer3-0-conv1;eval-saturation_layer3-0-conv2;eval-saturation_layer3-0-conv3;eval-saturation_layer3-0-shortcut-0;eval-saturation_layer3-1-conv1;eval-saturation_layer3-1-conv2;eval-saturation_layer3-1-conv3;eval-saturation_layer3-2-conv1;eval-saturation_layer3-2-conv2;eval-saturation_layer3-2-conv3;eval-saturation_layer3-3-conv1;eval-saturation_layer3-3-conv2;eval-saturation_layer3-3-conv3;eval-saturation_layer3-4-conv1;eval-saturation_layer3-4-conv2;eval-saturation_layer3-4-conv3;eval-saturation_layer3-5-conv1;eval-saturation_layer3-5-conv2;eval-saturation_layer3-5-conv3;eval-saturation_layer4-0-conv1;eval-saturation_layer4-0-conv2;eval-saturation_layer4-0-conv3;eval-saturation_layer4-0-shortcut-0;eval-saturation_layer4-1-conv1;eval-saturation_layer4-1-conv2;eval-saturation_layer4-1-conv3;eval-saturation_layer4-2-conv1;eval-saturation_layer4-2-conv2;eval-saturation_layer4-2-conv3;eval-saturation_linear
0;0;43.85;0.09375;0.25;0.515625;0.1796875;0.09375;0.625;0.734375;0.203125;0.75;0.78125;0.19921875;0.6796875;0.6953125;0.177734375;0.3046875;0.734375;0.78125;0.1953125;0.7734375;0.7890625;0.189453125;0.7578125;0.78125;0.19140625;0.6640625;0.44140625;0.11328125;0.17578125;0.5;0.453125;0.10546875;0.46875;0.390625;0.09375;0.45703125;0.40234375;0.091796875;0.43359375;0.37890625;0.0888671875;0.4140625;0.34375;0.0830078125;0.26171875;0.0390625;0.0126953125;0.0244140625;0.095703125;0.0390625;0.01171875;0.09765625;0.0546875;0.01513671875;0.6;0.09375;0.234375;0.484375;0.171875;0.08984375;0.609375;0.734375;0.203125;0.71875;0.765625;0.19921875;0.6640625;0.6953125;0.1796875;0.298828125;0.7265625;0.7890625;0.19921875;0.7734375;0.8046875;0.197265625;0.7734375;0.8046875;0.197265625;0.68359375;0.49609375;0.126953125;0.1962890625;0.546875;0.49609375;0.1181640625;0.51953125;0.44921875;0.1064453125;0.515625;0.4609375;0.1064453125;0.48828125;0.4375;0.1015625;0.46875;0.3984375;0.0966796875;0.30859375;0.0546875;0.0166015625;0.03076171875;0.115234375;0.048828125;0.0146484375;0.119140625;0.06640625;0.0185546875;0.7
1;1;50.48;0.09375;0.28125;0.578125;0.1875;0.09765625;0.65625;0.765625;0.20703125;0.765625;0.8125;0.20703125;0.703125;0.734375;0.1875;0.314453125;0.75;0.8046875;0.201171875;0.7890625;0.8125;0.1953125;0.78125;0.8046875;0.1953125;0.6875;0.50390625;0.1279296875;0.181640625;0.53515625;0.4921875;0.1162109375;0.5078125;0.41796875;0.09765625;0.4921875;0.41796875;0.0947265625;0.4609375;0.3828125;0.0869140625;0.43359375;0.34375;0.080078125;0.28125;0.046875;0.013671875;0.02587890625;0.09765625;0.03515625;0.00927734375;0.095703125;0.0390625;0.01025390625;0.6;0.09375;0.265625;0.546875;0.1796875;0.09765625;0.640625;0.75;0.20703125;0.75;0.78125;0.203125;0.6875;0.734375;0.185546875;0.3125;0.75;0.8203125;0.203125;0.8046875;0.8359375;0.205078125;0.8125;0.84375;0.205078125;0.7265625;0.58984375;0.1474609375;0.208984375;0.6171875;0.578125;0.1396484375;0.60546875;0.54296875;0.12890625;0.60546875;0.546875;0.126953125;0.578125;0.515625;0.1220703125;0.5625;0.49609375;0.119140625;0.384765625;0.107421875;0.0283203125;0.03759765625;0.146484375;0.09765625;0.0263671875;0.1484375;0.109375;0.029296875;0.6
2;2;54.58;0.09375;0.296875;0.625;0.19140625;0.10546875;0.671875;0.78125;0.21484375;0.78125;0.828125;0.20703125;0.71875;0.7421875;0.1875;0.32421875;0.7578125;0.8046875;0.201171875;0.796875;0.796875;0.19140625;0.7890625;0.796875;0.19140625;0.69140625;0.5;0.1279296875;0.1806640625;0.53125;0.4765625;0.109375;0.5;0.41796875;0.0986328125;0.4921875;0.41015625;0.0908203125;0.45703125;0.3671875;0.0849609375;0.42578125;0.328125;0.076171875;0.27734375;0.044921875;0.013671875;0.025390625;0.099609375;0.03515625;0.00927734375;0.09765625;0.037109375;0.00927734375;0.7;0.09375;0.28125;0.578125;0.1875;0.1015625;0.65625;0.78125;0.2109375;0.765625;0.8125;0.20703125;0.703125;0.7421875;0.1875;0.3203125;0.7578125;0.8203125;0.205078125;0.8046875;0.828125;0.19921875;0.8125;0.828125;0.201171875;0.71875;0.5703125;0.1416015625;0.20703125;0.59375;0.54296875;0.1279296875;0.5703125;0.49609375;0.1181640625;0.55859375;0.484375;0.109375;0.52734375;0.44140625;0.103515625;0.50390625;0.41015625;0.0966796875;0.341796875;0.07421875;0.0205078125;0.033203125;0.130859375;0.060546875;0.0166015625;0.12890625;0.064453125;0.0166015625;0.7
3;3;57.47;0.09375;0.296875;0.625;0.1953125;0.10546875;0.6875;0.796875;0.21484375;0.796875;0.84375;0.2109375;0.7265625;0.765625;0.193359375;0.330078125;0.78125;0.8359375;0.208984375;0.8203125;0.84375;0.203125;0.8203125;0.8359375;0.203125;0.73046875;0.54296875;0.13671875;0.19140625;0.5703125;0.53125;0.1259765625;0.5546875;0.48046875;0.1171875;0.546875;0.46484375;0.1064453125;0.515625;0.42578125;0.0986328125;0.48828125;0.3984375;0.0947265625;0.31640625;0.068359375;0.01904296875;0.0283203125;0.109375;0.046875;0.01171875;0.103515625;0.04296875;0.0107421875;0.7;0.09375;0.296875;0.625;0.19140625;0.10546875;0.671875;0.796875;0.2109375;0.78125;0.8125;0.20703125;0.703125;0.734375;0.185546875;0.326171875;0.75;0.8125;0.203125;0.796875;0.8046875;0.1953125;0.796875;0.796875;0.193359375;0.703125;0.53125;0.134765625;0.203125;0.56640625;0.5078125;0.1201171875;0.5390625;0.4453125;0.10546875;0.52734375;0.43359375;0.095703125;0.48046875;0.375;0.0859375;0.453125;0.34375;0.0810546875;0.302734375;0.05078125;0.015625;0.02978515625;0.115234375;0.033203125;0.0087890625;0.107421875;0.03125;0.0078125;0.7
4;4;60.71;0.09375;0.3125;0.671875;0.19921875;0.109375;0.703125;0.8125;0.21484375;0.796875;0.859375;0.21484375;0.734375;0.78125;0.19921875;0.33203125;0.7890625;0.8359375;0.2109375;0.828125;0.84375;0.20703125;0.828125;0.84375;0.205078125;0.73828125;0.5546875;0.1416015625;0.1943359375;0.58203125;0.53515625;0.1279296875;0.56640625;0.48046875;0.115234375;0.5546875;0.4765625;0.1083984375;0.5234375;0.4296875;0.0986328125;0.5078125;0.40234375;0.09375;0.326171875;0.078125;0.02099609375;0.029296875;0.111328125;0.046875;0.01171875;0.107421875;0.04296875;0.01025390625;0.7;0.109375;0.296875;0.640625;0.1953125;0.10546875;0.703125;0.8125;0.21484375;0.796875;0.828125;0.2109375;0.71875;0.765625;0.193359375;0.33203125;0.765625;0.8203125;0.20703125;0.8046875;0.8203125;0.197265625;0.8046875;0.8046875;0.193359375;0.7109375;0.5390625;0.13671875;0.205078125;0.5625;0.5;0.1162109375;0.52734375;0.41015625;0.0966796875;0.51171875;0.3984375;0.0869140625;0.453125;0.3359375;0.072265625;0.421875;0.29296875;0.068359375;0.279296875;0.0390625;0.0126953125;0.0263671875;0.095703125;0.013671875;0.00390625;0.083984375;0.01171875;0.0029296875;0.7
5;5;62.4;0.09375;0.3125;0.671875;0.19921875;0.109375;0.703125;0.828125;0.21484375;0.796875;0.859375;0.21484375;0.734375;0.78125;0.19921875;0.3359375;0.7890625;0.8359375;0.208984375;0.8203125;0.84375;0.205078125;0.828125;0.8359375;0.201171875;0.734375;0.546875;0.138671875;0.193359375;0.57421875;0.51953125;0.123046875;0.5546875;0.46484375;0.1103515625;0.5390625;0.45703125;0.103515625;0.5078125;0.41015625;0.0927734375;0.48046875;0.375;0.0869140625;0.3125;0.068359375;0.01904296875;0.02783203125;0.109375;0.0390625;0.009765625;0.103515625;0.03515625;0.00830078125;0.6;0.109375;0.3125;0.65625;0.1953125;0.109375;0.703125;0.8125;0.21484375;0.796875;0.84375;0.21484375;0.7265625;0.7734375;0.1953125;0.333984375;0.7734375;0.828125;0.20703125;0.8125;0.8359375;0.203125;0.8203125;0.828125;0.201171875;0.734375;0.5859375;0.1474609375;0.2119140625;0.60546875;0.5546875;0.1318359375;0.58203125;0.49609375;0.1171875;0.57421875;0.4921875;0.1103515625;0.5390625;0.43359375;0.0986328125;0.51171875;0.40625;0.09375;0.34765625;0.080078125;0.02294921875;0.03369140625;0.1328125;0.05078125;0.01318359375;0.126953125;0.05078125;0.01318359375;0.7
6;6;63.37;0.09375;0.3125;0.671875;0.19921875;0.109375;0.703125;0.828125;0.21484375;0.796875;0.859375;0.21484375;0.7421875;0.796875;0.203125;0.3359375;0.7890625;0.84375;0.2109375;0.828125;0.8515625;0.20703125;0.8359375;0.8359375;0.201171875;0.7421875;0.55078125;0.138671875;0.19140625;0.56640625;0.5078125;0.119140625;0.5390625;0.4453125;0.1015625;0.51953125;0.4296875;0.095703125;0.48828125;0.37890625;0.0830078125;0.45703125;0.3359375;0.0751953125;0.298828125;0.05859375;0.017578125;0.0263671875;0.107421875;0.033203125;0.00830078125;0.1015625;0.033203125;0.0078125;0.7;0.109375;0.328125;0.6875;0.19921875;0.11328125;0.71875;0.828125;0.21484375;0.8125;0.84375;0.2109375;0.7265625;0.7734375;0.197265625;0.3359375;0.7734375;0.8203125;0.205078125;0.8125;0.8203125;0.19921875;0.8046875;0.796875;0.193359375;0.71484375;0.55078125;0.140625;0.2060546875;0.57421875;0.50390625;0.1171875;0.53515625;0.4140625;0.095703125;0.51171875;0.40234375;0.0888671875;0.46484375;0.33203125;0.0732421875;0.42578125;0.28125;0.0634765625;0.28515625;0.041015625;0.013671875;0.02685546875;0.1015625;0.015625;0.00390625;0.091796875;0.013671875;0.00341796875;0.7
7;7;65.53;0.109375;0.328125;0.703125;0.203125;0.11328125;0.71875;0.828125;0.21484375;0.8125;0.859375;0.21484375;0.734375;0.7890625;0.203125;0.337890625;0.796875;0.84375;0.212890625;0.8359375;0.859375;0.2109375;0.8359375;0.859375;0.208984375;0.75390625;0.578125;0.1455078125;0.1982421875;0.59375;0.5546875;0.1318359375;0.58984375;0.5078125;0.12109375;0.5703125;0.48828125;0.11328125;0.5390625;0.44140625;0.1005859375;0.515625;0.40625;0.091796875;0.330078125;0.080078125;0.021484375;0.029296875;0.11328125;0.04296875;0.0107421875;0.107421875;0.0390625;0.00830078125;0.7;0.109375;0.328125;0.6875;0.19921875;0.11328125;0.71875;0.828125;0.21484375;0.8125;0.84375;0.2109375;0.7265625;0.78125;0.197265625;0.337890625;0.7734375;0.828125;0.208984375;0.8203125;0.828125;0.203125;0.8125;0.8203125;0.19921875;0.73046875;0.578125;0.146484375;0.212890625;0.59765625;0.5390625;0.1259765625;0.5703125;0.46484375;0.107421875;0.55078125;0.44140625;0.0966796875;0.50390625;0.375;0.083984375;0.46875;0.33203125;0.07421875;0.3125;0.05859375;0.017578125;0.02978515625;0.11328125;0.025390625;0.00634765625;0.10546875;0.0234375;0.00537109375;0.7
8;8;67.61;0.109375;0.328125;0.703125;0.203125;0.1171875;0.71875;0.828125;0.21875;0.8125;0.875;0.21875;0.7421875;0.796875;0.203125;0.33984375;0.796875;0.8515625;0.21484375;0.8359375;0.859375;0.208984375;0.84375;0.859375;0.208984375;0.7578125;0.5859375;0.1484375;0.19921875;0.6015625;0.5546875;0.1328125;0.58984375;0.51171875;0.12109375;0.56640625;0.48828125;0.1123046875;0.5390625;0.44140625;0.0986328125;0.515625;0.41015625;0.09375;0.333984375;0.080078125;0.02197265625;0.029296875;0.115234375;0.044921875;0.01025390625;0.109375;0.0390625;0.0087890625;0.7;0.109375;0.328125;0.6875;0.19921875;0.11328125;0.703125;0.828125;0.21484375;0.796875;0.828125;0.2109375;0.7265625;0.765625;0.1953125;0.3359375;0.765625;0.8125;0.205078125;0.8046875;0.796875;0.1953125;0.796875;0.78125;0.189453125;0.703125;0.53125;0.1357421875;0.2021484375;0.54296875;0.4609375;0.10546875;0.49609375;0.3515625;0.078125;0.453125;0.3125;0.06640625;0.38671875;0.2265625;0.0478515625;0.3359375;0.17578125;0.0380859375;0.220703125;0.015625;0.00634765625;0.01904296875;0.060546875;0.00390625;0.00048828125;0.041015625;0.001953125;0.0;0.7
9;9;68.88;0.109375;0.328125;0.703125;0.203125;0.11328125;0.71875;0.828125;0.21875;0.8125;0.859375;0.21484375;0.7421875;0.7890625;0.203125;0.3359375;0.7890625;0.84375;0.2109375;0.828125;0.8515625;0.208984375;0.8359375;0.84375;0.20703125;0.75;0.57421875;0.146484375;0.197265625;0.5859375;0.54296875;0.12890625;0.58203125;0.5;0.1201171875;0.5625;0.484375;0.1123046875;0.5390625;0.4375;0.099609375;0.51171875;0.3984375;0.091796875;0.330078125;0.083984375;0.02294921875;0.02978515625;0.115234375;0.05078125;0.01220703125;0.111328125;0.044921875;0.009765625;0.7;0.109375;0.328125;0.703125;0.19921875;0.1171875;0.71875;0.84375;0.21875;0.8125;0.859375;0.21484375;0.7421875;0.796875;0.203125;0.34375;0.7890625;0.84375;0.2109375;0.828125;0.8515625;0.208984375;0.8359375;0.8515625;0.208984375;0.75390625;0.62890625;0.158203125;0.2216796875;0.64453125;0.59765625;0.1435546875;0.640625;0.55859375;0.134765625;0.625;0.546875;0.1279296875;0.6015625;0.5078125;0.1171875;0.58203125;0.484375;0.1142578125;0.39453125;0.123046875;0.03271484375;0.03857421875;0.154296875;0.095703125;0.02490234375;0.15234375;0.09765625;0.02490234375;0.7
10;10;67.78;0.109375;0.328125;0.703125;0.203125;0.11328125;0.71875;0.828125;0.21875;0.8125;0.875;0.21875;0.75;0.8046875;0.205078125;0.341796875;0.796875;0.8515625;0.21484375;0.8359375;0.859375;0.2109375;0.84375;0.859375;0.208984375;0.76171875;0.58984375;0.1484375;0.201171875;0.6015625;0.55859375;0.1328125;0.59375;0.515625;0.1220703125;0.578125;0.49609375;0.115234375;0.5546875;0.44921875;0.1025390625;0.5234375;0.4140625;0.09375;0.33984375;0.087890625;0.02392578125;0.0302734375;0.1171875;0.0546875;0.013671875;0.11328125;0.046875;0.01123046875;0.7;0.109375;0.34375;0.703125;0.203125;0.1171875;0.71875;0.84375;0.21875;0.8125;0.84375;0.21484375;0.734375;0.78125;0.197265625;0.33984375;0.7734375;0.8203125;0.20703125;0.8125;0.8203125;0.19921875;0.8046875;0.7890625;0.193359375;0.71484375;0.55078125;0.1396484375;0.20703125;0.55859375;0.4765625;0.1064453125;0.5078125;0.34765625;0.076171875;0.45703125;0.30859375;0.0625;0.37890625;0.20703125;0.0400390625;0.3046875;0.12890625;0.0263671875;0.197265625;0.013671875;0.00439453125;0.015625;0.037109375;0.0;0.0;0.017578125;0.0;0.0;0.7
11;11;70.51;0.109375;0.34375;0.71875;0.203125;0.12109375;0.71875;0.828125;0.21875;0.8125;0.859375;0.21875;0.75;0.796875;0.205078125;0.33984375;0.796875;0.8515625;0.21484375;0.8359375;0.875;0.21484375;0.8515625;0.875;0.216796875;0.76953125;0.609375;0.154296875;0.203125;0.62109375;0.58984375;0.142578125;0.625;0.55859375;0.1376953125;0.61328125;0.54296875;0.1298828125;0.59375;0.515625;0.1220703125;0.56640625;0.4765625;0.11328125;0.37109375;0.109375;0.0283203125;0.0322265625;0.125;0.064453125;0.01513671875;0.119140625;0.052734375;0.01171875;0.7;0.109375;0.34375;0.703125;0.203125;0.1171875;0.71875;0.84375;0.21875;0.8125;0.84375;0.21875;0.734375;0.7890625;0.201171875;0.341796875;0.78125;0.84375;0.212890625;0.828125;0.859375;0.2109375;0.8359375;0.84375;0.20703125;0.75;0.609375;0.154296875;0.220703125;0.6171875;0.546875;0.1259765625;0.578125;0.4453125;0.1005859375;0.5390625;0.40625;0.0859375;0.47265625;0.3203125;0.0654296875;0.41015625;0.2265625;0.0478515625;0.271484375;0.033203125;0.01025390625;0.02490234375;0.0703125;0.00390625;0.00048828125;0.044921875;0.001953125;0.0;0.7
12;12;71.12;0.109375;0.328125;0.703125;0.203125;0.1171875;0.71875;0.828125;0.21875;0.8125;0.859375;0.21875;0.7421875;0.796875;0.20703125;0.33984375;0.796875;0.8515625;0.212890625;0.8359375;0.859375;0.2109375;0.84375;0.859375;0.2109375;0.76171875;0.6015625;0.15234375;0.2001953125;0.61328125;0.57421875;0.138671875;0.60546875;0.53515625;0.12890625;0.58984375;0.51953125;0.1220703125;0.5703125;0.48046875;0.111328125;0.54296875;0.4453125;0.103515625;0.357421875;0.1015625;0.0263671875;0.03125;0.12109375;0.056640625;0.01318359375;0.115234375;0.048828125;0.0107421875;0.7;0.109375;0.34375;0.71875;0.203125;0.12109375;0.734375;0.84375;0.21875;0.8125;0.859375;0.21875;0.7421875;0.7890625;0.201171875;0.34375;0.78125;0.8359375;0.2109375;0.8203125;0.8359375;0.205078125;0.8203125;0.8125;0.19921875;0.734375;0.5859375;0.1484375;0.212890625;0.5859375;0.51171875;0.1181640625;0.54296875;0.3984375;0.087890625;0.4921875;0.34765625;0.0712890625;0.41796875;0.25;0.0478515625;0.34765625;0.16015625;0.0322265625;0.22265625;0.017578125;0.00537109375;0.01806640625;0.037109375;0.0;0.0;0.017578125;0.0;0.0;0.7
13;13;72.19;0.109375;0.34375;0.71875;0.203125;0.12109375;0.734375;0.84375;0.21875;0.8125;0.875;0.21875;0.75;0.8046875;0.20703125;0.34375;0.796875;0.859375;0.216796875;0.84375;0.875;0.21484375;0.8515625;0.875;0.216796875;0.76953125;0.60546875;0.1552734375;0.2041015625;0.6171875;0.57421875;0.1396484375;0.6171875;0.5390625;0.1298828125;0.6015625;0.51953125;0.1220703125;0.57421875;0.48828125;0.1123046875;0.55078125;0.4453125;0.1025390625;0.35546875;0.09765625;0.0263671875;0.03076171875;0.119140625;0.056640625;0.013671875;0.115234375;0.048828125;0.0107421875;0.7;0.109375;0.34375;0.71875;0.203125;0.12109375;0.734375;0.84375;0.21875;0.8125;0.859375;0.21875;0.7421875;0.796875;0.203125;0.34375;0.7890625;0.8515625;0.212890625;0.828125;0.859375;0.2109375;0.84375;0.8515625;0.208984375;0.75390625;0.609375;0.154296875;0.2216796875;0.61328125;0.53515625;0.123046875;0.57421875;0.4296875;0.0947265625;0.51953125;0.375;0.076171875;0.44140625;0.2734375;0.052734375;0.3671875;0.17578125;0.0361328125;0.236328125;0.01953125;0.005859375;0.0185546875;0.0390625;0.0;0.0;0.017578125;0.0;0.0;0.7
14;14;73.74;0.109375;0.34375;0.71875;0.20703125;0.12109375;0.734375;0.828125;0.21875;0.8125;0.875;0.21875;0.75;0.8046875;0.20703125;0.341796875;0.796875;0.859375;0.21484375;0.84375;0.8671875;0.21484375;0.8515625;0.875;0.216796875;0.76953125;0.61328125;0.15625;0.205078125;0.625;0.58203125;0.140625;0.625;0.546875;0.1298828125;0.6015625;0.5234375;0.1201171875;0.578125;0.484375;0.111328125;0.55078125;0.4375;0.1005859375;0.35546875;0.095703125;0.02587890625;0.03125;0.119140625;0.05078125;0.01123046875;0.11328125;0.044921875;0.00927734375;0.7;0.109375;0.34375;0.734375;0.203125;0.12109375;0.734375;0.84375;0.21875;0.8125;0.859375;0.21875;0.7421875;0.8046875;0.205078125;0.345703125;0.7890625;0.8515625;0.212890625;0.8359375;0.859375;0.212890625;0.84375;0.8671875;0.212890625;0.765625;0.64453125;0.1630859375;0.228515625;0.6484375;0.59765625;0.1416015625;0.6328125;0.52734375;0.12109375;0.6015625;0.48828125;0.10546875;0.5546875;0.41796875;0.08984375;0.50390625;0.33984375;0.0712890625;0.3359375;0.0625;0.0185546875;0.0302734375;0.099609375;0.009765625;0.001953125;0.078125;0.005859375;0.00048828125;0.8
15;15;73.79;0.109375;0.34375;0.71875;0.203125;0.1171875;0.71875;0.828125;0.21875;0.8125;0.859375;0.21875;0.75;0.796875;0.20703125;0.33984375;0.796875;0.859375;0.21484375;0.8359375;0.8671875;0.21484375;0.8515625;0.875;0.216796875;0.76953125;0.6171875;0.15625;0.2041015625;0.625;0.58984375;0.1435546875;0.625;0.55078125;0.1318359375;0.59765625;0.51953125;0.1201171875;0.578125;0.48828125;0.111328125;0.5546875;0.4375;0.099609375;0.357421875;0.095703125;0.025390625;0.03076171875;0.1171875;0.046875;0.0107421875;0.111328125;0.0390625;0.00830078125;0.7;0.125;0.34375;0.71875;0.203125;0.12109375;0.734375;0.84375;0.21875;0.8125;0.859375;0.21875;0.7421875;0.796875;0.205078125;0.345703125;0.7890625;0.8515625;0.21484375;0.8359375;0.875;0.21484375;0.8515625;0.875;0.216796875;0.77734375;0.671875;0.1708984375;0.23046875;0.6796875;0.6484375;0.1591796875;0.6875;0.62890625;0.15234375;0.671875;0.6015625;0.142578125;0.66015625;0.5859375;0.1376953125;0.64453125;0.55859375;0.1337890625;0.439453125;0.150390625;0.03955078125;0.04150390625;0.166015625;0.1328125;0.03515625;0.166015625;0.138671875;0.03564453125;0.7
16;16;74.16;0.109375;0.34375;0.71875;0.203125;0.12109375;0.734375;0.84375;0.21875;0.8125;0.875;0.21875;0.7421875;0.8046875;0.20703125;0.341796875;0.796875;0.8515625;0.21484375;0.8359375;0.8671875;0.21484375;0.84375;0.859375;0.212890625;0.765625;0.60546875;0.1552734375;0.203125;0.6171875;0.578125;0.138671875;0.609375;0.5234375;0.1240234375;0.58984375;0.50390625;0.115234375;0.56640625;0.4609375;0.1044921875;0.53125;0.40625;0.0927734375;0.34765625;0.09375;0.025390625;0.0302734375;0.1171875;0.048828125;0.01220703125;0.111328125;0.044921875;0.01025390625;0.7;0.125;0.359375;0.734375;0.203125;0.12109375;0.734375;0.84375;0.21875;0.8125;0.859375;0.21875;0.75;0.8046875;0.205078125;0.345703125;0.7890625;0.8515625;0.212890625;0.8359375;0.859375;0.2109375;0.84375;0.8515625;0.208984375;0.76171875;0.63671875;0.162109375;0.2265625;0.64453125;0.5859375;0.138671875;0.62109375;0.4921875;0.1123046875;0.578125;0.44921875;0.095703125;0.5234375;0.3671875;0.0751953125;0.4609375;0.27734375;0.05859375;0.310546875;0.046875;0.0146484375;0.02734375;0.08203125;0.005859375;0.0009765625;0.0546875;0.001953125;0.0;0.8
17;17;74.95;0.109375;0.359375;0.734375;0.20703125;0.125;0.734375;0.84375;0.21875;0.8125;0.875;0.21875;0.75;0.8046875;0.20703125;0.345703125;0.796875;0.859375;0.21484375;0.84375;0.8671875;0.21484375;0.8515625;0.875;0.216796875;0.7734375;0.62109375;0.1572265625;0.2060546875;0.6328125;0.59375;0.1435546875;0.625;0.54296875;0.12890625;0.6015625;0.5078125;0.1171875;0.57421875;0.4765625;0.107421875;0.546875;0.421875;0.095703125;0.35546875;0.091796875;0.02490234375;0.03076171875;0.1171875;0.044921875;0.01025390625;0.11328125;0.041015625;0.0087890625;0.7;0.125;0.34375;0.734375;0.203125;0.12109375;0.734375;0.84375;0.21875;0.8125;0.859375;0.21875;0.7421875;0.796875;0.205078125;0.345703125;0.78125;0.8515625;0.21484375;0.828125;0.8671875;0.21484375;0.84375;0.8671875;0.21484375;0.76953125;0.65234375;0.1669921875;0.228515625;0.6640625;0.62109375;0.1494140625;0.65234375;0.55078125;0.12890625;0.62109375;0.51171875;0.11328125;0.58203125;0.45703125;0.0986328125;0.54296875;0.3828125;0.0830078125;0.365234375;0.083984375;0.0234375;0.03369140625;0.119140625;0.01953125;0.00439453125;0.103515625;0.013671875;0.0029296875;0.7
18;18;75.2;0.109375;0.34375;0.734375;0.20703125;0.12109375;0.734375;0.84375;0.21875;0.8125;0.859375;0.21875;0.75;0.8046875;0.20703125;0.34375;0.7890625;0.8515625;0.21484375;0.8359375;0.8671875;0.21484375;0.8515625;0.8671875;0.21484375;0.76953125;0.60546875;0.1552734375;0.2041015625;0.625;0.58984375;0.1416015625;0.62109375;0.5390625;0.126953125;0.59765625;0.51171875;0.1181640625;0.57421875;0.46875;0.1064453125;0.54296875;0.421875;0.095703125;0.35546875;0.09375;0.025390625;0.0302734375;0.115234375;0.044921875;0.01025390625;0.111328125;0.041015625;0.0087890625;0.7;0.125;0.359375;0.71875;0.203125;0.125;0.734375;0.84375;0.21875;0.8125;0.859375;0.21875;0.7421875;0.796875;0.205078125;0.34375;0.78125;0.84375;0.212890625;0.828125;0.8515625;0.2109375;0.8359375;0.8515625;0.208984375;0.7578125;0.64453125;0.1640625;0.2255859375;0.65625;0.609375;0.1455078125;0.63671875;0.51953125;0.1201171875;0.6015625;0.4765625;0.1044921875;0.5546875;0.41015625;0.0849609375;0.50390625;0.32421875;0.068359375;0.3359375;0.0625;0.01806640625;0.0302734375;0.095703125;0.009765625;0.001953125;0.072265625;0.00390625;0.00048828125;0.8
19;19;75.87;0.125;0.359375;0.734375;0.20703125;0.125;0.734375;0.84375;0.21875;0.8125;0.875;0.21875;0.75;0.8046875;0.20703125;0.341796875;0.7890625;0.8515625;0.216796875;0.8359375;0.8671875;0.21484375;0.84375;0.8671875;0.212890625;0.765625;0.6015625;0.154296875;0.203125;0.6171875;0.57421875;0.1376953125;0.61328125;0.5234375;0.123046875;0.5859375;0.49609375;0.11328125;0.5625;0.4609375;0.103515625;0.53125;0.40625;0.0908203125;0.345703125;0.08984375;0.02490234375;0.02978515625;0.1171875;0.048828125;0.01123046875;0.111328125;0.04296875;0.00927734375;0.7;0.125;0.359375;0.71875;0.203125;0.125;0.734375;0.84375;0.21875;0.8125;0.859375;0.21875;0.7421875;0.796875;0.205078125;0.345703125;0.78125;0.8515625;0.21484375;0.828125;0.859375;0.2109375;0.84375;0.859375;0.212890625;0.76171875;0.6484375;0.1650390625;0.2275390625;0.65625;0.6015625;0.1435546875;0.63671875;0.515625;0.1181640625;0.6015625;0.47265625;0.1015625;0.546875;0.3984375;0.0849609375;0.49609375;0.3203125;0.0673828125;0.333984375;0.0625;0.01806640625;0.0302734375;0.099609375;0.009765625;0.00146484375;0.076171875;0.005859375;0.00048828125;0.8
20;20;75.58;0.125;0.34375;0.734375;0.20703125;0.12109375;0.734375;0.828125;0.21875;0.8125;0.859375;0.21875;0.75;0.8046875;0.208984375;0.341796875;0.7890625;0.8515625;0.216796875;0.84375;0.875;0.216796875;0.8515625;0.875;0.21484375;0.76953125;0.61328125;0.15625;0.205078125;0.625;0.5859375;0.1435546875;0.62890625;0.546875;0.1298828125;0.60546875;0.515625;0.1201171875;0.58203125;0.48046875;0.109375;0.55078125;0.4296875;0.0966796875;0.357421875;0.09765625;0.0263671875;0.03076171875;0.1171875;0.05078125;0.01171875;0.11328125;0.044921875;0.009765625;0.7;0.125;0.359375;0.734375;0.20703125;0.125;0.734375;0.84375;0.21875;0.8125;0.859375;0.21875;0.7421875;0.796875;0.205078125;0.34765625;0.78125;0.84375;0.21484375;0.828125;0.859375;0.212890625;0.84375;0.84375;0.208984375;0.76171875;0.6328125;0.1611328125;0.2255859375;0.63671875;0.57421875;0.134765625;0.6015625;0.453125;0.1005859375;0.55078125;0.40234375;0.0810546875;0.48046875;0.3046875;0.0595703125;0.4140625;0.2109375;0.041015625;0.275390625;0.033203125;0.0107421875;0.02294921875;0.06640625;0.001953125;0.0;0.037109375;0.0;0.0;0.7
21;21;75.84;0.109375;0.34375;0.734375;0.20703125;0.125;0.734375;0.84375;0.21875;0.8125;0.859375;0.21875;0.75;0.796875;0.205078125;0.34375;0.78125;0.84375;0.21484375;0.8359375;0.859375;0.212890625;0.84375;0.859375;0.2109375;0.76171875;0.60546875;0.15625;0.2021484375;0.62109375;0.578125;0.1396484375;0.6171875;0.52734375;0.1240234375;0.59765625;0.5078125;0.1171875;0.57421875;0.46484375;0.1044921875;0.54296875;0.41015625;0.0927734375;0.349609375;0.095703125;0.02587890625;0.0302734375;0.119140625;0.048828125;0.01123046875;0.11328125;0.04296875;0.00927734375;0.8;0.125;0.359375;0.75;0.20703125;0.125;0.734375;0.84375;0.21875;0.8125;0.859375;0.21875;0.7421875;0.796875;0.205078125;0.34765625;0.78125;0.84375;0.212890625;0.8203125;0.8515625;0.2109375;0.8359375;0.8359375;0.20703125;0.75390625;0.625;0.1591796875;0.2236328125;0.62890625;0.55859375;0.1279296875;0.578125;0.41796875;0.08984375;0.5234375;0.36328125;0.072265625;0.4375;0.24609375;0.044921875;0.3671875;0.15625;0.029296875;0.2421875;0.025390625;0.00732421875;0.01904296875;0.046875;0.0;0.0;0.0234375;0.0;0.0;0.8
22;22;77.04;0.125;0.359375;0.75;0.20703125;0.12109375;0.734375;0.84375;0.21875;0.8125;0.859375;0.21875;0.75;0.8046875;0.20703125;0.341796875;0.7890625;0.8515625;0.216796875;0.8359375;0.8671875;0.21484375;0.8515625;0.8671875;0.212890625;0.765625;0.6015625;0.15234375;0.2021484375;0.61328125;0.5703125;0.13671875;0.60546875;0.51171875;0.1181640625;0.5859375;0.48828125;0.1103515625;0.5546875;0.4453125;0.0986328125;0.52734375;0.390625;0.0869140625;0.341796875;0.08984375;0.02490234375;0.029296875;0.1171875;0.048828125;0.01123046875;0.111328125;0.044921875;0.009765625;0.7;0.125;0.359375;0.75;0.20703125;0.125;0.75;0.84375;0.21875;0.8125;0.859375;0.21875;0.75;0.8046875;0.20703125;0.34765625;0.78125;0.8515625;0.21484375;0.828125;0.8671875;0.21484375;0.84375;0.859375;0.212890625;0.765625;0.6484375;0.1650390625;0.228515625;0.65625;0.61328125;0.1474609375;0.6484375;0.5390625;0.125;0.625;0.515625;0.115234375;0.5859375;0.453125;0.0986328125;0.546875;0.390625;0.0859375;0.369140625;0.09375;0.02685546875;0.0341796875;0.130859375;0.033203125;0.0068359375;0.115234375;0.025390625;0.00439453125;0.7
23;23;77.14;0.125;0.359375;0.734375;0.20703125;0.125;0.734375;0.828125;0.21875;0.8125;0.859375;0.21875;0.7421875;0.796875;0.20703125;0.33984375;0.78125;0.8515625;0.216796875;0.8359375;0.859375;0.21484375;0.84375;0.8671875;0.21484375;0.765625;0.609375;0.15625;0.2021484375;0.625;0.59375;0.1455078125;0.6328125;0.5546875;0.1337890625;0.61328125;0.5390625;0.1259765625;0.59375;0.50390625;0.1171875;0.57421875;0.46484375;0.107421875;0.369140625;0.109375;0.029296875;0.03173828125;0.125;0.06640625;0.01611328125;0.119140625;0.056640625;0.0126953125;0.7;0.125;0.359375;0.75;0.20703125;0.125;0.75;0.84375;0.21875;0.8125;0.859375;0.21875;0.7421875;0.796875;0.20703125;0.345703125;0.78125;0.84375;0.21484375;0.828125;0.859375;0.212890625;0.84375;0.8515625;0.2109375;0.76171875;0.63671875;0.1630859375;0.2255859375;0.6484375;0.59375;0.140625;0.62109375;0.48828125;0.1103515625;0.58203125;0.44921875;0.0947265625;0.51953125;0.35546875;0.0712890625;0.4609375;0.26953125;0.0546875;0.306640625;0.05078125;0.01513671875;0.02685546875;0.083984375;0.00390625;0.00048828125;0.05078125;0.0;0.0;0.8
24;24;77.52;0.109375;0.34375;0.734375;0.20703125;0.12109375;0.734375;0.84375;0.21875;0.8125;0.875;0.21875;0.75;0.8046875;0.208984375;0.34375;0.7890625;0.8515625;0.216796875;0.8359375;0.8671875;0.21484375;0.8515625;0.8671875;0.21484375;0.76953125;0.609375;0.1572265625;0.2041015625;0.625;0.578125;0.1396484375;0.61328125;0.51953125;0.1201171875;0.59375;0.49609375;0.111328125;0.5625;0.44921875;0.0986328125;0.53125;0.39453125;0.0869140625;0.345703125;0.08984375;0.025390625;0.02978515625;0.1171875;0.048828125;0.0107421875;0.111328125;0.04296875;0.00927734375;0.7;0.125;0.359375;0.734375;0.20703125;0.125;0.734375;0.84375;0.21875;0.8125;0.859375;0.21875;0.7421875;0.7890625;0.205078125;0.345703125;0.78125;0.84375;0.21484375;0.828125;0.859375;0.212890625;0.84375;0.8515625;0.2109375;0.76171875;0.640625;0.1630859375;0.2265625;0.6484375;0.59765625;0.1416015625;0.625;0.49609375;0.1142578125;0.59375;0.46875;0.1005859375;0.54296875;0.39453125;0.08203125;0.49609375;0.3125;0.064453125;0.333984375;0.0703125;0.02099609375;0.0302734375;0.107421875;0.013671875;0.00244140625;0.083984375;0.0078125;0.0009765625;0.7
25;25;77.89;0.125;0.359375;0.734375;0.20703125;0.125;0.734375;0.828125;0.21875;0.8125;0.859375;0.21875;0.75;0.8046875;0.208984375;0.341796875;0.7890625;0.8515625;0.216796875;0.8359375;0.8671875;0.21484375;0.8515625;0.8671875;0.21484375;0.76953125;0.609375;0.1552734375;0.203125;0.62109375;0.5859375;0.1416015625;0.6171875;0.53125;0.1240234375;0.59765625;0.50390625;0.1142578125;0.5703125;0.4609375;0.1015625;0.5390625;0.3984375;0.0888671875;0.34765625;0.095703125;0.02587890625;0.0302734375;0.1171875;0.05078125;0.01171875;0.111328125;0.044921875;0.01025390625;0.7;0.125;0.359375;0.75;0.20703125;0.12890625;0.734375;0.84375;0.21875;0.8125;0.859375;0.21875;0.75;0.796875;0.20703125;0.345703125;0.78125;0.8515625;0.21484375;0.828125;0.859375;0.212890625;0.84375;0.859375;0.212890625;0.765625;0.6484375;0.1669921875;0.2275390625;0.66015625;0.62109375;0.1484375;0.6484375;0.53515625;0.123046875;0.6171875;0.49609375;0.1083984375;0.57421875;0.4296875;0.0908203125;0.52734375;0.3515625;0.0732421875;0.35546875;0.08203125;0.0234375;0.0322265625;0.115234375;0.01953125;0.00341796875;0.09375;0.009765625;0.00146484375;0.8
26;26;77.84;0.125;0.359375;0.734375;0.20703125;0.125;0.734375;0.828125;0.21875;0.8125;0.859375;0.21875;0.75;0.8046875;0.208984375;0.34375;0.7890625;0.859375;0.216796875;0.8359375;0.8671875;0.21484375;0.8515625;0.875;0.216796875;0.7734375;0.61328125;0.158203125;0.205078125;0.6328125;0.60546875;0.1474609375;0.640625;0.56640625;0.13671875;0.62109375;0.54296875;0.126953125;0.6015625;0.50390625;0.1142578125;0.578125;0.4609375;0.1064453125;0.373046875;0.111328125;0.029296875;0.0322265625;0.125;0.0625;0.01513671875;0.119140625;0.056640625;0.0126953125;0.7;0.125;0.359375;0.75;0.20703125;0.12890625;0.75;0.84375;0.21875;0.8125;0.859375;0.21875;0.75;0.796875;0.20703125;0.34765625;0.78125;0.8515625;0.21484375;0.828125;0.859375;0.212890625;0.8515625;0.859375;0.212890625;0.765625;0.64453125;0.166015625;0.228515625;0.65625;0.61328125;0.1455078125;0.640625;0.515625;0.1171875;0.6015625;0.47265625;0.099609375;0.54296875;0.375;0.076171875;0.48828125;0.30078125;0.0615234375;0.330078125;0.06640625;0.01904296875;0.02978515625;0.09765625;0.0078125;0.0009765625;0.0703125;0.00390625;0.00048828125;0.8
27;27;77.99;0.125;0.359375;0.75;0.20703125;0.12890625;0.734375;0.828125;0.21875;0.8125;0.859375;0.21875;0.75;0.8046875;0.20703125;0.34375;0.7890625;0.859375;0.216796875;0.8359375;0.8671875;0.216796875;0.8515625;0.8828125;0.21875;0.7734375;0.62109375;0.16015625;0.205078125;0.63671875;0.61328125;0.150390625;0.64453125;0.57421875;0.1376953125;0.62890625;0.5390625;0.1240234375;0.6015625;0.4921875;0.111328125;0.5703125;0.4453125;0.1005859375;0.369140625;0.10546875;0.02783203125;0.03173828125;0.123046875;0.056640625;0.013671875;0.1171875;0.052734375;0.01123046875;0.7;0.125;0.359375;0.75;0.20703125;0.12890625;0.734375;0.84375;0.21875;0.8125;0.84375;0.21875;0.7421875;0.7890625;0.20703125;0.345703125;0.7734375;0.8515625;0.21484375;0.828125;0.859375;0.212890625;0.84375;0.859375;0.212890625;0.765625;0.6484375;0.1669921875;0.228515625;0.66015625;0.62109375;0.1484375;0.6484375;0.52734375;0.119140625;0.60546875;0.46875;0.09765625;0.54296875;0.3671875;0.0732421875;0.4765625;0.2734375;0.0537109375;0.318359375;0.056640625;0.01611328125;0.0283203125;0.08203125;0.00390625;0.0;0.05078125;0.0;0.0;0.8
28;28;78.54;0.125;0.359375;0.734375;0.20703125;0.12890625;0.734375;0.828125;0.21875;0.8125;0.859375;0.21875;0.7421875;0.796875;0.20703125;0.341796875;0.78125;0.8515625;0.21484375;0.8359375;0.8671875;0.21484375;0.8515625;0.875;0.21875;0.76953125;0.609375;0.158203125;0.203125;0.62890625;0.59375;0.146484375;0.63671875;0.5625;0.1357421875;0.62109375;0.53125;0.123046875;0.59375;0.48828125;0.1103515625;0.56640625;0.44140625;0.1005859375;0.365234375;0.103515625;0.02783203125;0.03173828125;0.12109375;0.056640625;0.01318359375;0.115234375;0.05078125;0.01123046875;0.7;0.125;0.359375;0.734375;0.20703125;0.12890625;0.734375;0.84375;0.21875;0.8125;0.84375;0.21875;0.7421875;0.7890625;0.205078125;0.34375;0.7734375;0.8515625;0.21484375;0.828125;0.859375;0.212890625;0.84375;0.8671875;0.21484375;0.765625;0.65234375;0.16796875;0.228515625;0.66796875;0.6328125;0.1533203125;0.66796875;0.5703125;0.1337890625;0.640625;0.52734375;0.1162109375;0.59765625;0.4609375;0.0986328125;0.5546875;0.38671875;0.0830078125;0.375;0.095703125;0.02587890625;0.03466796875;0.123046875;0.0234375;0.00439453125;0.103515625;0.013671875;0.00244140625;0.8
29;29;79.24;0.109375;0.34375;0.734375;0.20703125;0.12109375;0.734375;0.84375;0.21875;0.8125;0.859375;0.21875;0.75;0.796875;0.208984375;0.341796875;0.7890625;0.8515625;0.216796875;0.8359375;0.8671875;0.21484375;0.8515625;0.875;0.216796875;0.7734375;0.62109375;0.16015625;0.205078125;0.6328125;0.609375;0.1474609375;0.640625;0.5703125;0.13671875;0.625;0.5390625;0.125;0.60546875;0.5;0.115234375;0.578125;0.453125;0.1044921875;0.375;0.111328125;0.02978515625;0.0322265625;0.126953125;0.072265625;0.01806640625;0.123046875;0.0625;0.0146484375;0.8;0.125;0.359375;0.75;0.20703125;0.12890625;0.75;0.84375;0.21875;0.8125;0.859375;0.21875;0.7421875;0.796875;0.20703125;0.34765625;0.78125;0.8515625;0.21484375;0.828125;0.8671875;0.21484375;0.8515625;0.8671875;0.21484375;0.76953125;0.66015625;0.169921875;0.2294921875;0.671875;0.640625;0.1552734375;0.671875;0.57421875;0.13671875;0.6484375;0.5390625;0.12109375;0.61328125;0.48046875;0.1044921875;0.57421875;0.4140625;0.08984375;0.38671875;0.107421875;0.029296875;0.0361328125;0.134765625;0.0390625;0.0087890625;0.12109375;0.02734375;0.00537109375;0.8
30;30;78.86;0.125;0.359375;0.75;0.20703125;0.12890625;0.75;0.84375;0.21875;0.8125;0.859375;0.21875;0.75;0.8046875;0.208984375;0.345703125;0.7890625;0.8515625;0.216796875;0.8359375;0.8671875;0.21484375;0.8515625;0.875;0.216796875;0.7734375;0.625;0.1611328125;0.2060546875;0.640625;0.61328125;0.1513671875;0.6484375;0.58203125;0.1416015625;0.63671875;0.5625;0.1318359375;0.6171875;0.52734375;0.1220703125;0.59375;0.48046875;0.111328125;0.380859375;0.111328125;0.02978515625;0.033203125;0.126953125;0.068359375;0.0166015625;0.12109375;0.060546875;0.013671875;0.8;0.125;0.359375;0.75;0.20703125;0.12890625;0.75;0.84375;0.21875;0.8125;0.84375;0.21875;0.7421875;0.796875;0.20703125;0.345703125;0.7734375;0.84375;0.21484375;0.828125;0.859375;0.212890625;0.8515625;0.8671875;0.21484375;0.76953125;0.66015625;0.1708984375;0.228515625;0.671875;0.640625;0.15625;0.66796875;0.57421875;0.134765625;0.6484375;0.54296875;0.1201171875;0.609375;0.46875;0.1015625;0.5625;0.39453125;0.0849609375;0.380859375;0.09765625;0.02685546875;0.03564453125;0.126953125;0.02734375;0.005859375;0.109375;0.017578125;0.0029296875;0.8
31;31;79.19;0.125;0.359375;0.75;0.2109375;0.12890625;0.75;0.84375;0.21875;0.8125;0.859375;0.21875;0.75;0.8046875;0.208984375;0.345703125;0.7890625;0.8515625;0.216796875;0.8359375;0.8671875;0.216796875;0.8515625;0.875;0.21875;0.7734375;0.6171875;0.16015625;0.205078125;0.63671875;0.6171875;0.1533203125;0.65234375;0.5859375;0.142578125;0.640625;0.5625;0.1337890625;0.62109375;0.51953125;0.1201171875;0.59375;0.48046875;0.1103515625;0.3828125;0.115234375;0.0302734375;0.033203125;0.12890625;0.076171875;0.01904296875;0.125;0.06640625;0.015625;0.7;0.125;0.375;0.75;0.20703125;0.12890625;0.75;0.84375;0.21875;0.8125;0.84375;0.21875;0.7421875;0.796875;0.20703125;0.345703125;0.7734375;0.84375;0.21484375;0.828125;0.859375;0.212890625;0.84375;0.859375;0.212890625;0.765625;0.64453125;0.166015625;0.2265625;0.6484375;0.59765625;0.1416015625;0.62109375;0.47265625;0.103515625;0.5625;0.3984375;0.0771484375;0.46875;0.25390625;0.044921875;0.3828125;0.1484375;0.0263671875;0.24609375;0.02734375;0.00634765625;0.02099609375;0.0390625;0.0;0.0;0.01171875;0.0;0.0;0.7
32;32;79.25;0.140625;0.375;0.75;0.20703125;0.1328125;0.75;0.828125;0.21875;0.8125;0.859375;0.21875;0.75;0.796875;0.208984375;0.34375;0.7890625;0.8515625;0.216796875;0.8359375;0.8671875;0.21484375;0.8515625;0.875;0.216796875;0.76953125;0.6171875;0.1611328125;0.2060546875;0.63671875;0.61328125;0.1513671875;0.6484375;0.58203125;0.1416015625;0.63671875;0.5625;0.1337890625;0.6171875;0.5234375;0.12109375;0.59765625;0.484375;0.1123046875;0.380859375;0.11328125;0.02978515625;0.033203125;0.126953125;0.0703125;0.017578125;0.123046875;0.0625;0.0146484375;0.8;0.125;0.359375;0.75;0.20703125;0.12890625;0.75;0.84375;0.21875;0.8125;0.859375;0.21875;0.7421875;0.796875;0.208984375;0.345703125;0.7734375;0.8515625;0.216796875;0.828125;0.8671875;0.21484375;0.8515625;0.8671875;0.21484375;0.76953125;0.66015625;0.1708984375;0.23046875;0.671875;0.64453125;0.1572265625;0.6796875;0.59375;0.1396484375;0.66015625;0.56640625;0.12890625;0.62890625;0.5;0.111328125;0.59375;0.4453125;0.0986328125;0.40234375;0.11328125;0.03125;0.03759765625;0.140625;0.048828125;0.01123046875;0.126953125;0.033203125;0.0068359375;0.8
33;33;79.43;0.125;0.359375;0.75;0.20703125;0.125;0.734375;0.828125;0.21875;0.8125;0.859375;0.21875;0.75;0.8046875;0.208984375;0.34375;0.7890625;0.8515625;0.216796875;0.8359375;0.8671875;0.21484375;0.8515625;0.875;0.216796875;0.76953125;0.6171875;0.16015625;0.205078125;0.6328125;0.609375;0.1494140625;0.640625;0.56640625;0.13671875;0.62890625;0.546875;0.126953125;0.60546875;0.50390625;0.115234375;0.58203125;0.45703125;0.10546875;0.375;0.109375;0.029296875;0.0322265625;0.126953125;0.072265625;0.017578125;0.12109375;0.0625;0.0146484375;0.8;0.125;0.359375;0.75;0.20703125;0.12890625;0.75;0.84375;0.21875;0.8125;0.84375;0.21875;0.7421875;0.796875;0.20703125;0.345703125;0.7734375;0.8515625;0.216796875;0.828125;0.8671875;0.21484375;0.8515625;0.8671875;0.21484375;0.76953125;0.65625;0.169921875;0.2294921875;0.66796875;0.62890625;0.15234375;0.66015625;0.5546875;0.1279296875;0.62890625;0.50390625;0.109375;0.58203125;0.421875;0.0888671875;0.53515625;0.34375;0.072265625;0.359375;0.08203125;0.02294921875;0.033203125;0.115234375;0.017578125;0.00341796875;0.087890625;0.009765625;0.00146484375;0.8
34;34;79.81;0.125;0.359375;0.75;0.2109375;0.12890625;0.734375;0.828125;0.21875;0.8125;0.859375;0.21875;0.75;0.796875;0.208984375;0.34375;0.78125;0.8515625;0.216796875;0.8359375;0.8671875;0.216796875;0.8515625;0.8671875;0.21484375;0.76953125;0.62109375;0.1611328125;0.205078125;0.6328125;0.60546875;0.1484375;0.63671875;0.5546875;0.1318359375;0.62109375;0.53125;0.1220703125;0.59375;0.48046875;0.109375;0.57421875;0.44140625;0.0986328125;0.369140625;0.107421875;0.02880859375;0.03173828125;0.126953125;0.0703125;0.017578125;0.12109375;0.0625;0.0146484375;0.8;0.125;0.375;0.75;0.20703125;0.12890625;0.75;0.84375;0.21875;0.8125;0.84375;0.21875;0.7421875;0.796875;0.20703125;0.345703125;0.7734375;0.84375;0.21484375;0.828125;0.859375;0.21484375;0.84375;0.859375;0.212890625;0.765625;0.65234375;0.16796875;0.2275390625;0.65625;0.609375;0.1455078125;0.6328125;0.4921875;0.109375;0.578125;0.421875;0.083984375;0.5;0.296875;0.0556640625;0.41796875;0.1953125;0.0361328125;0.28125;0.041015625;0.01123046875;0.02490234375;0.06640625;0.0;0.0;0.029296875;0.0;0.0;0.8
35;35;79.35;0.125;0.359375;0.75;0.20703125;0.12890625;0.734375;0.84375;0.21875;0.8125;0.859375;0.21875;0.75;0.796875;0.208984375;0.341796875;0.7890625;0.8515625;0.216796875;0.8359375;0.8671875;0.216796875;0.8515625;0.875;0.21875;0.7734375;0.62109375;0.1611328125;0.205078125;0.63671875;0.6171875;0.15234375;0.6484375;0.58984375;0.1435546875;0.640625;0.56640625;0.134765625;0.625;0.53125;0.123046875;0.60546875;0.48828125;0.11328125;0.384765625;0.1171875;0.03076171875;0.033203125;0.12890625;0.07421875;0.01806640625;0.123046875;0.06640625;0.015625;0.8;0.125;0.375;0.75;0.20703125;0.12890625;0.75;0.84375;0.21875;0.8125;0.859375;0.21875;0.75;0.796875;0.208984375;0.345703125;0.7734375;0.8515625;0.216796875;0.828125;0.8671875;0.216796875;0.8515625;0.8671875;0.216796875;0.7734375;0.6640625;0.171875;0.23046875;0.67578125;0.6484375;0.158203125;0.6796875;0.59375;0.138671875;0.66015625;0.5625;0.1259765625;0.6328125;0.50390625;0.111328125;0.59375;0.4375;0.0966796875;0.404296875;0.1171875;0.03125;0.0380859375;0.140625;0.046875;0.0107421875;0.125;0.033203125;0.0068359375;0.8
36;36;79.51;0.125;0.359375;0.75;0.2109375;0.12890625;0.75;0.84375;0.21875;0.8125;0.859375;0.21875;0.75;0.8046875;0.2109375;0.34375;0.7890625;0.8515625;0.216796875;0.8359375;0.8671875;0.216796875;0.8515625;0.875;0.21875;0.7734375;0.625;0.162109375;0.2060546875;0.63671875;0.61328125;0.15234375;0.6484375;0.5859375;0.140625;0.63671875;0.55859375;0.1318359375;0.62109375;0.51953125;0.1201171875;0.59375;0.48046875;0.109375;0.3828125;0.115234375;0.0302734375;0.033203125;0.12890625;0.076171875;0.01904296875;0.123046875;0.06640625;0.015625;0.8;0.125;0.375;0.765625;0.2109375;0.12890625;0.75;0.84375;0.21875;0.8125;0.859375;0.21875;0.7421875;0.796875;0.208984375;0.345703125;0.7734375;0.8515625;0.216796875;0.828125;0.8671875;0.216796875;0.8515625;0.875;0.216796875;0.7734375;0.6640625;0.171875;0.2314453125;0.67578125;0.65234375;0.1591796875;0.6875;0.61328125;0.1455078125;0.66796875;0.58203125;0.1337890625;0.6484375;0.5234375;0.1171875;0.6171875;0.47265625;0.10546875;0.416015625;0.126953125;0.03369140625;0.0390625;0.1484375;0.0625;0.0146484375;0.13671875;0.046875;0.01025390625;0.8
37;37;79.62;0.125;0.359375;0.75;0.20703125;0.12890625;0.75;0.84375;0.21875;0.8125;0.859375;0.21875;0.75;0.796875;0.208984375;0.34375;0.78125;0.8515625;0.216796875;0.8359375;0.8671875;0.21484375;0.8515625;0.875;0.216796875;0.76953125;0.6171875;0.1611328125;0.2060546875;0.6328125;0.61328125;0.150390625;0.64453125;0.57421875;0.138671875;0.6328125;0.5546875;0.1298828125;0.61328125;0.515625;0.1181640625;0.59375;0.47265625;0.107421875;0.37890625;0.115234375;0.03076171875;0.03271484375;0.130859375;0.083984375;0.02099609375;0.126953125;0.076171875;0.0185546875;0.7;0.125;0.375;0.75;0.20703125;0.12890625;0.75;0.84375;0.21875;0.8125;0.84375;0.21875;0.7421875;0.796875;0.20703125;0.345703125;0.7734375;0.84375;0.21484375;0.828125;0.859375;0.212890625;0.84375;0.859375;0.21484375;0.765625;0.65625;0.169921875;0.228515625;0.6640625;0.62890625;0.1513671875;0.65625;0.5390625;0.1220703125;0.6171875;0.484375;0.1025390625;0.55859375;0.38671875;0.078125;0.49609375;0.2890625;0.056640625;0.33203125;0.0703125;0.0185546875;0.03076171875;0.09765625;0.0078125;0.00048828125;0.05859375;0.001953125;0.0;0.8
38;38;79.75;0.140625;0.375;0.75;0.20703125;0.1328125;0.734375;0.84375;0.21875;0.8125;0.859375;0.21875;0.75;0.8046875;0.2109375;0.345703125;0.7890625;0.8515625;0.216796875;0.8359375;0.8671875;0.216796875;0.8515625;0.875;0.216796875;0.7734375;0.625;0.162109375;0.20703125;0.640625;0.609375;0.150390625;0.6484375;0.578125;0.138671875;0.6328125;0.55859375;0.1298828125;0.61328125;0.51171875;0.1162109375;0.58984375;0.46484375;0.10546875;0.37890625;0.115234375;0.0302734375;0.03271484375;0.130859375;0.08203125;0.0205078125;0.126953125;0.07421875;0.0185546875;0.8;0.125;0.375;0.75;0.20703125;0.12890625;0.75;0.84375;0.21875;0.8125;0.84375;0.21875;0.7421875;0.796875;0.208984375;0.345703125;0.7734375;0.8515625;0.216796875;0.828125;0.8671875;0.21484375;0.84375;0.8671875;0.21484375;0.76953125;0.66015625;0.171875;0.2294921875;0.671875;0.6484375;0.1572265625;0.67578125;0.58984375;0.138671875;0.65234375;0.546875;0.12109375;0.6171875;0.46875;0.1005859375;0.5703125;0.3984375;0.083984375;0.384765625;0.103515625;0.02783203125;0.03662109375;0.12890625;0.02734375;0.00537109375;0.103515625;0.013671875;0.00244140625;0.8
39;39;80.36;0.140625;0.359375;0.75;0.20703125;0.12890625;0.75;0.84375;0.21875;0.8125;0.859375;0.21875;0.75;0.796875;0.208984375;0.341796875;0.78125;0.8515625;0.216796875;0.8359375;0.8671875;0.216796875;0.8515625;0.875;0.21875;0.76953125;0.625;0.1611328125;0.2041015625;0.63671875;0.62109375;0.154296875;0.65625;0.59765625;0.1455078125;0.6484375;0.578125;0.13671875;0.62890625;0.546875;0.1259765625;0.609375;0.5;0.115234375;0.392578125;0.119140625;0.03125;0.03369140625;0.130859375;0.0859375;0.021484375;0.126953125;0.078125;0.01953125;0.8;0.140625;0.375;0.75;0.20703125;0.12890625;0.75;0.84375;0.21875;0.8125;0.84375;0.21875;0.7421875;0.7890625;0.20703125;0.345703125;0.7734375;0.84375;0.21484375;0.828125;0.859375;0.21484375;0.84375;0.859375;0.21484375;0.765625;0.65234375;0.169921875;0.228515625;0.6640625;0.63671875;0.1533203125;0.6640625;0.55859375;0.12890625;0.62890625;0.51171875;0.1123046875;0.58984375;0.4375;0.0927734375;0.5390625;0.359375;0.0751953125;0.3671875;0.09375;0.025390625;0.03466796875;0.125;0.025390625;0.0048828125;0.1015625;0.013671875;0.00244140625;0.8
40;40;79.71;0.125;0.359375;0.75;0.20703125;0.12890625;0.75;0.828125;0.21875;0.8125;0.859375;0.21875;0.75;0.8046875;0.2109375;0.34375;0.7890625;0.8515625;0.216796875;0.8359375;0.8671875;0.216796875;0.8515625;0.875;0.21875;0.7734375;0.62109375;0.1611328125;0.205078125;0.63671875;0.62109375;0.154296875;0.65625;0.59765625;0.14453125;0.6484375;0.578125;0.138671875;0.6328125;0.546875;0.1279296875;0.6171875;0.51171875;0.119140625;0.39453125;0.123046875;0.0322265625;0.03369140625;0.134765625;0.095703125;0.02392578125;0.130859375;0.083984375;0.0205078125;0.8;0.140625;0.375;0.75;0.20703125;0.12890625;0.75;0.84375;0.21875;0.8125;0.859375;0.21875;0.7421875;0.796875;0.208984375;0.345703125;0.7734375;0.84375;0.21484375;0.828125;0.859375;0.212890625;0.84375;0.859375;0.212890625;0.765625;0.65625;0.169921875;0.228515625;0.6640625;0.62890625;0.1513671875;0.65234375;0.53125;0.119140625;0.609375;0.4609375;0.0947265625;0.53515625;0.34375;0.0673828125;0.4609375;0.23828125;0.044921875;0.30859375;0.056640625;0.0146484375;0.0283203125;0.080078125;0.001953125;0.0;0.037109375;0.0;0.0;0.8
41;41;80.05;0.125;0.359375;0.765625;0.2109375;0.12890625;0.75;0.84375;0.21875;0.8125;0.859375;0.21875;0.75;0.8046875;0.2109375;0.345703125;0.78125;0.8515625;0.216796875;0.828125;0.8671875;0.216796875;0.8515625;0.875;0.21875;0.7734375;0.62890625;0.1630859375;0.20703125;0.640625;0.625;0.15625;0.65625;0.60546875;0.1474609375;0.6484375;0.578125;0.1376953125;0.6328125;0.54296875;0.1259765625;0.61328125;0.5078125;0.1171875;0.392578125;0.12109375;0.03173828125;0.03369140625;0.1328125;0.08984375;0.02294921875;0.12890625;0.08203125;0.02099609375;0.8;0.140625;0.375;0.75;0.20703125;0.1328125;0.75;0.84375;0.21875;0.8125;0.84375;0.21875;0.7421875;0.7890625;0.208984375;0.34375;0.7734375;0.84375;0.21484375;0.828125;0.8671875;0.21484375;0.8515625;0.875;0.216796875;0.76953125;0.6640625;0.171875;0.23046875;0.6796875;0.65625;0.16015625;0.68359375;0.60546875;0.1416015625;0.6640625;0.55859375;0.1240234375;0.625;0.4765625;0.1025390625;0.57421875;0.40234375;0.0849609375;0.388671875;0.10546875;0.02783203125;0.0361328125;0.130859375;0.029296875;0.005859375;0.103515625;0.015625;0.00244140625;0.8
42;42;80.58;0.140625;0.375;0.75;0.2109375;0.1328125;0.75;0.828125;0.21875;0.8125;0.859375;0.21875;0.75;0.796875;0.208984375;0.34375;0.78125;0.8515625;0.216796875;0.828125;0.8671875;0.216796875;0.84375;0.875;0.21875;0.76953125;0.625;0.1630859375;0.205078125;0.63671875;0.62109375;0.1533203125;0.65625;0.6015625;0.146484375;0.6484375;0.58203125;0.138671875;0.6328125;0.546875;0.12890625;0.61328125;0.50390625;0.1171875;0.39453125;0.12109375;0.03173828125;0.03369140625;0.1328125;0.08984375;0.0224609375;0.12890625;0.080078125;0.01953125;0.8;0.140625;0.375;0.75;0.20703125;0.1328125;0.75;0.84375;0.21875;0.8125;0.84375;0.21875;0.7421875;0.796875;0.208984375;0.345703125;0.7734375;0.84375;0.216796875;0.828125;0.8671875;0.216796875;0.8515625;0.875;0.216796875;0.7734375;0.6640625;0.1728515625;0.23046875;0.67578125;0.65234375;0.1591796875;0.68359375;0.59765625;0.1396484375;0.6640625;0.55859375;0.125;0.62890625;0.484375;0.10546875;0.58203125;0.4140625;0.0888671875;0.39453125;0.115234375;0.0302734375;0.037109375;0.138671875;0.04296875;0.009765625;0.119140625;0.02734375;0.00537109375;0.8
43;43;80.69;0.125;0.359375;0.75;0.20703125;0.125;0.734375;0.828125;0.21875;0.8125;0.859375;0.21875;0.7421875;0.7890625;0.208984375;0.33984375;0.7734375;0.84375;0.216796875;0.828125;0.8671875;0.216796875;0.8515625;0.875;0.216796875;0.76953125;0.62109375;0.162109375;0.2041015625;0.63671875;0.61328125;0.15234375;0.6484375;0.578125;0.138671875;0.63671875;0.55859375;0.12890625;0.61328125;0.51171875;0.1162109375;0.58984375;0.46484375;0.10546875;0.380859375;0.11328125;0.0302734375;0.03271484375;0.12890625;0.080078125;0.0205078125;0.126953125;0.076171875;0.01904296875;0.8;0.140625;0.375;0.75;0.20703125;0.12890625;0.75;0.84375;0.21875;0.8125;0.84375;0.21875;0.7421875;0.7890625;0.20703125;0.34375;0.765625;0.84375;0.21484375;0.828125;0.8671875;0.21484375;0.84375;0.8671875;0.21484375;0.76953125;0.65625;0.1708984375;0.2294921875;0.671875;0.640625;0.154296875;0.66796875;0.55859375;0.1279296875;0.63671875;0.50390625;0.107421875;0.578125;0.40625;0.08203125;0.515625;0.3125;0.0615234375;0.34765625;0.080078125;0.021484375;0.03271484375;0.109375;0.01171875;0.001953125;0.078125;0.005859375;0.00048828125;0.8
44;44;80.55;0.125;0.359375;0.75;0.2109375;0.12890625;0.75;0.84375;0.21875;0.8125;0.859375;0.21875;0.75;0.8046875;0.2109375;0.34375;0.7890625;0.8515625;0.216796875;0.8359375;0.8671875;0.21875;0.8515625;0.875;0.21875;0.7734375;0.62890625;0.162109375;0.205078125;0.64453125;0.62890625;0.1572265625;0.6640625;0.609375;0.1484375;0.65625;0.58203125;0.1396484375;0.640625;0.55078125;0.12890625;0.62109375;0.5078125;0.1162109375;0.392578125;0.12109375;0.03173828125;0.03369140625;0.1328125;0.087890625;0.02197265625;0.12890625;0.08203125;0.0205078125;0.8;0.140625;0.375;0.75;0.20703125;0.12890625;0.75;0.84375;0.21875;0.8125;0.84375;0.21875;0.7421875;0.796875;0.208984375;0.34375;0.7734375;0.8515625;0.216796875;0.828125;0.8671875;0.216796875;0.8515625;0.8671875;0.216796875;0.7734375;0.66015625;0.171875;0.2294921875;0.671875;0.64453125;0.15625;0.671875;0.56640625;0.1298828125;0.64453125;0.51953125;0.1123046875;0.59375;0.4296875;0.0888671875;0.53515625;0.3359375;0.068359375;0.361328125;0.09375;0.02490234375;0.0341796875;0.12109375;0.021484375;0.00390625;0.09765625;0.01171875;0.001953125;0.8
45;45;80.48;0.125;0.359375;0.75;0.20703125;0.12890625;0.75;0.828125;0.21875;0.8125;0.859375;0.21875;0.75;0.796875;0.208984375;0.33984375;0.78125;0.84375;0.216796875;0.8359375;0.8671875;0.216796875;0.8515625;0.875;0.21875;0.76953125;0.62109375;0.162109375;0.205078125;0.640625;0.62890625;0.158203125;0.6640625;0.62109375;0.15234375;0.66015625;0.609375;0.1484375;0.65625;0.58984375;0.14453125;0.64453125;0.57421875;0.138671875;0.4140625;0.1328125;0.0341796875;0.03466796875;0.138671875;0.1171875;0.029296875;0.13671875;0.099609375;0.02490234375;0.8;0.140625;0.375;0.75;0.20703125;0.1328125;0.75;0.84375;0.21875;0.8125;0.84375;0.21875;0.7421875;0.796875;0.208984375;0.34375;0.7734375;0.84375;0.21484375;0.828125;0.8671875;0.21484375;0.84375;0.8671875;0.21484375;0.76953125;0.65625;0.1708984375;0.228515625;0.66796875;0.640625;0.154296875;0.6640625;0.55078125;0.1240234375;0.625;0.48828125;0.1015625;0.55859375;0.36328125;0.0693359375;0.47265625;0.23828125;0.04296875;0.314453125;0.060546875;0.01513671875;0.02978515625;0.083984375;0.001953125;0.0;0.0390625;0.0;0.0;0.8
46;46;80.92;0.140625;0.375;0.765625;0.2109375;0.1328125;0.75;0.84375;0.21875;0.8125;0.859375;0.21875;0.75;0.796875;0.208984375;0.34375;0.7734375;0.84375;0.216796875;0.8359375;0.8671875;0.216796875;0.8515625;0.875;0.21875;0.76953125;0.62109375;0.1611328125;0.20703125;0.63671875;0.625;0.154296875;0.65234375;0.58203125;0.138671875;0.640625;0.5546875;0.12890625;0.6171875;0.5078125;0.1162109375;0.58984375;0.46484375;0.1044921875;0.380859375;0.11328125;0.0302734375;0.03271484375;0.130859375;0.083984375;0.021484375;0.126953125;0.08203125;0.0205078125;0.8;0.140625;0.375;0.75;0.20703125;0.1328125;0.75;0.84375;0.21875;0.8125;0.84375;0.21875;0.7421875;0.7890625;0.20703125;0.34375;0.765625;0.84375;0.21484375;0.8203125;0.859375;0.21484375;0.84375;0.8671875;0.21484375;0.765625;0.65625;0.1708984375;0.228515625;0.671875;0.64453125;0.1572265625;0.67578125;0.56640625;0.12890625;0.640625;0.51171875;0.109375;0.58984375;0.421875;0.0869140625;0.52734375;0.32421875;0.064453125;0.35546875;0.0859375;0.02294921875;0.03369140625;0.1171875;0.017578125;0.0029296875;0.087890625;0.0078125;0.0009765625;0.8
47;47;80.69;0.140625;0.375;0.765625;0.2109375;0.1328125;0.75;0.84375;0.21875;0.8125;0.859375;0.21875;0.75;0.796875;0.208984375;0.34375;0.78125;0.8515625;0.216796875;0.8359375;0.8671875;0.216796875;0.8515625;0.875;0.21875;0.7734375;0.625;0.1630859375;0.2060546875;0.640625;0.62890625;0.15625;0.66015625;0.59765625;0.1455078125;0.65234375;0.5859375;0.138671875;0.63671875;0.546875;0.12890625;0.6171875;0.50390625;0.1171875;0.39453125;0.123046875;0.0322265625;0.03369140625;0.134765625;0.09765625;0.0244140625;0.130859375;0.087890625;0.02197265625;0.8;0.140625;0.375;0.75;0.20703125;0.1328125;0.75;0.84375;0.21875;0.8125;0.84375;0.21875;0.7421875;0.7890625;0.20703125;0.34375;0.765625;0.84375;0.21484375;0.8203125;0.859375;0.21484375;0.84375;0.859375;0.21484375;0.765625;0.66015625;0.171875;0.228515625;0.671875;0.64453125;0.158203125;0.67578125;0.57421875;0.1318359375;0.6484375;0.53125;0.1162109375;0.60546875;0.4453125;0.09375;0.55078125;0.35546875;0.072265625;0.37109375;0.09765625;0.0263671875;0.03564453125;0.126953125;0.0234375;0.00439453125;0.095703125;0.009765625;0.00146484375;0.8
48;48;80.27;0.125;0.359375;0.765625;0.2109375;0.12890625;0.734375;0.84375;0.21875;0.8125;0.859375;0.22265625;0.75;0.796875;0.208984375;0.341796875;0.78125;0.84375;0.216796875;0.8359375;0.8671875;0.216796875;0.8515625;0.875;0.21875;0.76953125;0.625;0.1630859375;0.205078125;0.63671875;0.6171875;0.1552734375;0.65625;0.59375;0.1435546875;0.6484375;0.57421875;0.1357421875;0.62890625;0.53515625;0.125;0.609375;0.49609375;0.11328125;0.390625;0.119140625;0.03125;0.03369140625;0.1328125;0.091796875;0.0234375;0.130859375;0.087890625;0.02197265625;0.8;0.140625;0.375;0.765625;0.20703125;0.1328125;0.75;0.84375;0.21875;0.8125;0.84375;0.21875;0.7421875;0.7890625;0.20703125;0.34375;0.765625;0.84375;0.21484375;0.8203125;0.859375;0.21484375;0.84375;0.8671875;0.21484375;0.765625;0.66015625;0.171875;0.228515625;0.671875;0.64453125;0.1572265625;0.6796875;0.58203125;0.134765625;0.65234375;0.54296875;0.119140625;0.609375;0.4609375;0.09765625;0.55859375;0.3671875;0.076171875;0.375;0.1015625;0.02685546875;0.0361328125;0.126953125;0.025390625;0.00439453125;0.095703125;0.01171875;0.001953125;0.8
49;49;80.82;0.125;0.359375;0.75;0.20703125;0.12890625;0.734375;0.828125;0.21875;0.8125;0.859375;0.21875;0.75;0.796875;0.208984375;0.33984375;0.7734375;0.84375;0.216796875;0.8359375;0.8671875;0.216796875;0.8515625;0.875;0.21875;0.76953125;0.62109375;0.1611328125;0.205078125;0.63671875;0.625;0.1552734375;0.66015625;0.6015625;0.146484375;0.65234375;0.5859375;0.1396484375;0.640625;0.546875;0.1279296875;0.6171875;0.50390625;0.1171875;0.396484375;0.123046875;0.03173828125;0.03369140625;0.134765625;0.09375;0.02392578125;0.130859375;0.08984375;0.0224609375;0.8;0.140625;0.375;0.75;0.2109375;0.1328125;0.75;0.84375;0.21875;0.8125;0.84375;0.21875;0.7421875;0.7890625;0.20703125;0.34375;0.765625;0.84375;0.21484375;0.8203125;0.859375;0.21484375;0.84375;0.8671875;0.21484375;0.76953125;0.65625;0.1708984375;0.2294921875;0.671875;0.6484375;0.1591796875;0.68359375;0.58984375;0.1376953125;0.66015625;0.5546875;0.1240234375;0.62109375;0.47265625;0.1005859375;0.56640625;0.37890625;0.080078125;0.3828125;0.107421875;0.02783203125;0.03662109375;0.130859375;0.02734375;0.00537109375;0.103515625;0.013671875;0.00244140625;0.8
50;50;81.04;0.140625;0.359375;0.765625;0.2109375;0.12890625;0.75;0.84375;0.21875;0.8125;0.859375;0.21875;0.75;0.796875;0.208984375;0.341796875;0.78125;0.84375;0.216796875;0.828125;0.8671875;0.216796875;0.8515625;0.875;0.21875;0.76953125;0.625;0.162109375;0.205078125;0.63671875;0.625;0.1552734375;0.65625;0.6015625;0.14453125;0.65234375;0.58203125;0.138671875;0.63671875;0.54296875;0.126953125;0.61328125;0.5078125;0.1171875;0.39453125;0.123046875;0.0322265625;0.03369140625;0.134765625;0.103515625;0.0263671875;0.1328125;0.095703125;0.02392578125;0.8;0.140625;0.375;0.765625;0.2109375;0.1328125;0.75;0.84375;0.21875;0.8125;0.84375;0.21875;0.7421875;0.7890625;0.20703125;0.34375;0.765625;0.84375;0.21484375;0.8203125;0.8671875;0.21484375;0.84375;0.8671875;0.21484375;0.76953125;0.65625;0.1708984375;0.228515625;0.66796875;0.640625;0.15625;0.671875;0.56640625;0.12890625;0.640625;0.51953125;0.1123046875;0.5859375;0.41796875;0.0849609375;0.5234375;0.3125;0.0625;0.349609375;0.0859375;0.02197265625;0.0341796875;0.11328125;0.013671875;0.001953125;0.07421875;0.001953125;0.0;0.8
51;51;80.94;0.125;0.359375;0.75;0.20703125;0.12890625;0.734375;0.828125;0.21875;0.8125;0.859375;0.21875;0.7421875;0.7890625;0.208984375;0.337890625;0.7734375;0.84375;0.216796875;0.828125;0.8671875;0.216796875;0.8515625;0.875;0.216796875;0.76953125;0.6171875;0.162109375;0.2041015625;0.6328125;0.6171875;0.154296875;0.65625;0.6015625;0.146484375;0.65234375;0.5859375;0.1396484375;0.63671875;0.55078125;0.1298828125;0.6171875;0.515625;0.1201171875;0.3984375;0.123046875;0.03271484375;0.0341796875;0.13671875;0.10546875;0.02734375;0.1328125;0.099609375;0.02490234375;0.8;0.140625;0.375;0.75;0.20703125;0.1328125;0.75;0.84375;0.21875;0.8125;0.84375;0.21875;0.7421875;0.7890625;0.20703125;0.34375;0.765625;0.84375;0.21484375;0.8203125;0.8671875;0.21484375;0.84375;0.8671875;0.21484375;0.76953125;0.65625;0.171875;0.2294921875;0.671875;0.6484375;0.158203125;0.68359375;0.58984375;0.1376953125;0.66015625;0.55078125;0.123046875;0.6171875;0.46875;0.1005859375;0.56640625;0.37890625;0.0791015625;0.380859375;0.10546875;0.02783203125;0.03662109375;0.134765625;0.037109375;0.0078125;0.111328125;0.021484375;0.00390625;0.8
52;52;81.14;0.140625;0.375;0.765625;0.2109375;0.1328125;0.75;0.828125;0.21875;0.8125;0.859375;0.21875;0.75;0.7890625;0.208984375;0.33984375;0.7734375;0.84375;0.21484375;0.828125;0.8671875;0.216796875;0.84375;0.875;0.21875;0.765625;0.62109375;0.162109375;0.203125;0.6328125;0.625;0.1552734375;0.65625;0.6015625;0.14453125;0.6484375;0.58203125;0.1376953125;0.63671875;0.546875;0.126953125;0.61328125;0.50390625;0.1171875;0.39453125;0.123046875;0.0322265625;0.03369140625;0.134765625;0.099609375;0.025390625;0.130859375;0.095703125;0.02392578125;0.8;0.140625;0.375;0.75;0.20703125;0.1328125;0.75;0.84375;0.21875;0.8125;0.84375;0.21875;0.7421875;0.7890625;0.20703125;0.34375;0.765625;0.84375;0.21484375;0.8203125;0.859375;0.21484375;0.84375;0.8671875;0.21484375;0.765625;0.66015625;0.1728515625;0.2294921875;0.67578125;0.65625;0.1611328125;0.69140625;0.609375;0.1435546875;0.671875;0.578125;0.130859375;0.640625;0.5078125;0.111328125;0.59375;0.4296875;0.091796875;0.40234375;0.12109375;0.03125;0.0380859375;0.14453125;0.052734375;0.01171875;0.123046875;0.033203125;0.0068359375;0.8
53;53;80.89;0.140625;0.375;0.75;0.2109375;0.1328125;0.75;0.84375;0.21875;0.8125;0.859375;0.21875;0.75;0.796875;0.208984375;0.341796875;0.78125;0.84375;0.216796875;0.828125;0.8671875;0.216796875;0.8515625;0.875;0.216796875;0.76953125;0.62109375;0.162109375;0.2041015625;0.640625;0.6328125;0.158203125;0.66796875;0.62109375;0.1533203125;0.6640625;0.609375;0.1484375;0.66015625;0.58203125;0.1396484375;0.640625;0.5546875;0.1337890625;0.408203125;0.130859375;0.03369140625;0.03466796875;0.138671875;0.111328125;0.0283203125;0.134765625;0.1015625;0.025390625;0.8;0.140625;0.375;0.75;0.20703125;0.1328125;0.75;0.84375;0.21875;0.8125;0.859375;0.21875;0.7421875;0.7890625;0.20703125;0.34375;0.765625;0.8359375;0.21484375;0.8203125;0.859375;0.21484375;0.84375;0.859375;0.21484375;0.765625;0.65625;0.1708984375;0.2275390625;0.66796875;0.640625;0.1572265625;0.671875;0.56640625;0.130859375;0.640625;0.51953125;0.11328125;0.58984375;0.42578125;0.0869140625;0.52734375;0.3203125;0.064453125;0.353515625;0.087890625;0.0224609375;0.0341796875;0.119140625;0.017578125;0.0029296875;0.08203125;0.005859375;0.00048828125;0.8
54;54;81.07;0.140625;0.375;0.75;0.2109375;0.1328125;0.75;0.84375;0.21875;0.8125;0.859375;0.21875;0.75;0.7890625;0.208984375;0.33984375;0.7734375;0.84375;0.21484375;0.828125;0.8671875;0.216796875;0.8515625;0.875;0.21875;0.7734375;0.625;0.1630859375;0.205078125;0.640625;0.62890625;0.158203125;0.66796875;0.61328125;0.1494140625;0.66015625;0.59375;0.1416015625;0.64453125;0.55859375;0.130859375;0.625;0.51953125;0.12109375;0.3984375;0.123046875;0.03271484375;0.0341796875;0.13671875;0.103515625;0.0263671875;0.1328125;0.099609375;0.02490234375;0.8;0.140625;0.375;0.75;0.20703125;0.1328125;0.75;0.84375;0.21875;0.8125;0.859375;0.21875;0.7421875;0.7890625;0.20703125;0.34375;0.765625;0.84375;0.21484375;0.8203125;0.859375;0.21484375;0.84375;0.8671875;0.216796875;0.76953125;0.6640625;0.1728515625;0.2294921875;0.6796875;0.66015625;0.1630859375;0.69140625;0.609375;0.142578125;0.66796875;0.57421875;0.12890625;0.6328125;0.4921875;0.1044921875;0.5859375;0.41015625;0.0859375;0.39453125;0.111328125;0.029296875;0.03759765625;0.140625;0.044921875;0.009765625;0.1171875;0.02734375;0.00537109375;0.8
55;55;81.35;0.125;0.359375;0.75;0.20703125;0.12890625;0.75;0.84375;0.21875;0.8125;0.859375;0.21875;0.75;0.7890625;0.208984375;0.33984375;0.7734375;0.84375;0.216796875;0.828125;0.859375;0.21484375;0.84375;0.8671875;0.21484375;0.765625;0.6171875;0.1591796875;0.203125;0.6328125;0.60546875;0.1494140625;0.64453125;0.5703125;0.134765625;0.6328125;0.5546875;0.12890625;0.61328125;0.51953125;0.1181640625;0.5859375;0.46484375;0.10546875;0.380859375;0.1171875;0.03125;0.033203125;0.134765625;0.1015625;0.0263671875;0.1328125;0.099609375;0.025390625;0.8;0.140625;0.375;0.75;0.20703125;0.1328125;0.75;0.84375;0.21875;0.8125;0.84375;0.21875;0.7421875;0.7890625;0.20703125;0.34375;0.765625;0.84375;0.21484375;0.8203125;0.859375;0.21484375;0.84375;0.8671875;0.216796875;0.76953125;0.66015625;0.171875;0.228515625;0.67578125;0.66015625;0.162109375;0.6875;0.60546875;0.142578125;0.66796875;0.57421875;0.12890625;0.63671875;0.5;0.1083984375;0.58984375;0.41796875;0.0888671875;0.3984375;0.119140625;0.03076171875;0.0380859375;0.14453125;0.056640625;0.01318359375;0.12890625;0.041015625;0.00927734375;0.8
56;56;81.48;0.140625;0.359375;0.75;0.2109375;0.12890625;0.75;0.84375;0.21875;0.8125;0.859375;0.21875;0.75;0.796875;0.208984375;0.341796875;0.7734375;0.84375;0.216796875;0.8359375;0.8671875;0.216796875;0.8515625;0.875;0.21875;0.76953125;0.6171875;0.1611328125;0.205078125;0.63671875;0.6171875;0.154296875;0.65625;0.59375;0.14453125;0.6484375;0.57421875;0.1357421875;0.62890625;0.53515625;0.125;0.609375;0.49609375;0.115234375;0.390625;0.123046875;0.0322265625;0.03369140625;0.134765625;0.109375;0.02880859375;0.134765625;0.107421875;0.02783203125;0.8;0.140625;0.375;0.75;0.20703125;0.1328125;0.75;0.84375;0.21875;0.8125;0.84375;0.21875;0.7421875;0.7890625;0.20703125;0.34375;0.765625;0.84375;0.216796875;0.8203125;0.859375;0.21484375;0.84375;0.8671875;0.216796875;0.76953125;0.66015625;0.171875;0.2294921875;0.671875;0.6484375;0.158203125;0.6796875;0.57421875;0.1328125;0.6484375;0.52734375;0.115234375;0.59765625;0.4375;0.091796875;0.54296875;0.33984375;0.0693359375;0.36328125;0.09765625;0.025390625;0.03564453125;0.12890625;0.029296875;0.005859375;0.1015625;0.017578125;0.0029296875;0.8
57;57;80.86;0.140625;0.359375;0.75;0.20703125;0.1328125;0.75;0.828125;0.21875;0.8125;0.859375;0.21875;0.75;0.7890625;0.208984375;0.337890625;0.7734375;0.84375;0.21484375;0.828125;0.859375;0.21484375;0.84375;0.8671875;0.21484375;0.765625;0.6171875;0.1611328125;0.2041015625;0.62890625;0.61328125;0.15234375;0.6484375;0.578125;0.1376953125;0.63671875;0.55859375;0.1298828125;0.6171875;0.51171875;0.1171875;0.59375;0.46484375;0.10546875;0.380859375;0.1171875;0.03125;0.033203125;0.1328125;0.1015625;0.02587890625;0.130859375;0.099609375;0.02587890625;0.8;0.140625;0.375;0.75;0.20703125;0.1328125;0.75;0.84375;0.21875;0.8125;0.84375;0.21875;0.7421875;0.7890625;0.20703125;0.341796875;0.765625;0.84375;0.216796875;0.8203125;0.8671875;0.21484375;0.84375;0.8671875;0.216796875;0.76953125;0.66015625;0.171875;0.2294921875;0.67578125;0.65625;0.1611328125;0.6875;0.6015625;0.1416015625;0.66796875;0.56640625;0.126953125;0.6328125;0.4921875;0.1064453125;0.5859375;0.4140625;0.087890625;0.396484375;0.119140625;0.03125;0.0380859375;0.146484375;0.05859375;0.01416015625;0.12890625;0.044921875;0.01025390625;0.8
58;58;81.41;0.140625;0.375;0.75;0.20703125;0.1328125;0.734375;0.84375;0.21875;0.8125;0.859375;0.21875;0.75;0.796875;0.208984375;0.33984375;0.78125;0.84375;0.216796875;0.828125;0.8671875;0.21875;0.8515625;0.875;0.21875;0.7734375;0.625;0.1630859375;0.205078125;0.63671875;0.62890625;0.1552734375;0.66015625;0.6015625;0.14453125;0.6484375;0.57421875;0.1337890625;0.6328125;0.53515625;0.123046875;0.609375;0.4921875;0.1123046875;0.392578125;0.12109375;0.03173828125;0.03369140625;0.134765625;0.1015625;0.0263671875;0.134765625;0.103515625;0.0263671875;0.8;0.140625;0.375;0.75;0.20703125;0.1328125;0.75;0.84375;0.21875;0.8125;0.84375;0.21875;0.7421875;0.7890625;0.20703125;0.34375;0.765625;0.84375;0.21484375;0.8203125;0.859375;0.21484375;0.84375;0.8671875;0.21484375;0.76953125;0.66015625;0.171875;0.2294921875;0.671875;0.65234375;0.1591796875;0.6796875;0.58203125;0.134765625;0.6484375;0.52734375;0.1142578125;0.6015625;0.43359375;0.08984375;0.5390625;0.3359375;0.06640625;0.361328125;0.09375;0.02392578125;0.03515625;0.123046875;0.0234375;0.00439453125;0.09375;0.009765625;0.00146484375;0.8
59;59;81.36;0.125;0.359375;0.75;0.20703125;0.12890625;0.734375;0.828125;0.21875;0.8125;0.859375;0.21875;0.7421875;0.7890625;0.208984375;0.337890625;0.7734375;0.84375;0.216796875;0.828125;0.8671875;0.216796875;0.8515625;0.875;0.21875;0.76953125;0.62109375;0.162109375;0.2041015625;0.640625;0.62890625;0.1572265625;0.66015625;0.609375;0.1474609375;0.66015625;0.5859375;0.140625;0.64453125;0.55078125;0.12890625;0.62109375;0.5078125;0.1181640625;0.3984375;0.123046875;0.0322265625;0.0341796875;0.134765625;0.10546875;0.02734375;0.134765625;0.107421875;0.02734375;0.8;0.140625;0.375;0.75;0.20703125;0.1328125;0.75;0.84375;0.21875;0.8125;0.84375;0.21875;0.7421875;0.78125;0.20703125;0.341796875;0.765625;0.84375;0.21484375;0.8203125;0.859375;0.21484375;0.84375;0.8671875;0.216796875;0.76953125;0.66015625;0.1728515625;0.2294921875;0.671875;0.66015625;0.1630859375;0.6953125;0.61328125;0.14453125;0.67578125;0.58203125;0.1318359375;0.6484375;0.51953125;0.115234375;0.609375;0.453125;0.0986328125;0.412109375;0.126953125;0.03369140625;0.03955078125;0.15234375;0.080078125;0.02001953125;0.14453125;0.072265625;0.017578125;0.8
60;60;80.95;0.140625;0.375;0.75;0.2109375;0.1328125;0.75;0.84375;0.21875;0.8125;0.859375;0.21875;0.75;0.796875;0.208984375;0.33984375;0.7734375;0.84375;0.216796875;0.828125;0.8671875;0.216796875;0.8515625;0.875;0.216796875;0.76953125;0.625;0.1630859375;0.205078125;0.63671875;0.625;0.1552734375;0.66015625;0.6015625;0.1455078125;0.65234375;0.5859375;0.138671875;0.63671875;0.546875;0.1279296875;0.61328125;0.50390625;0.1162109375;0.3984375;0.123046875;0.0322265625;0.0341796875;0.13671875;0.107421875;0.02734375;0.134765625;0.10546875;0.02734375;0.8;0.140625;0.375;0.75;0.20703125;0.1328125;0.75;0.84375;0.21875;0.8125;0.84375;0.21875;0.7421875;0.78125;0.20703125;0.33984375;0.765625;0.84375;0.21484375;0.8203125;0.859375;0.21484375;0.84375;0.8671875;0.21484375;0.76953125;0.6640625;0.1728515625;0.228515625;0.67578125;0.65625;0.1630859375;0.69140625;0.60546875;0.142578125;0.671875;0.57421875;0.1279296875;0.6328125;0.48828125;0.1044921875;0.5859375;0.4140625;0.0869140625;0.39453125;0.11328125;0.02978515625;0.0380859375;0.142578125;0.0546875;0.0126953125;0.125;0.041015625;0.00927734375;0.8
61;61;81.36;0.140625;0.375;0.765625;0.20703125;0.1328125;0.75;0.84375;0.21875;0.8125;0.859375;0.21875;0.75;0.796875;0.208984375;0.33984375;0.7734375;0.84375;0.216796875;0.828125;0.8671875;0.216796875;0.8515625;0.875;0.21875;0.7734375;0.625;0.1630859375;0.2060546875;0.640625;0.625;0.1552734375;0.6640625;0.6015625;0.1455078125;0.65625;0.578125;0.13671875;0.63671875;0.53515625;0.1240234375;0.609375;0.49609375;0.1123046875;0.39453125;0.12109375;0.03173828125;0.03369140625;0.134765625;0.10546875;0.02685546875;0.134765625;0.10546875;0.02685546875;0.8;0.140625;0.375;0.75;0.20703125;0.1328125;0.75;0.84375;0.21875;0.8125;0.84375;0.21875;0.7421875;0.7890625;0.20703125;0.341796875;0.765625;0.84375;0.21484375;0.8203125;0.859375;0.21484375;0.84375;0.8671875;0.216796875;0.76953125;0.66015625;0.1728515625;0.228515625;0.67578125;0.65625;0.162109375;0.69140625;0.6015625;0.1416015625;0.66796875;0.56640625;0.126953125;0.6328125;0.4921875;0.1064453125;0.5859375;0.4140625;0.087890625;0.396484375;0.1171875;0.03076171875;0.0380859375;0.14453125;0.060546875;0.013671875;0.12890625;0.044921875;0.009765625;0.8
62;62;80.87;0.125;0.359375;0.75;0.2109375;0.12890625;0.734375;0.84375;0.21875;0.8125;0.859375;0.21875;0.75;0.796875;0.208984375;0.33984375;0.7734375;0.84375;0.216796875;0.828125;0.8671875;0.216796875;0.8515625;0.8828125;0.21875;0.7734375;0.62890625;0.1640625;0.205078125;0.64453125;0.6328125;0.158203125;0.66796875;0.6171875;0.150390625;0.6640625;0.60546875;0.146484375;0.65234375;0.5703125;0.1357421875;0.63671875;0.53515625;0.1279296875;0.40625;0.12890625;0.03369140625;0.03466796875;0.138671875;0.119140625;0.03076171875;0.13671875;0.115234375;0.029296875;0.8;0.140625;0.375;0.75;0.20703125;0.1328125;0.75;0.84375;0.21875;0.8125;0.84375;0.21875;0.7421875;0.78125;0.20703125;0.341796875;0.765625;0.84375;0.21484375;0.8203125;0.859375;0.21484375;0.84375;0.8671875;0.216796875;0.76953125;0.66015625;0.1728515625;0.228515625;0.67578125;0.66015625;0.1640625;0.6953125;0.6171875;0.1455078125;0.6796875;0.5859375;0.1337890625;0.6484375;0.515625;0.11328125;0.60546875;0.44921875;0.09765625;0.408203125;0.125;0.03271484375;0.0390625;0.150390625;0.0703125;0.01708984375;0.134765625;0.056640625;0.0126953125;0.8
63;63;81.52;0.125;0.359375;0.765625;0.2109375;0.12890625;0.75;0.84375;0.21875;0.8125;0.859375;0.21875;0.7421875;0.7890625;0.208984375;0.337890625;0.7734375;0.8359375;0.21484375;0.828125;0.859375;0.21484375;0.84375;0.8671875;0.21484375;0.765625;0.6171875;0.162109375;0.203125;0.62890625;0.6171875;0.154296875;0.65625;0.59375;0.14453125;0.65234375;0.5859375;0.140625;0.640625;0.5546875;0.1298828125;0.62109375;0.515625;0.1220703125;0.400390625;0.125;0.033203125;0.0341796875;0.13671875;0.111328125;0.02880859375;0.134765625;0.111328125;0.0283203125;0.8;0.140625;0.375;0.75;0.20703125;0.1328125;0.75;0.84375;0.21875;0.8125;0.859375;0.21875;0.7421875;0.7890625;0.20703125;0.341796875;0.765625;0.84375;0.216796875;0.8203125;0.859375;0.21484375;0.84375;0.8671875;0.216796875;0.76953125;0.6640625;0.173828125;0.2294921875;0.67578125;0.66015625;0.1630859375;0.6953125;0.61328125;0.14453125;0.67578125;0.578125;0.1298828125;0.640625;0.5;0.1083984375;0.59375;0.4296875;0.091796875;0.40234375;0.119140625;0.03076171875;0.03857421875;0.14453125;0.056640625;0.01318359375;0.125;0.04296875;0.009765625;0.8
64;64;81.2;0.140625;0.375;0.75;0.20703125;0.1328125;0.734375;0.828125;0.21875;0.8125;0.859375;0.21875;0.7421875;0.7890625;0.20703125;0.337890625;0.7734375;0.84375;0.216796875;0.828125;0.859375;0.21484375;0.84375;0.8671875;0.216796875;0.765625;0.6171875;0.1611328125;0.203125;0.62890625;0.6171875;0.154296875;0.65234375;0.59765625;0.142578125;0.6484375;0.57421875;0.13671875;0.6328125;0.54296875;0.1259765625;0.61328125;0.50390625;0.1171875;0.39453125;0.123046875;0.03271484375;0.0341796875;0.13671875;0.111328125;0.02880859375;0.13671875;0.111328125;0.02880859375;0.8;0.140625;0.375;0.75;0.20703125;0.1328125;0.75;0.84375;0.21875;0.8125;0.84375;0.21875;0.7421875;0.78125;0.20703125;0.341796875;0.7578125;0.84375;0.21484375;0.8203125;0.859375;0.21484375;0.84375;0.859375;0.21484375;0.765625;0.66015625;0.1728515625;0.228515625;0.671875;0.65234375;0.1611328125;0.6875;0.59765625;0.1396484375;0.6640625;0.55859375;0.123046875;0.62109375;0.46875;0.0986328125;0.5703125;0.390625;0.0810546875;0.384765625;0.109375;0.02880859375;0.037109375;0.138671875;0.046875;0.01025390625;0.1171875;0.033203125;0.00732421875;0.8
65;65;81.69;0.140625;0.375;0.75;0.20703125;0.1328125;0.75;0.84375;0.21875;0.8125;0.859375;0.22265625;0.75;0.7890625;0.208984375;0.33984375;0.7734375;0.84375;0.216796875;0.828125;0.8671875;0.216796875;0.8515625;0.875;0.21875;0.76953125;0.625;0.1640625;0.2041015625;0.640625;0.63671875;0.1591796875;0.66796875;0.62109375;0.15234375;0.66796875;0.61328125;0.1484375;0.6640625;0.5859375;0.140625;0.6484375;0.55859375;0.1337890625;0.412109375;0.130859375;0.0341796875;0.03466796875;0.138671875;0.119140625;0.03076171875;0.138671875;0.115234375;0.02978515625;0.8;0.140625;0.375;0.75;0.20703125;0.1328125;0.75;0.84375;0.21875;0.8125;0.84375;0.21875;0.7421875;0.78125;0.20703125;0.341796875;0.7578125;0.84375;0.21484375;0.8203125;0.859375;0.21484375;0.84375;0.8671875;0.21484375;0.765625;0.66015625;0.1728515625;0.228515625;0.671875;0.65625;0.1611328125;0.6875;0.6015625;0.140625;0.6640625;0.5625;0.1240234375;0.62109375;0.46484375;0.0966796875;0.5625;0.37890625;0.078125;0.37890625;0.107421875;0.02783203125;0.03662109375;0.13671875;0.041015625;0.00830078125;0.107421875;0.0234375;0.00390625;0.8
66;66;81.38;0.140625;0.359375;0.75;0.2109375;0.1328125;0.734375;0.828125;0.21875;0.8125;0.859375;0.21875;0.75;0.7890625;0.208984375;0.33984375;0.7734375;0.84375;0.216796875;0.828125;0.8671875;0.216796875;0.8515625;0.8671875;0.216796875;0.76953125;0.62109375;0.1630859375;0.205078125;0.63671875;0.62890625;0.1572265625;0.66015625;0.60546875;0.146484375;0.65625;0.58203125;0.13671875;0.640625;0.54296875;0.125;0.61328125;0.50390625;0.115234375;0.39453125;0.123046875;0.03271484375;0.03369140625;0.13671875;0.109375;0.0283203125;0.13671875;0.111328125;0.02880859375;0.8;0.140625;0.375;0.75;0.20703125;0.1328125;0.75;0.84375;0.21875;0.8125;0.84375;0.21875;0.7421875;0.78125;0.20703125;0.341796875;0.7578125;0.84375;0.21484375;0.8203125;0.859375;0.21484375;0.84375;0.8671875;0.216796875;0.765625;0.6640625;0.1728515625;0.228515625;0.67578125;0.66015625;0.1640625;0.6953125;0.62109375;0.146484375;0.6796875;0.58984375;0.1337890625;0.65234375;0.5234375;0.115234375;0.61328125;0.4609375;0.1005859375;0.4140625;0.130859375;0.0341796875;0.03955078125;0.154296875;0.083984375;0.0205078125;0.142578125;0.072265625;0.01806640625;0.8
67;67;81.23;0.140625;0.375;0.75;0.20703125;0.1328125;0.75;0.828125;0.21875;0.8125;0.859375;0.21875;0.7421875;0.7890625;0.208984375;0.33984375;0.7734375;0.84375;0.216796875;0.828125;0.859375;0.216796875;0.8515625;0.8671875;0.216796875;0.76953125;0.6171875;0.1611328125;0.203125;0.6328125;0.62109375;0.154296875;0.65625;0.59765625;0.1435546875;0.65234375;0.58203125;0.13671875;0.63671875;0.546875;0.126953125;0.6171875;0.5078125;0.1181640625;0.396484375;0.123046875;0.03271484375;0.0341796875;0.138671875;0.115234375;0.0302734375;0.13671875;0.115234375;0.0302734375;0.8;0.140625;0.375;0.75;0.20703125;0.1328125;0.75;0.84375;0.21875;0.8125;0.84375;0.21875;0.7421875;0.78125;0.20703125;0.341796875;0.7578125;0.84375;0.21484375;0.8203125;0.859375;0.21484375;0.84375;0.8671875;0.216796875;0.765625;0.66015625;0.1728515625;0.228515625;0.671875;0.65625;0.1630859375;0.6953125;0.62109375;0.146484375;0.6796875;0.5859375;0.1328125;0.6484375;0.515625;0.111328125;0.6015625;0.44140625;0.09375;0.40625;0.123046875;0.0322265625;0.0390625;0.150390625;0.0703125;0.0166015625;0.1328125;0.056640625;0.013671875;0.8
68;68;81.36;0.140625;0.375;0.75;0.20703125;0.1328125;0.75;0.828125;0.21875;0.8125;0.859375;0.21875;0.75;0.796875;0.208984375;0.337890625;0.7734375;0.84375;0.216796875;0.828125;0.859375;0.216796875;0.8515625;0.875;0.216796875;0.76953125;0.6171875;0.162109375;0.205078125;0.63671875;0.62109375;0.1533203125;0.6484375;0.5859375;0.1416015625;0.64453125;0.56640625;0.1318359375;0.625;0.52734375;0.1201171875;0.60546875;0.48046875;0.109375;0.38671875;0.119140625;0.03173828125;0.03369140625;0.13671875;0.109375;0.0283203125;0.134765625;0.11328125;0.029296875;0.8;0.140625;0.375;0.75;0.20703125;0.1328125;0.75;0.84375;0.21875;0.8125;0.84375;0.21875;0.7421875;0.78125;0.20703125;0.341796875;0.7578125;0.84375;0.21484375;0.8203125;0.859375;0.21484375;0.84375;0.859375;0.21484375;0.765625;0.65625;0.171875;0.2265625;0.66796875;0.6484375;0.1591796875;0.6796875;0.58203125;0.134765625;0.65234375;0.53515625;0.1162109375;0.60546875;0.44140625;0.0908203125;0.546875;0.34765625;0.0703125;0.3671875;0.099609375;0.02587890625;0.03564453125;0.134765625;0.04296875;0.00927734375;0.111328125;0.029296875;0.00634765625;0.8
69;69;81.54;0.140625;0.359375;0.75;0.20703125;0.12890625;0.75;0.84375;0.21875;0.8125;0.859375;0.21875;0.75;0.7890625;0.208984375;0.33984375;0.7734375;0.84375;0.216796875;0.828125;0.8671875;0.216796875;0.84375;0.8671875;0.216796875;0.76953125;0.62109375;0.1630859375;0.2041015625;0.63671875;0.62890625;0.1572265625;0.6640625;0.609375;0.146484375;0.65625;0.58984375;0.138671875;0.64453125;0.5546875;0.12890625;0.62109375;0.515625;0.1201171875;0.400390625;0.125;0.03271484375;0.0341796875;0.138671875;0.115234375;0.0302734375;0.13671875;0.119140625;0.03076171875;0.8;0.140625;0.375;0.75;0.20703125;0.1328125;0.75;0.84375;0.21875;0.8125;0.84375;0.21875;0.7421875;0.78125;0.20703125;0.341796875;0.7578125;0.84375;0.21484375;0.8203125;0.859375;0.21484375;0.84375;0.8671875;0.216796875;0.765625;0.66015625;0.1728515625;0.228515625;0.67578125;0.66015625;0.1630859375;0.69140625;0.61328125;0.14453125;0.67578125;0.578125;0.1298828125;0.64453125;0.5078125;0.1103515625;0.59765625;0.43359375;0.0927734375;0.40625;0.123046875;0.0322265625;0.0390625;0.150390625;0.076171875;0.0185546875;0.138671875;0.068359375;0.01708984375;0.8
70;70;81.44;0.125;0.359375;0.765625;0.2109375;0.12890625;0.75;0.84375;0.21875;0.8125;0.859375;0.21875;0.7421875;0.796875;0.208984375;0.337890625;0.7734375;0.84375;0.216796875;0.828125;0.859375;0.216796875;0.8515625;0.875;0.21875;0.765625;0.62109375;0.1630859375;0.2041015625;0.63671875;0.62890625;0.1572265625;0.6640625;0.61328125;0.150390625;0.6640625;0.59765625;0.1435546875;0.6484375;0.5703125;0.1337890625;0.62890625;0.53125;0.1240234375;0.404296875;0.126953125;0.033203125;0.03466796875;0.138671875;0.1171875;0.0302734375;0.13671875;0.119140625;0.03076171875;0.8;0.140625;0.375;0.75;0.20703125;0.1328125;0.75;0.84375;0.21875;0.8125;0.84375;0.21875;0.7421875;0.78125;0.20703125;0.341796875;0.7578125;0.84375;0.21484375;0.8203125;0.859375;0.21484375;0.84375;0.8671875;0.21484375;0.765625;0.66015625;0.1728515625;0.2275390625;0.671875;0.65625;0.162109375;0.69140625;0.609375;0.142578125;0.671875;0.5703125;0.1279296875;0.6328125;0.4921875;0.10546875;0.5859375;0.41015625;0.0869140625;0.39453125;0.1171875;0.03076171875;0.0380859375;0.14453125;0.0625;0.0146484375;0.12890625;0.05078125;0.01220703125;0.8
71;71;81.71;0.140625;0.375;0.765625;0.2109375;0.1328125;0.75;0.84375;0.21875;0.8125;0.859375;0.21875;0.75;0.7890625;0.208984375;0.33984375;0.7734375;0.84375;0.216796875;0.828125;0.859375;0.21484375;0.84375;0.875;0.21875;0.76953125;0.62109375;0.1630859375;0.203125;0.640625;0.6328125;0.158203125;0.6640625;0.625;0.154296875;0.671875;0.6171875;0.1494140625;0.6640625;0.5859375;0.1416015625;0.64453125;0.55859375;0.1328125;0.4140625;0.130859375;0.03369140625;0.03466796875;0.138671875;0.119140625;0.0302734375;0.138671875;0.119140625;0.03076171875;0.8;0.140625;0.375;0.75;0.20703125;0.1328125;0.75;0.84375;0.21875;0.8125;0.84375;0.21875;0.7421875;0.78125;0.20703125;0.33984375;0.7578125;0.8359375;0.21484375;0.8203125;0.859375;0.21484375;0.84375;0.8671875;0.216796875;0.765625;0.66015625;0.1728515625;0.228515625;0.67578125;0.66015625;0.1640625;0.6953125;0.6171875;0.1455078125;0.67578125;0.578125;0.1298828125;0.640625;0.49609375;0.1064453125;0.5859375;0.41015625;0.0849609375;0.39453125;0.115234375;0.02978515625;0.0380859375;0.142578125;0.052734375;0.01171875;0.12109375;0.0390625;0.0087890625;0.8
72;72;81.46;0.125;0.359375;0.75;0.20703125;0.12890625;0.734375;0.84375;0.21875;0.8125;0.859375;0.21875;0.75;0.7890625;0.208984375;0.337890625;0.7734375;0.84375;0.216796875;0.828125;0.8671875;0.216796875;0.8515625;0.875;0.21875;0.76953125;0.61328125;0.162109375;0.2021484375;0.6328125;0.62890625;0.1572265625;0.6640625;0.61328125;0.150390625;0.66015625;0.59765625;0.142578125;0.6484375;0.56640625;0.1328125;0.62890625;0.5234375;0.123046875;0.40234375;0.126953125;0.03271484375;0.0341796875;0.13671875;0.11328125;0.029296875;0.13671875;0.1171875;0.0302734375;0.8;0.140625;0.375;0.75;0.20703125;0.1328125;0.75;0.84375;0.21875;0.8125;0.84375;0.21875;0.7421875;0.78125;0.20703125;0.341796875;0.7578125;0.84375;0.21484375;0.8203125;0.859375;0.21484375;0.84375;0.8671875;0.216796875;0.765625;0.66015625;0.1728515625;0.2275390625;0.67578125;0.65625;0.1630859375;0.69140625;0.609375;0.142578125;0.671875;0.56640625;0.125;0.62890625;0.4765625;0.099609375;0.5703125;0.3828125;0.078125;0.3828125;0.107421875;0.02734375;0.037109375;0.13671875;0.04296875;0.0087890625;0.109375;0.02734375;0.00537109375;0.8
73;73;81.93;0.140625;0.359375;0.75;0.20703125;0.12890625;0.75;0.84375;0.21875;0.8125;0.859375;0.21875;0.75;0.796875;0.208984375;0.337890625;0.7734375;0.84375;0.216796875;0.828125;0.8671875;0.216796875;0.84375;0.875;0.21875;0.76953125;0.62109375;0.1640625;0.2041015625;0.63671875;0.62890625;0.158203125;0.66796875;0.62890625;0.154296875;0.66796875;0.609375;0.1474609375;0.66015625;0.5859375;0.138671875;0.640625;0.5546875;0.130859375;0.412109375;0.12890625;0.0341796875;0.03515625;0.138671875;0.119140625;0.03076171875;0.138671875;0.12109375;0.03125;0.8;0.140625;0.375;0.75;0.20703125;0.1328125;0.75;0.84375;0.21875;0.8125;0.84375;0.21875;0.7421875;0.78125;0.20703125;0.341796875;0.7578125;0.8359375;0.21484375;0.8203125;0.859375;0.21484375;0.84375;0.8671875;0.216796875;0.765625;0.66015625;0.173828125;0.228515625;0.67578125;0.66015625;0.1640625;0.6953125;0.62109375;0.146484375;0.6796875;0.5859375;0.1318359375;0.64453125;0.51171875;0.111328125;0.6015625;0.43359375;0.091796875;0.404296875;0.123046875;0.03173828125;0.03857421875;0.1484375;0.068359375;0.01611328125;0.130859375;0.056640625;0.013671875;0.8
74;74;81.66;0.140625;0.375;0.765625;0.20703125;0.1328125;0.734375;0.84375;0.21875;0.8125;0.859375;0.21875;0.7421875;0.7890625;0.208984375;0.33984375;0.7734375;0.84375;0.216796875;0.828125;0.859375;0.216796875;0.84375;0.875;0.21875;0.76953125;0.625;0.1630859375;0.205078125;0.640625;0.6328125;0.158203125;0.6640625;0.61328125;0.1484375;0.66015625;0.59375;0.1396484375;0.64453125;0.55078125;0.12890625;0.625;0.51171875;0.1181640625;0.400390625;0.125;0.03271484375;0.0341796875;0.13671875;0.11328125;0.02978515625;0.13671875;0.1171875;0.0302734375;0.8;0.140625;0.375;0.75;0.20703125;0.1328125;0.75;0.84375;0.21875;0.8125;0.84375;0.21875;0.7421875;0.78125;0.20703125;0.33984375;0.7578125;0.8359375;0.21484375;0.8203125;0.859375;0.21484375;0.84375;0.8671875;0.216796875;0.765625;0.66015625;0.173828125;0.2275390625;0.67578125;0.66015625;0.1630859375;0.6953125;0.62109375;0.146484375;0.6796875;0.5859375;0.1318359375;0.6484375;0.51171875;0.111328125;0.6015625;0.43359375;0.091796875;0.40625;0.123046875;0.03173828125;0.03857421875;0.1484375;0.068359375;0.01611328125;0.130859375;0.05859375;0.01416015625;0.8
75;75;81.88;0.140625;0.375;0.75;0.20703125;0.1328125;0.75;0.84375;0.21875;0.8125;0.859375;0.21875;0.7421875;0.7890625;0.208984375;0.337890625;0.7734375;0.84375;0.216796875;0.828125;0.8671875;0.216796875;0.8515625;0.875;0.21875;0.76953125;0.625;0.1630859375;0.2041015625;0.63671875;0.63671875;0.158203125;0.66796875;0.6171875;0.150390625;0.66015625;0.59765625;0.140625;0.64453125;0.55859375;0.12890625;0.625;0.515625;0.119140625;0.404296875;0.125;0.03271484375;0.0341796875;0.13671875;0.11328125;0.029296875;0.13671875;0.1171875;0.03076171875;0.8;0.140625;0.375;0.75;0.20703125;0.1328125;0.75;0.84375;0.21875;0.8125;0.84375;0.21875;0.7421875;0.78125;0.20703125;0.341796875;0.7578125;0.8359375;0.21484375;0.8203125;0.859375;0.21484375;0.84375;0.8671875;0.21484375;0.765625;0.65625;0.1728515625;0.2275390625;0.671875;0.65625;0.1630859375;0.69140625;0.61328125;0.1455078125;0.67578125;0.58203125;0.1318359375;0.64453125;0.515625;0.1123046875;0.6015625;0.4375;0.0947265625;0.408203125;0.126953125;0.033203125;0.0390625;0.15234375;0.080078125;0.02001953125;0.140625;0.07421875;0.0185546875;0.8
76;76;81.78;0.125;0.359375;0.75;0.20703125;0.12890625;0.734375;0.828125;0.21875;0.8125;0.859375;0.21875;0.7421875;0.7890625;0.20703125;0.337890625;0.765625;0.8359375;0.216796875;0.828125;0.859375;0.216796875;0.84375;0.875;0.216796875;0.765625;0.6171875;0.1611328125;0.203125;0.6328125;0.625;0.15625;0.65625;0.59375;0.1435546875;0.65234375;0.57421875;0.134765625;0.6328125;0.53515625;0.123046875;0.60546875;0.4921875;0.11328125;0.392578125;0.12109375;0.0322265625;0.03369140625;0.13671875;0.111328125;0.029296875;0.13671875;0.115234375;0.03076171875;0.8;0.140625;0.375;0.75;0.20703125;0.1328125;0.75;0.84375;0.21875;0.8125;0.84375;0.21875;0.7421875;0.78125;0.20703125;0.33984375;0.7578125;0.8359375;0.21484375;0.8203125;0.859375;0.21484375;0.84375;0.8671875;0.216796875;0.765625;0.66015625;0.173828125;0.2275390625;0.67578125;0.66015625;0.1640625;0.6953125;0.6171875;0.146484375;0.6796875;0.5859375;0.1328125;0.6484375;0.515625;0.111328125;0.6015625;0.43359375;0.0927734375;0.40625;0.125;0.0322265625;0.03857421875;0.150390625;0.072265625;0.01708984375;0.1328125;0.05859375;0.01416015625;0.8
77;77;81.77;0.140625;0.375;0.75;0.20703125;0.1328125;0.734375;0.828125;0.21875;0.8125;0.859375;0.21875;0.7421875;0.7890625;0.208984375;0.3359375;0.7734375;0.84375;0.216796875;0.828125;0.859375;0.216796875;0.84375;0.875;0.21875;0.76953125;0.62109375;0.162109375;0.2041015625;0.63671875;0.625;0.154296875;0.65625;0.59375;0.1435546875;0.65234375;0.578125;0.134765625;0.6328125;0.53515625;0.123046875;0.609375;0.4921875;0.1123046875;0.390625;0.123046875;0.0322265625;0.03369140625;0.13671875;0.111328125;0.02880859375;0.134765625;0.1171875;0.0302734375;0.8;0.140625;0.375;0.75;0.20703125;0.1328125;0.75;0.84375;0.21875;0.8125;0.84375;0.21875;0.734375;0.78125;0.20703125;0.33984375;0.7578125;0.8359375;0.21484375;0.8203125;0.859375;0.21484375;0.84375;0.8671875;0.216796875;0.765625;0.66015625;0.173828125;0.2275390625;0.67578125;0.66015625;0.1640625;0.6953125;0.62109375;0.1474609375;0.68359375;0.58984375;0.134765625;0.65234375;0.53125;0.1171875;0.61328125;0.4609375;0.1005859375;0.41796875;0.1328125;0.03466796875;0.03955078125;0.15625;0.095703125;0.02392578125;0.1484375;0.091796875;0.0234375;0.8
78;78;81.53;0.140625;0.375;0.75;0.20703125;0.1328125;0.734375;0.828125;0.21875;0.8125;0.859375;0.21875;0.7421875;0.7890625;0.208984375;0.333984375;0.765625;0.84375;0.216796875;0.828125;0.859375;0.216796875;0.84375;0.8671875;0.216796875;0.765625;0.62109375;0.162109375;0.2021484375;0.6328125;0.625;0.15625;0.6640625;0.609375;0.1494140625;0.65625;0.59375;0.142578125;0.64453125;0.55859375;0.1298828125;0.62109375;0.51953125;0.12109375;0.400390625;0.125;0.03271484375;0.0341796875;0.13671875;0.115234375;0.02978515625;0.13671875;0.119140625;0.03125;0.8;0.140625;0.375;0.75;0.20703125;0.1328125;0.75;0.84375;0.21875;0.8125;0.84375;0.21875;0.734375;0.78125;0.20703125;0.33984375;0.7578125;0.8359375;0.21484375;0.8203125;0.859375;0.21484375;0.84375;0.8671875;0.216796875;0.765625;0.65625;0.1728515625;0.2275390625;0.67578125;0.66015625;0.1630859375;0.6953125;0.61328125;0.14453125;0.67578125;0.57421875;0.12890625;0.640625;0.5;0.107421875;0.59375;0.421875;0.0888671875;0.400390625;0.12109375;0.03173828125;0.0380859375;0.1484375;0.072265625;0.01708984375;0.134765625;0.0625;0.015625;0.8
79;79;81.83;0.140625;0.359375;0.75;0.20703125;0.12890625;0.75;0.828125;0.21875;0.8125;0.859375;0.21875;0.7421875;0.7890625;0.208984375;0.337890625;0.7734375;0.84375;0.216796875;0.8203125;0.859375;0.216796875;0.84375;0.875;0.21875;0.765625;0.6171875;0.162109375;0.2021484375;0.62890625;0.62890625;0.1572265625;0.6640625;0.6171875;0.1513671875;0.66015625;0.6015625;0.1455078125;0.65625;0.578125;0.1376953125;0.63671875;0.546875;0.130859375;0.408203125;0.12890625;0.0341796875;0.03466796875;0.138671875;0.123046875;0.0322265625;0.138671875;0.126953125;0.03271484375;0.8;0.140625;0.375;0.75;0.20703125;0.1328125;0.75;0.84375;0.21875;0.8125;0.84375;0.21875;0.7421875;0.78125;0.20703125;0.33984375;0.7578125;0.8359375;0.21484375;0.8203125;0.859375;0.21484375;0.84375;0.8671875;0.216796875;0.765625;0.66015625;0.173828125;0.2275390625;0.67578125;0.6640625;0.1650390625;0.69921875;0.6328125;0.1513671875;0.6875;0.60546875;0.140625;0.66796875;0.55859375;0.1259765625;0.6328125;0.5;0.111328125;0.4296875;0.140625;0.037109375;0.04052734375;0.162109375;0.111328125;0.0283203125;0.15625;0.111328125;0.0283203125;0.8
80;80;81.98;0.140625;0.375;0.75;0.2109375;0.1328125;0.75;0.828125;0.21875;0.8125;0.859375;0.21875;0.7421875;0.7890625;0.208984375;0.3359375;0.765625;0.8359375;0.216796875;0.8203125;0.859375;0.216796875;0.84375;0.8671875;0.216796875;0.765625;0.6171875;0.1630859375;0.2021484375;0.6328125;0.6328125;0.1591796875;0.66796875;0.625;0.1533203125;0.6640625;0.61328125;0.1474609375;0.66015625;0.5859375;0.1396484375;0.64453125;0.5546875;0.130859375;0.412109375;0.12890625;0.03369140625;0.03466796875;0.138671875;0.12109375;0.03125;0.138671875;0.125;0.0322265625;0.8;0.140625;0.375;0.75;0.20703125;0.1328125;0.75;0.84375;0.21875;0.8125;0.84375;0.21875;0.734375;0.78125;0.20703125;0.33984375;0.7578125;0.8359375;0.21484375;0.8203125;0.859375;0.21484375;0.84375;0.859375;0.21484375;0.765625;0.65625;0.1728515625;0.2275390625;0.671875;0.65625;0.162109375;0.69140625;0.609375;0.142578125;0.66796875;0.56640625;0.1259765625;0.62890625;0.48046875;0.1015625;0.57421875;0.39453125;0.0810546875;0.38671875;0.11328125;0.02880859375;0.037109375;0.140625;0.052734375;0.01171875;0.119140625;0.041015625;0.00927734375;0.8
81;81;81.56;0.140625;0.375;0.765625;0.20703125;0.1328125;0.75;0.84375;0.21875;0.8125;0.859375;0.21875;0.75;0.796875;0.208984375;0.337890625;0.7734375;0.84375;0.216796875;0.828125;0.859375;0.216796875;0.84375;0.875;0.21875;0.76953125;0.62109375;0.162109375;0.2021484375;0.640625;0.6328125;0.1591796875;0.6640625;0.6171875;0.1513671875;0.6640625;0.6015625;0.1435546875;0.65234375;0.56640625;0.1328125;0.6328125;0.53125;0.125;0.40625;0.126953125;0.033203125;0.0341796875;0.138671875;0.1171875;0.0302734375;0.13671875;0.119140625;0.03125;0.8;0.140625;0.375;0.75;0.20703125;0.1328125;0.75;0.84375;0.21875;0.8125;0.84375;0.21875;0.7421875;0.78125;0.20703125;0.33984375;0.7578125;0.8359375;0.21484375;0.8203125;0.859375;0.21484375;0.84375;0.859375;0.21484375;0.765625;0.65625;0.1728515625;0.2265625;0.671875;0.65234375;0.1611328125;0.6875;0.59375;0.138671875;0.66015625;0.546875;0.1201171875;0.61328125;0.453125;0.09375;0.5546875;0.359375;0.072265625;0.37109375;0.10546875;0.02685546875;0.0361328125;0.134765625;0.044921875;0.00927734375;0.111328125;0.03515625;0.00830078125;0.8
82;82;81.76;0.140625;0.375;0.75;0.20703125;0.1328125;0.75;0.828125;0.21875;0.8125;0.859375;0.21875;0.7421875;0.78125;0.20703125;0.337890625;0.7734375;0.84375;0.216796875;0.8203125;0.859375;0.216796875;0.84375;0.875;0.216796875;0.765625;0.6171875;0.1611328125;0.2021484375;0.6328125;0.62890625;0.15625;0.66015625;0.60546875;0.146484375;0.66015625;0.58984375;0.140625;0.640625;0.5546875;0.1298828125;0.62109375;0.51953125;0.12109375;0.400390625;0.125;0.03271484375;0.0341796875;0.13671875;0.11328125;0.02978515625;0.13671875;0.119140625;0.03125;0.8;0.140625;0.375;0.75;0.20703125;0.1328125;0.75;0.84375;0.21875;0.8125;0.84375;0.21875;0.7421875;0.78125;0.20703125;0.33984375;0.7578125;0.8359375;0.21484375;0.8203125;0.859375;0.21484375;0.84375;0.8671875;0.216796875;0.765625;0.66015625;0.1728515625;0.2275390625;0.671875;0.65625;0.1630859375;0.6953125;0.61328125;0.1455078125;0.67578125;0.57421875;0.12890625;0.63671875;0.49609375;0.10546875;0.5859375;0.40625;0.0849609375;0.392578125;0.1171875;0.02978515625;0.03759765625;0.142578125;0.05859375;0.01318359375;0.123046875;0.046875;0.01123046875;0.8
83;83;81.7;0.140625;0.375;0.765625;0.2109375;0.1328125;0.75;0.84375;0.21875;0.8125;0.859375;0.21875;0.75;0.796875;0.208984375;0.341796875;0.7734375;0.84375;0.216796875;0.828125;0.8671875;0.216796875;0.84375;0.875;0.21875;0.76953125;0.62890625;0.1640625;0.205078125;0.640625;0.62890625;0.1591796875;0.66796875;0.6171875;0.1513671875;0.6640625;0.6015625;0.1435546875;0.65234375;0.56640625;0.1337890625;0.6328125;0.52734375;0.1240234375;0.40625;0.126953125;0.03369140625;0.03466796875;0.138671875;0.119140625;0.03076171875;0.138671875;0.123046875;0.0322265625;0.8;0.140625;0.375;0.75;0.20703125;0.1328125;0.75;0.84375;0.21875;0.8125;0.84375;0.21875;0.734375;0.78125;0.20703125;0.33984375;0.7578125;0.8359375;0.21484375;0.8203125;0.859375;0.21484375;0.84375;0.859375;0.21484375;0.765625;0.65625;0.1728515625;0.2265625;0.671875;0.65625;0.1630859375;0.69140625;0.61328125;0.1435546875;0.671875;0.57421875;0.12890625;0.63671875;0.49609375;0.1064453125;0.58984375;0.4140625;0.0869140625;0.396484375;0.12109375;0.03125;0.0380859375;0.146484375;0.068359375;0.01611328125;0.130859375;0.05859375;0.0146484375;0.8
84;84;81.99;0.140625;0.375;0.75;0.2109375;0.1328125;0.75;0.84375;0.21875;0.8125;0.859375;0.21875;0.75;0.7890625;0.208984375;0.33984375;0.7734375;0.84375;0.216796875;0.828125;0.859375;0.216796875;0.8515625;0.875;0.21875;0.76953125;0.62109375;0.1630859375;0.205078125;0.63671875;0.6328125;0.158203125;0.66796875;0.6171875;0.150390625;0.6640625;0.6015625;0.14453125;0.65234375;0.5703125;0.1337890625;0.63671875;0.53515625;0.1259765625;0.408203125;0.12890625;0.03369140625;0.03466796875;0.138671875;0.12109375;0.03125;0.138671875;0.123046875;0.0322265625;0.8;0.140625;0.375;0.75;0.20703125;0.1328125;0.75;0.84375;0.21875;0.8125;0.84375;0.21875;0.7421875;0.78125;0.20703125;0.33984375;0.7578125;0.8359375;0.21484375;0.8203125;0.859375;0.21484375;0.84375;0.8671875;0.21484375;0.765625;0.65625;0.1728515625;0.2275390625;0.671875;0.65625;0.1630859375;0.69140625;0.6171875;0.1455078125;0.67578125;0.58203125;0.130859375;0.64453125;0.5078125;0.109375;0.59765625;0.4296875;0.091796875;0.404296875;0.125;0.0322265625;0.03857421875;0.150390625;0.076171875;0.01806640625;0.134765625;0.06640625;0.0166015625;0.8
85;85;81.61;0.140625;0.375;0.765625;0.2109375;0.13671875;0.75;0.828125;0.21875;0.8125;0.859375;0.21875;0.7421875;0.7890625;0.208984375;0.337890625;0.7734375;0.84375;0.216796875;0.828125;0.859375;0.21484375;0.84375;0.8671875;0.216796875;0.765625;0.6171875;0.1611328125;0.201171875;0.62890625;0.62890625;0.15625;0.66015625;0.61328125;0.1494140625;0.66015625;0.59765625;0.1435546875;0.6484375;0.5703125;0.134765625;0.6328125;0.53515625;0.1259765625;0.40234375;0.126953125;0.03369140625;0.0341796875;0.138671875;0.12109375;0.03125;0.138671875;0.123046875;0.0322265625;0.8;0.140625;0.375;0.75;0.20703125;0.1328125;0.75;0.84375;0.21875;0.8125;0.84375;0.21875;0.7421875;0.78125;0.20703125;0.33984375;0.7578125;0.8359375;0.21484375;0.8203125;0.859375;0.21484375;0.84375;0.859375;0.21484375;0.765625;0.65625;0.1728515625;0.2275390625;0.671875;0.65625;0.1630859375;0.69140625;0.6171875;0.1455078125;0.67578125;0.5859375;0.1328125;0.6484375;0.51953125;0.11328125;0.60546875;0.4453125;0.095703125;0.408203125;0.12890625;0.033203125;0.0390625;0.15234375;0.0859375;0.02099609375;0.140625;0.080078125;0.0205078125;0.8
86;86;81.61;0.140625;0.375;0.765625;0.2109375;0.1328125;0.75;0.84375;0.21875;0.8125;0.859375;0.21875;0.75;0.7890625;0.208984375;0.33984375;0.7734375;0.84375;0.216796875;0.828125;0.8671875;0.216796875;0.8515625;0.875;0.21875;0.76953125;0.625;0.1630859375;0.2041015625;0.640625;0.6328125;0.1611328125;0.671875;0.6328125;0.1552734375;0.671875;0.6171875;0.1513671875;0.66796875;0.6015625;0.146484375;0.65625;0.58203125;0.1416015625;0.419921875;0.1328125;0.03466796875;0.03515625;0.140625;0.12890625;0.033203125;0.140625;0.12890625;0.033203125;0.8;0.140625;0.375;0.75;0.20703125;0.1328125;0.75;0.84375;0.21875;0.8125;0.84375;0.21875;0.7421875;0.78125;0.20703125;0.33984375;0.7578125;0.8359375;0.21484375;0.8203125;0.859375;0.21484375;0.84375;0.8671875;0.21484375;0.765625;0.66015625;0.1728515625;0.2275390625;0.671875;0.65625;0.1630859375;0.69140625;0.609375;0.1435546875;0.671875;0.5703125;0.126953125;0.6328125;0.48828125;0.103515625;0.58203125;0.40234375;0.0830078125;0.390625;0.1171875;0.02978515625;0.03759765625;0.142578125;0.060546875;0.013671875;0.123046875;0.048828125;0.01171875;0.8
87;87;81.81;0.140625;0.375;0.75;0.2109375;0.1328125;0.75;0.828125;0.21875;0.8125;0.859375;0.21875;0.7421875;0.78125;0.20703125;0.3359375;0.765625;0.8359375;0.216796875;0.8203125;0.859375;0.216796875;0.84375;0.8671875;0.216796875;0.765625;0.61328125;0.1611328125;0.2021484375;0.62890625;0.62109375;0.15625;0.66015625;0.60546875;0.1474609375;0.65625;0.59765625;0.14453125;0.6484375;0.57421875;0.134765625;0.6328125;0.5390625;0.1279296875;0.40625;0.12890625;0.03369140625;0.03466796875;0.138671875;0.123046875;0.03173828125;0.138671875;0.125;0.03271484375;0.8;0.140625;0.375;0.75;0.20703125;0.1328125;0.75;0.84375;0.21875;0.8125;0.84375;0.21875;0.7421875;0.78125;0.20703125;0.33984375;0.7578125;0.8359375;0.21484375;0.8203125;0.859375;0.21484375;0.84375;0.8671875;0.216796875;0.765625;0.66015625;0.1728515625;0.2275390625;0.67578125;0.66015625;0.1640625;0.6953125;0.625;0.1484375;0.68359375;0.59375;0.134765625;0.65625;0.53125;0.1162109375;0.61328125;0.45703125;0.099609375;0.4140625;0.130859375;0.0341796875;0.03955078125;0.154296875;0.087890625;0.02197265625;0.142578125;0.08203125;0.02099609375;0.8
88;88;81.68;0.140625;0.359375;0.75;0.20703125;0.1328125;0.734375;0.828125;0.21875;0.8125;0.859375;0.21875;0.75;0.7890625;0.208984375;0.337890625;0.7734375;0.84375;0.216796875;0.828125;0.8671875;0.216796875;0.8515625;0.875;0.21875;0.76953125;0.62109375;0.1640625;0.2041015625;0.640625;0.63671875;0.16015625;0.66796875;0.625;0.1533203125;0.66796875;0.61328125;0.1474609375;0.66015625;0.58203125;0.1396484375;0.64453125;0.55078125;0.130859375;0.412109375;0.12890625;0.03369140625;0.03466796875;0.138671875;0.123046875;0.03173828125;0.138671875;0.125;0.03271484375;0.8;0.140625;0.375;0.75;0.20703125;0.1328125;0.75;0.84375;0.21875;0.8125;0.84375;0.21875;0.7421875;0.78125;0.20703125;0.33984375;0.7578125;0.8359375;0.21484375;0.8203125;0.859375;0.21484375;0.84375;0.8671875;0.216796875;0.765625;0.66015625;0.1728515625;0.2275390625;0.67578125;0.66015625;0.1640625;0.6953125;0.625;0.1474609375;0.68359375;0.58984375;0.134765625;0.65234375;0.5234375;0.1142578125;0.609375;0.44921875;0.0966796875;0.41015625;0.12890625;0.033203125;0.0390625;0.15234375;0.08203125;0.01953125;0.138671875;0.07421875;0.0185546875;0.8
89;89;81.83;0.140625;0.359375;0.75;0.20703125;0.1328125;0.75;0.84375;0.21875;0.8125;0.859375;0.21875;0.7421875;0.7890625;0.208984375;0.337890625;0.765625;0.84375;0.216796875;0.828125;0.8671875;0.216796875;0.8515625;0.875;0.21875;0.765625;0.62109375;0.162109375;0.2041015625;0.63671875;0.62890625;0.1572265625;0.66015625;0.6015625;0.1455078125;0.65234375;0.5859375;0.1376953125;0.640625;0.55078125;0.126953125;0.6171875;0.5078125;0.1162109375;0.396484375;0.123046875;0.0322265625;0.03369140625;0.13671875;0.11328125;0.02978515625;0.13671875;0.12109375;0.03173828125;0.8;0.140625;0.375;0.75;0.20703125;0.1328125;0.75;0.84375;0.21875;0.8125;0.84375;0.21875;0.7421875;0.78125;0.20703125;0.33984375;0.7578125;0.8359375;0.21484375;0.8203125;0.859375;0.21484375;0.84375;0.8671875;0.216796875;0.765625;0.66015625;0.1728515625;0.2275390625;0.67578125;0.66015625;0.1640625;0.6953125;0.62109375;0.1474609375;0.6796875;0.58984375;0.134765625;0.65234375;0.5234375;0.115234375;0.609375;0.453125;0.09765625;0.412109375;0.12890625;0.03369140625;0.0390625;0.154296875;0.087890625;0.021484375;0.142578125;0.08203125;0.021484375;0.8
90;90;81.78;0.140625;0.375;0.75;0.2109375;0.13671875;0.75;0.84375;0.21875;0.8125;0.859375;0.21875;0.7421875;0.7890625;0.208984375;0.33984375;0.7734375;0.84375;0.216796875;0.828125;0.859375;0.216796875;0.84375;0.875;0.21875;0.765625;0.62109375;0.1630859375;0.2041015625;0.63671875;0.62890625;0.1572265625;0.6640625;0.609375;0.1484375;0.66015625;0.58984375;0.1396484375;0.64453125;0.5546875;0.12890625;0.625;0.515625;0.119140625;0.400390625;0.125;0.03271484375;0.0341796875;0.13671875;0.11328125;0.02978515625;0.13671875;0.12109375;0.03173828125;0.8;0.140625;0.375;0.75;0.20703125;0.1328125;0.75;0.84375;0.21875;0.8125;0.84375;0.21875;0.734375;0.78125;0.20703125;0.33984375;0.7578125;0.8359375;0.21484375;0.8203125;0.859375;0.21484375;0.84375;0.8671875;0.216796875;0.765625;0.65625;0.1728515625;0.2275390625;0.671875;0.65625;0.1630859375;0.69140625;0.6171875;0.1455078125;0.67578125;0.58203125;0.1318359375;0.64453125;0.51171875;0.1103515625;0.59765625;0.43359375;0.0927734375;0.404296875;0.125;0.03271484375;0.03857421875;0.15234375;0.08203125;0.02001953125;0.140625;0.078125;0.0205078125;0.8
91;91;81.8;0.140625;0.359375;0.75;0.20703125;0.12890625;0.734375;0.84375;0.21875;0.8125;0.859375;0.21875;0.7421875;0.7890625;0.208984375;0.3359375;0.7734375;0.84375;0.216796875;0.828125;0.8671875;0.21484375;0.84375;0.875;0.21875;0.765625;0.62109375;0.162109375;0.2001953125;0.6328125;0.62890625;0.158203125;0.66015625;0.609375;0.1474609375;0.65625;0.59375;0.1416015625;0.6484375;0.5625;0.1318359375;0.625;0.52734375;0.123046875;0.40234375;0.126953125;0.033203125;0.0341796875;0.138671875;0.119140625;0.03125;0.138671875;0.123046875;0.0322265625;0.8;0.140625;0.375;0.75;0.20703125;0.1328125;0.75;0.84375;0.21875;0.8125;0.84375;0.21875;0.7421875;0.78125;0.20703125;0.33984375;0.7578125;0.8359375;0.21484375;0.8203125;0.859375;0.21484375;0.84375;0.8671875;0.216796875;0.765625;0.65625;0.1728515625;0.2275390625;0.671875;0.65625;0.1630859375;0.69140625;0.6171875;0.1455078125;0.67578125;0.58203125;0.1318359375;0.64453125;0.51171875;0.1103515625;0.59765625;0.43359375;0.0927734375;0.404296875;0.125;0.0322265625;0.03857421875;0.150390625;0.080078125;0.01904296875;0.13671875;0.07421875;0.01904296875;0.8
92;92;81.91;0.140625;0.375;0.765625;0.2109375;0.1328125;0.75;0.84375;0.21875;0.8125;0.859375;0.21875;0.7421875;0.7890625;0.208984375;0.337890625;0.7734375;0.84375;0.216796875;0.828125;0.8671875;0.216796875;0.84375;0.875;0.21875;0.765625;0.625;0.1630859375;0.2041015625;0.63671875;0.62890625;0.158203125;0.6640625;0.62109375;0.1513671875;0.6640625;0.609375;0.1474609375;0.65625;0.58203125;0.138671875;0.640625;0.5546875;0.130859375;0.41015625;0.12890625;0.0341796875;0.03466796875;0.140625;0.123046875;0.0322265625;0.140625;0.126953125;0.03271484375;0.8;0.140625;0.375;0.75;0.20703125;0.1328125;0.75;0.84375;0.21875;0.8125;0.84375;0.21875;0.734375;0.78125;0.20703125;0.33984375;0.7578125;0.8359375;0.21484375;0.8203125;0.859375;0.21484375;0.84375;0.8671875;0.21484375;0.765625;0.65625;0.1728515625;0.2275390625;0.671875;0.65625;0.1630859375;0.69140625;0.61328125;0.14453125;0.671875;0.578125;0.1298828125;0.63671875;0.5;0.1064453125;0.5859375;0.4140625;0.0859375;0.39453125;0.119140625;0.0302734375;0.0380859375;0.14453125;0.064453125;0.01513671875;0.126953125;0.0546875;0.01318359375;0.8
93;93;81.83;0.140625;0.359375;0.75;0.20703125;0.1328125;0.75;0.84375;0.21875;0.8125;0.859375;0.21875;0.7421875;0.7890625;0.208984375;0.3359375;0.7734375;0.84375;0.216796875;0.828125;0.859375;0.216796875;0.84375;0.875;0.21875;0.765625;0.6171875;0.1630859375;0.201171875;0.6328125;0.62890625;0.158203125;0.6640625;0.62109375;0.15234375;0.6640625;0.609375;0.146484375;0.65625;0.5859375;0.140625;0.63671875;0.55078125;0.1318359375;0.41015625;0.130859375;0.0341796875;0.03466796875;0.140625;0.126953125;0.03271484375;0.140625;0.130859375;0.03369140625;0.8;0.140625;0.375;0.75;0.20703125;0.1328125;0.75;0.84375;0.21875;0.8125;0.84375;0.21875;0.7421875;0.78125;0.20703125;0.33984375;0.7578125;0.8359375;0.21484375;0.8203125;0.859375;0.21484375;0.84375;0.8671875;0.216796875;0.765625;0.65625;0.1728515625;0.2275390625;0.671875;0.66015625;0.1640625;0.6953125;0.62109375;0.146484375;0.6796875;0.5859375;0.1328125;0.6484375;0.515625;0.1123046875;0.6015625;0.4375;0.09375;0.40625;0.126953125;0.03271484375;0.0390625;0.15234375;0.080078125;0.01953125;0.13671875;0.072265625;0.0185546875;0.8
94;94;81.77;0.140625;0.375;0.75;0.20703125;0.1328125;0.75;0.84375;0.21875;0.8125;0.859375;0.21875;0.75;0.7890625;0.208984375;0.33984375;0.7734375;0.84375;0.21484375;0.828125;0.859375;0.21484375;0.84375;0.8671875;0.216796875;0.765625;0.61328125;0.162109375;0.2041015625;0.62890625;0.625;0.1552734375;0.66015625;0.6015625;0.1455078125;0.65625;0.58984375;0.1396484375;0.64453125;0.55859375;0.130859375;0.625;0.5234375;0.1220703125;0.400390625;0.126953125;0.033203125;0.0341796875;0.138671875;0.12109375;0.03125;0.138671875;0.125;0.03271484375;0.8;0.140625;0.375;0.75;0.20703125;0.1328125;0.75;0.84375;0.21875;0.8125;0.84375;0.21875;0.7421875;0.78125;0.20703125;0.33984375;0.7578125;0.8359375;0.21484375;0.8203125;0.859375;0.21484375;0.84375;0.8671875;0.216796875;0.765625;0.66015625;0.1728515625;0.2275390625;0.67578125;0.66015625;0.1650390625;0.69921875;0.62890625;0.1494140625;0.68359375;0.6015625;0.1376953125;0.66015625;0.5390625;0.119140625;0.62109375;0.47265625;0.103515625;0.419921875;0.134765625;0.03515625;0.0400390625;0.158203125;0.095703125;0.0244140625;0.1484375;0.09375;0.0244140625;0.8
95;95;81.7;0.140625;0.375;0.75;0.20703125;0.13671875;0.75;0.84375;0.21875;0.8125;0.859375;0.21875;0.7421875;0.7890625;0.208984375;0.3359375;0.7734375;0.84375;0.216796875;0.828125;0.859375;0.216796875;0.84375;0.875;0.216796875;0.765625;0.62109375;0.1630859375;0.203125;0.63671875;0.6328125;0.158203125;0.66796875;0.6171875;0.1494140625;0.66015625;0.59765625;0.1435546875;0.65234375;0.56640625;0.1328125;0.63671875;0.53125;0.1240234375;0.40625;0.12890625;0.033203125;0.0341796875;0.138671875;0.119140625;0.03125;0.138671875;0.123046875;0.0322265625;0.8;0.140625;0.375;0.75;0.20703125;0.1328125;0.75;0.84375;0.21875;0.8125;0.84375;0.21875;0.7421875;0.78125;0.20703125;0.33984375;0.7578125;0.8359375;0.21484375;0.8203125;0.859375;0.21484375;0.84375;0.8671875;0.216796875;0.765625;0.65625;0.1728515625;0.2275390625;0.671875;0.65625;0.1630859375;0.69140625;0.6171875;0.1455078125;0.67578125;0.58203125;0.1318359375;0.64453125;0.51171875;0.111328125;0.6015625;0.43359375;0.0927734375;0.404296875;0.125;0.03271484375;0.03857421875;0.15234375;0.08203125;0.02001953125;0.138671875;0.076171875;0.02001953125;0.8
96;96;81.88;0.125;0.359375;0.75;0.20703125;0.12890625;0.734375;0.828125;0.21875;0.8125;0.859375;0.21875;0.75;0.7890625;0.208984375;0.337890625;0.7734375;0.84375;0.216796875;0.828125;0.8671875;0.216796875;0.8515625;0.875;0.21875;0.76953125;0.62109375;0.1630859375;0.203125;0.63671875;0.62890625;0.15625;0.66015625;0.60546875;0.146484375;0.65625;0.59375;0.1396484375;0.64453125;0.5546875;0.1298828125;0.62109375;0.515625;0.1201171875;0.400390625;0.126953125;0.033203125;0.0341796875;0.138671875;0.12109375;0.03173828125;0.138671875;0.126953125;0.033203125;0.8;0.140625;0.375;0.75;0.20703125;0.1328125;0.75;0.84375;0.21875;0.8125;0.84375;0.21875;0.7421875;0.78125;0.20703125;0.33984375;0.7578125;0.8359375;0.21484375;0.8203125;0.859375;0.21484375;0.84375;0.8671875;0.216796875;0.765625;0.66015625;0.1728515625;0.2275390625;0.67578125;0.66015625;0.1640625;0.6953125;0.625;0.1484375;0.68359375;0.59765625;0.1376953125;0.66015625;0.54296875;0.1201171875;0.625;0.4765625;0.10546875;0.421875;0.13671875;0.03564453125;0.0400390625;0.16015625;0.10546875;0.02685546875;0.15234375;0.103515625;0.02734375;0.8
97;97;81.95;0.140625;0.375;0.75;0.20703125;0.1328125;0.75;0.84375;0.21875;0.8125;0.859375;0.21875;0.7421875;0.78125;0.20703125;0.337890625;0.7734375;0.8359375;0.21484375;0.828125;0.859375;0.216796875;0.84375;0.8671875;0.216796875;0.765625;0.62109375;0.162109375;0.2021484375;0.6328125;0.625;0.1572265625;0.65625;0.609375;0.146484375;0.65234375;0.58984375;0.140625;0.63671875;0.55859375;0.12890625;0.62109375;0.515625;0.1201171875;0.400390625;0.125;0.033203125;0.0341796875;0.13671875;0.1171875;0.03076171875;0.138671875;0.123046875;0.0322265625;0.8;0.140625;0.375;0.75;0.20703125;0.1328125;0.75;0.84375;0.21875;0.8125;0.84375;0.21875;0.7421875;0.78125;0.20703125;0.33984375;0.7578125;0.8359375;0.21484375;0.8203125;0.859375;0.21484375;0.84375;0.8671875;0.216796875;0.765625;0.66015625;0.1728515625;0.2275390625;0.67578125;0.66015625;0.1640625;0.6953125;0.625;0.1484375;0.68359375;0.59765625;0.13671875;0.65625;0.53515625;0.1171875;0.6171875;0.46484375;0.1015625;0.416015625;0.1328125;0.03466796875;0.03955078125;0.15625;0.09375;0.0234375;0.146484375;0.091796875;0.0234375;0.8
98;98;81.9;0.140625;0.375;0.765625;0.2109375;0.13671875;0.75;0.84375;0.21875;0.8125;0.859375;0.21875;0.75;0.7890625;0.208984375;0.341796875;0.7734375;0.84375;0.216796875;0.828125;0.859375;0.216796875;0.84375;0.875;0.21875;0.76953125;0.625;0.1630859375;0.2041015625;0.63671875;0.625;0.15625;0.6640625;0.60546875;0.1474609375;0.66015625;0.58984375;0.140625;0.64453125;0.5625;0.1318359375;0.62890625;0.5234375;0.1220703125;0.40234375;0.126953125;0.033203125;0.0341796875;0.138671875;0.12109375;0.03125;0.138671875;0.123046875;0.03271484375;0.8;0.140625;0.375;0.75;0.20703125;0.1328125;0.75;0.84375;0.21875;0.8125;0.84375;0.21875;0.734375;0.78125;0.20703125;0.33984375;0.7578125;0.8359375;0.21484375;0.8203125;0.859375;0.21484375;0.84375;0.8671875;0.216796875;0.765625;0.66015625;0.1728515625;0.2275390625;0.67578125;0.66015625;0.1650390625;0.69921875;0.62890625;0.1494140625;0.6875;0.6015625;0.138671875;0.6640625;0.546875;0.1220703125;0.625;0.48046875;0.1064453125;0.423828125;0.13671875;0.03564453125;0.0400390625;0.158203125;0.1015625;0.025390625;0.150390625;0.09765625;0.025390625;0.8
99;99;81.85;0.140625;0.375;0.75;0.2109375;0.1328125;0.75;0.84375;0.21875;0.8125;0.859375;0.21875;0.7421875;0.7890625;0.208984375;0.337890625;0.7734375;0.84375;0.216796875;0.828125;0.859375;0.216796875;0.8515625;0.875;0.21875;0.765625;0.62109375;0.1630859375;0.2041015625;0.63671875;0.6328125;0.1572265625;0.6640625;0.61328125;0.150390625;0.6640625;0.60546875;0.14453125;0.65234375;0.5703125;0.134765625;0.6328125;0.5390625;0.126953125;0.40625;0.12890625;0.03369140625;0.03466796875;0.138671875;0.12109375;0.03173828125;0.138671875;0.126953125;0.03271484375;0.8;0.140625;0.375;0.75;0.20703125;0.1328125;0.75;0.84375;0.21875;0.8125;0.84375;0.21875;0.7421875;0.78125;0.20703125;0.33984375;0.7578125;0.8359375;0.21484375;0.8203125;0.859375;0.21484375;0.84375;0.8671875;0.216796875;0.765625;0.66015625;0.1728515625;0.2275390625;0.67578125;0.66015625;0.1650390625;0.69921875;0.62890625;0.150390625;0.6875;0.60546875;0.1396484375;0.6640625;0.55078125;0.123046875;0.62890625;0.48828125;0.107421875;0.42578125;0.138671875;0.0361328125;0.0400390625;0.16015625;0.103515625;0.0263671875;0.15234375;0.1015625;0.02587890625;0.8
