;Epoch;test_accuracy;train-saturation_conv1;train-saturation_layer1-0-conv1;train-saturation_layer1-0-conv2;train-saturation_layer1-0-conv3;train-saturation_layer1-0-shortcut-0;train-saturation_layer1-1-conv1;train-saturation_layer1-1-conv2;train-saturation_layer1-1-conv3;train-saturation_layer1-2-conv1;train-saturation_layer1-2-conv2;train-saturation_layer1-2-conv3;train-saturation_layer2-0-conv1;train-saturation_layer2-0-conv2;train-saturation_layer2-0-conv3;train-saturation_layer2-0-shortcut-0;train-saturation_layer2-1-conv1;train-saturation_layer2-1-conv2;train-saturation_layer2-1-conv3;train-saturation_layer2-2-conv1;train-saturation_layer2-2-conv2;train-saturation_layer2-2-conv3;train-saturation_layer2-3-conv1;train-saturation_layer2-3-conv2;train-saturation_layer2-3-conv3;train-saturation_layer3-0-conv1;train-saturation_layer3-0-conv2;train-saturation_layer3-0-conv3;train-saturation_layer3-0-shortcut-0;train-saturation_layer3-1-conv1;train-saturation_layer3-1-conv2;train-saturation_layer3-1-conv3;train-saturation_layer3-2-conv1;train-saturation_layer3-2-conv2;train-saturation_layer3-2-conv3;train-saturation_layer3-3-conv1;train-saturation_layer3-3-conv2;train-saturation_layer3-3-conv3;train-saturation_layer3-4-conv1;train-saturation_layer3-4-conv2;train-saturation_layer3-4-conv3;train-saturation_layer3-5-conv1;train-saturation_layer3-5-conv2;train-saturation_layer3-5-conv3;train-saturation_layer4-0-conv1;train-saturation_layer4-0-conv2;train-saturation_layer4-0-conv3;train-saturation_layer4-0-shortcut-0;train-saturation_layer4-1-conv1;train-saturation_layer4-1-conv2;train-saturation_layer4-1-conv3;train-saturation_layer4-2-conv1;train-saturation_layer4-2-conv2;train-saturation_layer4-2-conv3;train-saturation_linear;eval-saturation_conv1;eval-saturation_layer1-0-conv1;eval-saturation_layer1-0-conv2;eval-saturation_layer1-0-conv3;eval-saturation_layer1-0-shortcut-0;eval-saturation_layer1-1-conv1;eval-saturation_layer1-1-conv2;eval-saturation_layer1-1-conv3;eval-saturation_layer1-2-conv1;eval-saturation_layer1-2-conv2;eval-saturation_layer1-2-conv3;eval-saturation_layer2-0-conv1;eval-saturation_layer2-0-conv2;eval-saturation_layer2-0-conv3;eval-saturation_layer2-0-shortcut-0;eval-saturation_layer2-1-conv1;eval-saturation_layer2-1-conv2;eval-saturation_layer2-1-conv3;eval-saturation_layer2-2-conv1;eval-saturation_layer2-2-conv2;eval-saturation_layer2-2-conv3;eval-saturation_layer2-3-conv1;eval-saturation_layer2-3-conv2;eval-saturation_layer2-3-conv3;eval-saturation_layer3-0-conv1;eval-saturation_layer3-0-conv2;eval-saturation_layer3-0-conv3;eval-saturation_layer3-0-shortcut-0;eval-saturation_layer3-1-conv1;eval-saturation_layer3-1-conv2;eval-saturation_layer3-1-conv3;eval-saturation_layer3-2-conv1;eval-saturation_layer3-2-conv2;eval-saturation_layer3-2-conv3;eval-saturation_layer3-3-conv1;eval-saturation_layer3-3-conv2;eval-saturation_layer3-3-conv3;eval-saturation_layer3-4-conv1;eval-saturation_layer3-4-conv2;eval-saturation_layer3-4-conv3;eval-saturation_layer3-5-conv1;eval-saturation_layer3-5-conv2;eval-saturation_layer3-5-conv3;eval-saturation_layer4-0-conv1;eval-saturation_layer4-0-conv2;eval-saturation_layer4-0-conv3;eval-saturation_layer4-0-shortcut-0;eval-saturation_layer4-1-conv1;eval-saturation_layer4-1-conv2;eval-saturation_layer4-1-conv3;eval-saturation_layer4-2-conv1;eval-saturation_layer4-2-conv2;eval-saturation_layer4-2-conv3;eval-saturation_linear
0;0;14.09;0.03125;0.03125;0.21875;0.0234375;0.0078125;0.078125;0.125;0.0078125;0.0625;0.078125;0.00390625;0.0234375;0.015625;0.00390625;0.00390625;0.015625;0.046875;0.005859375;0.0078125;0.03125;0.001953125;0.015625;0.0390625;0.001953125;0.00390625;0.0078125;0.0009765625;0.001953125;0.0;0.0078125;0.0009765625;0.00390625;0.01171875;0.001953125;0.00390625;0.01171875;0.0009765625;0.00390625;0.01171875;0.001953125;0.0078125;0.01953125;0.0029296875;0.0;0.0;0.0;0.0;0.0;0.0;0.0;0.0;0.0;0.0;0.2;0.015625;0.03125;0.234375;0.03125;0.0078125;0.09375;0.140625;0.0078125;0.078125;0.109375;0.0078125;0.03125;0.0234375;0.00390625;0.005859375;0.015625;0.0546875;0.005859375;0.0078125;0.046875;0.005859375;0.015625;0.046875;0.001953125;0.00390625;0.0078125;0.0009765625;0.001953125;0.00390625;0.01171875;0.0009765625;0.00390625;0.015625;0.0029296875;0.01171875;0.015625;0.001953125;0.01171875;0.01953125;0.0029296875;0.015625;0.01171875;0.001953125;0.00390625;0.0;0.00048828125;0.0;0.001953125;0.001953125;0.0009765625;0.00390625;0.00390625;0.00048828125;0.2
1;1;26.5;0.03125;0.03125;0.234375;0.02734375;0.0078125;0.078125;0.109375;0.0078125;0.0625;0.09375;0.00390625;0.0234375;0.015625;0.00390625;0.00390625;0.0234375;0.0546875;0.005859375;0.015625;0.03125;0.001953125;0.015625;0.0390625;0.001953125;0.00390625;0.0078125;0.0009765625;0.0009765625;0.0;0.0078125;0.0009765625;0.0;0.01171875;0.001953125;0.00390625;0.01171875;0.0009765625;0.00390625;0.01171875;0.001953125;0.00390625;0.01953125;0.0029296875;0.0;0.0;0.0;0.0;0.0;0.0;0.0;0.0;0.0;0.0;0.3;0.015625;0.03125;0.234375;0.03125;0.0078125;0.109375;0.140625;0.0078125;0.078125;0.125;0.0078125;0.03125;0.0234375;0.00390625;0.005859375;0.0234375;0.0703125;0.005859375;0.015625;0.046875;0.005859375;0.015625;0.0625;0.00390625;0.00390625;0.0078125;0.0009765625;0.001953125;0.00390625;0.01171875;0.0009765625;0.0078125;0.015625;0.0029296875;0.015625;0.015625;0.001953125;0.01171875;0.01953125;0.0029296875;0.015625;0.01171875;0.0029296875;0.00390625;0.001953125;0.00048828125;0.0;0.001953125;0.001953125;0.0009765625;0.00390625;0.00390625;0.00048828125;0.3
2;2;35.54;0.03125;0.03125;0.234375;0.02734375;0.0078125;0.09375;0.125;0.0078125;0.078125;0.09375;0.0078125;0.0234375;0.015625;0.00390625;0.005859375;0.03125;0.078125;0.005859375;0.015625;0.046875;0.00390625;0.0234375;0.0625;0.00390625;0.00390625;0.0078125;0.0009765625;0.001953125;0.0;0.0078125;0.0009765625;0.00390625;0.01171875;0.0029296875;0.0078125;0.01171875;0.0009765625;0.0078125;0.015625;0.001953125;0.0078125;0.0234375;0.00390625;0.0;0.0;0.0;0.0;0.0;0.0;0.0;0.0;0.0;0.0;0.3;0.015625;0.03125;0.234375;0.03515625;0.0078125;0.125;0.15625;0.01171875;0.109375;0.15625;0.01171875;0.046875;0.0234375;0.005859375;0.0078125;0.03125;0.0859375;0.005859375;0.015625;0.046875;0.005859375;0.0234375;0.078125;0.00390625;0.0078125;0.0078125;0.0009765625;0.0029296875;0.00390625;0.01171875;0.0009765625;0.0078125;0.015625;0.0029296875;0.01953125;0.02734375;0.00390625;0.015625;0.01953125;0.0029296875;0.01953125;0.01171875;0.0029296875;0.005859375;0.005859375;0.00146484375;0.00048828125;0.001953125;0.001953125;0.0009765625;0.00390625;0.00390625;0.0009765625;0.3
3;3;38.77;0.03125;0.046875;0.265625;0.03125;0.01171875;0.125;0.1875;0.0078125;0.109375;0.125;0.0078125;0.046875;0.0234375;0.005859375;0.009765625;0.046875;0.109375;0.0078125;0.0234375;0.0546875;0.00390625;0.03125;0.078125;0.00390625;0.00390625;0.0078125;0.0009765625;0.001953125;0.0;0.0078125;0.0009765625;0.00390625;0.01171875;0.0029296875;0.0078125;0.01171875;0.0009765625;0.00390625;0.01171875;0.001953125;0.0078125;0.02734375;0.0048828125;0.0;0.0;0.0;0.0;0.0;0.0;0.0;0.0;0.0;0.0;0.4;0.015625;0.046875;0.28125;0.0390625;0.01171875;0.15625;0.25;0.015625;0.15625;0.21875;0.015625;0.078125;0.03125;0.0078125;0.01171875;0.0546875;0.09375;0.005859375;0.0234375;0.0625;0.005859375;0.03125;0.0703125;0.00390625;0.0078125;0.0078125;0.0009765625;0.00390625;0.00390625;0.01171875;0.0009765625;0.00390625;0.015625;0.0029296875;0.01953125;0.02734375;0.00390625;0.01171875;0.01953125;0.001953125;0.01953125;0.015625;0.0029296875;0.0078125;0.005859375;0.0009765625;0.00048828125;0.001953125;0.001953125;0.0009765625;0.00390625;0.00390625;0.00048828125;0.4
4;4;43.1;0.03125;0.0625;0.296875;0.03515625;0.0234375;0.15625;0.1875;0.01171875;0.15625;0.15625;0.0078125;0.0703125;0.0234375;0.005859375;0.01171875;0.0703125;0.140625;0.009765625;0.03125;0.0703125;0.005859375;0.0546875;0.109375;0.005859375;0.0078125;0.0078125;0.0009765625;0.0029296875;0.0;0.01171875;0.0009765625;0.0;0.01171875;0.0029296875;0.0078125;0.01171875;0.0009765625;0.00390625;0.01171875;0.0009765625;0.0078125;0.02734375;0.0048828125;0.0;0.0;0.0;0.00048828125;0.0;0.0;0.0;0.0;0.0;0.0;0.4;0.015625;0.0625;0.328125;0.046875;0.01953125;0.234375;0.34375;0.02734375;0.21875;0.265625;0.0234375;0.1171875;0.046875;0.0078125;0.015625;0.078125;0.1328125;0.0078125;0.03125;0.09375;0.009765625;0.046875;0.0859375;0.005859375;0.01171875;0.0078125;0.0009765625;0.005859375;0.00390625;0.01171875;0.0009765625;0.0078125;0.015625;0.001953125;0.0234375;0.02734375;0.00390625;0.015625;0.01953125;0.0029296875;0.01953125;0.01953125;0.0048828125;0.009765625;0.0078125;0.00146484375;0.0009765625;0.005859375;0.001953125;0.0009765625;0.0078125;0.00390625;0.00048828125;0.4
5;5;46.26;0.03125;0.09375;0.359375;0.046875;0.02734375;0.25;0.28125;0.015625;0.28125;0.25;0.01171875;0.15625;0.0625;0.0078125;0.0234375;0.09375;0.1640625;0.015625;0.046875;0.0859375;0.0078125;0.0703125;0.125;0.005859375;0.01171875;0.0078125;0.0009765625;0.0048828125;0.00390625;0.0078125;0.0009765625;0.00390625;0.01171875;0.0029296875;0.0078125;0.01171875;0.0009765625;0.0078125;0.015625;0.0009765625;0.01171875;0.03125;0.0048828125;0.0;0.0;0.00048828125;0.00146484375;0.001953125;0.0;0.0;0.0;0.0;0.0;0.5;0.03125;0.09375;0.390625;0.0546875;0.0234375;0.296875;0.421875;0.04296875;0.3125;0.328125;0.0234375;0.1875;0.109375;0.009765625;0.0234375;0.0859375;0.1640625;0.015625;0.0390625;0.109375;0.009765625;0.0703125;0.1171875;0.0078125;0.015625;0.01171875;0.0009765625;0.0068359375;0.00390625;0.01171875;0.0009765625;0.0078125;0.015625;0.0029296875;0.0234375;0.03125;0.0048828125;0.015625;0.02734375;0.0029296875;0.0234375;0.0234375;0.00390625;0.01171875;0.0078125;0.001953125;0.00146484375;0.005859375;0.001953125;0.0009765625;0.005859375;0.00390625;0.00048828125;0.5
6;6;49.15;0.03125;0.109375;0.390625;0.0546875;0.03125;0.296875;0.34375;0.02734375;0.328125;0.328125;0.015625;0.1953125;0.1796875;0.013671875;0.029296875;0.109375;0.21875;0.021484375;0.078125;0.1015625;0.0078125;0.09375;0.1328125;0.0078125;0.01953125;0.0078125;0.0009765625;0.0068359375;0.00390625;0.01171875;0.0009765625;0.00390625;0.01171875;0.00390625;0.0078125;0.01171875;0.0009765625;0.00390625;0.015625;0.0009765625;0.01171875;0.03125;0.0048828125;0.001953125;0.0;0.00048828125;0.001953125;0.001953125;0.0;0.0;0.0;0.0;0.0;0.5;0.03125;0.109375;0.40625;0.05859375;0.03125;0.328125;0.421875;0.04296875;0.34375;0.359375;0.01953125;0.203125;0.1875;0.013671875;0.02734375;0.09375;0.21875;0.021484375;0.0703125;0.109375;0.009765625;0.09375;0.140625;0.009765625;0.0234375;0.01171875;0.0009765625;0.0087890625;0.00390625;0.01171875;0.0009765625;0.0078125;0.01953125;0.00390625;0.015625;0.01953125;0.001953125;0.01171875;0.0234375;0.0029296875;0.0234375;0.02734375;0.00390625;0.009765625;0.005859375;0.001953125;0.001953125;0.009765625;0.001953125;0.00146484375;0.01171875;0.00390625;0.0009765625;0.5
7;7;44.7;0.046875;0.109375;0.453125;0.0546875;0.03125;0.3125;0.46875;0.046875;0.375;0.453125;0.03125;0.203125;0.234375;0.017578125;0.03515625;0.109375;0.2578125;0.025390625;0.0859375;0.1328125;0.013671875;0.1015625;0.1484375;0.013671875;0.03515625;0.01953125;0.0009765625;0.0107421875;0.00390625;0.01171875;0.0009765625;0.0078125;0.015625;0.00390625;0.015625;0.01171875;0.0009765625;0.01171875;0.015625;0.001953125;0.01953125;0.03125;0.00390625;0.0078125;0.001953125;0.00146484375;0.001953125;0.001953125;0.0;0.0;0.0;0.0;0.0;0.6;0.046875;0.109375;0.46875;0.0625;0.03125;0.328125;0.453125;0.05078125;0.34375;0.453125;0.03125;0.1796875;0.1953125;0.015625;0.03125;0.09375;0.2421875;0.025390625;0.0859375;0.125;0.01171875;0.1015625;0.140625;0.013671875;0.02734375;0.01953125;0.001953125;0.009765625;0.00390625;0.01171875;0.0009765625;0.00390625;0.015625;0.00390625;0.01171875;0.01171875;0.0009765625;0.0078125;0.015625;0.0009765625;0.015625;0.03125;0.00390625;0.005859375;0.001953125;0.00146484375;0.001953125;0.001953125;0.0;0.0;0.0;0.0;0.0;0.5
8;8;50.88;0.0625;0.125;0.453125;0.05859375;0.03515625;0.3125;0.46875;0.046875;0.328125;0.453125;0.03125;0.171875;0.21875;0.01953125;0.0390625;0.1015625;0.2578125;0.03125;0.1015625;0.171875;0.015625;0.1015625;0.1640625;0.013671875;0.04296875;0.0234375;0.001953125;0.0126953125;0.00390625;0.0078125;0.0009765625;0.0078125;0.015625;0.00390625;0.015625;0.01171875;0.0009765625;0.01171875;0.015625;0.0009765625;0.01953125;0.02734375;0.00390625;0.01171875;0.005859375;0.001953125;0.001953125;0.00390625;0.0;0.0;0.00390625;0.0;0.0;0.5;0.046875;0.125;0.46875;0.05859375;0.03515625;0.3125;0.46875;0.0546875;0.3125;0.5;0.0390625;0.15625;0.203125;0.017578125;0.03515625;0.09375;0.2734375;0.03125;0.109375;0.203125;0.017578125;0.1015625;0.140625;0.013671875;0.046875;0.0234375;0.001953125;0.0126953125;0.00390625;0.01171875;0.0009765625;0.01171875;0.01953125;0.0029296875;0.03515625;0.03515625;0.00390625;0.01953125;0.03515625;0.0048828125;0.0234375;0.0234375;0.0029296875;0.015625;0.015625;0.00244140625;0.00244140625;0.009765625;0.001953125;0.0009765625;0.013671875;0.001953125;0.00048828125;0.5
9;9;50.38;0.078125;0.125;0.46875;0.0625;0.03515625;0.296875;0.46875;0.05078125;0.328125;0.5;0.0390625;0.15625;0.25;0.0234375;0.041015625;0.109375;0.2890625;0.033203125;0.1171875;0.171875;0.017578125;0.1171875;0.171875;0.015625;0.05078125;0.03125;0.001953125;0.013671875;0.00390625;0.01171875;0.0009765625;0.01171875;0.015625;0.0029296875;0.03125;0.01171875;0.0009765625;0.015625;0.01953125;0.0009765625;0.0234375;0.0234375;0.0029296875;0.015625;0.015625;0.0029296875;0.0029296875;0.009765625;0.0;0.0;0.0078125;0.0;0.0;0.6;0.0625;0.140625;0.46875;0.05859375;0.03515625;0.28125;0.46875;0.05859375;0.296875;0.46875;0.0390625;0.140625;0.2265625;0.0234375;0.037109375;0.1015625;0.2890625;0.033203125;0.109375;0.1796875;0.017578125;0.109375;0.1484375;0.013671875;0.05078125;0.03125;0.0029296875;0.0126953125;0.00390625;0.01171875;0.0009765625;0.015625;0.01953125;0.0029296875;0.0390625;0.02734375;0.001953125;0.0234375;0.03515625;0.00390625;0.0234375;0.01953125;0.0029296875;0.017578125;0.015625;0.0029296875;0.00244140625;0.009765625;0.001953125;0.00048828125;0.009765625;0.001953125;0.0;0.5
10;10;55.14;0.09375;0.125;0.453125;0.0625;0.0390625;0.28125;0.4375;0.046875;0.28125;0.40625;0.03515625;0.15625;0.234375;0.025390625;0.04296875;0.109375;0.296875;0.037109375;0.1328125;0.1953125;0.01953125;0.125;0.1953125;0.01953125;0.0625;0.0390625;0.0029296875;0.0166015625;0.00390625;0.01171875;0.0009765625;0.015625;0.01953125;0.0029296875;0.0390625;0.01171875;0.0009765625;0.02734375;0.01953125;0.0009765625;0.02734375;0.0234375;0.0029296875;0.017578125;0.015625;0.0029296875;0.0029296875;0.01171875;0.0;0.0;0.009765625;0.0;0.0;0.6;0.078125;0.140625;0.453125;0.05859375;0.0390625;0.265625;0.4375;0.0546875;0.265625;0.40625;0.0390625;0.140625;0.234375;0.025390625;0.037109375;0.109375;0.3046875;0.037109375;0.1328125;0.234375;0.021484375;0.1171875;0.1796875;0.017578125;0.0625;0.0390625;0.0029296875;0.015625;0.00390625;0.01171875;0.001953125;0.02734375;0.01953125;0.0029296875;0.046875;0.0390625;0.0029296875;0.03125;0.04296875;0.0048828125;0.02734375;0.0234375;0.0029296875;0.01953125;0.017578125;0.0029296875;0.0029296875;0.015625;0.00390625;0.00146484375;0.013671875;0.0;0.0;0.6
11;11;55.13;0.09375;0.140625;0.421875;0.06640625;0.04296875;0.25;0.359375;0.04296875;0.28125;0.40625;0.03515625;0.1484375;0.2421875;0.02734375;0.044921875;0.1171875;0.2890625;0.0390625;0.1328125;0.2109375;0.021484375;0.1328125;0.203125;0.017578125;0.06640625;0.05078125;0.00390625;0.015625;0.00390625;0.01171875;0.001953125;0.0234375;0.01953125;0.0029296875;0.0390625;0.02734375;0.001953125;0.03125;0.02734375;0.0009765625;0.0234375;0.0234375;0.001953125;0.01953125;0.017578125;0.0029296875;0.0029296875;0.013671875;0.0;0.0;0.01171875;0.0;0.0;0.6;0.09375;0.15625;0.4375;0.0625;0.04296875;0.234375;0.359375;0.046875;0.265625;0.40625;0.0390625;0.140625;0.2265625;0.02734375;0.041015625;0.109375;0.296875;0.0390625;0.1328125;0.21875;0.0234375;0.125;0.1953125;0.017578125;0.0625;0.05078125;0.00390625;0.0146484375;0.00390625;0.01171875;0.001953125;0.0234375;0.01953125;0.0029296875;0.0390625;0.0234375;0.0009765625;0.03125;0.0234375;0.0009765625;0.0234375;0.01953125;0.001953125;0.017578125;0.01953125;0.00341796875;0.0029296875;0.013671875;0.001953125;0.00048828125;0.01171875;0.0;0.0;0.5
12;12;60.04;0.109375;0.140625;0.421875;0.0625;0.04296875;0.21875;0.359375;0.05078125;0.265625;0.34375;0.03515625;0.1484375;0.2421875;0.03125;0.048828125;0.1171875;0.3046875;0.041015625;0.140625;0.2265625;0.0234375;0.1328125;0.1875;0.01953125;0.07421875;0.0703125;0.0048828125;0.0166015625;0.00390625;0.01171875;0.001953125;0.0234375;0.015625;0.0029296875;0.04296875;0.02734375;0.001953125;0.0390625;0.03125;0.001953125;0.02734375;0.0234375;0.001953125;0.01953125;0.017578125;0.0029296875;0.0029296875;0.013671875;0.001953125;0.0;0.013671875;0.0;0.0;0.6;0.109375;0.140625;0.421875;0.06640625;0.04296875;0.21875;0.34375;0.0546875;0.25;0.328125;0.04296875;0.140625;0.234375;0.029296875;0.046875;0.1171875;0.3125;0.041015625;0.1328125;0.234375;0.025390625;0.125;0.1796875;0.01953125;0.0703125;0.0625;0.0048828125;0.015625;0.0078125;0.01171875;0.001953125;0.02734375;0.01953125;0.0029296875;0.04296875;0.02734375;0.001953125;0.0390625;0.03515625;0.001953125;0.02734375;0.0234375;0.001953125;0.01953125;0.01953125;0.0029296875;0.00341796875;0.015625;0.00390625;0.00146484375;0.013671875;0.0;0.0;0.6
13;13;57.78;0.109375;0.125;0.421875;0.06640625;0.04296875;0.234375;0.34375;0.05859375;0.265625;0.359375;0.0390625;0.15625;0.25;0.03125;0.05078125;0.125;0.3125;0.04296875;0.1484375;0.21875;0.025390625;0.1328125;0.203125;0.01953125;0.078125;0.07421875;0.005859375;0.017578125;0.0078125;0.01171875;0.0009765625;0.0234375;0.015625;0.001953125;0.04296875;0.04296875;0.001953125;0.04296875;0.04296875;0.0029296875;0.0234375;0.01953125;0.001953125;0.01953125;0.01953125;0.00341796875;0.00341796875;0.015625;0.00390625;0.00048828125;0.013671875;0.0;0.0;0.6;0.109375;0.140625;0.40625;0.06640625;0.04296875;0.234375;0.34375;0.0625;0.265625;0.34375;0.04296875;0.15625;0.2421875;0.03125;0.046875;0.1171875;0.3203125;0.04296875;0.1484375;0.2265625;0.025390625;0.1328125;0.2109375;0.01953125;0.07421875;0.07421875;0.005859375;0.017578125;0.0078125;0.01171875;0.001953125;0.0234375;0.015625;0.001953125;0.04296875;0.04296875;0.001953125;0.0390625;0.04296875;0.0029296875;0.0234375;0.01953125;0.001953125;0.01953125;0.021484375;0.0029296875;0.0029296875;0.013671875;0.00390625;0.00048828125;0.01171875;0.0;0.0;0.6
14;14;56.5;0.109375;0.140625;0.40625;0.0703125;0.04296875;0.21875;0.359375;0.05859375;0.28125;0.359375;0.04296875;0.171875;0.265625;0.037109375;0.05078125;0.125;0.3203125;0.044921875;0.1484375;0.2265625;0.0234375;0.1328125;0.1953125;0.01953125;0.08203125;0.08203125;0.005859375;0.017578125;0.01171875;0.01171875;0.0009765625;0.0234375;0.01171875;0.001953125;0.04296875;0.046875;0.0029296875;0.04296875;0.04296875;0.0029296875;0.0234375;0.01953125;0.001953125;0.01953125;0.01953125;0.00341796875;0.0029296875;0.013671875;0.001953125;0.00048828125;0.013671875;0.001953125;0.0;0.6;0.109375;0.140625;0.390625;0.06640625;0.046875;0.21875;0.359375;0.0625;0.28125;0.359375;0.046875;0.1640625;0.2578125;0.03515625;0.046875;0.125;0.3203125;0.044921875;0.140625;0.2265625;0.02734375;0.125;0.1875;0.01953125;0.07421875;0.08203125;0.005859375;0.0166015625;0.01171875;0.01171875;0.0009765625;0.0234375;0.01171875;0.001953125;0.04296875;0.04296875;0.0029296875;0.04296875;0.04296875;0.0029296875;0.0234375;0.01953125;0.001953125;0.01953125;0.021484375;0.00341796875;0.0029296875;0.015625;0.00390625;0.00048828125;0.013671875;0.0;0.0;0.6
15;15;66.65;0.125;0.140625;0.40625;0.0703125;0.04296875;0.234375;0.34375;0.0546875;0.28125;0.359375;0.04296875;0.171875;0.28125;0.037109375;0.0546875;0.1328125;0.328125;0.048828125;0.15625;0.2421875;0.025390625;0.140625;0.2109375;0.021484375;0.0859375;0.08203125;0.0068359375;0.017578125;0.015625;0.01171875;0.0009765625;0.01953125;0.01171875;0.0009765625;0.04296875;0.046875;0.00390625;0.03515625;0.02734375;0.001953125;0.01953125;0.015625;0.001953125;0.01953125;0.01953125;0.0029296875;0.0029296875;0.013671875;0.00390625;0.0;0.013671875;0.0;0.0;0.6;0.125;0.15625;0.40625;0.0703125;0.046875;0.234375;0.34375;0.05859375;0.28125;0.34375;0.046875;0.1640625;0.2734375;0.037109375;0.05078125;0.125;0.328125;0.048828125;0.15625;0.2421875;0.025390625;0.140625;0.2109375;0.021484375;0.08203125;0.08203125;0.0068359375;0.0166015625;0.015625;0.01171875;0.0009765625;0.01953125;0.01171875;0.0009765625;0.0390625;0.046875;0.00390625;0.03515625;0.03125;0.001953125;0.01953125;0.015625;0.001953125;0.017578125;0.01953125;0.0029296875;0.0029296875;0.013671875;0.00390625;0.0;0.013671875;0.001953125;0.0;0.6
16;16;67.75;0.125;0.140625;0.40625;0.07421875;0.046875;0.21875;0.34375;0.05859375;0.28125;0.375;0.046875;0.1875;0.2890625;0.041015625;0.056640625;0.1328125;0.3515625;0.0546875;0.15625;0.25;0.029296875;0.1484375;0.21875;0.0234375;0.0859375;0.09765625;0.0068359375;0.01953125;0.015625;0.01171875;0.0009765625;0.01953125;0.01171875;0.0009765625;0.04296875;0.0546875;0.0029296875;0.0390625;0.03125;0.001953125;0.01953125;0.015625;0.001953125;0.01953125;0.021484375;0.00341796875;0.0029296875;0.015625;0.00390625;0.00048828125;0.01171875;0.001953125;0.0;0.6;0.125;0.15625;0.390625;0.07421875;0.046875;0.21875;0.34375;0.0625;0.28125;0.359375;0.046875;0.1796875;0.2890625;0.04296875;0.0546875;0.1328125;0.3515625;0.052734375;0.15625;0.25;0.029296875;0.140625;0.2109375;0.0234375;0.08203125;0.09375;0.0068359375;0.017578125;0.01171875;0.01171875;0.0009765625;0.01953125;0.01171875;0.0009765625;0.0390625;0.04296875;0.0029296875;0.0390625;0.03515625;0.001953125;0.01953125;0.015625;0.001953125;0.01953125;0.01953125;0.00341796875;0.0029296875;0.015625;0.00390625;0.0009765625;0.01171875;0.001953125;0.0;0.6
17;17;61.93;0.125;0.140625;0.390625;0.078125;0.046875;0.21875;0.375;0.0625;0.28125;0.375;0.05078125;0.1875;0.3046875;0.04296875;0.056640625;0.1484375;0.3515625;0.052734375;0.15625;0.2421875;0.029296875;0.1484375;0.21875;0.0234375;0.0859375;0.1015625;0.0078125;0.0185546875;0.015625;0.01171875;0.0009765625;0.01953125;0.01171875;0.0009765625;0.0390625;0.04296875;0.001953125;0.0390625;0.03125;0.001953125;0.0234375;0.015625;0.001953125;0.01953125;0.01953125;0.0029296875;0.0029296875;0.013671875;0.00390625;0.0009765625;0.013671875;0.001953125;0.0;0.7;0.125;0.15625;0.375;0.07421875;0.046875;0.21875;0.375;0.06640625;0.28125;0.359375;0.0546875;0.171875;0.296875;0.04296875;0.0546875;0.140625;0.3515625;0.05078125;0.15625;0.25;0.03125;0.1484375;0.21875;0.0234375;0.0859375;0.09765625;0.0078125;0.0185546875;0.015625;0.01171875;0.0009765625;0.01953125;0.01171875;0.0009765625;0.0390625;0.0390625;0.001953125;0.0390625;0.03515625;0.001953125;0.01953125;0.015625;0.001953125;0.01953125;0.01953125;0.00341796875;0.0029296875;0.015625;0.001953125;0.0009765625;0.01171875;0.001953125;0.0;0.6
18;18;63.97;0.140625;0.15625;0.390625;0.078125;0.046875;0.234375;0.359375;0.05859375;0.3125;0.390625;0.0546875;0.1953125;0.3203125;0.046875;0.060546875;0.1484375;0.3671875;0.052734375;0.1640625;0.2265625;0.02734375;0.15625;0.21875;0.025390625;0.09375;0.09765625;0.0078125;0.0185546875;0.015625;0.01171875;0.0009765625;0.015625;0.01171875;0.0;0.0390625;0.04296875;0.0009765625;0.0390625;0.02734375;0.001953125;0.01953125;0.015625;0.001953125;0.01953125;0.017578125;0.0029296875;0.0029296875;0.013671875;0.00390625;0.00048828125;0.01171875;0.001953125;0.0;0.6;0.140625;0.171875;0.375;0.07421875;0.046875;0.234375;0.359375;0.0625;0.296875;0.375;0.05859375;0.1796875;0.3046875;0.046875;0.0546875;0.140625;0.3671875;0.05078125;0.1640625;0.2265625;0.02734375;0.1484375;0.2109375;0.025390625;0.08984375;0.09765625;0.0068359375;0.017578125;0.015625;0.01171875;0.0009765625;0.01171875;0.01171875;0.0;0.03515625;0.0390625;0.001953125;0.03515625;0.0234375;0.001953125;0.015625;0.015625;0.001953125;0.01953125;0.01953125;0.00341796875;0.0029296875;0.01171875;0.00390625;0.00048828125;0.01171875;0.001953125;0.0;0.6
19;19;66.99;0.125;0.15625;0.40625;0.08203125;0.046875;0.234375;0.359375;0.06640625;0.3125;0.390625;0.0546875;0.203125;0.3359375;0.046875;0.0625;0.15625;0.375;0.056640625;0.171875;0.2421875;0.029296875;0.15625;0.234375;0.025390625;0.09765625;0.1015625;0.0078125;0.0185546875;0.015625;0.01171875;0.0009765625;0.015625;0.0078125;0.0;0.0390625;0.03515625;0.0009765625;0.03515625;0.02734375;0.001953125;0.015625;0.015625;0.001953125;0.01953125;0.01953125;0.00341796875;0.0029296875;0.013671875;0.00390625;0.00048828125;0.01171875;0.0;0.0;0.6;0.140625;0.15625;0.390625;0.078125;0.05078125;0.234375;0.34375;0.06640625;0.296875;0.375;0.05859375;0.1953125;0.328125;0.046875;0.05859375;0.1484375;0.3671875;0.056640625;0.1640625;0.25;0.03125;0.15625;0.2265625;0.025390625;0.09375;0.10546875;0.0078125;0.0185546875;0.015625;0.01171875;0.0009765625;0.01953125;0.0078125;0.0;0.0390625;0.03125;0.0009765625;0.03515625;0.02734375;0.001953125;0.015625;0.01171875;0.001953125;0.01953125;0.01953125;0.00341796875;0.0029296875;0.013671875;0.001953125;0.00048828125;0.01171875;0.001953125;0.0;0.6
20;20;67.78;0.140625;0.15625;0.40625;0.08203125;0.046875;0.25;0.375;0.0625;0.3125;0.390625;0.0546875;0.203125;0.3515625;0.05078125;0.0625;0.1640625;0.3828125;0.060546875;0.1796875;0.2421875;0.029296875;0.1640625;0.2265625;0.025390625;0.1015625;0.109375;0.0078125;0.01953125;0.015625;0.01171875;0.0;0.015625;0.0078125;0.0;0.03515625;0.02734375;0.0;0.03515625;0.02734375;0.001953125;0.01953125;0.01171875;0.001953125;0.01953125;0.01953125;0.00341796875;0.0029296875;0.013671875;0.00390625;0.00048828125;0.013671875;0.0;0.0;0.7;0.140625;0.15625;0.375;0.078125;0.05078125;0.234375;0.390625;0.0703125;0.3125;0.390625;0.0625;0.1953125;0.34375;0.048828125;0.05859375;0.15625;0.375;0.05859375;0.171875;0.25;0.03125;0.1640625;0.234375;0.02734375;0.09765625;0.109375;0.0078125;0.01953125;0.015625;0.01171875;0.0;0.015625;0.0078125;0.0;0.03515625;0.0234375;0.0;0.03515625;0.02734375;0.001953125;0.01953125;0.01171875;0.001953125;0.01953125;0.01953125;0.00341796875;0.0029296875;0.013671875;0.00390625;0.00048828125;0.01171875;0.0;0.0;0.7
21;21;67.62;0.140625;0.15625;0.390625;0.08203125;0.046875;0.234375;0.390625;0.06640625;0.296875;0.390625;0.05859375;0.2109375;0.3515625;0.05078125;0.0625;0.1640625;0.390625;0.0625;0.171875;0.2421875;0.029296875;0.1640625;0.2265625;0.02734375;0.1015625;0.109375;0.0087890625;0.01953125;0.015625;0.0078125;0.0;0.01171875;0.0078125;0.0;0.03125;0.01953125;0.0;0.03515625;0.02734375;0.001953125;0.015625;0.01171875;0.001953125;0.01953125;0.01953125;0.00341796875;0.00341796875;0.013671875;0.00390625;0.00048828125;0.013671875;0.001953125;0.0;0.7;0.140625;0.15625;0.375;0.08203125;0.05078125;0.234375;0.390625;0.06640625;0.296875;0.390625;0.0625;0.203125;0.3515625;0.05078125;0.060546875;0.15625;0.3828125;0.060546875;0.1796875;0.25;0.03125;0.1640625;0.234375;0.02734375;0.09765625;0.109375;0.0087890625;0.01953125;0.015625;0.0078125;0.0;0.01171875;0.0078125;0.0;0.03125;0.01953125;0.0;0.03125;0.02734375;0.001953125;0.015625;0.01171875;0.001953125;0.01953125;0.01953125;0.00341796875;0.00341796875;0.013671875;0.00390625;0.00048828125;0.013671875;0.0;0.0;0.7
22;22;71.76;0.140625;0.15625;0.40625;0.08203125;0.05078125;0.25;0.375;0.06640625;0.3125;0.390625;0.0625;0.21875;0.359375;0.052734375;0.064453125;0.1640625;0.40625;0.064453125;0.1796875;0.25;0.033203125;0.171875;0.2421875;0.02734375;0.10546875;0.11328125;0.0087890625;0.021484375;0.01171875;0.0078125;0.0;0.01171875;0.0078125;0.0;0.03125;0.01953125;0.0009765625;0.03515625;0.02734375;0.001953125;0.015625;0.01171875;0.001953125;0.01953125;0.01953125;0.00341796875;0.00341796875;0.015625;0.00390625;0.00048828125;0.013671875;0.001953125;0.0;0.7;0.140625;0.15625;0.390625;0.078125;0.0546875;0.25;0.375;0.0703125;0.296875;0.375;0.0703125;0.203125;0.3515625;0.052734375;0.05859375;0.15625;0.3984375;0.0625;0.171875;0.25;0.033203125;0.15625;0.2421875;0.029296875;0.1015625;0.109375;0.0087890625;0.01953125;0.01171875;0.0078125;0.0;0.015625;0.0078125;0.0;0.03125;0.01953125;0.0009765625;0.03515625;0.02734375;0.001953125;0.015625;0.01171875;0.001953125;0.01953125;0.01953125;0.00341796875;0.0029296875;0.015625;0.00390625;0.00048828125;0.01171875;0.0;0.0;0.7
23;23;70.48;0.140625;0.15625;0.40625;0.0859375;0.05078125;0.25;0.390625;0.0703125;0.328125;0.40625;0.0625;0.2265625;0.375;0.0546875;0.06640625;0.171875;0.3984375;0.064453125;0.1875;0.25;0.029296875;0.171875;0.2421875;0.025390625;0.10546875;0.11328125;0.0087890625;0.021484375;0.01171875;0.00390625;0.0;0.01171875;0.0078125;0.0;0.03515625;0.01171875;0.0009765625;0.03515625;0.0234375;0.001953125;0.015625;0.01171875;0.001953125;0.021484375;0.017578125;0.00341796875;0.0029296875;0.013671875;0.00390625;0.00048828125;0.01171875;0.0;0.0;0.7;0.140625;0.15625;0.390625;0.08203125;0.05078125;0.25;0.375;0.0703125;0.3125;0.390625;0.06640625;0.2109375;0.3671875;0.052734375;0.060546875;0.1640625;0.390625;0.0625;0.1796875;0.25;0.03125;0.1640625;0.2578125;0.02734375;0.1015625;0.10546875;0.0087890625;0.0205078125;0.0078125;0.00390625;0.0;0.015625;0.0078125;0.0;0.03125;0.01171875;0.0009765625;0.03515625;0.0234375;0.001953125;0.015625;0.01171875;0.001953125;0.021484375;0.017578125;0.00341796875;0.0029296875;0.015625;0.00390625;0.00048828125;0.01171875;0.0;0.0;0.7
24;24;66.72;0.140625;0.15625;0.421875;0.0859375;0.05078125;0.25;0.390625;0.06640625;0.3125;0.421875;0.06640625;0.21875;0.375;0.0546875;0.06640625;0.171875;0.40625;0.068359375;0.1953125;0.265625;0.033203125;0.171875;0.25;0.025390625;0.10546875;0.1171875;0.009765625;0.021484375;0.01171875;0.00390625;0.0;0.01171875;0.00390625;0.0;0.03515625;0.01171875;0.0009765625;0.03515625;0.01953125;0.001953125;0.015625;0.01171875;0.001953125;0.01953125;0.01953125;0.00341796875;0.0029296875;0.015625;0.00390625;0.00048828125;0.013671875;0.0;0.0;0.7;0.140625;0.15625;0.40625;0.08203125;0.05078125;0.25;0.390625;0.0703125;0.3125;0.40625;0.07421875;0.2109375;0.359375;0.0546875;0.0625;0.1640625;0.390625;0.06640625;0.1875;0.265625;0.03125;0.1640625;0.25;0.02734375;0.10546875;0.109375;0.0087890625;0.0205078125;0.015625;0.00390625;0.0;0.01171875;0.00390625;0.0;0.03125;0.01171875;0.0009765625;0.03515625;0.0234375;0.001953125;0.015625;0.01171875;0.001953125;0.01953125;0.01953125;0.00341796875;0.00341796875;0.013671875;0.00390625;0.00048828125;0.01171875;0.0;0.0;0.7
25;25;70.73;0.140625;0.15625;0.421875;0.08984375;0.0546875;0.265625;0.40625;0.07421875;0.328125;0.421875;0.06640625;0.2265625;0.3828125;0.056640625;0.068359375;0.171875;0.40625;0.06640625;0.1875;0.265625;0.03125;0.1796875;0.25;0.02734375;0.109375;0.125;0.009765625;0.021484375;0.0078125;0.0;0.0;0.01171875;0.00390625;0.0;0.03515625;0.01171875;0.0009765625;0.03515625;0.015625;0.001953125;0.015625;0.01171875;0.001953125;0.021484375;0.01953125;0.00341796875;0.0029296875;0.013671875;0.00390625;0.0009765625;0.013671875;0.001953125;0.0;0.7;0.140625;0.15625;0.40625;0.0859375;0.0546875;0.25;0.40625;0.07421875;0.3125;0.40625;0.0703125;0.21875;0.3671875;0.056640625;0.064453125;0.1640625;0.3984375;0.064453125;0.1796875;0.2578125;0.033203125;0.171875;0.25;0.02734375;0.10546875;0.11328125;0.009765625;0.01953125;0.0078125;0.0;0.0;0.015625;0.00390625;0.0;0.03125;0.01171875;0.0009765625;0.03515625;0.01953125;0.001953125;0.01171875;0.01171875;0.001953125;0.021484375;0.01953125;0.00341796875;0.0029296875;0.013671875;0.00390625;0.00048828125;0.01171875;0.0;0.0;0.7
26;26;66.48;0.140625;0.15625;0.390625;0.0859375;0.05078125;0.265625;0.390625;0.0703125;0.34375;0.421875;0.0703125;0.2265625;0.3828125;0.056640625;0.0703125;0.1796875;0.4140625;0.068359375;0.203125;0.2734375;0.03515625;0.1796875;0.2578125;0.02734375;0.109375;0.12109375;0.009765625;0.021484375;0.0078125;0.0;0.0;0.01171875;0.00390625;0.0;0.03515625;0.0078125;0.0009765625;0.03125;0.015625;0.0009765625;0.01171875;0.01171875;0.001953125;0.01953125;0.01953125;0.00341796875;0.0029296875;0.013671875;0.00390625;0.0;0.01171875;0.001953125;0.0;0.7;0.140625;0.171875;0.375;0.078125;0.0546875;0.25;0.40625;0.07421875;0.328125;0.40625;0.07421875;0.21875;0.3828125;0.056640625;0.06640625;0.171875;0.4140625;0.068359375;0.1953125;0.265625;0.03515625;0.171875;0.2578125;0.02734375;0.10546875;0.1171875;0.009765625;0.021484375;0.0078125;0.0;0.0;0.01171875;0.00390625;0.0;0.03515625;0.0078125;0.0009765625;0.03125;0.015625;0.0009765625;0.01171875;0.01171875;0.001953125;0.01953125;0.01953125;0.00341796875;0.0029296875;0.013671875;0.00390625;0.0;0.009765625;0.0;0.0;0.6
27;27;67.64;0.140625;0.15625;0.40625;0.0859375;0.05078125;0.25;0.40625;0.0703125;0.34375;0.421875;0.06640625;0.2265625;0.3828125;0.05859375;0.0703125;0.1796875;0.40625;0.0703125;0.203125;0.28125;0.03515625;0.1796875;0.2578125;0.02734375;0.11328125;0.12109375;0.009765625;0.021484375;0.0078125;0.0;0.0;0.0078125;0.0;0.0;0.03125;0.01171875;0.0;0.03125;0.015625;0.0009765625;0.01171875;0.01171875;0.001953125;0.01953125;0.01953125;0.0029296875;0.00341796875;0.013671875;0.00390625;0.0;0.013671875;0.001953125;0.0;0.7;0.15625;0.171875;0.40625;0.08203125;0.0546875;0.234375;0.40625;0.07421875;0.328125;0.421875;0.07421875;0.21875;0.3828125;0.056640625;0.06640625;0.1796875;0.40625;0.068359375;0.203125;0.28125;0.037109375;0.1796875;0.265625;0.02734375;0.109375;0.11328125;0.0087890625;0.0205078125;0.0078125;0.0;0.0;0.0078125;0.0;0.0;0.02734375;0.01171875;0.0;0.03125;0.015625;0.0009765625;0.01171875;0.01171875;0.001953125;0.01953125;0.017578125;0.00341796875;0.0029296875;0.013671875;0.00390625;0.00048828125;0.01171875;0.0;0.0;0.7
28;28;70.18;0.140625;0.15625;0.421875;0.08984375;0.05078125;0.25;0.40625;0.07421875;0.34375;0.4375;0.08203125;0.2421875;0.390625;0.060546875;0.07421875;0.1875;0.421875;0.0703125;0.203125;0.2890625;0.03515625;0.1796875;0.2421875;0.025390625;0.11328125;0.12109375;0.0107421875;0.0234375;0.0078125;0.0;0.0;0.01171875;0.0;0.0;0.03125;0.01171875;0.0009765625;0.03515625;0.0078125;0.0009765625;0.01171875;0.01171875;0.001953125;0.021484375;0.01953125;0.00341796875;0.00341796875;0.013671875;0.00390625;0.0;0.013671875;0.001953125;0.0;0.7;0.140625;0.15625;0.421875;0.08984375;0.0546875;0.25;0.40625;0.078125;0.328125;0.421875;0.08203125;0.2265625;0.3828125;0.060546875;0.072265625;0.1796875;0.4140625;0.068359375;0.203125;0.2890625;0.03515625;0.171875;0.2421875;0.02734375;0.109375;0.1171875;0.009765625;0.021484375;0.0078125;0.0;0.0;0.01171875;0.0;0.0;0.02734375;0.0078125;0.0009765625;0.03125;0.0078125;0.0009765625;0.0078125;0.01171875;0.001953125;0.021484375;0.021484375;0.00341796875;0.00341796875;0.013671875;0.00390625;0.10498046875;0.013671875;0.001953125;0.0;0.7
29;29;65.35;0.140625;0.15625;0.40625;0.08984375;0.0546875;0.25;0.40625;0.0703125;0.34375;0.4375;0.078125;0.25;0.40625;0.0625;0.076171875;0.1875;0.4375;0.072265625;0.203125;0.28125;0.037109375;0.1875;0.25;0.025390625;0.1171875;0.125;0.009765625;0.0234375;0.0078125;0.0;0.0;0.0078125;0.0;0.0;0.02734375;0.01171875;0.0009765625;0.03515625;0.01171875;0.0;0.015625;0.01171875;0.001953125;0.021484375;0.01953125;0.0029296875;0.00341796875;0.013671875;0.00390625;0.08544921875;0.01171875;0.001953125;0.0;0.7;0.140625;0.15625;0.390625;0.0859375;0.0546875;0.25;0.421875;0.078125;0.34375;0.4375;0.08203125;0.234375;0.40625;0.060546875;0.072265625;0.1796875;0.4296875;0.0703125;0.1953125;0.2890625;0.037109375;0.1796875;0.2421875;0.025390625;0.109375;0.11328125;0.0087890625;0.021484375;0.01171875;0.0;0.0;0.0078125;0.0;0.0;0.02734375;0.01171875;0.0009765625;0.03125;0.01171875;0.0;0.01171875;0.01171875;0.001953125;0.01953125;0.01953125;0.00341796875;0.00341796875;0.013671875;0.00390625;0.0;0.009765625;0.0;0.0;0.7
30;30;72.14;0.140625;0.15625;0.421875;0.08984375;0.0546875;0.25;0.40625;0.078125;0.34375;0.421875;0.078125;0.2421875;0.3984375;0.0625;0.076171875;0.1953125;0.4296875;0.072265625;0.203125;0.2890625;0.03515625;0.1875;0.25;0.025390625;0.11328125;0.125;0.009765625;0.0224609375;0.0078125;0.0;0.0;0.0078125;0.0;0.0;0.02734375;0.015625;0.0009765625;0.03515625;0.0078125;0.0;0.015625;0.01171875;0.001953125;0.021484375;0.01953125;0.0029296875;0.00341796875;0.013671875;0.00390625;0.06591796875;0.01171875;0.001953125;0.0;0.7;0.140625;0.171875;0.40625;0.08984375;0.0546875;0.25;0.40625;0.08203125;0.34375;0.421875;0.08203125;0.234375;0.3984375;0.0625;0.07421875;0.1875;0.421875;0.0703125;0.203125;0.28125;0.03515625;0.1796875;0.25;0.025390625;0.109375;0.1171875;0.009765625;0.0224609375;0.00390625;0.0;0.0;0.0078125;0.0;0.0;0.0234375;0.01171875;0.0009765625;0.03125;0.0078125;0.0;0.01171875;0.01171875;0.001953125;0.021484375;0.01953125;0.00341796875;0.0029296875;0.013671875;0.00390625;0.0927734375;0.013671875;0.001953125;0.0;0.7
31;31;69.87;0.140625;0.15625;0.421875;0.08984375;0.0546875;0.265625;0.4375;0.078125;0.34375;0.4375;0.07421875;0.25;0.4140625;0.064453125;0.076171875;0.1953125;0.4375;0.07421875;0.203125;0.296875;0.037109375;0.1953125;0.2578125;0.025390625;0.1171875;0.12890625;0.0107421875;0.021484375;0.0078125;0.0;0.0;0.0078125;0.0;0.0;0.03125;0.01171875;0.0;0.03125;0.00390625;0.0;0.01171875;0.01171875;0.001953125;0.021484375;0.01953125;0.00341796875;0.00341796875;0.013671875;0.00390625;0.0859375;0.01171875;0.001953125;0.0;0.7;0.140625;0.15625;0.40625;0.08984375;0.0546875;0.25;0.421875;0.0859375;0.34375;0.4375;0.08203125;0.234375;0.3984375;0.0625;0.07421875;0.1796875;0.4296875;0.072265625;0.203125;0.3046875;0.0390625;0.1875;0.25;0.025390625;0.109375;0.11328125;0.009765625;0.0205078125;0.00390625;0.0;0.0;0.0078125;0.0;0.0;0.02734375;0.01171875;0.0;0.03125;0.00390625;0.0;0.01171875;0.01171875;0.001953125;0.021484375;0.01953125;0.00341796875;0.0029296875;0.013671875;0.00390625;0.111328125;0.01171875;0.0;0.0;0.7
32;32;67.51;0.140625;0.15625;0.421875;0.08984375;0.0546875;0.265625;0.421875;0.078125;0.34375;0.453125;0.078125;0.2421875;0.4296875;0.064453125;0.076171875;0.1953125;0.4453125;0.07421875;0.2109375;0.296875;0.0390625;0.1953125;0.2578125;0.02734375;0.12109375;0.125;0.009765625;0.0224609375;0.0078125;0.0;0.0;0.0078125;0.0;0.0;0.02734375;0.01171875;0.0;0.03125;0.00390625;0.0;0.01171875;0.0078125;0.001953125;0.021484375;0.01953125;0.00341796875;0.00341796875;0.015625;0.001953125;0.08154296875;0.01171875;0.001953125;0.0;0.7;0.140625;0.15625;0.40625;0.08984375;0.0546875;0.265625;0.421875;0.0859375;0.328125;0.4375;0.08203125;0.2421875;0.421875;0.0625;0.07421875;0.1875;0.4375;0.072265625;0.2109375;0.2890625;0.0390625;0.1875;0.2578125;0.02734375;0.1171875;0.11328125;0.009765625;0.0224609375;0.00390625;0.0;0.0;0.0078125;0.0;0.0;0.02734375;0.01171875;0.0;0.03515625;0.00390625;0.0;0.01171875;0.0078125;0.001953125;0.01953125;0.01953125;0.00341796875;0.00341796875;0.013671875;0.00390625;0.10400390625;0.01171875;0.001953125;0.0;0.7
33;33;64.38;0.140625;0.171875;0.421875;0.08984375;0.0546875;0.28125;0.421875;0.08203125;0.359375;0.4375;0.08203125;0.25;0.4296875;0.06640625;0.080078125;0.1953125;0.4453125;0.076171875;0.21875;0.3046875;0.0390625;0.1953125;0.2734375;0.02734375;0.125;0.1328125;0.009765625;0.0234375;0.0078125;0.0;0.0;0.00390625;0.0;0.0;0.03125;0.01171875;0.0;0.03125;0.00390625;0.0;0.01171875;0.01171875;0.001953125;0.021484375;0.017578125;0.0029296875;0.0029296875;0.013671875;0.001953125;0.0888671875;0.01171875;0.001953125;0.0;0.7;0.15625;0.171875;0.40625;0.0859375;0.0546875;0.265625;0.421875;0.08203125;0.34375;0.421875;0.0859375;0.2421875;0.4140625;0.064453125;0.07421875;0.1875;0.4375;0.07421875;0.2109375;0.296875;0.0390625;0.1875;0.2734375;0.029296875;0.1171875;0.11328125;0.0087890625;0.0234375;0.0078125;0.0;0.0;0.0078125;0.0;0.0;0.02734375;0.01171875;0.0009765625;0.02734375;0.0;0.0;0.01171875;0.0078125;0.001953125;0.021484375;0.017578125;0.0029296875;0.0029296875;0.013671875;0.00390625;0.11865234375;0.01171875;0.001953125;0.0;0.7
34;34;68.0;0.140625;0.15625;0.40625;0.09375;0.0546875;0.265625;0.453125;0.08203125;0.34375;0.453125;0.078125;0.25;0.4375;0.06640625;0.080078125;0.1953125;0.453125;0.078125;0.2265625;0.3046875;0.037109375;0.1953125;0.2578125;0.02734375;0.12109375;0.1328125;0.009765625;0.0244140625;0.00390625;0.0;0.0;0.00390625;0.0;0.0;0.02734375;0.01171875;0.0;0.03125;0.0;0.0;0.01171875;0.0078125;0.001953125;0.01953125;0.017578125;0.0029296875;0.00341796875;0.015625;0.001953125;0.087890625;0.013671875;0.001953125;0.0;0.7;0.140625;0.15625;0.375;0.08984375;0.0546875;0.25;0.453125;0.0859375;0.328125;0.421875;0.0859375;0.25;0.4375;0.06640625;0.076171875;0.1875;0.4453125;0.076171875;0.2265625;0.3125;0.0390625;0.1953125;0.265625;0.02734375;0.1171875;0.12890625;0.009765625;0.0234375;0.00390625;0.0;0.0;0.00390625;0.0;0.0;0.02734375;0.01171875;0.0;0.03125;0.0;0.0;0.01171875;0.0078125;0.001953125;0.01953125;0.017578125;0.00341796875;0.00341796875;0.013671875;0.001953125;0.10791015625;0.01171875;0.001953125;0.0;0.7
35;35;72.28;0.140625;0.15625;0.40625;0.08984375;0.0546875;0.265625;0.4375;0.08203125;0.34375;0.453125;0.0859375;0.2578125;0.4375;0.06640625;0.08203125;0.1953125;0.46875;0.076171875;0.2265625;0.328125;0.0390625;0.1953125;0.25;0.025390625;0.12109375;0.1328125;0.009765625;0.0234375;0.00390625;0.0;0.0;0.00390625;0.0;0.0;0.02734375;0.01171875;0.0;0.03125;0.0;0.0;0.0078125;0.0078125;0.001953125;0.01953125;0.017578125;0.00341796875;0.0029296875;0.013671875;0.001953125;0.0927734375;0.013671875;0.001953125;0.0;0.7;0.15625;0.15625;0.390625;0.0859375;0.0546875;0.265625;0.4375;0.08984375;0.34375;0.4375;0.09375;0.25;0.4375;0.06640625;0.080078125;0.1875;0.4609375;0.07421875;0.2265625;0.328125;0.041015625;0.1953125;0.25;0.025390625;0.12109375;0.125;0.009765625;0.0224609375;0.0078125;0.0;0.0;0.00390625;0.0;0.0;0.02734375;0.0078125;0.0;0.03125;0.0;0.0;0.0078125;0.0078125;0.001953125;0.01953125;0.01953125;0.00341796875;0.00341796875;0.013671875;0.001953125;0.08935546875;0.01171875;0.001953125;0.0;0.7
36;36;70.09;0.140625;0.171875;0.40625;0.08984375;0.0546875;0.265625;0.453125;0.08203125;0.359375;0.453125;0.0859375;0.2578125;0.4296875;0.068359375;0.080078125;0.1953125;0.4609375;0.080078125;0.2265625;0.3125;0.0390625;0.203125;0.265625;0.02734375;0.12109375;0.1328125;0.009765625;0.0234375;0.00390625;0.0;0.0;0.0;0.0;0.0;0.02734375;0.0078125;0.0;0.03125;0.0;0.0;0.01171875;0.01171875;0.001953125;0.01953125;0.017578125;0.0029296875;0.00341796875;0.015625;0.001953125;0.0732421875;0.01171875;0.001953125;0.0;0.8;0.15625;0.171875;0.390625;0.0859375;0.05859375;0.265625;0.453125;0.0859375;0.34375;0.453125;0.08984375;0.25;0.4375;0.068359375;0.080078125;0.1953125;0.453125;0.080078125;0.2265625;0.3203125;0.041015625;0.1953125;0.265625;0.025390625;0.1171875;0.12109375;0.009765625;0.0234375;0.00390625;0.0;0.0;0.0;0.0;0.0;0.02734375;0.0078125;0.0;0.03125;0.0;0.0;0.01171875;0.01171875;0.001953125;0.01953125;0.017578125;0.0029296875;0.00341796875;0.015625;0.00390625;0.11376953125;0.01171875;0.001953125;0.0;0.7
37;37;72.36;0.140625;0.171875;0.40625;0.08984375;0.05859375;0.28125;0.453125;0.08203125;0.359375;0.453125;0.0859375;0.2578125;0.4296875;0.068359375;0.083984375;0.1953125;0.46875;0.083984375;0.234375;0.3125;0.041015625;0.203125;0.265625;0.02734375;0.125;0.13671875;0.009765625;0.0244140625;0.0078125;0.0;0.0;0.0;0.0;0.0;0.02734375;0.0078125;0.0;0.03125;0.0;0.0;0.0078125;0.01171875;0.001953125;0.021484375;0.01953125;0.0029296875;0.00341796875;0.013671875;0.001953125;0.08837890625;0.01171875;0.001953125;0.0;0.7;0.15625;0.171875;0.390625;0.08984375;0.05859375;0.28125;0.453125;0.08984375;0.359375;0.453125;0.08984375;0.25;0.421875;0.068359375;0.08203125;0.1875;0.453125;0.08203125;0.2265625;0.3125;0.04296875;0.1953125;0.2578125;0.02734375;0.125;0.12890625;0.009765625;0.0244140625;0.00390625;0.0;0.0;0.00390625;0.0;0.0;0.02734375;0.0078125;0.0;0.03125;0.0;0.0;0.0078125;0.01171875;0.001953125;0.021484375;0.017578125;0.00341796875;0.0029296875;0.013671875;0.001953125;0.09765625;0.01171875;0.001953125;0.0;0.7
38;38;74.11;0.140625;0.15625;0.421875;0.08984375;0.0546875;0.28125;0.453125;0.08203125;0.359375;0.484375;0.0859375;0.265625;0.453125;0.0703125;0.083984375;0.203125;0.484375;0.083984375;0.234375;0.3203125;0.04296875;0.203125;0.25;0.02734375;0.12890625;0.1328125;0.0107421875;0.0244140625;0.0078125;0.0;0.0;0.0;0.0;0.0;0.02734375;0.0078125;0.0;0.03125;0.0;0.0;0.0078125;0.0078125;0.001953125;0.021484375;0.017578125;0.0029296875;0.00341796875;0.013671875;0.001953125;0.078125;0.013671875;0.001953125;0.0;0.7;0.15625;0.15625;0.390625;0.08984375;0.0546875;0.28125;0.4375;0.0859375;0.359375;0.46875;0.08984375;0.2578125;0.4453125;0.0703125;0.080078125;0.1953125;0.46875;0.083984375;0.234375;0.3203125;0.04296875;0.203125;0.2578125;0.02734375;0.125;0.125;0.009765625;0.0244140625;0.0078125;0.0;0.0;0.00390625;0.0;0.0;0.0234375;0.0078125;0.0;0.02734375;0.0;0.0;0.0078125;0.0078125;0.001953125;0.021484375;0.017578125;0.00341796875;0.00341796875;0.013671875;0.001953125;0.10302734375;0.01171875;0.001953125;0.0;0.7
39;39;73.3;0.140625;0.171875;0.4375;0.08984375;0.05859375;0.28125;0.4375;0.0859375;0.359375;0.46875;0.0859375;0.2734375;0.453125;0.068359375;0.0859375;0.203125;0.4765625;0.087890625;0.234375;0.3203125;0.041015625;0.203125;0.265625;0.02734375;0.1328125;0.13671875;0.0107421875;0.0234375;0.0078125;0.0;0.0;0.00390625;0.0;0.0;0.03125;0.0078125;0.0009765625;0.02734375;0.0;0.0;0.01171875;0.0078125;0.001953125;0.021484375;0.017578125;0.00341796875;0.00341796875;0.013671875;0.001953125;0.08740234375;0.01171875;0.001953125;0.0;0.8;0.15625;0.171875;0.40625;0.08984375;0.05859375;0.265625;0.4375;0.08984375;0.359375;0.46875;0.08984375;0.265625;0.4453125;0.068359375;0.08203125;0.1953125;0.46875;0.083984375;0.234375;0.328125;0.041015625;0.1953125;0.265625;0.029296875;0.12890625;0.125;0.009765625;0.0234375;0.0078125;0.0;0.0;0.00390625;0.0;0.0;0.03125;0.0078125;0.0009765625;0.02734375;0.0;0.0;0.01171875;0.01171875;0.001953125;0.021484375;0.017578125;0.0029296875;0.00341796875;0.015625;0.001953125;0.103515625;0.01171875;0.00390625;0.0;0.7
40;40;75.94;0.140625;0.171875;0.421875;0.09375;0.05859375;0.28125;0.46875;0.0859375;0.375;0.46875;0.0859375;0.28125;0.4453125;0.0703125;0.0859375;0.2109375;0.484375;0.0859375;0.2421875;0.328125;0.04296875;0.2109375;0.265625;0.02734375;0.125;0.125;0.009765625;0.025390625;0.0078125;0.0;0.0;0.0;0.0;0.0;0.02734375;0.0078125;0.0009765625;0.03125;0.0;0.0;0.01171875;0.01171875;0.001953125;0.021484375;0.015625;0.0029296875;0.0029296875;0.013671875;0.001953125;0.08740234375;0.01171875;0.001953125;0.0;0.7;0.15625;0.171875;0.40625;0.09375;0.05859375;0.28125;0.46875;0.09375;0.359375;0.46875;0.09375;0.2734375;0.453125;0.0703125;0.083984375;0.203125;0.4765625;0.0859375;0.2421875;0.328125;0.04296875;0.203125;0.2578125;0.02734375;0.125;0.12109375;0.009765625;0.0244140625;0.0078125;0.0;0.0;0.0;0.0;0.0;0.0234375;0.0078125;0.0009765625;0.03125;0.0;0.0;0.0078125;0.01171875;0.001953125;0.021484375;0.015625;0.0029296875;0.00341796875;0.013671875;0.001953125;0.10498046875;0.01171875;0.001953125;0.0;0.7
41;41;71.78;0.15625;0.15625;0.4375;0.08984375;0.0546875;0.28125;0.46875;0.08984375;0.375;0.46875;0.0859375;0.2734375;0.453125;0.072265625;0.0859375;0.2109375;0.4765625;0.087890625;0.2421875;0.3359375;0.04296875;0.2109375;0.2578125;0.02734375;0.12890625;0.1328125;0.0107421875;0.0263671875;0.0078125;0.0;0.0;0.0;0.0;0.0;0.02734375;0.0078125;0.0009765625;0.02734375;0.0;0.0;0.0078125;0.01171875;0.001953125;0.01953125;0.017578125;0.0029296875;0.00341796875;0.013671875;0.001953125;0.08935546875;0.01171875;0.00390625;0.0;0.7;0.15625;0.171875;0.421875;0.08984375;0.05859375;0.265625;0.453125;0.08984375;0.359375;0.46875;0.08984375;0.265625;0.4453125;0.0703125;0.083984375;0.203125;0.46875;0.083984375;0.2421875;0.34375;0.04296875;0.203125;0.2578125;0.029296875;0.125;0.125;0.009765625;0.0244140625;0.0078125;0.0;0.0;0.0;0.0;0.0;0.02734375;0.0078125;0.0009765625;0.02734375;0.0;0.0;0.0078125;0.01171875;0.001953125;0.021484375;0.017578125;0.0029296875;0.00341796875;0.013671875;0.001953125;0.07958984375;0.01171875;0.00390625;0.0;0.7
42;42;68.32;0.15625;0.171875;0.421875;0.08984375;0.05859375;0.265625;0.453125;0.0859375;0.375;0.484375;0.0859375;0.28125;0.46875;0.072265625;0.087890625;0.2109375;0.4921875;0.08984375;0.25;0.3359375;0.04296875;0.203125;0.25;0.02734375;0.13671875;0.1328125;0.0107421875;0.025390625;0.0078125;0.0;0.0;0.0;0.0;0.0;0.0234375;0.0078125;0.0;0.02734375;0.0;0.0;0.0078125;0.01171875;0.001953125;0.021484375;0.017578125;0.0029296875;0.00341796875;0.013671875;0.001953125;0.05419921875;0.01171875;0.00390625;0.0;0.7;0.15625;0.171875;0.390625;0.08984375;0.05859375;0.265625;0.453125;0.09375;0.359375;0.46875;0.09375;0.265625;0.453125;0.0703125;0.08203125;0.203125;0.484375;0.08984375;0.2421875;0.34375;0.044921875;0.1953125;0.234375;0.02734375;0.12890625;0.12890625;0.009765625;0.0263671875;0.0078125;0.0;0.0;0.0;0.0;0.0;0.0234375;0.0078125;0.0;0.0234375;0.0;0.0;0.00390625;0.01171875;0.001953125;0.021484375;0.017578125;0.0029296875;0.00341796875;0.01171875;0.001953125;0.08251953125;0.009765625;0.001953125;0.0;0.6
43;43;74.7;0.15625;0.171875;0.421875;0.09375;0.05859375;0.28125;0.46875;0.0859375;0.390625;0.484375;0.0859375;0.28125;0.46875;0.07421875;0.087890625;0.21875;0.5;0.091796875;0.25;0.34375;0.044921875;0.203125;0.25;0.02734375;0.13671875;0.13671875;0.0107421875;0.0263671875;0.0078125;0.0;0.0;0.0;0.0;0.0;0.02734375;0.0078125;0.0;0.02734375;0.0;0.0;0.0078125;0.0078125;0.001953125;0.01953125;0.015625;0.0029296875;0.00341796875;0.013671875;0.001953125;0.08642578125;0.01171875;0.001953125;0.0;0.7;0.15625;0.171875;0.40625;0.09375;0.05859375;0.28125;0.46875;0.09375;0.375;0.484375;0.09375;0.265625;0.4609375;0.076171875;0.083984375;0.2109375;0.484375;0.091796875;0.2421875;0.3359375;0.046875;0.203125;0.25;0.029296875;0.1328125;0.12890625;0.009765625;0.0263671875;0.0078125;0.0;0.0;0.0;0.0;0.0;0.0234375;0.0078125;0.0;0.03125;0.0;0.0;0.0078125;0.0078125;0.001953125;0.01953125;0.017578125;0.0029296875;0.00341796875;0.013671875;0.001953125;0.11328125;0.01171875;0.00390625;0.0;0.7
44;44;74.89;0.15625;0.171875;0.421875;0.09375;0.05859375;0.28125;0.46875;0.08984375;0.390625;0.484375;0.08984375;0.2890625;0.4765625;0.07421875;0.08984375;0.21875;0.5078125;0.08984375;0.2578125;0.3359375;0.046875;0.2109375;0.2578125;0.02734375;0.13671875;0.13671875;0.0107421875;0.0263671875;0.0078125;0.0;0.0;0.0;0.0;0.0;0.02734375;0.00390625;0.0;0.02734375;0.0;0.0;0.01171875;0.01171875;0.001953125;0.01953125;0.015625;0.0029296875;0.00341796875;0.013671875;0.001953125;0.0859375;0.01171875;0.00390625;0.0;0.7;0.15625;0.171875;0.40625;0.09375;0.05859375;0.28125;0.46875;0.09765625;0.375;0.46875;0.09375;0.2734375;0.4765625;0.07421875;0.0859375;0.2109375;0.5;0.091796875;0.25;0.3359375;0.046875;0.2109375;0.2578125;0.029296875;0.13671875;0.13671875;0.0107421875;0.0263671875;0.01171875;0.0;0.0;0.00390625;0.0;0.0;0.0234375;0.0078125;0.0;0.02734375;0.0;0.0;0.0078125;0.01171875;0.001953125;0.01953125;0.015625;0.00341796875;0.00341796875;0.015625;0.001953125;0.09375;0.01171875;0.00390625;0.0;0.7
45;45;68.29;0.15625;0.171875;0.421875;0.09375;0.05859375;0.28125;0.484375;0.09375;0.375;0.484375;0.08984375;0.28125;0.4765625;0.076171875;0.08984375;0.21875;0.515625;0.091796875;0.25;0.34375;0.044921875;0.2109375;0.265625;0.029296875;0.13671875;0.1328125;0.0107421875;0.0283203125;0.0078125;0.0;0.0;0.0;0.0;0.0;0.02734375;0.0078125;0.0;0.02734375;0.0;0.0;0.0078125;0.0078125;0.001953125;0.01953125;0.015625;0.0029296875;0.00341796875;0.013671875;0.001953125;0.0771484375;0.013671875;0.00390625;0.0;0.7;0.15625;0.171875;0.421875;0.09375;0.05859375;0.265625;0.484375;0.09765625;0.359375;0.46875;0.09375;0.2734375;0.46875;0.076171875;0.083984375;0.2109375;0.5;0.08984375;0.25;0.3515625;0.046875;0.203125;0.2421875;0.029296875;0.13671875;0.12890625;0.009765625;0.0263671875;0.00390625;0.0;0.0;0.0;0.0;0.0;0.0234375;0.00390625;0.0;0.02734375;0.0;0.0;0.0078125;0.0078125;0.001953125;0.01953125;0.015625;0.0029296875;0.00341796875;0.01171875;0.001953125;0.10888671875;0.01171875;0.00390625;0.0;0.7
46;46;75.0;0.15625;0.171875;0.421875;0.09375;0.05859375;0.296875;0.484375;0.09375;0.40625;0.484375;0.08984375;0.2890625;0.4921875;0.078125;0.091796875;0.2265625;0.515625;0.095703125;0.2578125;0.34375;0.044921875;0.21875;0.2734375;0.029296875;0.140625;0.140625;0.0107421875;0.0283203125;0.00390625;0.0;0.0;0.0;0.0;0.0;0.0234375;0.0078125;0.0;0.02734375;0.0;0.0;0.01171875;0.01171875;0.001953125;0.01953125;0.017578125;0.0029296875;0.0029296875;0.013671875;0.001953125;0.09326171875;0.01171875;0.00390625;0.0;0.7;0.15625;0.171875;0.40625;0.09375;0.05859375;0.296875;0.484375;0.1015625;0.390625;0.484375;0.09765625;0.28125;0.484375;0.078125;0.087890625;0.21875;0.5078125;0.09375;0.2578125;0.328125;0.044921875;0.2109375;0.265625;0.029296875;0.140625;0.13671875;0.0107421875;0.02734375;0.00390625;0.0;0.0;0.00390625;0.0;0.0;0.0234375;0.0078125;0.0;0.02734375;0.0;0.0;0.0078125;0.01171875;0.001953125;0.01953125;0.017578125;0.00341796875;0.0029296875;0.013671875;0.001953125;0.08984375;0.01171875;0.00390625;0.0;0.7
47;47;75.5;0.15625;0.171875;0.4375;0.09375;0.05859375;0.296875;0.484375;0.09375;0.40625;0.484375;0.09375;0.2890625;0.484375;0.078125;0.09375;0.2265625;0.515625;0.09765625;0.2578125;0.359375;0.048828125;0.2265625;0.2734375;0.03125;0.14453125;0.140625;0.0107421875;0.0283203125;0.0078125;0.0;0.0;0.0;0.0;0.0;0.02734375;0.0078125;0.0;0.02734375;0.0;0.0;0.01171875;0.01171875;0.001953125;0.01953125;0.017578125;0.0029296875;0.00341796875;0.013671875;0.001953125;0.09130859375;0.01171875;0.001953125;0.0;0.7;0.15625;0.171875;0.40625;0.09375;0.05859375;0.28125;0.484375;0.1015625;0.390625;0.46875;0.09765625;0.28125;0.4765625;0.078125;0.091796875;0.21875;0.5078125;0.09765625;0.2578125;0.3515625;0.048828125;0.21875;0.2734375;0.03125;0.14453125;0.13671875;0.0107421875;0.0283203125;0.00390625;0.0;0.0;0.0;0.0;0.0;0.02734375;0.00390625;0.0;0.02734375;0.0;0.0;0.01171875;0.01171875;0.001953125;0.01953125;0.015625;0.00341796875;0.00341796875;0.013671875;0.001953125;0.11474609375;0.01171875;0.00390625;0.0;0.7
48;48;73.66;0.15625;0.171875;0.4375;0.09375;0.05859375;0.296875;0.484375;0.09765625;0.40625;0.484375;0.08984375;0.296875;0.484375;0.078125;0.09375;0.2265625;0.515625;0.099609375;0.265625;0.359375;0.046875;0.21875;0.265625;0.029296875;0.14453125;0.13671875;0.0107421875;0.0263671875;0.00390625;0.0;0.0;0.0;0.0;0.0;0.02734375;0.0078125;0.0;0.03125;0.0;0.0;0.0078125;0.01171875;0.001953125;0.01953125;0.017578125;0.0029296875;0.0029296875;0.013671875;0.001953125;0.0751953125;0.01171875;0.00390625;0.0;0.7;0.15625;0.171875;0.40625;0.08984375;0.05859375;0.296875;0.484375;0.109375;0.390625;0.46875;0.09375;0.28125;0.4765625;0.078125;0.08984375;0.21875;0.515625;0.09765625;0.265625;0.3515625;0.046875;0.21875;0.265625;0.029296875;0.14453125;0.13671875;0.009765625;0.02734375;0.0;0.0;0.0;0.00390625;0.0;0.0;0.0234375;0.0078125;0.0;0.03125;0.0;0.0;0.0078125;0.01171875;0.001953125;0.01953125;0.017578125;0.0029296875;0.0029296875;0.013671875;0.001953125;0.0849609375;0.01171875;0.00390625;0.0;0.7
49;49;75.2;0.15625;0.171875;0.4375;0.09375;0.05859375;0.296875;0.515625;0.09765625;0.40625;0.5;0.09375;0.296875;0.4765625;0.078125;0.09375;0.234375;0.53125;0.1015625;0.265625;0.3515625;0.046875;0.21875;0.265625;0.029296875;0.14453125;0.13671875;0.0107421875;0.02734375;0.0078125;0.0;0.0;0.0;0.0;0.0;0.02734375;0.0078125;0.0;0.02734375;0.0;0.0;0.0078125;0.0078125;0.001953125;0.01953125;0.015625;0.0029296875;0.00341796875;0.013671875;0.001953125;0.08544921875;0.01171875;0.00390625;0.0;0.7;0.15625;0.1875;0.40625;0.09375;0.05859375;0.296875;0.5;0.109375;0.390625;0.484375;0.09765625;0.2890625;0.4765625;0.078125;0.091796875;0.21875;0.515625;0.1015625;0.265625;0.3515625;0.048828125;0.21875;0.2578125;0.03125;0.140625;0.1328125;0.009765625;0.0263671875;0.00390625;0.0;0.0;0.0;0.0;0.0;0.02734375;0.00390625;0.0;0.02734375;0.0;0.0;0.0078125;0.01171875;0.001953125;0.01953125;0.015625;0.0029296875;0.0029296875;0.013671875;0.001953125;0.11572265625;0.01171875;0.00390625;0.0;0.7
50;50;73.07;0.15625;0.171875;0.4375;0.09375;0.05859375;0.296875;0.5;0.09765625;0.40625;0.515625;0.09375;0.296875;0.484375;0.078125;0.09375;0.234375;0.53125;0.1015625;0.2734375;0.3515625;0.05078125;0.21875;0.265625;0.029296875;0.1484375;0.13671875;0.009765625;0.02734375;0.0078125;0.0;0.0;0.0;0.0;0.0;0.02734375;0.0078125;0.0;0.02734375;0.0;0.0;0.01171875;0.0078125;0.001953125;0.01953125;0.015625;0.0029296875;0.00341796875;0.013671875;0.001953125;0.08447265625;0.013671875;0.001953125;0.0;0.7;0.15625;0.1875;0.421875;0.09375;0.05859375;0.296875;0.5;0.10546875;0.390625;0.484375;0.09765625;0.2890625;0.4765625;0.078125;0.091796875;0.2265625;0.5234375;0.1015625;0.265625;0.3515625;0.05078125;0.21875;0.265625;0.029296875;0.14453125;0.12890625;0.009765625;0.0263671875;0.00390625;0.0;0.0;0.0;0.0;0.0;0.02734375;0.0078125;0.0;0.02734375;0.0;0.0;0.01171875;0.0078125;0.001953125;0.01953125;0.015625;0.0029296875;0.00341796875;0.013671875;0.001953125;0.12060546875;0.01171875;0.001953125;0.0;0.7
51;51;77.26;0.15625;0.1875;0.4375;0.09375;0.05859375;0.296875;0.5;0.1015625;0.40625;0.5;0.09375;0.296875;0.5;0.080078125;0.095703125;0.234375;0.5390625;0.1015625;0.2734375;0.375;0.05078125;0.2265625;0.2734375;0.029296875;0.1484375;0.1328125;0.0107421875;0.0283203125;0.00390625;0.0;0.0;0.0;0.0;0.0;0.0234375;0.0078125;0.0;0.02734375;0.0;0.0;0.0078125;0.0078125;0.001953125;0.01953125;0.017578125;0.0029296875;0.0029296875;0.013671875;0.001953125;0.091796875;0.01171875;0.001953125;0.0;0.7;0.15625;0.1875;0.40625;0.09375;0.0625;0.296875;0.5;0.109375;0.390625;0.5;0.1015625;0.2890625;0.4921875;0.080078125;0.091796875;0.2265625;0.53125;0.1015625;0.2734375;0.3671875;0.05078125;0.21875;0.265625;0.029296875;0.14453125;0.12890625;0.009765625;0.0263671875;0.0078125;0.0;0.0;0.0;0.0;0.0;0.01953125;0.0078125;0.0;0.02734375;0.0;0.0;0.0078125;0.0078125;0.001953125;0.021484375;0.017578125;0.00341796875;0.0029296875;0.013671875;0.001953125;0.09375;0.01171875;0.00390625;0.0;0.7
52;52;74.72;0.15625;0.1875;0.4375;0.09765625;0.0625;0.296875;0.5;0.09765625;0.421875;0.515625;0.09765625;0.3046875;0.5;0.080078125;0.09765625;0.2421875;0.5390625;0.10546875;0.2734375;0.359375;0.05078125;0.234375;0.2734375;0.029296875;0.15625;0.140625;0.0107421875;0.0283203125;0.00390625;0.0;0.0;0.0;0.0;0.0;0.02734375;0.0078125;0.0;0.02734375;0.0;0.0;0.0078125;0.0078125;0.001953125;0.01953125;0.017578125;0.0029296875;0.00341796875;0.013671875;0.001953125;0.0751953125;0.01171875;0.001953125;0.0;0.7;0.15625;0.1875;0.421875;0.09765625;0.0625;0.296875;0.5;0.10546875;0.390625;0.5;0.1015625;0.296875;0.4921875;0.080078125;0.09375;0.234375;0.53125;0.103515625;0.2734375;0.359375;0.052734375;0.2265625;0.265625;0.03125;0.15234375;0.13671875;0.009765625;0.0283203125;0.0078125;0.0;0.0;0.0;0.0;0.0;0.02734375;0.0078125;0.0;0.02734375;0.0;0.0;0.0078125;0.0078125;0.001953125;0.01953125;0.017578125;0.00341796875;0.00341796875;0.013671875;0.001953125;0.11083984375;0.01171875;0.001953125;0.0;0.7
53;53;74.92;0.15625;0.1875;0.453125;0.09765625;0.0625;0.296875;0.5;0.1015625;0.421875;0.53125;0.09765625;0.3046875;0.5;0.08203125;0.099609375;0.2421875;0.546875;0.103515625;0.28125;0.3828125;0.052734375;0.234375;0.2734375;0.03125;0.15625;0.1484375;0.0107421875;0.0302734375;0.0078125;0.0;0.0;0.0;0.0;0.0;0.02734375;0.0078125;0.0;0.02734375;0.0;0.0;0.0078125;0.0078125;0.001953125;0.01953125;0.017578125;0.00341796875;0.00341796875;0.013671875;0.001953125;0.080078125;0.01171875;0.001953125;0.0;0.7;0.171875;0.1875;0.421875;0.09375;0.0625;0.296875;0.5;0.109375;0.390625;0.515625;0.10546875;0.2890625;0.4921875;0.083984375;0.09375;0.234375;0.5390625;0.10546875;0.28125;0.375;0.052734375;0.234375;0.2734375;0.03125;0.15625;0.14453125;0.0107421875;0.0302734375;0.0078125;0.0;0.0;0.0;0.0;0.0;0.0234375;0.0078125;0.0;0.0234375;0.0;0.0;0.00390625;0.0078125;0.001953125;0.01953125;0.017578125;0.00341796875;0.00341796875;0.013671875;0.001953125;0.1044921875;0.01171875;0.001953125;0.0;0.8
54;54;77.79;0.15625;0.1875;0.4375;0.09765625;0.0625;0.296875;0.5;0.10546875;0.421875;0.53125;0.1015625;0.3125;0.5;0.08203125;0.1015625;0.2421875;0.5546875;0.109375;0.2890625;0.3828125;0.052734375;0.234375;0.2578125;0.029296875;0.15625;0.14453125;0.0107421875;0.0302734375;0.00390625;0.0;0.0;0.0;0.0;0.0;0.0234375;0.0078125;0.0;0.02734375;0.0;0.0;0.0078125;0.0078125;0.001953125;0.01953125;0.017578125;0.0029296875;0.0029296875;0.013671875;0.001953125;0.0849609375;0.01171875;0.001953125;0.0;0.8;0.15625;0.1875;0.421875;0.09765625;0.0625;0.296875;0.5;0.11328125;0.40625;0.515625;0.109375;0.3046875;0.5;0.08203125;0.09765625;0.2421875;0.546875;0.109375;0.28125;0.3828125;0.0546875;0.234375;0.25;0.029296875;0.15625;0.12890625;0.0107421875;0.029296875;0.00390625;0.0;0.0;0.0;0.0;0.0;0.0234375;0.0078125;0.0;0.0234375;0.0;0.0;0.0078125;0.0078125;0.001953125;0.021484375;0.017578125;0.00341796875;0.0029296875;0.013671875;0.001953125;0.1044921875;0.01171875;0.001953125;0.0;0.7
55;55;73.58;0.15625;0.1875;0.4375;0.1015625;0.0625;0.3125;0.5;0.1015625;0.421875;0.53125;0.1015625;0.3125;0.5078125;0.083984375;0.1015625;0.25;0.5625;0.109375;0.2890625;0.3828125;0.052734375;0.2421875;0.2734375;0.03125;0.16015625;0.14453125;0.0107421875;0.03125;0.00390625;0.0;0.0;0.0;0.0;0.0;0.0234375;0.00390625;0.0;0.0234375;0.0;0.0;0.0078125;0.0078125;0.001953125;0.021484375;0.015625;0.0029296875;0.00341796875;0.013671875;0.001953125;0.0703125;0.01171875;0.001953125;0.0;0.8;0.15625;0.1875;0.421875;0.09765625;0.0625;0.296875;0.5;0.109375;0.40625;0.515625;0.10546875;0.3046875;0.5078125;0.0859375;0.095703125;0.2421875;0.5546875;0.111328125;0.2890625;0.390625;0.056640625;0.2421875;0.28125;0.03125;0.1640625;0.140625;0.0107421875;0.03125;0.00390625;0.0;0.0;0.0;0.0;0.0;0.02734375;0.00390625;0.0;0.0234375;0.0;0.0;0.0078125;0.0078125;0.001953125;0.021484375;0.015625;0.0029296875;0.00341796875;0.013671875;0.001953125;0.11181640625;0.01171875;0.001953125;0.0;0.8
56;56;76.49;0.15625;0.1875;0.453125;0.09765625;0.0625;0.296875;0.515625;0.10546875;0.421875;0.53125;0.10546875;0.3203125;0.5078125;0.083984375;0.103515625;0.25;0.5625;0.11328125;0.2890625;0.390625;0.0546875;0.2421875;0.2734375;0.03125;0.1640625;0.14453125;0.0107421875;0.0322265625;0.00390625;0.0;0.0;0.0;0.0;0.0;0.02734375;0.0078125;0.0;0.02734375;0.0;0.0;0.0078125;0.0078125;0.001953125;0.01953125;0.015625;0.0029296875;0.0029296875;0.013671875;0.001953125;0.080078125;0.01171875;0.001953125;0.0;0.8;0.15625;0.1875;0.421875;0.09765625;0.0625;0.296875;0.515625;0.109375;0.40625;0.515625;0.109375;0.3125;0.5;0.083984375;0.099609375;0.2421875;0.5546875;0.111328125;0.2890625;0.3828125;0.05859375;0.2421875;0.265625;0.03125;0.16015625;0.13671875;0.0107421875;0.0302734375;0.00390625;0.0;0.0;0.0;0.0;0.0;0.02734375;0.00390625;0.0;0.02734375;0.0;0.0;0.0078125;0.0078125;0.001953125;0.01953125;0.015625;0.00341796875;0.0029296875;0.013671875;0.001953125;0.0986328125;0.01171875;0.001953125;0.0;0.7
57;57;78.44;0.15625;0.1875;0.4375;0.09765625;0.0625;0.296875;0.5;0.1015625;0.421875;0.515625;0.1015625;0.3203125;0.515625;0.0859375;0.10546875;0.2578125;0.5703125;0.111328125;0.2890625;0.3828125;0.056640625;0.25;0.28125;0.029296875;0.1640625;0.15625;0.0107421875;0.0322265625;0.0078125;0.0;0.0;0.0;0.0;0.0;0.02734375;0.0078125;0.0;0.02734375;0.0;0.0;0.0078125;0.0078125;0.001953125;0.021484375;0.017578125;0.0029296875;0.00341796875;0.013671875;0.001953125;0.09326171875;0.01171875;0.001953125;0.0;0.7;0.15625;0.1875;0.421875;0.09765625;0.0625;0.3125;0.515625;0.109375;0.40625;0.5;0.10546875;0.3125;0.5078125;0.0859375;0.1015625;0.25;0.5703125;0.109375;0.2890625;0.390625;0.05859375;0.25;0.2734375;0.029296875;0.1640625;0.14453125;0.0107421875;0.03125;0.00390625;0.0;0.0;0.0;0.0;0.0;0.0234375;0.0078125;0.0;0.02734375;0.0;0.0;0.00390625;0.0078125;0.001953125;0.01953125;0.015625;0.0029296875;0.00341796875;0.013671875;0.001953125;0.103515625;0.01171875;0.001953125;0.0;0.8
58;58;76.26;0.15625;0.1875;0.4375;0.09765625;0.0625;0.3125;0.515625;0.1015625;0.421875;0.53125;0.109375;0.3203125;0.5078125;0.087890625;0.107421875;0.2578125;0.578125;0.11328125;0.2890625;0.390625;0.05859375;0.2578125;0.2890625;0.029296875;0.16796875;0.15625;0.0107421875;0.0322265625;0.0078125;0.0;0.0;0.0;0.0;0.0;0.02734375;0.0078125;0.0;0.0234375;0.0;0.0;0.0078125;0.0078125;0.001953125;0.021484375;0.017578125;0.0029296875;0.0029296875;0.013671875;0.001953125;0.083984375;0.01171875;0.001953125;0.0;0.7;0.171875;0.1875;0.421875;0.09765625;0.0625;0.296875;0.5;0.109375;0.40625;0.515625;0.109375;0.3125;0.5;0.0859375;0.103515625;0.25;0.5703125;0.111328125;0.296875;0.390625;0.060546875;0.2421875;0.265625;0.029296875;0.1640625;0.1484375;0.0107421875;0.029296875;0.00390625;0.0;0.0;0.0;0.0;0.0;0.02734375;0.0078125;0.0;0.02734375;0.0;0.0;0.0078125;0.0078125;0.001953125;0.01953125;0.015625;0.0029296875;0.0029296875;0.013671875;0.001953125;0.10546875;0.01171875;0.001953125;0.0;0.7
59;59;78.34;0.15625;0.1875;0.4375;0.1015625;0.0625;0.3125;0.5;0.10546875;0.4375;0.53125;0.10546875;0.3203125;0.515625;0.08984375;0.107421875;0.2578125;0.578125;0.1171875;0.3046875;0.4140625;0.05859375;0.25;0.28125;0.03125;0.171875;0.15625;0.01171875;0.0322265625;0.0078125;0.0;0.0;0.0;0.0;0.0;0.02734375;0.00390625;0.0;0.02734375;0.0;0.0;0.0078125;0.0078125;0.001953125;0.01953125;0.015625;0.0029296875;0.00341796875;0.013671875;0.001953125;0.0947265625;0.01171875;0.001953125;0.0;0.8;0.171875;0.1875;0.40625;0.1015625;0.0625;0.3125;0.5;0.11328125;0.421875;0.53125;0.109375;0.3125;0.5078125;0.087890625;0.103515625;0.25;0.5625;0.11328125;0.3046875;0.40625;0.05859375;0.25;0.28125;0.03125;0.171875;0.15234375;0.0107421875;0.0322265625;0.00390625;0.0;0.0;0.00390625;0.0;0.0;0.02734375;0.00390625;0.0;0.02734375;0.0;0.0;0.00390625;0.0078125;0.0009765625;0.01953125;0.017578125;0.0029296875;0.00341796875;0.013671875;0.001953125;0.095703125;0.01171875;0.001953125;0.0;0.8
60;60;78.11;0.15625;0.1875;0.453125;0.1015625;0.0625;0.3125;0.515625;0.10546875;0.4375;0.546875;0.109375;0.328125;0.515625;0.08984375;0.111328125;0.2578125;0.578125;0.119140625;0.3046875;0.40625;0.060546875;0.25;0.2734375;0.029296875;0.171875;0.15625;0.01171875;0.033203125;0.0078125;0.0;0.0;0.0;0.0;0.0;0.02734375;0.00390625;0.0;0.03125;0.0;0.0;0.0078125;0.0078125;0.001953125;0.01953125;0.017578125;0.00341796875;0.0029296875;0.013671875;0.001953125;0.08935546875;0.013671875;0.001953125;0.0;0.7;0.15625;0.1875;0.421875;0.1015625;0.0625;0.3125;0.515625;0.11328125;0.421875;0.53125;0.11328125;0.3125;0.5078125;0.087890625;0.10546875;0.25;0.5703125;0.115234375;0.296875;0.3984375;0.0625;0.25;0.2734375;0.03125;0.171875;0.1484375;0.01171875;0.03125;0.00390625;0.0;0.0;0.0;0.0;0.0;0.02734375;0.00390625;0.0;0.03125;0.0;0.0;0.00390625;0.0078125;0.001953125;0.01953125;0.017578125;0.00341796875;0.0029296875;0.013671875;0.001953125;0.099609375;0.01171875;0.001953125;0.0;0.7
61;61;80.77;0.15625;0.1875;0.453125;0.1015625;0.0625;0.3125;0.515625;0.10546875;0.453125;0.546875;0.109375;0.3359375;0.5234375;0.08984375;0.11328125;0.265625;0.5859375;0.12109375;0.3046875;0.40625;0.060546875;0.2578125;0.28125;0.03125;0.1796875;0.15234375;0.01171875;0.0341796875;0.0078125;0.0;0.0;0.0;0.0;0.0;0.03125;0.00390625;0.0;0.02734375;0.0;0.0;0.00390625;0.0078125;0.001953125;0.01953125;0.017578125;0.0029296875;0.0029296875;0.013671875;0.001953125;0.08056640625;0.01171875;0.001953125;0.0;0.7;0.171875;0.1875;0.4375;0.1015625;0.06640625;0.296875;0.515625;0.11328125;0.4375;0.53125;0.1171875;0.3203125;0.515625;0.08984375;0.107421875;0.2578125;0.578125;0.12109375;0.3046875;0.3984375;0.060546875;0.25;0.2734375;0.03125;0.17578125;0.140625;0.01171875;0.0322265625;0.00390625;0.0;0.0;0.0;0.0;0.0;0.03125;0.00390625;0.0;0.02734375;0.0;0.0;0.00390625;0.01171875;0.0009765625;0.01953125;0.015625;0.0029296875;0.0029296875;0.013671875;0.001953125;0.10791015625;0.01171875;0.001953125;0.0;0.7
62;62;78.51;0.15625;0.1875;0.453125;0.10546875;0.0625;0.3125;0.53125;0.109375;0.421875;0.53125;0.109375;0.3359375;0.515625;0.08984375;0.111328125;0.265625;0.5859375;0.12109375;0.3125;0.40625;0.0625;0.2578125;0.28125;0.03125;0.17578125;0.15234375;0.0107421875;0.0341796875;0.00390625;0.0;0.0;0.0;0.0;0.0;0.02734375;0.0078125;0.0;0.02734375;0.0;0.0;0.00390625;0.01171875;0.001953125;0.021484375;0.015625;0.00341796875;0.0029296875;0.013671875;0.001953125;0.0888671875;0.01171875;0.001953125;0.0;0.7;0.15625;0.1875;0.4375;0.1015625;0.0625;0.296875;0.515625;0.11328125;0.421875;0.53125;0.11328125;0.3203125;0.5078125;0.08984375;0.107421875;0.2578125;0.578125;0.119140625;0.3125;0.3984375;0.0625;0.25;0.28125;0.03125;0.171875;0.140625;0.0107421875;0.03125;0.00390625;0.0;0.0;0.0;0.0;0.0;0.02734375;0.0078125;0.0;0.02734375;0.0;0.0;0.00390625;0.01171875;0.0009765625;0.01953125;0.015625;0.00341796875;0.0029296875;0.013671875;0.001953125;0.09423828125;0.01171875;0.001953125;0.0;0.8
63;63;81.23;0.15625;0.1875;0.453125;0.10546875;0.0625;0.3125;0.53125;0.109375;0.453125;0.546875;0.11328125;0.34375;0.53125;0.091796875;0.11328125;0.265625;0.59375;0.123046875;0.3125;0.40625;0.0625;0.2578125;0.28125;0.03125;0.18359375;0.1484375;0.0107421875;0.0322265625;0.0078125;0.0;0.0;0.0;0.0;0.0;0.02734375;0.00390625;0.0;0.02734375;0.0;0.0;0.00390625;0.0078125;0.001953125;0.01953125;0.017578125;0.00341796875;0.0029296875;0.013671875;0.001953125;0.064453125;0.01171875;0.001953125;0.0;0.7;0.171875;0.203125;0.4375;0.10546875;0.06640625;0.3125;0.53125;0.1171875;0.421875;0.53125;0.1171875;0.328125;0.53125;0.091796875;0.109375;0.2578125;0.5859375;0.12109375;0.3125;0.3984375;0.064453125;0.2578125;0.28125;0.03125;0.1796875;0.14453125;0.0107421875;0.0322265625;0.00390625;0.0;0.0;0.0;0.0;0.0;0.02734375;0.00390625;0.0;0.02734375;0.0;0.0;0.00390625;0.01171875;0.001953125;0.01953125;0.015625;0.00341796875;0.00341796875;0.013671875;0.001953125;0.06640625;0.01171875;0.001953125;0.0;0.7
64;64;80.19;0.15625;0.1875;0.453125;0.10546875;0.0625;0.3125;0.515625;0.109375;0.4375;0.546875;0.109375;0.34375;0.53125;0.091796875;0.115234375;0.265625;0.59375;0.12109375;0.3203125;0.421875;0.064453125;0.2578125;0.2890625;0.033203125;0.18359375;0.15625;0.01171875;0.0322265625;0.00390625;0.0;0.0;0.0;0.0;0.0;0.02734375;0.0078125;0.0;0.02734375;0.0;0.0;0.00390625;0.0078125;0.001953125;0.01953125;0.015625;0.00341796875;0.0029296875;0.013671875;0.001953125;0.0947265625;0.01171875;0.001953125;0.0;0.7;0.171875;0.1875;0.4375;0.10546875;0.06640625;0.3125;0.515625;0.1171875;0.421875;0.53125;0.1171875;0.3359375;0.53125;0.091796875;0.111328125;0.265625;0.5859375;0.119140625;0.3203125;0.421875;0.064453125;0.265625;0.2890625;0.033203125;0.18359375;0.15234375;0.01171875;0.033203125;0.0078125;0.0;0.0;0.0;0.0;0.0;0.02734375;0.0078125;0.0;0.03125;0.0;0.0;0.00390625;0.01171875;0.001953125;0.01953125;0.015625;0.00341796875;0.0029296875;0.013671875;0.001953125;0.11181640625;0.01171875;0.001953125;0.0;0.8
65;65;78.57;0.15625;0.203125;0.453125;0.10546875;0.0625;0.3125;0.53125;0.11328125;0.453125;0.546875;0.11328125;0.34375;0.53125;0.09375;0.115234375;0.2734375;0.59375;0.125;0.3203125;0.421875;0.064453125;0.2734375;0.2890625;0.03125;0.19140625;0.16015625;0.01171875;0.03515625;0.00390625;0.0;0.0;0.0;0.0;0.0;0.02734375;0.0078125;0.0;0.02734375;0.0;0.0;0.00390625;0.01171875;0.0009765625;0.01953125;0.015625;0.0029296875;0.0029296875;0.013671875;0.001953125;0.1015625;0.01171875;0.001953125;0.0;0.8;0.15625;0.203125;0.4375;0.10546875;0.06640625;0.3125;0.53125;0.12109375;0.4375;0.546875;0.12109375;0.3359375;0.53125;0.09375;0.111328125;0.265625;0.5859375;0.123046875;0.328125;0.421875;0.068359375;0.265625;0.28125;0.033203125;0.19140625;0.15625;0.01171875;0.033203125;0.0078125;0.0;0.0;0.0;0.0;0.0;0.02734375;0.00390625;0.0;0.0234375;0.0;0.0;0.00390625;0.01171875;0.0009765625;0.01953125;0.017578125;0.0029296875;0.0029296875;0.013671875;0.001953125;0.10693359375;0.01171875;0.001953125;0.0;0.8
66;66;81.47;0.15625;0.1875;0.453125;0.10546875;0.0625;0.3125;0.53125;0.109375;0.453125;0.546875;0.11328125;0.34375;0.5390625;0.095703125;0.1171875;0.2734375;0.6015625;0.126953125;0.328125;0.4296875;0.068359375;0.2734375;0.296875;0.03515625;0.19140625;0.16015625;0.01171875;0.0361328125;0.0078125;0.0;0.0;0.0;0.0;0.0;0.02734375;0.00390625;0.0;0.02734375;0.0;0.0;0.00390625;0.0078125;0.0009765625;0.021484375;0.017578125;0.0029296875;0.00341796875;0.013671875;0.001953125;0.07958984375;0.01171875;0.001953125;0.0;0.7;0.171875;0.1875;0.453125;0.10546875;0.06640625;0.296875;0.53125;0.11328125;0.4375;0.546875;0.12109375;0.3359375;0.53125;0.09375;0.11328125;0.265625;0.59375;0.125;0.328125;0.421875;0.0703125;0.2734375;0.2890625;0.033203125;0.1875;0.15234375;0.01171875;0.0341796875;0.00390625;0.0;0.0;0.0;0.0;0.0;0.02734375;0.00390625;0.0;0.02734375;0.0;0.0;0.00390625;0.0078125;0.0009765625;0.021484375;0.015625;0.0029296875;0.0029296875;0.013671875;0.001953125;0.08349609375;0.01171875;0.001953125;0.0;0.7
67;67;81.68;0.15625;0.203125;0.453125;0.1015625;0.06640625;0.3125;0.53125;0.109375;0.453125;0.546875;0.11328125;0.34375;0.546875;0.095703125;0.119140625;0.28125;0.6015625;0.12890625;0.328125;0.4296875;0.068359375;0.2734375;0.2890625;0.033203125;0.1953125;0.16015625;0.01171875;0.037109375;0.00390625;0.0;0.0;0.0;0.0;0.0;0.02734375;0.00390625;0.0;0.02734375;0.0;0.0;0.00390625;0.0078125;0.0009765625;0.021484375;0.017578125;0.0029296875;0.00341796875;0.013671875;0.001953125;0.0927734375;0.01171875;0.001953125;0.0;0.7;0.171875;0.203125;0.4375;0.10546875;0.06640625;0.3125;0.53125;0.1171875;0.4375;0.546875;0.1171875;0.3359375;0.5390625;0.095703125;0.115234375;0.265625;0.6015625;0.126953125;0.328125;0.4296875;0.0703125;0.265625;0.2890625;0.033203125;0.19140625;0.16015625;0.01171875;0.0361328125;0.00390625;0.0;0.0;0.0;0.0;0.0;0.02734375;0.00390625;0.0;0.02734375;0.0;0.0;0.00390625;0.01171875;0.0009765625;0.021484375;0.015625;0.0029296875;0.0029296875;0.013671875;0.001953125;0.09326171875;0.01171875;0.001953125;0.0;0.7
68;68;82.01;0.15625;0.1875;0.46875;0.10546875;0.06640625;0.328125;0.546875;0.11328125;0.453125;0.5625;0.11328125;0.34375;0.546875;0.095703125;0.119140625;0.28125;0.6171875;0.130859375;0.3359375;0.4296875;0.06640625;0.2734375;0.296875;0.03515625;0.19140625;0.1640625;0.01171875;0.0341796875;0.00390625;0.0;0.0;0.0;0.0;0.0;0.02734375;0.00390625;0.0;0.02734375;0.0;0.0;0.00390625;0.0078125;0.0009765625;0.01953125;0.017578125;0.0029296875;0.0029296875;0.013671875;0.001953125;0.08935546875;0.01171875;0.001953125;0.0;0.8;0.171875;0.203125;0.453125;0.10546875;0.06640625;0.3125;0.53125;0.1171875;0.4375;0.546875;0.12109375;0.3359375;0.5390625;0.095703125;0.1171875;0.2734375;0.609375;0.130859375;0.3359375;0.4296875;0.068359375;0.2734375;0.296875;0.03515625;0.1953125;0.16015625;0.01171875;0.0361328125;0.00390625;0.0;0.0;0.00390625;0.0;0.0;0.02734375;0.00390625;0.0;0.02734375;0.0;0.0;0.00390625;0.0078125;0.0009765625;0.021484375;0.017578125;0.00341796875;0.00341796875;0.013671875;0.001953125;0.1044921875;0.01171875;0.001953125;0.0;0.8
69;69;81.51;0.15625;0.203125;0.46875;0.10546875;0.06640625;0.328125;0.546875;0.11328125;0.453125;0.5625;0.1171875;0.3515625;0.546875;0.09765625;0.12109375;0.28125;0.6171875;0.130859375;0.3359375;0.4375;0.0703125;0.28125;0.296875;0.03515625;0.203125;0.16796875;0.01171875;0.0390625;0.0078125;0.0;0.0;0.0;0.0;0.0;0.02734375;0.00390625;0.0;0.0234375;0.0;0.0;0.00390625;0.0078125;0.0009765625;0.021484375;0.017578125;0.00341796875;0.00341796875;0.013671875;0.001953125;0.0947265625;0.01171875;0.001953125;0.0;0.8;0.15625;0.203125;0.4375;0.10546875;0.06640625;0.3125;0.546875;0.12109375;0.4375;0.5625;0.12109375;0.3359375;0.546875;0.09765625;0.1171875;0.2734375;0.6171875;0.12890625;0.34375;0.4375;0.07421875;0.28125;0.296875;0.03515625;0.19921875;0.16015625;0.01171875;0.0380859375;0.0078125;0.0;0.0;0.0;0.0;0.0;0.02734375;0.00390625;0.0;0.02734375;0.0;0.0;0.00390625;0.0078125;0.0009765625;0.021484375;0.015625;0.00341796875;0.00341796875;0.013671875;0.001953125;0.10595703125;0.01171875;0.001953125;0.0;0.8
70;70;83.51;0.15625;0.203125;0.46875;0.10546875;0.06640625;0.328125;0.546875;0.1171875;0.46875;0.5625;0.1171875;0.3515625;0.546875;0.09765625;0.123046875;0.2890625;0.6171875;0.134765625;0.34375;0.4296875;0.0703125;0.2890625;0.3046875;0.03515625;0.203125;0.16015625;0.01171875;0.037109375;0.0078125;0.0;0.0;0.0;0.0;0.0;0.02734375;0.00390625;0.0;0.0234375;0.0;0.0;0.00390625;0.0078125;0.0009765625;0.021484375;0.017578125;0.00341796875;0.00341796875;0.013671875;0.001953125;0.0732421875;0.01171875;0.001953125;0.0;0.8;0.15625;0.203125;0.4375;0.10546875;0.06640625;0.3125;0.53125;0.12109375;0.453125;0.546875;0.12109375;0.34375;0.546875;0.09765625;0.12109375;0.28125;0.609375;0.1328125;0.34375;0.4296875;0.072265625;0.2890625;0.296875;0.03515625;0.203125;0.16015625;0.01171875;0.0380859375;0.00390625;0.0;0.0;0.0;0.0;0.0;0.02734375;0.00390625;0.0;0.02734375;0.0;0.0;0.00390625;0.0078125;0.0009765625;0.021484375;0.017578125;0.00341796875;0.00341796875;0.015625;0.001953125;0.09912109375;0.01171875;0.001953125;0.0;0.8
71;71;80.99;0.15625;0.203125;0.46875;0.10546875;0.06640625;0.328125;0.546875;0.11328125;0.453125;0.5625;0.12109375;0.359375;0.546875;0.09765625;0.125;0.2890625;0.6171875;0.13671875;0.3515625;0.4453125;0.072265625;0.2890625;0.3125;0.037109375;0.20703125;0.1640625;0.01171875;0.0390625;0.00390625;0.0;0.0;0.0;0.0;0.0;0.02734375;0.00390625;0.0;0.02734375;0.0;0.0;0.00390625;0.0078125;0.0009765625;0.021484375;0.017578125;0.00341796875;0.00341796875;0.013671875;0.001953125;0.07666015625;0.01171875;0.001953125;0.0;0.7;0.15625;0.203125;0.4375;0.10546875;0.06640625;0.3125;0.546875;0.12109375;0.453125;0.5625;0.125;0.3515625;0.5546875;0.099609375;0.12109375;0.28125;0.6171875;0.1328125;0.3515625;0.4453125;0.072265625;0.2890625;0.3125;0.037109375;0.2109375;0.1640625;0.01171875;0.0380859375;0.00390625;0.0;0.0;0.0;0.0;0.0;0.02734375;0.00390625;0.0;0.02734375;0.0;0.0;0.00390625;0.0078125;0.0009765625;0.021484375;0.017578125;0.0029296875;0.00341796875;0.013671875;0.001953125;0.09423828125;0.01171875;0.001953125;0.0;0.7
72;72;83.11;0.15625;0.203125;0.46875;0.109375;0.06640625;0.328125;0.546875;0.1171875;0.46875;0.5625;0.1171875;0.3515625;0.546875;0.099609375;0.125;0.2890625;0.6171875;0.134765625;0.3515625;0.4453125;0.076171875;0.2890625;0.3046875;0.03515625;0.2109375;0.1640625;0.01171875;0.0380859375;0.0078125;0.0;0.0;0.0;0.0;0.0;0.02734375;0.00390625;0.0;0.02734375;0.0;0.0;0.00390625;0.0078125;0.0009765625;0.021484375;0.017578125;0.0029296875;0.00341796875;0.013671875;0.001953125;0.0888671875;0.01171875;0.001953125;0.0;0.7;0.15625;0.203125;0.453125;0.10546875;0.0703125;0.3125;0.53125;0.12109375;0.453125;0.5625;0.12109375;0.34375;0.546875;0.099609375;0.12109375;0.28125;0.6171875;0.134765625;0.3515625;0.4375;0.078125;0.2890625;0.3046875;0.037109375;0.20703125;0.16015625;0.01171875;0.0380859375;0.0078125;0.0;0.0;0.0;0.0;0.0;0.02734375;0.00390625;0.0;0.02734375;0.0;0.0;0.00390625;0.0078125;0.0009765625;0.021484375;0.017578125;0.00341796875;0.00341796875;0.013671875;0.001953125;0.09228515625;0.01171875;0.001953125;0.0;0.8
73;73;84.1;0.15625;0.203125;0.46875;0.109375;0.06640625;0.328125;0.546875;0.1171875;0.46875;0.5625;0.1171875;0.359375;0.5546875;0.099609375;0.126953125;0.296875;0.625;0.138671875;0.3515625;0.453125;0.07421875;0.296875;0.3203125;0.037109375;0.21484375;0.16796875;0.01171875;0.0400390625;0.0078125;0.0;0.0;0.0;0.0;0.0;0.02734375;0.00390625;0.0;0.02734375;0.0;0.0;0.00390625;0.0078125;0.0009765625;0.021484375;0.017578125;0.00341796875;0.00341796875;0.013671875;0.001953125;0.064453125;0.01171875;0.001953125;0.0;0.7;0.171875;0.203125;0.453125;0.10546875;0.0703125;0.328125;0.546875;0.12109375;0.453125;0.5625;0.12109375;0.3515625;0.5546875;0.099609375;0.125;0.2890625;0.6171875;0.13671875;0.359375;0.453125;0.078125;0.296875;0.3046875;0.037109375;0.2109375;0.1640625;0.01171875;0.0380859375;0.0078125;0.0;0.0;0.0;0.0;0.0;0.02734375;0.00390625;0.0;0.02734375;0.0;0.0;0.00390625;0.0078125;0.0009765625;0.021484375;0.017578125;0.00341796875;0.00341796875;0.013671875;0.001953125;0.07421875;0.01171875;0.001953125;0.0;0.8
74;74;83.33;0.15625;0.203125;0.46875;0.109375;0.06640625;0.328125;0.5625;0.1171875;0.484375;0.578125;0.12109375;0.3671875;0.5625;0.1015625;0.130859375;0.296875;0.6328125;0.138671875;0.3515625;0.4609375;0.076171875;0.296875;0.3203125;0.037109375;0.21875;0.171875;0.01171875;0.0400390625;0.0078125;0.0;0.0;0.0;0.0;0.0;0.02734375;0.00390625;0.0;0.02734375;0.0;0.0;0.00390625;0.0078125;0.0009765625;0.021484375;0.017578125;0.00341796875;0.00341796875;0.013671875;0.001953125;0.08251953125;0.01171875;0.001953125;0.0;0.8;0.15625;0.203125;0.453125;0.109375;0.0703125;0.3125;0.5625;0.125;0.46875;0.5625;0.125;0.359375;0.5546875;0.1015625;0.126953125;0.2890625;0.625;0.13671875;0.359375;0.453125;0.078125;0.3046875;0.3125;0.037109375;0.21875;0.16796875;0.01171875;0.0400390625;0.0078125;0.0;0.0;0.0;0.0;0.0;0.02734375;0.00390625;0.0;0.02734375;0.0;0.0;0.00390625;0.0078125;0.0009765625;0.021484375;0.017578125;0.00341796875;0.00341796875;0.013671875;0.001953125;0.08642578125;0.01171875;0.001953125;0.0;0.7
75;75;83.89;0.15625;0.203125;0.46875;0.109375;0.06640625;0.328125;0.546875;0.1171875;0.484375;0.578125;0.12109375;0.3671875;0.5546875;0.1015625;0.130859375;0.296875;0.6328125;0.140625;0.359375;0.4609375;0.078125;0.296875;0.3203125;0.0390625;0.21875;0.1796875;0.0126953125;0.041015625;0.0078125;0.0;0.0;0.0;0.0;0.0;0.02734375;0.00390625;0.0;0.02734375;0.0;0.0;0.00390625;0.0078125;0.0009765625;0.021484375;0.01953125;0.00341796875;0.00341796875;0.015625;0.001953125;0.0927734375;0.01171875;0.001953125;0.0;0.8;0.15625;0.203125;0.453125;0.10546875;0.0703125;0.328125;0.546875;0.125;0.46875;0.578125;0.12890625;0.359375;0.5546875;0.1015625;0.12890625;0.2890625;0.625;0.138671875;0.359375;0.453125;0.080078125;0.296875;0.3046875;0.0390625;0.22265625;0.17578125;0.0126953125;0.0419921875;0.0078125;0.0;0.0;0.0;0.0;0.0;0.02734375;0.00390625;0.0;0.02734375;0.0;0.0;0.00390625;0.0078125;0.0009765625;0.021484375;0.017578125;0.00341796875;0.00341796875;0.013671875;0.001953125;0.107421875;0.01171875;0.001953125;0.0;0.8
76;76;83.88;0.15625;0.203125;0.46875;0.109375;0.06640625;0.328125;0.546875;0.12109375;0.46875;0.578125;0.125;0.375;0.5625;0.10546875;0.1328125;0.3046875;0.640625;0.142578125;0.3671875;0.46875;0.080078125;0.3046875;0.3203125;0.041015625;0.22265625;0.171875;0.0126953125;0.041015625;0.0078125;0.0;0.0;0.0;0.0;0.0;0.02734375;0.00390625;0.0;0.02734375;0.0;0.0;0.00390625;0.0078125;0.0009765625;0.021484375;0.017578125;0.00341796875;0.00341796875;0.013671875;0.001953125;0.08740234375;0.01171875;0.001953125;0.0;0.8;0.171875;0.21875;0.4375;0.109375;0.0703125;0.3125;0.546875;0.12890625;0.453125;0.578125;0.12890625;0.3671875;0.5625;0.103515625;0.12890625;0.296875;0.6328125;0.142578125;0.3671875;0.46875;0.08203125;0.3046875;0.3203125;0.041015625;0.22265625;0.171875;0.0126953125;0.0419921875;0.0078125;0.0;0.0;0.0;0.0;0.0;0.02734375;0.00390625;0.0;0.0234375;0.0;0.0;0.00390625;0.0078125;0.0009765625;0.021484375;0.017578125;0.00341796875;0.00341796875;0.013671875;0.001953125;0.11181640625;0.01171875;0.001953125;0.0;0.8
77;77;84.49;0.15625;0.21875;0.46875;0.109375;0.06640625;0.328125;0.5625;0.12109375;0.484375;0.578125;0.125;0.375;0.5703125;0.10546875;0.134765625;0.3046875;0.6484375;0.14453125;0.375;0.46875;0.080078125;0.3125;0.328125;0.041015625;0.2265625;0.1796875;0.0126953125;0.0419921875;0.0078125;0.0;0.0;0.0;0.0;0.0;0.02734375;0.00390625;0.0;0.02734375;0.0;0.0;0.00390625;0.0078125;0.0009765625;0.0234375;0.017578125;0.0029296875;0.00341796875;0.013671875;0.001953125;0.08203125;0.01171875;0.001953125;0.0;0.8;0.15625;0.21875;0.453125;0.109375;0.0703125;0.328125;0.5625;0.12890625;0.46875;0.578125;0.12890625;0.3671875;0.5625;0.10546875;0.1328125;0.296875;0.640625;0.142578125;0.375;0.46875;0.083984375;0.3125;0.3203125;0.041015625;0.2265625;0.171875;0.0126953125;0.0419921875;0.0078125;0.0;0.0;0.0;0.0;0.0;0.02734375;0.00390625;0.0;0.02734375;0.0;0.0;0.00390625;0.0078125;0.0009765625;0.0234375;0.015625;0.00341796875;0.00341796875;0.013671875;0.001953125;0.111328125;0.01171875;0.001953125;0.0;0.8
78;78;84.96;0.15625;0.203125;0.46875;0.109375;0.06640625;0.34375;0.5625;0.12109375;0.484375;0.578125;0.125;0.3828125;0.578125;0.10546875;0.13671875;0.3125;0.6484375;0.14453125;0.3828125;0.484375;0.083984375;0.3125;0.3203125;0.0390625;0.23046875;0.18359375;0.0126953125;0.044921875;0.0078125;0.0;0.0;0.0;0.0;0.0;0.02734375;0.00390625;0.0;0.02734375;0.0;0.0;0.00390625;0.0078125;0.0009765625;0.0234375;0.017578125;0.00341796875;0.00341796875;0.013671875;0.001953125;0.0791015625;0.013671875;0.001953125;0.0;0.8;0.171875;0.21875;0.453125;0.109375;0.0703125;0.328125;0.5625;0.12890625;0.46875;0.578125;0.12890625;0.375;0.578125;0.10546875;0.1328125;0.3046875;0.640625;0.14453125;0.3828125;0.484375;0.0859375;0.3203125;0.328125;0.041015625;0.23046875;0.1796875;0.0126953125;0.04296875;0.0078125;0.0;0.0;0.0;0.0;0.0;0.02734375;0.00390625;0.0;0.02734375;0.0;0.0;0.00390625;0.0078125;0.0009765625;0.0234375;0.017578125;0.00341796875;0.00341796875;0.013671875;0.001953125;0.10888671875;0.01171875;0.001953125;0.0;0.8
79;79;85.29;0.15625;0.21875;0.484375;0.109375;0.0703125;0.34375;0.5625;0.12109375;0.484375;0.59375;0.125;0.3828125;0.5703125;0.10546875;0.138671875;0.3125;0.6484375;0.146484375;0.3828125;0.4765625;0.083984375;0.3203125;0.328125;0.041015625;0.234375;0.18359375;0.0126953125;0.044921875;0.0078125;0.0;0.0;0.0;0.0;0.0;0.02734375;0.00390625;0.0;0.02734375;0.0;0.0;0.0078125;0.0078125;0.0009765625;0.0234375;0.017578125;0.00341796875;0.00341796875;0.013671875;0.001953125;0.08203125;0.01171875;0.001953125;0.0;0.8;0.171875;0.21875;0.46875;0.109375;0.0703125;0.328125;0.5625;0.12890625;0.46875;0.578125;0.1328125;0.375;0.5625;0.10546875;0.13671875;0.3046875;0.640625;0.14453125;0.3828125;0.4765625;0.0859375;0.3203125;0.328125;0.041015625;0.23828125;0.1796875;0.0126953125;0.044921875;0.0078125;0.0;0.0;0.0;0.0;0.0;0.02734375;0.00390625;0.0;0.02734375;0.0;0.0;0.00390625;0.0078125;0.0009765625;0.0234375;0.015625;0.00341796875;0.00341796875;0.013671875;0.001953125;0.10693359375;0.01171875;0.001953125;0.0;0.8
80;80;84.63;0.15625;0.21875;0.46875;0.109375;0.0703125;0.328125;0.578125;0.12109375;0.484375;0.59375;0.125;0.3828125;0.5703125;0.107421875;0.138671875;0.3203125;0.65625;0.146484375;0.390625;0.4921875;0.0859375;0.328125;0.3359375;0.04296875;0.2421875;0.18359375;0.0126953125;0.0439453125;0.0078125;0.0;0.0;0.0;0.0;0.0;0.02734375;0.00390625;0.0;0.02734375;0.0;0.0;0.00390625;0.0078125;0.0009765625;0.0234375;0.017578125;0.00341796875;0.00341796875;0.013671875;0.001953125;0.07470703125;0.01171875;0.001953125;0.0;0.8;0.171875;0.21875;0.453125;0.10546875;0.0703125;0.328125;0.5625;0.12890625;0.46875;0.578125;0.12890625;0.375;0.5703125;0.10546875;0.13671875;0.3125;0.6484375;0.146484375;0.390625;0.484375;0.087890625;0.328125;0.3359375;0.04296875;0.23828125;0.1875;0.0126953125;0.0458984375;0.0078125;0.0;0.0;0.0;0.0;0.0;0.02734375;0.0;0.0;0.02734375;0.0;0.0;0.00390625;0.0078125;0.0009765625;0.0234375;0.015625;0.00341796875;0.00341796875;0.013671875;0.001953125;0.091796875;0.01171875;0.001953125;0.0;0.8
81;81;86.11;0.15625;0.21875;0.46875;0.109375;0.0703125;0.34375;0.578125;0.125;0.5;0.59375;0.12890625;0.3828125;0.578125;0.107421875;0.142578125;0.3203125;0.65625;0.1484375;0.3984375;0.484375;0.083984375;0.3203125;0.3359375;0.04296875;0.24609375;0.19921875;0.0126953125;0.046875;0.0078125;0.0;0.0;0.0;0.0;0.0;0.02734375;0.00390625;0.0;0.02734375;0.0;0.0;0.0078125;0.0078125;0.0009765625;0.0234375;0.01953125;0.00341796875;0.00341796875;0.013671875;0.001953125;0.0908203125;0.01171875;0.001953125;0.0;0.8;0.171875;0.21875;0.453125;0.109375;0.0703125;0.328125;0.578125;0.1328125;0.484375;0.578125;0.1328125;0.375;0.5703125;0.107421875;0.138671875;0.3125;0.6484375;0.1484375;0.3984375;0.484375;0.087890625;0.328125;0.34375;0.044921875;0.24609375;0.19140625;0.0126953125;0.046875;0.0078125;0.0;0.0;0.0;0.0;0.0;0.02734375;0.00390625;0.0;0.02734375;0.0;0.0;0.00390625;0.0078125;0.0009765625;0.0234375;0.017578125;0.00341796875;0.00341796875;0.013671875;0.001953125;0.1142578125;0.01171875;0.001953125;0.0;0.8
82;82;86.37;0.15625;0.21875;0.484375;0.109375;0.0703125;0.34375;0.578125;0.125;0.5;0.59375;0.12890625;0.390625;0.5703125;0.107421875;0.142578125;0.3203125;0.65625;0.1484375;0.390625;0.4921875;0.087890625;0.328125;0.3359375;0.044921875;0.25;0.1875;0.0126953125;0.0478515625;0.0078125;0.0;0.0;0.0;0.0;0.0;0.02734375;0.00390625;0.0;0.02734375;0.0;0.0;0.0078125;0.0078125;0.0009765625;0.0234375;0.017578125;0.00341796875;0.0029296875;0.015625;0.001953125;0.091796875;0.01171875;0.001953125;0.0;0.8;0.171875;0.21875;0.453125;0.109375;0.0703125;0.328125;0.5625;0.1328125;0.484375;0.59375;0.1328125;0.3828125;0.5703125;0.10546875;0.140625;0.3125;0.65625;0.1484375;0.3984375;0.4921875;0.08984375;0.328125;0.34375;0.046875;0.25;0.19140625;0.0126953125;0.046875;0.0078125;0.0;0.0;0.0;0.0;0.0;0.02734375;0.00390625;0.0;0.02734375;0.0;0.0;0.00390625;0.0078125;0.0009765625;0.0234375;0.017578125;0.00341796875;0.00341796875;0.015625;0.001953125;0.1064453125;0.01171875;0.001953125;0.0;0.8
83;83;86.15;0.171875;0.21875;0.484375;0.109375;0.0703125;0.34375;0.578125;0.125;0.5;0.59375;0.12890625;0.390625;0.578125;0.109375;0.142578125;0.3203125;0.6640625;0.15234375;0.3984375;0.5;0.08984375;0.328125;0.34375;0.04296875;0.25;0.1875;0.0126953125;0.0458984375;0.0078125;0.0;0.0;0.0;0.0;0.0;0.02734375;0.00390625;0.0;0.02734375;0.0;0.0;0.0078125;0.0078125;0.0009765625;0.0234375;0.017578125;0.00341796875;0.00341796875;0.013671875;0.001953125;0.08056640625;0.01171875;0.001953125;0.0;0.8;0.171875;0.21875;0.46875;0.109375;0.0703125;0.328125;0.578125;0.1328125;0.484375;0.59375;0.1328125;0.3828125;0.578125;0.109375;0.140625;0.3125;0.6640625;0.150390625;0.3984375;0.5;0.091796875;0.3359375;0.34375;0.044921875;0.2578125;0.1875;0.0126953125;0.0478515625;0.0078125;0.0;0.0;0.0;0.0;0.0;0.02734375;0.0;0.0;0.02734375;0.0;0.0;0.0078125;0.0078125;0.0009765625;0.0234375;0.017578125;0.00341796875;0.00341796875;0.013671875;0.001953125;0.1005859375;0.01171875;0.001953125;0.0;0.8
84;84;86.24;0.15625;0.21875;0.484375;0.109375;0.0703125;0.34375;0.578125;0.125;0.5;0.59375;0.12890625;0.3984375;0.578125;0.109375;0.1484375;0.3203125;0.6640625;0.15234375;0.40625;0.5;0.08984375;0.34375;0.34375;0.044921875;0.26171875;0.203125;0.0126953125;0.0498046875;0.0078125;0.0;0.0;0.0;0.0;0.0;0.02734375;0.00390625;0.0;0.03125;0.0;0.0;0.0078125;0.0078125;0.0009765625;0.0234375;0.01953125;0.00341796875;0.00341796875;0.013671875;0.001953125;0.07958984375;0.01171875;0.001953125;0.0;0.8;0.171875;0.21875;0.46875;0.109375;0.0703125;0.328125;0.5625;0.1328125;0.484375;0.59375;0.1328125;0.3828125;0.578125;0.109375;0.142578125;0.3203125;0.65625;0.150390625;0.40625;0.5;0.091796875;0.34375;0.34375;0.044921875;0.2578125;0.19140625;0.0126953125;0.048828125;0.0078125;0.0;0.0;0.00390625;0.0;0.0;0.02734375;0.00390625;0.0;0.02734375;0.0;0.0;0.0078125;0.0078125;0.0009765625;0.0234375;0.017578125;0.00341796875;0.00341796875;0.013671875;0.001953125;0.0908203125;0.01171875;0.001953125;0.0;0.8
85;85;86.59;0.15625;0.21875;0.484375;0.11328125;0.0703125;0.34375;0.578125;0.125;0.5;0.59375;0.12890625;0.390625;0.578125;0.111328125;0.146484375;0.328125;0.6640625;0.15234375;0.40625;0.5078125;0.091796875;0.34375;0.359375;0.046875;0.26171875;0.203125;0.013671875;0.0478515625;0.0078125;0.0;0.0;0.0;0.0;0.0;0.02734375;0.00390625;0.0;0.02734375;0.0;0.0;0.0078125;0.0078125;0.0009765625;0.0234375;0.01953125;0.00341796875;0.00341796875;0.015625;0.001953125;0.08935546875;0.013671875;0.001953125;0.0;0.8;0.171875;0.21875;0.46875;0.109375;0.07421875;0.328125;0.578125;0.1328125;0.484375;0.59375;0.1328125;0.390625;0.578125;0.109375;0.14453125;0.3203125;0.6640625;0.15234375;0.40625;0.5;0.09375;0.3515625;0.3515625;0.046875;0.265625;0.1953125;0.0126953125;0.0498046875;0.0078125;0.0;0.0;0.0;0.0;0.0;0.02734375;0.00390625;0.0;0.02734375;0.0;0.0;0.0078125;0.0078125;0.0009765625;0.0234375;0.017578125;0.00341796875;0.00341796875;0.015625;0.001953125;0.1025390625;0.01171875;0.001953125;0.0;0.8
86;86;87.65;0.15625;0.21875;0.484375;0.109375;0.0703125;0.34375;0.578125;0.12890625;0.515625;0.59375;0.12890625;0.3984375;0.578125;0.111328125;0.1484375;0.328125;0.6640625;0.154296875;0.40625;0.5;0.091796875;0.3515625;0.3515625;0.048828125;0.26171875;0.1953125;0.013671875;0.05078125;0.0078125;0.0;0.0;0.0;0.0;0.0;0.02734375;0.00390625;0.0;0.02734375;0.0;0.0;0.0078125;0.0078125;0.0009765625;0.025390625;0.01953125;0.00341796875;0.00341796875;0.013671875;0.001953125;0.09716796875;0.01171875;0.001953125;0.0;0.8;0.171875;0.21875;0.46875;0.109375;0.0703125;0.328125;0.578125;0.13671875;0.5;0.59375;0.13671875;0.390625;0.578125;0.111328125;0.14453125;0.3203125;0.6640625;0.154296875;0.4140625;0.5078125;0.095703125;0.3515625;0.359375;0.048828125;0.26953125;0.19921875;0.013671875;0.05078125;0.0078125;0.0;0.0;0.00390625;0.0;0.0;0.02734375;0.00390625;0.0;0.02734375;0.0;0.0;0.0078125;0.0078125;0.0009765625;0.0234375;0.01953125;0.00341796875;0.00341796875;0.015625;0.001953125;0.10498046875;0.013671875;0.001953125;0.0;0.8
87;87;87.55;0.15625;0.21875;0.484375;0.11328125;0.0703125;0.34375;0.578125;0.12890625;0.5;0.59375;0.1328125;0.3984375;0.5859375;0.11328125;0.146484375;0.328125;0.671875;0.154296875;0.421875;0.5078125;0.09375;0.3515625;0.359375;0.048828125;0.26953125;0.19921875;0.013671875;0.048828125;0.0078125;0.0;0.0;0.0;0.0;0.0;0.02734375;0.00390625;0.0;0.02734375;0.0;0.0;0.0078125;0.0078125;0.0009765625;0.025390625;0.01953125;0.00341796875;0.00341796875;0.015625;0.001953125;0.08935546875;0.013671875;0.001953125;0.0;0.8;0.171875;0.234375;0.46875;0.11328125;0.0703125;0.328125;0.578125;0.13671875;0.484375;0.59375;0.13671875;0.390625;0.5859375;0.11328125;0.14453125;0.3203125;0.6640625;0.154296875;0.421875;0.5078125;0.09765625;0.3515625;0.359375;0.048828125;0.2734375;0.19921875;0.013671875;0.05078125;0.0078125;0.0;0.0;0.00390625;0.0;0.0;0.02734375;0.00390625;0.0;0.02734375;0.0;0.0;0.0078125;0.0078125;0.0009765625;0.0234375;0.01953125;0.00341796875;0.00341796875;0.015625;0.001953125;0.09326171875;0.01171875;0.001953125;0.0;0.8
88;88;87.82;0.15625;0.21875;0.484375;0.109375;0.0703125;0.34375;0.59375;0.12890625;0.515625;0.59375;0.1328125;0.40625;0.578125;0.111328125;0.1484375;0.328125;0.671875;0.154296875;0.421875;0.515625;0.095703125;0.3515625;0.359375;0.046875;0.26953125;0.19921875;0.013671875;0.0498046875;0.0078125;0.0;0.0;0.0;0.0;0.0;0.02734375;0.00390625;0.0;0.02734375;0.0;0.0;0.0078125;0.0078125;0.0009765625;0.025390625;0.01953125;0.00341796875;0.00341796875;0.015625;0.001953125;0.08251953125;0.01171875;0.001953125;0.0;0.8;0.171875;0.234375;0.46875;0.109375;0.0703125;0.34375;0.59375;0.13671875;0.5;0.59375;0.13671875;0.3984375;0.578125;0.11328125;0.146484375;0.328125;0.6640625;0.154296875;0.421875;0.515625;0.099609375;0.359375;0.3671875;0.048828125;0.27734375;0.203125;0.013671875;0.0517578125;0.0078125;0.0;0.0;0.00390625;0.0;0.0;0.02734375;0.00390625;0.0;0.02734375;0.0;0.0;0.0078125;0.0078125;0.0009765625;0.0234375;0.01953125;0.00341796875;0.00341796875;0.015625;0.001953125;0.10595703125;0.01171875;0.001953125;0.0;0.8
89;89;87.91;0.15625;0.21875;0.484375;0.11328125;0.0703125;0.34375;0.578125;0.12890625;0.515625;0.59375;0.1328125;0.40625;0.5859375;0.11328125;0.150390625;0.3359375;0.671875;0.15625;0.421875;0.515625;0.09765625;0.359375;0.375;0.05078125;0.27734375;0.2109375;0.013671875;0.0517578125;0.0078125;0.0;0.0;0.0;0.0;0.0;0.02734375;0.00390625;0.0;0.02734375;0.0;0.0;0.0078125;0.0078125;0.0009765625;0.025390625;0.021484375;0.00341796875;0.00341796875;0.015625;0.001953125;0.0830078125;0.01171875;0.001953125;0.0;0.8;0.171875;0.21875;0.46875;0.11328125;0.07421875;0.34375;0.578125;0.13671875;0.5;0.59375;0.13671875;0.3984375;0.5859375;0.11328125;0.1484375;0.328125;0.671875;0.15625;0.4296875;0.515625;0.1015625;0.359375;0.3671875;0.05078125;0.28125;0.203125;0.013671875;0.052734375;0.0078125;0.0;0.0;0.00390625;0.0;0.0;0.02734375;0.00390625;0.0;0.02734375;0.0;0.0;0.0078125;0.0078125;0.0009765625;0.0234375;0.01953125;0.00341796875;0.00341796875;0.015625;0.001953125;0.1015625;0.01171875;0.001953125;0.0;0.8
90;90;88.12;0.15625;0.21875;0.484375;0.11328125;0.0703125;0.34375;0.59375;0.12890625;0.515625;0.59375;0.12890625;0.40625;0.5859375;0.11328125;0.150390625;0.3359375;0.671875;0.158203125;0.4296875;0.5234375;0.09765625;0.359375;0.3671875;0.05078125;0.27734375;0.203125;0.013671875;0.0498046875;0.0078125;0.0;0.0;0.0;0.0;0.0;0.02734375;0.00390625;0.0;0.02734375;0.0;0.0;0.0078125;0.0078125;0.0009765625;0.025390625;0.021484375;0.00341796875;0.00341796875;0.013671875;0.001953125;0.09423828125;0.01171875;0.001953125;0.0;0.8;0.171875;0.234375;0.46875;0.11328125;0.0703125;0.328125;0.578125;0.13671875;0.5;0.59375;0.13671875;0.3984375;0.5859375;0.11328125;0.1484375;0.328125;0.671875;0.15625;0.4296875;0.5234375;0.1015625;0.359375;0.3671875;0.05078125;0.28125;0.203125;0.013671875;0.052734375;0.0078125;0.0;0.0;0.00390625;0.0;0.0;0.02734375;0.00390625;0.0;0.02734375;0.0;0.0;0.0078125;0.0078125;0.0009765625;0.0234375;0.01953125;0.00341796875;0.00341796875;0.015625;0.001953125;0.11669921875;0.013671875;0.001953125;0.0;0.8
91;91;88.66;0.15625;0.21875;0.484375;0.11328125;0.0703125;0.34375;0.59375;0.12890625;0.515625;0.609375;0.1328125;0.40625;0.5859375;0.11328125;0.15234375;0.3359375;0.671875;0.158203125;0.4296875;0.5234375;0.09765625;0.3671875;0.375;0.05078125;0.27734375;0.203125;0.013671875;0.05078125;0.01171875;0.0;0.0;0.00390625;0.0;0.0;0.02734375;0.00390625;0.0;0.02734375;0.0;0.0;0.0078125;0.0078125;0.0009765625;0.025390625;0.01953125;0.00341796875;0.00341796875;0.015625;0.001953125;0.07666015625;0.013671875;0.001953125;0.0;0.8;0.171875;0.234375;0.46875;0.11328125;0.0703125;0.328125;0.59375;0.13671875;0.5;0.59375;0.13671875;0.3984375;0.5859375;0.11328125;0.1484375;0.328125;0.671875;0.158203125;0.4375;0.5234375;0.1015625;0.3671875;0.375;0.052734375;0.28515625;0.203125;0.013671875;0.052734375;0.0078125;0.0;0.0;0.00390625;0.0;0.0;0.02734375;0.00390625;0.0;0.02734375;0.0;0.0;0.0078125;0.0078125;0.0009765625;0.025390625;0.01953125;0.00341796875;0.00341796875;0.015625;0.001953125;0.0927734375;0.013671875;0.001953125;0.0;0.8
92;92;88.35;0.171875;0.21875;0.484375;0.11328125;0.0703125;0.359375;0.59375;0.12890625;0.515625;0.609375;0.1328125;0.40625;0.5859375;0.11328125;0.15234375;0.3359375;0.671875;0.158203125;0.4296875;0.5234375;0.099609375;0.3671875;0.3828125;0.052734375;0.28125;0.20703125;0.013671875;0.05078125;0.0078125;0.0;0.0;0.0;0.0;0.0;0.02734375;0.00390625;0.0;0.02734375;0.0;0.0;0.0078125;0.0078125;0.0009765625;0.025390625;0.01953125;0.00341796875;0.00341796875;0.015625;0.001953125;0.0927734375;0.013671875;0.001953125;0.0;0.8;0.171875;0.234375;0.46875;0.11328125;0.0703125;0.34375;0.59375;0.13671875;0.5;0.59375;0.13671875;0.3984375;0.5859375;0.11328125;0.146484375;0.328125;0.671875;0.158203125;0.4375;0.5234375;0.1015625;0.3671875;0.3828125;0.052734375;0.28515625;0.20703125;0.013671875;0.0537109375;0.0078125;0.0;0.0;0.00390625;0.0;0.0;0.02734375;0.00390625;0.0;0.02734375;0.0;0.0;0.0078125;0.0078125;0.0009765625;0.025390625;0.01953125;0.00390625;0.00341796875;0.015625;0.001953125;0.09912109375;0.013671875;0.001953125;0.0;0.8
93;93;88.53;0.171875;0.21875;0.484375;0.11328125;0.0703125;0.34375;0.59375;0.12890625;0.515625;0.609375;0.1328125;0.40625;0.5859375;0.115234375;0.15234375;0.3359375;0.671875;0.16015625;0.4296875;0.5234375;0.099609375;0.3671875;0.3828125;0.052734375;0.28515625;0.21484375;0.013671875;0.052734375;0.0078125;0.0;0.0;0.0;0.0;0.0;0.02734375;0.00390625;0.0;0.02734375;0.0;0.0;0.0078125;0.0078125;0.0009765625;0.025390625;0.021484375;0.00341796875;0.00341796875;0.015625;0.001953125;0.0908203125;0.013671875;0.001953125;0.0;0.8;0.171875;0.234375;0.46875;0.11328125;0.07421875;0.34375;0.59375;0.13671875;0.5;0.59375;0.13671875;0.40625;0.5859375;0.115234375;0.1484375;0.3359375;0.671875;0.16015625;0.4375;0.5234375;0.103515625;0.3671875;0.3828125;0.052734375;0.2890625;0.20703125;0.013671875;0.0546875;0.0078125;0.0;0.0;0.00390625;0.0;0.0;0.02734375;0.00390625;0.0;0.02734375;0.0;0.0;0.0078125;0.0078125;0.0009765625;0.025390625;0.01953125;0.00390625;0.00341796875;0.015625;0.001953125;0.10546875;0.013671875;0.001953125;0.0;0.8
94;94;88.58;0.15625;0.21875;0.484375;0.11328125;0.0703125;0.359375;0.59375;0.12890625;0.53125;0.609375;0.1328125;0.40625;0.5859375;0.115234375;0.15234375;0.3359375;0.6796875;0.16015625;0.4375;0.5234375;0.1015625;0.3671875;0.3828125;0.052734375;0.28515625;0.20703125;0.013671875;0.0556640625;0.01171875;0.0;0.0;0.0;0.0;0.0;0.02734375;0.00390625;0.0;0.02734375;0.0;0.0;0.0078125;0.0078125;0.0009765625;0.025390625;0.021484375;0.00341796875;0.00341796875;0.015625;0.001953125;0.08740234375;0.013671875;0.001953125;0.0;0.8;0.171875;0.234375;0.46875;0.11328125;0.0703125;0.34375;0.59375;0.13671875;0.5;0.59375;0.13671875;0.40625;0.5859375;0.115234375;0.1484375;0.3359375;0.671875;0.158203125;0.4375;0.5234375;0.103515625;0.3671875;0.3828125;0.052734375;0.29296875;0.20703125;0.013671875;0.0537109375;0.0078125;0.0;0.0;0.00390625;0.0;0.0;0.02734375;0.00390625;0.0;0.02734375;0.0;0.0;0.0078125;0.0078125;0.0009765625;0.025390625;0.01953125;0.00390625;0.00341796875;0.015625;0.001953125;0.09619140625;0.013671875;0.001953125;0.0;0.8
95;95;88.58;0.171875;0.21875;0.484375;0.11328125;0.0703125;0.34375;0.59375;0.1328125;0.515625;0.609375;0.1328125;0.40625;0.5859375;0.115234375;0.15234375;0.3359375;0.671875;0.16015625;0.4375;0.5234375;0.1015625;0.3671875;0.3828125;0.052734375;0.28515625;0.2109375;0.013671875;0.0537109375;0.01171875;0.0;0.0;0.0;0.0;0.0;0.02734375;0.00390625;0.0;0.02734375;0.0;0.0;0.0078125;0.0078125;0.0009765625;0.025390625;0.01953125;0.00390625;0.00341796875;0.015625;0.001953125;0.0947265625;0.013671875;0.001953125;0.0;0.8;0.171875;0.234375;0.46875;0.11328125;0.07421875;0.34375;0.59375;0.13671875;0.5;0.59375;0.13671875;0.40625;0.5859375;0.115234375;0.1484375;0.3359375;0.671875;0.16015625;0.4375;0.5234375;0.103515625;0.375;0.3828125;0.052734375;0.29296875;0.20703125;0.013671875;0.0546875;0.01171875;0.0;0.0;0.00390625;0.0;0.0;0.02734375;0.00390625;0.0;0.02734375;0.0;0.0;0.0078125;0.0078125;0.0009765625;0.025390625;0.01953125;0.00390625;0.00341796875;0.015625;0.001953125;0.109375;0.013671875;0.001953125;0.0;0.8
96;96;88.9;0.15625;0.21875;0.484375;0.11328125;0.0703125;0.359375;0.59375;0.12890625;0.515625;0.609375;0.1328125;0.4140625;0.5859375;0.115234375;0.15234375;0.3359375;0.6796875;0.16015625;0.4375;0.5234375;0.099609375;0.3671875;0.3828125;0.052734375;0.2890625;0.21484375;0.013671875;0.052734375;0.01171875;0.0;0.0;0.00390625;0.0;0.0;0.02734375;0.00390625;0.0;0.02734375;0.0;0.0;0.0078125;0.0078125;0.0009765625;0.025390625;0.021484375;0.00341796875;0.00341796875;0.015625;0.001953125;0.0927734375;0.01171875;0.001953125;0.0;0.8;0.171875;0.234375;0.46875;0.11328125;0.07421875;0.34375;0.59375;0.13671875;0.5;0.59375;0.13671875;0.40625;0.59375;0.115234375;0.150390625;0.3359375;0.6796875;0.16015625;0.4453125;0.5234375;0.103515625;0.375;0.3828125;0.052734375;0.29296875;0.20703125;0.013671875;0.0546875;0.01171875;0.0;0.0;0.00390625;0.0;0.0;0.02734375;0.00390625;0.0;0.02734375;0.0;0.0;0.0078125;0.0078125;0.0009765625;0.025390625;0.01953125;0.00390625;0.00341796875;0.015625;0.001953125;0.1064453125;0.013671875;0.001953125;0.0;0.8
97;97;88.76;0.171875;0.21875;0.484375;0.11328125;0.0703125;0.34375;0.59375;0.1328125;0.53125;0.609375;0.13671875;0.40625;0.5859375;0.115234375;0.15234375;0.3359375;0.6796875;0.16015625;0.4375;0.5234375;0.1015625;0.3671875;0.390625;0.052734375;0.2890625;0.21484375;0.013671875;0.052734375;0.0078125;0.0;0.0;0.0;0.0;0.0;0.02734375;0.00390625;0.0;0.02734375;0.0;0.0;0.0078125;0.0078125;0.0009765625;0.025390625;0.021484375;0.00341796875;0.00341796875;0.015625;0.001953125;0.083984375;0.013671875;0.001953125;0.0;0.8;0.171875;0.234375;0.46875;0.11328125;0.07421875;0.34375;0.59375;0.13671875;0.5;0.59375;0.13671875;0.40625;0.59375;0.115234375;0.150390625;0.3359375;0.6796875;0.16015625;0.4375;0.5234375;0.103515625;0.375;0.3828125;0.0546875;0.29296875;0.2109375;0.013671875;0.0546875;0.01171875;0.0;0.0;0.00390625;0.0;0.0;0.02734375;0.00390625;0.0;0.02734375;0.0;0.0;0.0078125;0.0078125;0.0009765625;0.025390625;0.01953125;0.00390625;0.00341796875;0.015625;0.001953125;0.09912109375;0.013671875;0.001953125;0.0;0.8
98;98;88.92;0.171875;0.234375;0.484375;0.11328125;0.0703125;0.34375;0.59375;0.12890625;0.515625;0.609375;0.1328125;0.40625;0.5859375;0.115234375;0.150390625;0.3359375;0.6796875;0.16015625;0.4375;0.53125;0.1015625;0.3671875;0.3828125;0.052734375;0.2890625;0.2109375;0.013671875;0.0537109375;0.0078125;0.0;0.0;0.0;0.0;0.0;0.02734375;0.00390625;0.0;0.02734375;0.0;0.0;0.0078125;0.0078125;0.0009765625;0.025390625;0.021484375;0.00341796875;0.00341796875;0.015625;0.001953125;0.07080078125;0.013671875;0.001953125;0.0;0.8;0.171875;0.234375;0.46875;0.11328125;0.07421875;0.34375;0.59375;0.13671875;0.5;0.59375;0.13671875;0.40625;0.5859375;0.115234375;0.150390625;0.3359375;0.671875;0.16015625;0.4453125;0.5234375;0.103515625;0.375;0.3828125;0.0546875;0.29296875;0.20703125;0.0146484375;0.0546875;0.01171875;0.0;0.0;0.00390625;0.0;0.0;0.02734375;0.00390625;0.0;0.02734375;0.0;0.0;0.0078125;0.0078125;0.0009765625;0.025390625;0.021484375;0.00390625;0.00341796875;0.015625;0.001953125;0.08740234375;0.013671875;0.001953125;0.0;0.8
99;99;88.8;0.15625;0.21875;0.484375;0.11328125;0.0703125;0.359375;0.59375;0.12890625;0.515625;0.609375;0.13671875;0.40625;0.59375;0.115234375;0.154296875;0.34375;0.6796875;0.16015625;0.4375;0.5234375;0.1015625;0.3671875;0.3828125;0.052734375;0.2890625;0.2109375;0.013671875;0.0537109375;0.0078125;0.0;0.0;0.00390625;0.0;0.0;0.02734375;0.00390625;0.0;0.02734375;0.0;0.0;0.0078125;0.0078125;0.0009765625;0.025390625;0.021484375;0.00341796875;0.00341796875;0.015625;0.001953125;0.07080078125;0.013671875;0.001953125;0.0;0.8;0.171875;0.234375;0.46875;0.11328125;0.07421875;0.34375;0.59375;0.13671875;0.5;0.59375;0.13671875;0.40625;0.5859375;0.115234375;0.150390625;0.3359375;0.671875;0.16015625;0.4453125;0.5234375;0.103515625;0.375;0.3828125;0.0546875;0.29296875;0.20703125;0.0146484375;0.0546875;0.01171875;0.0;0.0;0.00390625;0.0;0.0;0.02734375;0.00390625;0.0;0.02734375;0.0;0.0;0.0078125;0.0078125;0.0009765625;0.025390625;0.01953125;0.00390625;0.00341796875;0.015625;0.00390625;0.08740234375;0.013671875;0.001953125;0.0;0.8
