;Epoch;test_accuracy;train-saturation_conv1;train-saturation_layer1-0-conv1;train-saturation_layer1-0-conv2;train-saturation_layer1-0-conv3;train-saturation_layer1-0-shortcut-0;train-saturation_layer1-1-conv1;train-saturation_layer1-1-conv2;train-saturation_layer1-1-conv3;train-saturation_layer1-2-conv1;train-saturation_layer1-2-conv2;train-saturation_layer1-2-conv3;train-saturation_layer2-0-conv1;train-saturation_layer2-0-conv2;train-saturation_layer2-0-conv3;train-saturation_layer2-0-shortcut-0;train-saturation_layer2-1-conv1;train-saturation_layer2-1-conv2;train-saturation_layer2-1-conv3;train-saturation_layer2-2-conv1;train-saturation_layer2-2-conv2;train-saturation_layer2-2-conv3;train-saturation_layer2-3-conv1;train-saturation_layer2-3-conv2;train-saturation_layer2-3-conv3;train-saturation_layer3-0-conv1;train-saturation_layer3-0-conv2;train-saturation_layer3-0-conv3;train-saturation_layer3-0-shortcut-0;train-saturation_layer3-1-conv1;train-saturation_layer3-1-conv2;train-saturation_layer3-1-conv3;train-saturation_layer3-2-conv1;train-saturation_layer3-2-conv2;train-saturation_layer3-2-conv3;train-saturation_layer3-3-conv1;train-saturation_layer3-3-conv2;train-saturation_layer3-3-conv3;train-saturation_layer3-4-conv1;train-saturation_layer3-4-conv2;train-saturation_layer3-4-conv3;train-saturation_layer3-5-conv1;train-saturation_layer3-5-conv2;train-saturation_layer3-5-conv3;train-saturation_layer4-0-conv1;train-saturation_layer4-0-conv2;train-saturation_layer4-0-conv3;train-saturation_layer4-0-shortcut-0;train-saturation_layer4-1-conv1;train-saturation_layer4-1-conv2;train-saturation_layer4-1-conv3;train-saturation_layer4-2-conv1;train-saturation_layer4-2-conv2;train-saturation_layer4-2-conv3;train-saturation_linear;eval-saturation_conv1;eval-saturation_layer1-0-conv1;eval-saturation_layer1-0-conv2;eval-saturation_layer1-0-conv3;eval-saturation_layer1-0-shortcut-0;eval-saturation_layer1-1-conv1;eval-saturation_layer1-1-conv2;eval-saturation_layer1-1-conv3;eval-saturation_layer1-2-conv1;eval-saturation_layer1-2-conv2;eval-saturation_layer1-2-conv3;eval-saturation_layer2-0-conv1;eval-saturation_layer2-0-conv2;eval-saturation_layer2-0-conv3;eval-saturation_layer2-0-shortcut-0;eval-saturation_layer2-1-conv1;eval-saturation_layer2-1-conv2;eval-saturation_layer2-1-conv3;eval-saturation_layer2-2-conv1;eval-saturation_layer2-2-conv2;eval-saturation_layer2-2-conv3;eval-saturation_layer2-3-conv1;eval-saturation_layer2-3-conv2;eval-saturation_layer2-3-conv3;eval-saturation_layer3-0-conv1;eval-saturation_layer3-0-conv2;eval-saturation_layer3-0-conv3;eval-saturation_layer3-0-shortcut-0;eval-saturation_layer3-1-conv1;eval-saturation_layer3-1-conv2;eval-saturation_layer3-1-conv3;eval-saturation_layer3-2-conv1;eval-saturation_layer3-2-conv2;eval-saturation_layer3-2-conv3;eval-saturation_layer3-3-conv1;eval-saturation_layer3-3-conv2;eval-saturation_layer3-3-conv3;eval-saturation_layer3-4-conv1;eval-saturation_layer3-4-conv2;eval-saturation_layer3-4-conv3;eval-saturation_layer3-5-conv1;eval-saturation_layer3-5-conv2;eval-saturation_layer3-5-conv3;eval-saturation_layer4-0-conv1;eval-saturation_layer4-0-conv2;eval-saturation_layer4-0-conv3;eval-saturation_layer4-0-shortcut-0;eval-saturation_layer4-1-conv1;eval-saturation_layer4-1-conv2;eval-saturation_layer4-1-conv3;eval-saturation_layer4-2-conv1;eval-saturation_layer4-2-conv2;eval-saturation_layer4-2-conv3;eval-saturation_linear
0;0;50.43;0.078125;0.203125;0.296875;0.13671875;0.08203125;0.4375;0.3125;0.125;0.4375;0.3125;0.11328125;0.359375;0.203125;0.095703125;0.22265625;0.4453125;0.390625;0.126953125;0.5234375;0.5625;0.16015625;0.59375;0.671875;0.16796875;0.5625;0.55078125;0.1376953125;0.2509765625;0.60546875;0.63671875;0.1572265625;0.62890625;0.59765625;0.1328125;0.60546875;0.50390625;0.1083984375;0.5703125;0.4375;0.091796875;0.52734375;0.41796875;0.0888671875;0.35546875;0.0390625;0.00732421875;0.0810546875;0.130859375;0.0625;0.0078125;0.193359375;0.072265625;0.01123046875;0.5;0.0625;0.171875;0.28125;0.1328125;0.078125;0.421875;0.296875;0.125;0.421875;0.296875;0.109375;0.34375;0.1796875;0.08984375;0.21875;0.4296875;0.359375;0.119140625;0.5;0.5390625;0.154296875;0.5703125;0.65625;0.1640625;0.5546875;0.56640625;0.1416015625;0.2529296875;0.640625;0.71875;0.1767578125;0.71484375;0.78125;0.17578125;0.74609375;0.7890625;0.1806640625;0.765625;0.796875;0.1796875;0.76171875;0.8125;0.1875;0.64453125;0.55859375;0.1181640625;0.2119140625;0.619140625;0.689453125;0.15966796875;0.65234375;0.681640625;0.1611328125;0.5
1;1;58.32;0.09375;0.21875;0.34375;0.1484375;0.0859375;0.5;0.390625;0.13671875;0.5;0.390625;0.12890625;0.4375;0.28125;0.111328125;0.25390625;0.5546875;0.484375;0.140625;0.6171875;0.6640625;0.177734375;0.671875;0.734375;0.1796875;0.62890625;0.640625;0.162109375;0.2841796875;0.67578125;0.7109375;0.1806640625;0.72265625;0.70703125;0.1611328125;0.69921875;0.59765625;0.1279296875;0.66796875;0.54296875;0.1142578125;0.6328125;0.51171875;0.107421875;0.458984375;0.0703125;0.01123046875;0.11181640625;0.197265625;0.05078125;0.00830078125;0.263671875;0.064453125;0.0107421875;0.6;0.078125;0.203125;0.359375;0.15234375;0.0859375;0.515625;0.421875;0.1484375;0.546875;0.484375;0.1484375;0.5;0.3984375;0.134765625;0.26953125;0.6171875;0.6640625;0.171875;0.6953125;0.7578125;0.197265625;0.7578125;0.828125;0.203125;0.69140625;0.765625;0.19140625;0.3203125;0.734375;0.79296875;0.20703125;0.80859375;0.859375;0.205078125;0.8359375;0.87109375;0.205078125;0.84765625;0.88671875;0.2080078125;0.8515625;0.875;0.2041015625;0.755859375;0.75;0.169921875;0.28076171875;0.673828125;0.68359375;0.1728515625;0.673828125;0.66796875;0.16943359375;0.6
2;2;70.5;0.09375;0.21875;0.359375;0.15234375;0.08984375;0.515625;0.421875;0.14453125;0.546875;0.421875;0.1328125;0.4765625;0.34375;0.123046875;0.267578125;0.5859375;0.546875;0.154296875;0.6640625;0.71875;0.1875;0.71875;0.75;0.18359375;0.65625;0.65234375;0.1689453125;0.3046875;0.6953125;0.7265625;0.1923828125;0.75390625;0.7578125;0.1826171875;0.7578125;0.71484375;0.162109375;0.7421875;0.65625;0.14453125;0.7109375;0.625;0.1337890625;0.537109375;0.126953125;0.015625;0.1328125;0.220703125;0.064453125;0.005859375;0.291015625;0.115234375;0.01416015625;0.6;0.09375;0.203125;0.359375;0.1484375;0.08984375;0.53125;0.4375;0.15234375;0.5625;0.453125;0.13671875;0.5;0.375;0.12890625;0.271484375;0.6015625;0.6171875;0.166015625;0.6875;0.7578125;0.197265625;0.75;0.8125;0.19921875;0.68359375;0.73046875;0.1875;0.322265625;0.71484375;0.765625;0.20703125;0.79296875;0.84375;0.2080078125;0.828125;0.86328125;0.20703125;0.84375;0.87109375;0.20703125;0.84375;0.86328125;0.205078125;0.755859375;0.73046875;0.16943359375;0.27978515625;0.662109375;0.66796875;0.171875;0.642578125;0.615234375;0.15966796875;0.7
3;3;71.12;0.09375;0.21875;0.390625;0.15625;0.08984375;0.546875;0.484375;0.16015625;0.59375;0.53125;0.15625;0.5390625;0.4609375;0.146484375;0.28515625;0.625;0.6328125;0.173828125;0.6875;0.7421875;0.19921875;0.75;0.7890625;0.201171875;0.67578125;0.69921875;0.1865234375;0.318359375;0.7109375;0.75390625;0.208984375;0.7890625;0.8359375;0.2138671875;0.82421875;0.859375;0.212890625;0.83984375;0.85546875;0.208984375;0.83203125;0.8203125;0.1943359375;0.708984375;0.4296875;0.07470703125;0.2197265625;0.451171875;0.236328125;0.0302734375;0.484375;0.267578125;0.0390625;0.7;0.09375;0.21875;0.390625;0.15234375;0.08984375;0.546875;0.46875;0.16015625;0.59375;0.53125;0.15625;0.5390625;0.4296875;0.13671875;0.283203125;0.5859375;0.546875;0.15625;0.6484375;0.671875;0.181640625;0.6875;0.6640625;0.162109375;0.59765625;0.48046875;0.1298828125;0.2880859375;0.58984375;0.578125;0.1591796875;0.625;0.55859375;0.1318359375;0.5546875;0.34375;0.0771484375;0.48046875;0.2578125;0.0556640625;0.37109375;0.1796875;0.0380859375;0.17578125;0.01171875;0.00146484375;0.01318359375;0.01953125;0.01171875;0.00244140625;0.03515625;0.025390625;0.00244140625;0.7
4;4;77.68;0.09375;0.234375;0.40625;0.15625;0.09375;0.546875;0.5;0.16015625;0.609375;0.53125;0.15625;0.5625;0.4921875;0.154296875;0.2890625;0.640625;0.6875;0.1875;0.703125;0.75;0.205078125;0.765625;0.796875;0.203125;0.68359375;0.68359375;0.18359375;0.3271484375;0.6953125;0.71875;0.2041015625;0.76953125;0.796875;0.2041015625;0.7890625;0.7890625;0.189453125;0.7890625;0.7578125;0.17578125;0.77734375;0.73046875;0.1669921875;0.626953125;0.255859375;0.03271484375;0.16943359375;0.27734375;0.1015625;0.00927734375;0.326171875;0.150390625;0.017578125;0.7;0.09375;0.21875;0.40625;0.15234375;0.08984375;0.546875;0.46875;0.15625;0.59375;0.53125;0.15234375;0.546875;0.453125;0.14453125;0.283203125;0.6015625;0.6328125;0.173828125;0.6796875;0.734375;0.201171875;0.75;0.796875;0.205078125;0.671875;0.69140625;0.1865234375;0.32421875;0.6796875;0.71484375;0.20703125;0.76953125;0.8125;0.2109375;0.8125;0.84375;0.2080078125;0.83203125;0.85546875;0.208984375;0.8359375;0.84375;0.2041015625;0.75390625;0.69921875;0.15869140625;0.28125;0.634765625;0.626953125;0.169921875;0.6015625;0.5546875;0.15380859375;0.7
5;5;77.6;0.09375;0.234375;0.421875;0.16015625;0.08984375;0.5625;0.5;0.15625;0.609375;0.515625;0.1484375;0.5546875;0.4765625;0.146484375;0.287109375;0.6171875;0.640625;0.17578125;0.6875;0.7265625;0.19921875;0.734375;0.7578125;0.193359375;0.65625;0.63671875;0.1748046875;0.314453125;0.66796875;0.6796875;0.19921875;0.7421875;0.75390625;0.1962890625;0.765625;0.74609375;0.1796875;0.7734375;0.72265625;0.1669921875;0.75390625;0.68359375;0.1533203125;0.609375;0.21875;0.02685546875;0.15185546875;0.228515625;0.087890625;0.00634765625;0.279296875;0.12890625;0.01318359375;0.7;0.109375;0.234375;0.421875;0.15625;0.09375;0.546875;0.484375;0.15625;0.59375;0.515625;0.14453125;0.546875;0.4765625;0.146484375;0.279296875;0.6015625;0.640625;0.17578125;0.6796875;0.734375;0.201171875;0.7421875;0.78125;0.201171875;0.6640625;0.66796875;0.1845703125;0.322265625;0.66015625;0.6875;0.205078125;0.75390625;0.7890625;0.208984375;0.796875;0.8359375;0.208984375;0.82421875;0.8515625;0.2080078125;0.828125;0.83203125;0.201171875;0.748046875;0.6953125;0.16064453125;0.28271484375;0.63671875;0.64453125;0.17041015625;0.5859375;0.53125;0.146484375;0.7
6;6;81.1;0.109375;0.234375;0.40625;0.15234375;0.09375;0.546875;0.5;0.16015625;0.609375;0.546875;0.15625;0.5625;0.484375;0.150390625;0.287109375;0.609375;0.6328125;0.171875;0.671875;0.7109375;0.197265625;0.7265625;0.7578125;0.197265625;0.66015625;0.6484375;0.181640625;0.31640625;0.671875;0.6875;0.203125;0.74609375;0.76953125;0.2041015625;0.78125;0.7890625;0.1962890625;0.79296875;0.76953125;0.1845703125;0.77734375;0.73046875;0.16796875;0.640625;0.271484375;0.0341796875;0.1611328125;0.271484375;0.099609375;0.00927734375;0.3125;0.138671875;0.01513671875;0.7;0.109375;0.234375;0.390625;0.1484375;0.09375;0.546875;0.5;0.16015625;0.609375;0.5625;0.16015625;0.5703125;0.5234375;0.158203125;0.28515625;0.6171875;0.6875;0.1875;0.6875;0.7421875;0.205078125;0.75;0.78125;0.208984375;0.67578125;0.68359375;0.193359375;0.330078125;0.671875;0.6875;0.20703125;0.7578125;0.796875;0.212890625;0.80078125;0.8359375;0.212890625;0.82421875;0.84765625;0.2099609375;0.83203125;0.8359375;0.205078125;0.751953125;0.689453125;0.15966796875;0.2861328125;0.63671875;0.6328125;0.1728515625;0.58203125;0.515625;0.14599609375;0.7
7;7;82.79;0.109375;0.234375;0.421875;0.15625;0.09375;0.546875;0.484375;0.15234375;0.59375;0.515625;0.1484375;0.5546875;0.484375;0.150390625;0.28515625;0.609375;0.65625;0.181640625;0.6875;0.7421875;0.20703125;0.75;0.7734375;0.205078125;0.671875;0.66015625;0.1865234375;0.3251953125;0.671875;0.6796875;0.2041015625;0.74609375;0.76171875;0.205078125;0.78125;0.78125;0.1953125;0.796875;0.7578125;0.1806640625;0.78125;0.7265625;0.16796875;0.650390625;0.29296875;0.03955078125;0.166015625;0.2734375;0.111328125;0.01220703125;0.31640625;0.15234375;0.02001953125;0.7;0.109375;0.234375;0.4375;0.15625;0.09375;0.546875;0.515625;0.16015625;0.625;0.5625;0.16015625;0.578125;0.515625;0.15625;0.28515625;0.609375;0.6640625;0.1796875;0.6796875;0.7265625;0.205078125;0.734375;0.7734375;0.205078125;0.6640625;0.6640625;0.1904296875;0.326171875;0.65625;0.67578125;0.20703125;0.7421875;0.7734375;0.2099609375;0.7890625;0.8203125;0.2099609375;0.81640625;0.8359375;0.2080078125;0.82421875;0.81640625;0.1982421875;0.7421875;0.658203125;0.15185546875;0.283203125;0.611328125;0.609375;0.16796875;0.548828125;0.474609375;0.14111328125;0.7
8;8;83.77;0.109375;0.25;0.453125;0.16015625;0.09375;0.5625;0.515625;0.16015625;0.609375;0.546875;0.1484375;0.5703125;0.5;0.154296875;0.2890625;0.6171875;0.6484375;0.177734375;0.6796875;0.71875;0.201171875;0.734375;0.7421875;0.1953125;0.66015625;0.6171875;0.177734375;0.31640625;0.64453125;0.65625;0.201171875;0.72265625;0.73828125;0.203125;0.76171875;0.76953125;0.1962890625;0.78125;0.7578125;0.18359375;0.76953125;0.71875;0.1708984375;0.640625;0.291015625;0.04052734375;0.162109375;0.265625;0.10546875;0.009765625;0.302734375;0.15234375;0.0185546875;0.7;0.109375;0.234375;0.453125;0.1640625;0.09765625;0.578125;0.5625;0.171875;0.640625;0.59375;0.16015625;0.5859375;0.5390625;0.162109375;0.2890625;0.609375;0.6875;0.185546875;0.6796875;0.7265625;0.20703125;0.7421875;0.765625;0.20703125;0.6640625;0.6484375;0.1884765625;0.3271484375;0.65234375;0.66796875;0.2060546875;0.73828125;0.765625;0.2109375;0.78125;0.8125;0.2099609375;0.81640625;0.8359375;0.2080078125;0.8203125;0.8125;0.201171875;0.740234375;0.650390625;0.15185546875;0.28173828125;0.611328125;0.607421875;0.16845703125;0.548828125;0.4765625;0.1435546875;0.8
9;9;82.51;0.109375;0.234375;0.453125;0.16015625;0.09765625;0.5625;0.515625;0.16015625;0.625;0.5625;0.15625;0.5859375;0.546875;0.166015625;0.29296875;0.625;0.6953125;0.1953125;0.703125;0.7421875;0.208984375;0.75;0.7734375;0.20703125;0.67578125;0.66015625;0.1904296875;0.3291015625;0.66015625;0.66796875;0.20703125;0.734375;0.75390625;0.2080078125;0.77734375;0.78515625;0.2041015625;0.80078125;0.78515625;0.193359375;0.79296875;0.75;0.1787109375;0.669921875;0.34765625;0.05078125;0.1826171875;0.30078125;0.125;0.01171875;0.322265625;0.158203125;0.01953125;0.7;0.109375;0.25;0.46875;0.16015625;0.09765625;0.578125;0.5625;0.171875;0.640625;0.640625;0.171875;0.6015625;0.5859375;0.171875;0.2890625;0.6171875;0.7109375;0.19921875;0.6875;0.7421875;0.212890625;0.75;0.78125;0.212890625;0.671875;0.6640625;0.1953125;0.3349609375;0.6484375;0.65625;0.20703125;0.734375;0.76171875;0.2119140625;0.78125;0.8046875;0.2119140625;0.8125;0.82421875;0.2099609375;0.81640625;0.8046875;0.2021484375;0.73828125;0.6328125;0.15087890625;0.28466796875;0.607421875;0.603515625;0.1689453125;0.53515625;0.4453125;0.14013671875;0.8
10;10;83.64;0.109375;0.234375;0.4375;0.15625;0.09765625;0.546875;0.515625;0.15625;0.625;0.546875;0.1484375;0.578125;0.515625;0.16015625;0.287109375;0.609375;0.671875;0.1875;0.6796875;0.7265625;0.20703125;0.734375;0.7578125;0.205078125;0.66015625;0.63671875;0.1875;0.3232421875;0.6484375;0.65625;0.2060546875;0.7265625;0.74609375;0.20703125;0.76953125;0.76171875;0.1962890625;0.7890625;0.74609375;0.1826171875;0.78125;0.72265625;0.1708984375;0.6640625;0.31640625;0.044921875;0.17529296875;0.279296875;0.107421875;0.00830078125;0.314453125;0.15234375;0.0185546875;0.7;0.109375;0.234375;0.4375;0.15625;0.09765625;0.5625;0.53125;0.16796875;0.625;0.59375;0.16015625;0.59375;0.5625;0.169921875;0.28515625;0.609375;0.7109375;0.19921875;0.6796875;0.7265625;0.2109375;0.734375;0.765625;0.212890625;0.66015625;0.64453125;0.1943359375;0.3310546875;0.63671875;0.6484375;0.20703125;0.7265625;0.75390625;0.2119140625;0.76953125;0.79296875;0.2109375;0.8046875;0.8203125;0.2109375;0.8125;0.80078125;0.2041015625;0.732421875;0.62109375;0.14990234375;0.2841796875;0.6015625;0.603515625;0.16943359375;0.52734375;0.4453125;0.13818359375;0.8
11;11;84.74;0.109375;0.234375;0.453125;0.16015625;0.09375;0.5625;0.515625;0.16015625;0.625;0.546875;0.15234375;0.5703125;0.5;0.154296875;0.291015625;0.609375;0.640625;0.17578125;0.6640625;0.703125;0.203125;0.7265625;0.75;0.203125;0.65234375;0.625;0.1865234375;0.3173828125;0.63671875;0.6484375;0.2060546875;0.71484375;0.73828125;0.2080078125;0.76171875;0.7578125;0.1982421875;0.78515625;0.7578125;0.1884765625;0.77734375;0.70703125;0.1669921875;0.6640625;0.314453125;0.04443359375;0.17529296875;0.283203125;0.103515625;0.0087890625;0.310546875;0.15234375;0.01904296875;0.7;0.109375;0.25;0.453125;0.16015625;0.09765625;0.5625;0.53125;0.1640625;0.609375;0.5625;0.15234375;0.5625;0.5;0.15625;0.279296875;0.5859375;0.65625;0.18359375;0.65625;0.703125;0.205078125;0.71875;0.75;0.208984375;0.6484375;0.62890625;0.19140625;0.322265625;0.62890625;0.64453125;0.20703125;0.71484375;0.75;0.2119140625;0.765625;0.7890625;0.2109375;0.796875;0.8125;0.2109375;0.80859375;0.79296875;0.2021484375;0.724609375;0.599609375;0.142578125;0.27197265625;0.58984375;0.59375;0.15771484375;0.513671875;0.419921875;0.13037109375;0.7
12;12;83.31;0.109375;0.234375;0.4375;0.15234375;0.09375;0.546875;0.53125;0.16015625;0.640625;0.578125;0.16015625;0.5859375;0.53125;0.1640625;0.291015625;0.609375;0.671875;0.18359375;0.671875;0.7109375;0.205078125;0.7265625;0.75;0.203125;0.6484375;0.62109375;0.1884765625;0.318359375;0.62890625;0.64453125;0.20703125;0.71484375;0.75;0.2119140625;0.76171875;0.78515625;0.2109375;0.79296875;0.80078125;0.2080078125;0.79296875;0.765625;0.19140625;0.693359375;0.447265625;0.07958984375;0.2119140625;0.40625;0.2265625;0.0263671875;0.369140625;0.201171875;0.02734375;0.7;0.109375;0.25;0.4375;0.15234375;0.09765625;0.5625;0.59375;0.171875;0.640625;0.640625;0.17578125;0.59375;0.5625;0.169921875;0.28515625;0.59375;0.6875;0.19140625;0.6640625;0.7109375;0.20703125;0.7265625;0.7578125;0.208984375;0.64453125;0.6171875;0.1904296875;0.32421875;0.62109375;0.6328125;0.2060546875;0.71484375;0.75390625;0.212890625;0.76171875;0.79296875;0.212890625;0.796875;0.80859375;0.212890625;0.8046875;0.78515625;0.203125;0.7265625;0.607421875;0.14892578125;0.2763671875;0.591796875;0.5859375;0.158203125;0.521484375;0.4296875;0.1337890625;0.8
13;13;86.3;0.109375;0.234375;0.4375;0.15234375;0.09375;0.53125;0.53125;0.16015625;0.625;0.546875;0.14453125;0.5703125;0.5078125;0.154296875;0.28515625;0.5859375;0.6328125;0.17578125;0.65625;0.6953125;0.201171875;0.7109375;0.734375;0.19921875;0.64453125;0.61328125;0.1884765625;0.3134765625;0.62109375;0.64453125;0.20703125;0.70703125;0.73828125;0.2099609375;0.75390625;0.76171875;0.2021484375;0.78125;0.76171875;0.1923828125;0.77734375;0.71484375;0.173828125;0.66796875;0.345703125;0.052734375;0.18115234375;0.2890625;0.138671875;0.0126953125;0.29296875;0.17578125;0.0244140625;0.8;0.125;0.25;0.4375;0.1484375;0.09765625;0.546875;0.5625;0.16796875;0.625;0.59375;0.16015625;0.578125;0.546875;0.16796875;0.279296875;0.578125;0.671875;0.189453125;0.65625;0.703125;0.20703125;0.71875;0.7578125;0.208984375;0.64453125;0.62109375;0.193359375;0.32421875;0.6171875;0.640625;0.2080078125;0.70703125;0.74609375;0.212890625;0.7578125;0.78125;0.2119140625;0.79296875;0.8046875;0.2109375;0.80078125;0.78125;0.201171875;0.720703125;0.583984375;0.1435546875;0.27587890625;0.580078125;0.576171875;0.1611328125;0.494140625;0.3984375;0.13134765625;0.8
14;14;85.3;0.125;0.25;0.453125;0.15625;0.09765625;0.546875;0.546875;0.16015625;0.625;0.578125;0.15234375;0.578125;0.5390625;0.1640625;0.2890625;0.59375;0.6640625;0.185546875;0.6640625;0.7109375;0.20703125;0.7109375;0.7421875;0.203125;0.64453125;0.609375;0.1884765625;0.31640625;0.6171875;0.640625;0.2080078125;0.69921875;0.73046875;0.2099609375;0.75;0.765625;0.205078125;0.78125;0.765625;0.1953125;0.78125;0.7265625;0.177734375;0.671875;0.361328125;0.05712890625;0.18408203125;0.3046875;0.130859375;0.013671875;0.31640625;0.16796875;0.02392578125;0.7;0.125;0.25;0.453125;0.15234375;0.09765625;0.546875;0.578125;0.171875;0.640625;0.640625;0.171875;0.5859375;0.5703125;0.173828125;0.28125;0.578125;0.6953125;0.19921875;0.6640625;0.7109375;0.2109375;0.71875;0.75;0.2109375;0.64453125;0.6171875;0.193359375;0.3271484375;0.609375;0.6328125;0.2080078125;0.703125;0.7421875;0.2138671875;0.75390625;0.78515625;0.2138671875;0.79296875;0.8046875;0.2109375;0.8046875;0.7890625;0.203125;0.724609375;0.599609375;0.14794921875;0.28662109375;0.59375;0.59375;0.1669921875;0.50390625;0.408203125;0.1337890625;0.8
15;15;85.14;0.125;0.25;0.453125;0.15625;0.09765625;0.546875;0.53125;0.16015625;0.640625;0.59375;0.15234375;0.578125;0.5390625;0.162109375;0.287109375;0.5859375;0.6640625;0.18359375;0.6640625;0.703125;0.205078125;0.7109375;0.75;0.20703125;0.64453125;0.6171875;0.1904296875;0.318359375;0.609375;0.62890625;0.2060546875;0.6953125;0.73046875;0.2099609375;0.7421875;0.75390625;0.2041015625;0.7734375;0.7578125;0.1953125;0.7734375;0.71875;0.1787109375;0.66796875;0.375;0.0625;0.19140625;0.333984375;0.154296875;0.0166015625;0.3203125;0.169921875;0.02490234375;0.7;0.125;0.25;0.453125;0.15234375;0.09765625;0.546875;0.578125;0.16796875;0.625;0.59375;0.15625;0.5703125;0.5390625;0.166015625;0.27734375;0.578125;0.6796875;0.193359375;0.65625;0.703125;0.208984375;0.7109375;0.75;0.212890625;0.640625;0.6171875;0.1943359375;0.32421875;0.6015625;0.62109375;0.20703125;0.69140625;0.734375;0.2138671875;0.74609375;0.77734375;0.212890625;0.78515625;0.79296875;0.2119140625;0.796875;0.77734375;0.2041015625;0.71875;0.587890625;0.14990234375;0.28759765625;0.591796875;0.583984375;0.16845703125;0.498046875;0.400390625;0.13037109375;0.8
16;16;87.48;0.125;0.234375;0.453125;0.15234375;0.09375;0.546875;0.546875;0.1640625;0.640625;0.59375;0.15625;0.5859375;0.5625;0.173828125;0.287109375;0.6015625;0.6953125;0.19921875;0.6796875;0.7265625;0.2109375;0.7265625;0.765625;0.212890625;0.65625;0.625;0.1943359375;0.326171875;0.61328125;0.62890625;0.20703125;0.6953125;0.73046875;0.2119140625;0.7421875;0.76171875;0.208984375;0.77734375;0.7734375;0.203125;0.78125;0.7421875;0.1884765625;0.685546875;0.4296875;0.0771484375;0.208984375;0.3515625;0.1796875;0.01904296875;0.328125;0.197265625;0.0302734375;0.8;0.125;0.25;0.453125;0.15234375;0.09765625;0.5625;0.59375;0.17578125;0.640625;0.640625;0.16796875;0.578125;0.5625;0.173828125;0.27734375;0.578125;0.6875;0.19921875;0.65625;0.7109375;0.2109375;0.7109375;0.7578125;0.212890625;0.640625;0.609375;0.193359375;0.3251953125;0.59765625;0.625;0.2080078125;0.69140625;0.734375;0.2138671875;0.7421875;0.7734375;0.2138671875;0.78125;0.79296875;0.212890625;0.79296875;0.7734375;0.205078125;0.71484375;0.576171875;0.150390625;0.28369140625;0.580078125;0.56640625;0.1640625;0.48046875;0.376953125;0.12890625;0.8
17;17;85.51;0.125;0.234375;0.453125;0.1484375;0.09375;0.53125;0.515625;0.15625;0.609375;0.546875;0.14453125;0.5625;0.515625;0.16015625;0.279296875;0.578125;0.671875;0.189453125;0.6640625;0.703125;0.20703125;0.7109375;0.734375;0.203125;0.6328125;0.59375;0.1875;0.314453125;0.59375;0.625;0.20703125;0.6796875;0.71875;0.2099609375;0.73046875;0.75390625;0.2060546875;0.765625;0.75390625;0.197265625;0.765625;0.7265625;0.185546875;0.66796875;0.404296875;0.07177734375;0.1943359375;0.341796875;0.1953125;0.0224609375;0.30859375;0.189453125;0.02978515625;0.7;0.125;0.25;0.453125;0.1484375;0.09765625;0.53125;0.546875;0.1640625;0.609375;0.59375;0.16015625;0.5625;0.5234375;0.166015625;0.271484375;0.5546875;0.671875;0.197265625;0.6484375;0.7109375;0.208984375;0.703125;0.7421875;0.2109375;0.6328125;0.6015625;0.1923828125;0.3212890625;0.58984375;0.62109375;0.20703125;0.68359375;0.7265625;0.212890625;0.73828125;0.7734375;0.212890625;0.77734375;0.7890625;0.2119140625;0.7890625;0.7734375;0.2060546875;0.712890625;0.57421875;0.15087890625;0.28759765625;0.5859375;0.5859375;0.1689453125;0.48046875;0.37890625;0.13037109375;0.8
18;18;87.55;0.125;0.25;0.46875;0.15234375;0.09375;0.546875;0.5625;0.16796875;0.625;0.578125;0.15234375;0.5703125;0.5234375;0.162109375;0.28515625;0.5703125;0.6640625;0.1875;0.65625;0.7109375;0.208984375;0.703125;0.734375;0.205078125;0.6328125;0.59765625;0.1904296875;0.31640625;0.58984375;0.625;0.20703125;0.6796875;0.72265625;0.2119140625;0.734375;0.76171875;0.2099609375;0.765625;0.765625;0.2021484375;0.7734375;0.73828125;0.1884765625;0.673828125;0.4140625;0.07666015625;0.2138671875;0.37890625;0.201171875;0.02294921875;0.33203125;0.1953125;0.0322265625;0.8;0.140625;0.25;0.453125;0.1484375;0.09765625;0.546875;0.578125;0.171875;0.609375;0.578125;0.1484375;0.5546875;0.5078125;0.16015625;0.2734375;0.5546875;0.6640625;0.19140625;0.640625;0.703125;0.208984375;0.6953125;0.734375;0.208984375;0.625;0.58984375;0.19140625;0.3173828125;0.578125;0.609375;0.2060546875;0.671875;0.72265625;0.2138671875;0.73046875;0.765625;0.212890625;0.76953125;0.78515625;0.212890625;0.78515625;0.765625;0.2041015625;0.705078125;0.552734375;0.14599609375;0.28271484375;0.5703125;0.55859375;0.16455078125;0.46875;0.36328125;0.1279296875;0.8
19;19;87.47;0.125;0.234375;0.453125;0.1484375;0.09375;0.53125;0.53125;0.15625;0.625;0.578125;0.1484375;0.5703125;0.5390625;0.166015625;0.279296875;0.5625;0.65625;0.185546875;0.6484375;0.703125;0.20703125;0.6953125;0.7265625;0.203125;0.62109375;0.59375;0.1904296875;0.3095703125;0.578125;0.61328125;0.20703125;0.671875;0.71875;0.212890625;0.7265625;0.76171875;0.2119140625;0.765625;0.7734375;0.2080078125;0.7734375;0.734375;0.1904296875;0.677734375;0.431640625;0.083984375;0.22119140625;0.384765625;0.21484375;0.02490234375;0.32421875;0.19140625;0.03076171875;0.7;0.140625;0.25;0.453125;0.1484375;0.09765625;0.53125;0.5625;0.16796875;0.609375;0.59375;0.15625;0.5546875;0.5390625;0.166015625;0.267578125;0.5390625;0.6640625;0.19140625;0.6328125;0.6953125;0.208984375;0.6875;0.7265625;0.205078125;0.6171875;0.58203125;0.1904296875;0.314453125;0.56640625;0.60546875;0.2060546875;0.6640625;0.71875;0.212890625;0.7265625;0.76171875;0.212890625;0.76171875;0.7734375;0.2109375;0.77734375;0.7421875;0.1982421875;0.693359375;0.517578125;0.126953125;0.263671875;0.51953125;0.45703125;0.1025390625;0.435546875;0.3203125;0.09521484375;0.8
20;20;87.2;0.125;0.234375;0.453125;0.15234375;0.09375;0.53125;0.53125;0.15625;0.625;0.5625;0.14453125;0.5703125;0.5546875;0.169921875;0.27734375;0.5625;0.6640625;0.19140625;0.65625;0.7109375;0.208984375;0.6953125;0.7421875;0.20703125;0.625;0.5859375;0.189453125;0.3134765625;0.57421875;0.609375;0.2060546875;0.6640625;0.7109375;0.2109375;0.71875;0.75390625;0.2099609375;0.75390625;0.75390625;0.201171875;0.7578125;0.71484375;0.1845703125;0.662109375;0.3984375;0.07763671875;0.20703125;0.3671875;0.193359375;0.02392578125;0.318359375;0.1875;0.03369140625;0.8;0.140625;0.25;0.453125;0.1484375;0.09765625;0.53125;0.546875;0.1640625;0.609375;0.578125;0.15234375;0.5546875;0.53125;0.169921875;0.267578125;0.5390625;0.6640625;0.19140625;0.640625;0.703125;0.208984375;0.6875;0.7421875;0.2109375;0.6171875;0.578125;0.1904296875;0.3173828125;0.5625;0.6015625;0.2060546875;0.66015625;0.71484375;0.212890625;0.71875;0.76171875;0.2138671875;0.76171875;0.7734375;0.2119140625;0.7734375;0.75;0.203125;0.6953125;0.53515625;0.1455078125;0.28125;0.556640625;0.544921875;0.1640625;0.4453125;0.341796875;0.12646484375;0.8
21;21;87.68;0.140625;0.25;0.46875;0.15234375;0.09375;0.53125;0.53125;0.15625;0.625;0.546875;0.140625;0.5625;0.53125;0.1640625;0.275390625;0.5546875;0.65625;0.1875;0.640625;0.703125;0.20703125;0.6953125;0.734375;0.208984375;0.62109375;0.578125;0.1884765625;0.3134765625;0.5703125;0.61328125;0.2060546875;0.65625;0.703125;0.208984375;0.70703125;0.73828125;0.2060546875;0.7421875;0.73046875;0.1943359375;0.75;0.71484375;0.1865234375;0.65234375;0.384765625;0.07666015625;0.20458984375;0.349609375;0.19921875;0.0244140625;0.298828125;0.189453125;0.03271484375;0.8;0.140625;0.25;0.453125;0.14453125;0.09375;0.546875;0.578125;0.16796875;0.609375;0.59375;0.15234375;0.5546875;0.5390625;0.171875;0.267578125;0.546875;0.671875;0.193359375;0.6328125;0.6953125;0.208984375;0.6875;0.7421875;0.2109375;0.61328125;0.5703125;0.1904296875;0.3173828125;0.55859375;0.6015625;0.2060546875;0.65234375;0.7109375;0.212890625;0.7109375;0.7578125;0.212890625;0.75390625;0.76953125;0.2109375;0.76953125;0.75;0.2041015625;0.689453125;0.517578125;0.1376953125;0.27783203125;0.544921875;0.517578125;0.1416015625;0.439453125;0.330078125;0.1142578125;0.8
22;22;87.78;0.140625;0.234375;0.46875;0.15234375;0.09375;0.53125;0.546875;0.16015625;0.625;0.578125;0.1484375;0.5703125;0.546875;0.171875;0.28125;0.5625;0.6796875;0.197265625;0.6484375;0.7109375;0.2109375;0.703125;0.7421875;0.2109375;0.625;0.5859375;0.1923828125;0.31640625;0.5703125;0.62109375;0.2080078125;0.66015625;0.7109375;0.212890625;0.71484375;0.75390625;0.212890625;0.75390625;0.76953125;0.212890625;0.76953125;0.75;0.2021484375;0.68359375;0.482421875;0.1171875;0.25;0.484375;0.3203125;0.05224609375;0.39453125;0.24609375;0.0498046875;0.8;0.140625;0.25;0.46875;0.1484375;0.09375;0.53125;0.59375;0.171875;0.625;0.625;0.1640625;0.5546875;0.546875;0.173828125;0.26953125;0.546875;0.6796875;0.197265625;0.6328125;0.703125;0.2109375;0.6875;0.734375;0.2109375;0.61328125;0.578125;0.19140625;0.3173828125;0.5625;0.6171875;0.2080078125;0.65625;0.71484375;0.2138671875;0.7109375;0.75;0.2138671875;0.75390625;0.76953125;0.212890625;0.76953125;0.75390625;0.205078125;0.69140625;0.53125;0.1474609375;0.28173828125;0.560546875;0.55078125;0.16357421875;0.44921875;0.34765625;0.1279296875;0.8
23;23;88.05;0.140625;0.234375;0.46875;0.15234375;0.08984375;0.53125;0.5625;0.16015625;0.625;0.578125;0.140625;0.5625;0.53125;0.166015625;0.27734375;0.546875;0.65625;0.189453125;0.640625;0.703125;0.208984375;0.6875;0.734375;0.208984375;0.6171875;0.578125;0.1904296875;0.3125;0.55859375;0.609375;0.20703125;0.65234375;0.7109375;0.2119140625;0.703125;0.734375;0.2080078125;0.7421875;0.7421875;0.201171875;0.75;0.7109375;0.1865234375;0.66015625;0.412109375;0.0869140625;0.21923828125;0.361328125;0.21484375;0.02685546875;0.310546875;0.20703125;0.0400390625;0.8;0.140625;0.25;0.46875;0.14453125;0.09375;0.53125;0.578125;0.171875;0.625;0.625;0.16015625;0.5546875;0.546875;0.173828125;0.265625;0.53125;0.6640625;0.193359375;0.6328125;0.703125;0.2109375;0.6796875;0.734375;0.212890625;0.609375;0.57421875;0.1904296875;0.31640625;0.55078125;0.6015625;0.20703125;0.6484375;0.71484375;0.212890625;0.703125;0.7421875;0.2119140625;0.74609375;0.7578125;0.2099609375;0.76171875;0.73828125;0.2021484375;0.68359375;0.50390625;0.1396484375;0.279296875;0.533203125;0.525390625;0.154296875;0.419921875;0.32421875;0.125;0.8
24;24;89.1;0.140625;0.25;0.46875;0.15234375;0.09375;0.53125;0.5625;0.16015625;0.625;0.578125;0.140625;0.5625;0.546875;0.169921875;0.275390625;0.5546875;0.671875;0.1953125;0.640625;0.7109375;0.2109375;0.6875;0.734375;0.2109375;0.61328125;0.57421875;0.1904296875;0.314453125;0.5546875;0.609375;0.2060546875;0.6484375;0.70703125;0.212890625;0.703125;0.7421875;0.2109375;0.7421875;0.7421875;0.203125;0.75;0.7109375;0.1884765625;0.662109375;0.42578125;0.09521484375;0.2255859375;0.380859375;0.212890625;0.02978515625;0.3203125;0.1953125;0.041015625;0.8;0.140625;0.25;0.46875;0.1484375;0.09375;0.53125;0.609375;0.17578125;0.625;0.640625;0.1640625;0.5546875;0.5546875;0.177734375;0.263671875;0.53125;0.671875;0.197265625;0.625;0.703125;0.2109375;0.671875;0.7265625;0.212890625;0.59765625;0.55859375;0.1904296875;0.314453125;0.5390625;0.6015625;0.20703125;0.64453125;0.7109375;0.2138671875;0.703125;0.74609375;0.212890625;0.7421875;0.75390625;0.2109375;0.7578125;0.734375;0.203125;0.677734375;0.501953125;0.14453125;0.2802734375;0.537109375;0.521484375;0.16064453125;0.416015625;0.31640625;0.12451171875;0.8
25;25;87.94;0.140625;0.234375;0.484375;0.15234375;0.08984375;0.515625;0.546875;0.15625;0.609375;0.578125;0.14453125;0.5546875;0.53125;0.16796875;0.271484375;0.53125;0.6640625;0.193359375;0.6328125;0.7109375;0.208984375;0.6796875;0.734375;0.208984375;0.60546875;0.5703125;0.189453125;0.310546875;0.55078125;0.609375;0.2060546875;0.64453125;0.70703125;0.2119140625;0.6953125;0.7421875;0.2099609375;0.734375;0.7421875;0.2041015625;0.74609375;0.70703125;0.1884765625;0.66015625;0.44140625;0.1083984375;0.23095703125;0.412109375;0.248046875;0.03759765625;0.330078125;0.21484375;0.04736328125;0.8;0.140625;0.25;0.484375;0.1484375;0.09375;0.53125;0.59375;0.17578125;0.609375;0.625;0.16015625;0.5390625;0.53125;0.171875;0.2578125;0.515625;0.6640625;0.1953125;0.609375;0.6953125;0.2109375;0.6640625;0.7265625;0.2109375;0.59375;0.5625;0.1904296875;0.3115234375;0.53515625;0.59765625;0.2060546875;0.640625;0.7109375;0.212890625;0.69921875;0.74609375;0.212890625;0.7421875;0.7578125;0.2119140625;0.75390625;0.73046875;0.203125;0.6796875;0.501953125;0.1455078125;0.28076171875;0.537109375;0.517578125;0.15283203125;0.4140625;0.314453125;0.125;0.8
26;26;88.73;0.140625;0.234375;0.46875;0.1484375;0.08984375;0.515625;0.5625;0.16015625;0.59375;0.578125;0.14453125;0.546875;0.53125;0.166015625;0.26953125;0.53125;0.671875;0.1953125;0.6328125;0.7109375;0.212890625;0.6796875;0.734375;0.212890625;0.609375;0.57421875;0.19140625;0.3115234375;0.546875;0.61328125;0.20703125;0.640625;0.703125;0.2109375;0.6953125;0.73046875;0.2080078125;0.7265625;0.73046875;0.2001953125;0.73828125;0.6875;0.1826171875;0.650390625;0.40234375;0.09228515625;0.220703125;0.37109375;0.236328125;0.03466796875;0.296875;0.20703125;0.044921875;0.7;0.140625;0.25;0.46875;0.140625;0.09375;0.515625;0.578125;0.171875;0.59375;0.609375;0.15234375;0.53125;0.5234375;0.16796875;0.2578125;0.5078125;0.6640625;0.1953125;0.6171875;0.6953125;0.2109375;0.6640625;0.7265625;0.212890625;0.59375;0.55859375;0.1904296875;0.3095703125;0.53515625;0.6015625;0.2060546875;0.63671875;0.703125;0.2119140625;0.69140625;0.73828125;0.212890625;0.734375;0.75390625;0.2109375;0.75;0.7265625;0.2021484375;0.673828125;0.494140625;0.1435546875;0.28369140625;0.53515625;0.525390625;0.1630859375;0.416015625;0.322265625;0.12548828125;0.8
27;27;88.43;0.140625;0.234375;0.46875;0.1484375;0.08984375;0.515625;0.5625;0.16015625;0.625;0.59375;0.15234375;0.5546875;0.5546875;0.173828125;0.271484375;0.5390625;0.6640625;0.1953125;0.6328125;0.7109375;0.208984375;0.6796875;0.7265625;0.208984375;0.6015625;0.56640625;0.1904296875;0.30859375;0.53515625;0.59765625;0.2060546875;0.62890625;0.703125;0.212890625;0.69140625;0.73828125;0.212890625;0.73046875;0.75;0.2109375;0.74609375;0.71484375;0.197265625;0.66015625;0.43359375;0.1142578125;0.24853515625;0.447265625;0.30078125;0.05078125;0.33984375;0.2265625;0.0546875;0.7;0.140625;0.25;0.46875;0.14453125;0.09375;0.515625;0.578125;0.17578125;0.625;0.65625;0.17578125;0.546875;0.5546875;0.177734375;0.2578125;0.5078125;0.671875;0.19921875;0.609375;0.6953125;0.208984375;0.6640625;0.7265625;0.2109375;0.58984375;0.5546875;0.189453125;0.30859375;0.5234375;0.59375;0.2060546875;0.62890625;0.703125;0.212890625;0.6875;0.734375;0.2119140625;0.73046875;0.7421875;0.2060546875;0.7421875;0.69921875;0.19140625;0.658203125;0.44140625;0.11669921875;0.2568359375;0.451171875;0.330078125;0.06591796875;0.357421875;0.25;0.07470703125;0.8
28;28;88.21;0.140625;0.25;0.46875;0.14453125;0.08984375;0.5;0.546875;0.15234375;0.609375;0.5625;0.13671875;0.5390625;0.5234375;0.1640625;0.265625;0.5234375;0.6640625;0.189453125;0.6171875;0.6953125;0.20703125;0.6640625;0.71875;0.205078125;0.58984375;0.55859375;0.1884765625;0.3037109375;0.53125;0.60546875;0.2060546875;0.625;0.69921875;0.2119140625;0.68359375;0.73046875;0.2109375;0.72265625;0.73828125;0.2060546875;0.734375;0.6953125;0.1884765625;0.6484375;0.408203125;0.10205078125;0.23583984375;0.400390625;0.267578125;0.0419921875;0.3046875;0.20703125;0.04931640625;0.8;0.140625;0.25;0.46875;0.140625;0.09375;0.5;0.53125;0.15234375;0.59375;0.578125;0.14453125;0.5234375;0.5;0.1640625;0.25390625;0.5078125;0.65625;0.19140625;0.609375;0.6953125;0.208984375;0.65625;0.71875;0.208984375;0.5859375;0.5546875;0.189453125;0.3056640625;0.51953125;0.59375;0.205078125;0.62109375;0.703125;0.2119140625;0.68359375;0.73828125;0.212890625;0.7265625;0.74609375;0.2109375;0.7421875;0.71875;0.201171875;0.666015625;0.4765625;0.13818359375;0.2783203125;0.525390625;0.498046875;0.13623046875;0.40234375;0.29296875;0.11181640625;0.8
29;29;88.48;0.140625;0.234375;0.46875;0.1484375;0.0859375;0.515625;0.5625;0.15625;0.609375;0.578125;0.14453125;0.546875;0.5390625;0.171875;0.26953125;0.5234375;0.65625;0.193359375;0.625;0.703125;0.208984375;0.671875;0.7265625;0.2109375;0.59375;0.5625;0.1904296875;0.306640625;0.52734375;0.60546875;0.2060546875;0.62109375;0.6953125;0.2119140625;0.68359375;0.734375;0.2119140625;0.71875;0.73828125;0.2080078125;0.734375;0.703125;0.193359375;0.6484375;0.416015625;0.10791015625;0.24365234375;0.408203125;0.27734375;0.04638671875;0.322265625;0.232421875;0.06005859375;0.8;0.140625;0.25;0.46875;0.140625;0.08984375;0.53125;0.609375;0.1796875;0.609375;0.625;0.16015625;0.53125;0.53125;0.173828125;0.25390625;0.5;0.65625;0.193359375;0.6015625;0.6875;0.208984375;0.65625;0.71875;0.208984375;0.578125;0.54296875;0.1865234375;0.302734375;0.51171875;0.59765625;0.205078125;0.6171875;0.6953125;0.2109375;0.67578125;0.71875;0.2060546875;0.70703125;0.6953125;0.1875;0.703125;0.59375;0.15234375;0.595703125;0.275390625;0.05126953125;0.18408203125;0.1875;0.0859375;0.0078125;0.158203125;0.115234375;0.01513671875;0.8
30;30;87.62;0.140625;0.234375;0.46875;0.14453125;0.0859375;0.515625;0.5625;0.15625;0.609375;0.578125;0.140625;0.5390625;0.5390625;0.169921875;0.263671875;0.515625;0.65625;0.189453125;0.609375;0.6953125;0.20703125;0.65625;0.71875;0.2109375;0.58203125;0.55078125;0.189453125;0.30078125;0.515625;0.59765625;0.205078125;0.6171875;0.69921875;0.2119140625;0.671875;0.72265625;0.2099609375;0.7109375;0.7265625;0.205078125;0.73046875;0.69140625;0.1904296875;0.640625;0.40625;0.10986328125;0.23974609375;0.41796875;0.302734375;0.05517578125;0.306640625;0.212890625;0.0576171875;0.8;0.140625;0.25;0.46875;0.140625;0.08984375;0.515625;0.59375;0.16796875;0.59375;0.609375;0.15234375;0.5234375;0.5390625;0.17578125;0.25390625;0.5;0.6640625;0.197265625;0.6015625;0.6875;0.208984375;0.65625;0.71875;0.212890625;0.58203125;0.546875;0.189453125;0.3056640625;0.5078125;0.59375;0.205078125;0.6171875;0.69921875;0.2119140625;0.671875;0.72265625;0.2109375;0.71484375;0.7265625;0.2060546875;0.73046875;0.68359375;0.189453125;0.64453125;0.412109375;0.10888671875;0.25244140625;0.40234375;0.232421875;0.03369140625;0.2890625;0.185546875;0.04296875;0.8
31;31;89.33;0.140625;0.234375;0.46875;0.140625;0.08984375;0.5;0.546875;0.15234375;0.609375;0.578125;0.13671875;0.5390625;0.5390625;0.16796875;0.263671875;0.515625;0.6640625;0.19140625;0.6171875;0.703125;0.20703125;0.6640625;0.71875;0.20703125;0.5859375;0.5546875;0.1884765625;0.302734375;0.515625;0.6015625;0.205078125;0.6171875;0.6953125;0.2109375;0.66796875;0.71484375;0.205078125;0.70703125;0.703125;0.1923828125;0.71484375;0.64453125;0.1728515625;0.625;0.359375;0.091796875;0.21826171875;0.333984375;0.208984375;0.03369140625;0.275390625;0.203125;0.056640625;0.7;0.15625;0.25;0.46875;0.140625;0.09375;0.515625;0.59375;0.171875;0.625;0.640625;0.16796875;0.5390625;0.5546875;0.177734375;0.25390625;0.5;0.671875;0.19921875;0.609375;0.6953125;0.2109375;0.65625;0.71875;0.212890625;0.578125;0.546875;0.1904296875;0.306640625;0.50390625;0.59375;0.2060546875;0.61328125;0.6953125;0.2119140625;0.671875;0.734375;0.212890625;0.71484375;0.73828125;0.2109375;0.734375;0.703125;0.201171875;0.65234375;0.447265625;0.138671875;0.2841796875;0.494140625;0.455078125;0.15576171875;0.3671875;0.2734375;0.12060546875;0.8
32;32;89.46;0.140625;0.234375;0.46875;0.14453125;0.08984375;0.515625;0.5625;0.15625;0.609375;0.578125;0.140625;0.5390625;0.546875;0.17578125;0.263671875;0.515625;0.671875;0.197265625;0.6171875;0.703125;0.2109375;0.6640625;0.7265625;0.212890625;0.58984375;0.5625;0.19140625;0.3076171875;0.515625;0.6015625;0.2060546875;0.6171875;0.703125;0.212890625;0.671875;0.7265625;0.2109375;0.7109375;0.7265625;0.2041015625;0.72265625;0.6796875;0.1884765625;0.638671875;0.3984375;0.11083984375;0.24267578125;0.3984375;0.283203125;0.0517578125;0.294921875;0.21875;0.06982421875;0.8;0.15625;0.25;0.46875;0.140625;0.08984375;0.515625;0.609375;0.17578125;0.625;0.65625;0.171875;0.5390625;0.5546875;0.181640625;0.251953125;0.5;0.6796875;0.203125;0.59375;0.6875;0.2109375;0.6484375;0.71875;0.21484375;0.57421875;0.55078125;0.1904296875;0.3056640625;0.5;0.59765625;0.205078125;0.609375;0.69921875;0.2119140625;0.66796875;0.73046875;0.212890625;0.7109375;0.73046875;0.208984375;0.7265625;0.6953125;0.1982421875;0.6484375;0.44140625;0.13232421875;0.2734375;0.478515625;0.408203125;0.09814453125;0.345703125;0.2421875;0.09716796875;0.8
33;33;88.67;0.140625;0.234375;0.46875;0.140625;0.0859375;0.5;0.546875;0.15234375;0.609375;0.578125;0.1328125;0.53125;0.5390625;0.171875;0.26171875;0.5078125;0.6640625;0.1953125;0.6171875;0.703125;0.2109375;0.6640625;0.7265625;0.212890625;0.5859375;0.55859375;0.19140625;0.3037109375;0.5078125;0.6015625;0.2060546875;0.609375;0.6953125;0.2119140625;0.66796875;0.72265625;0.2109375;0.70703125;0.7265625;0.20703125;0.71875;0.68359375;0.193359375;0.63671875;0.4140625;0.12060546875;0.24853515625;0.4296875;0.322265625;0.0634765625;0.30859375;0.23046875;0.07421875;0.8;0.15625;0.25;0.46875;0.13671875;0.08984375;0.515625;0.578125;0.171875;0.609375;0.625;0.16015625;0.5234375;0.5390625;0.17578125;0.25;0.4921875;0.671875;0.19921875;0.59375;0.6875;0.208984375;0.6484375;0.71875;0.212890625;0.57421875;0.546875;0.1904296875;0.3037109375;0.49609375;0.59765625;0.205078125;0.60546875;0.6953125;0.2119140625;0.6640625;0.72265625;0.2119140625;0.70703125;0.7265625;0.2080078125;0.72265625;0.6875;0.1962890625;0.642578125;0.4296875;0.130859375;0.27197265625;0.47265625;0.421875;0.111328125;0.3359375;0.244140625;0.1044921875;0.8
34;34;90.02;0.140625;0.234375;0.484375;0.14453125;0.0859375;0.5;0.5625;0.15234375;0.609375;0.578125;0.13671875;0.53125;0.5546875;0.17578125;0.26171875;0.5078125;0.65625;0.193359375;0.609375;0.6953125;0.2109375;0.65625;0.71875;0.212890625;0.58203125;0.5625;0.19140625;0.3046875;0.5078125;0.60546875;0.2060546875;0.609375;0.69921875;0.212890625;0.66796875;0.7265625;0.2109375;0.703125;0.72265625;0.2060546875;0.71875;0.6875;0.1923828125;0.634765625;0.40625;0.1171875;0.24853515625;0.404296875;0.28125;0.0517578125;0.29296875;0.208984375;0.06884765625;0.8;0.15625;0.25;0.484375;0.140625;0.08984375;0.515625;0.59375;0.16796875;0.609375;0.640625;0.1640625;0.5234375;0.546875;0.1796875;0.25;0.484375;0.6484375;0.1953125;0.59375;0.6875;0.208984375;0.640625;0.7109375;0.212890625;0.5703125;0.546875;0.1904296875;0.302734375;0.49609375;0.6015625;0.2060546875;0.60546875;0.69921875;0.212890625;0.66796875;0.7265625;0.212890625;0.70703125;0.73046875;0.208984375;0.72265625;0.69140625;0.1962890625;0.638671875;0.42578125;0.12939453125;0.2705078125;0.451171875;0.345703125;0.0791015625;0.326171875;0.228515625;0.08935546875;0.8
35;35;89.95;0.140625;0.234375;0.484375;0.14453125;0.0859375;0.5;0.578125;0.16015625;0.625;0.625;0.15234375;0.546875;0.5625;0.1796875;0.267578125;0.5078125;0.671875;0.1953125;0.6171875;0.703125;0.2109375;0.65625;0.71875;0.212890625;0.58203125;0.5546875;0.1904296875;0.3046875;0.50390625;0.59765625;0.205078125;0.60546875;0.69921875;0.2119140625;0.66015625;0.71875;0.2099609375;0.69921875;0.71875;0.2041015625;0.71484375;0.671875;0.1865234375;0.630859375;0.390625;0.111328125;0.24267578125;0.384765625;0.2734375;0.05078125;0.275390625;0.20703125;0.0703125;0.8;0.15625;0.25;0.46875;0.13671875;0.0859375;0.5;0.59375;0.17578125;0.625;0.671875;0.17578125;0.53125;0.5546875;0.181640625;0.25;0.484375;0.6640625;0.201171875;0.59375;0.6875;0.2109375;0.640625;0.71875;0.21484375;0.56640625;0.54296875;0.189453125;0.3037109375;0.48828125;0.59375;0.205078125;0.6015625;0.69921875;0.212890625;0.66015625;0.7265625;0.2119140625;0.703125;0.73046875;0.2099609375;0.72265625;0.69921875;0.19921875;0.642578125;0.43359375;0.13525390625;0.27685546875;0.470703125;0.412109375;0.11376953125;0.337890625;0.24609375;0.1064453125;0.8
36;36;89.93;0.15625;0.234375;0.484375;0.14453125;0.0859375;0.5;0.5625;0.15625;0.609375;0.578125;0.140625;0.53125;0.5390625;0.17578125;0.26171875;0.5;0.6640625;0.1953125;0.6015625;0.6953125;0.208984375;0.6484375;0.71875;0.2109375;0.57421875;0.55078125;0.1904296875;0.2998046875;0.49609375;0.59765625;0.205078125;0.60546875;0.69921875;0.212890625;0.6640625;0.7265625;0.2119140625;0.69921875;0.72265625;0.20703125;0.71484375;0.6875;0.193359375;0.6328125;0.412109375;0.12353515625;0.2509765625;0.41796875;0.296875;0.05615234375;0.296875;0.212890625;0.07421875;0.8;0.15625;0.25;0.46875;0.13671875;0.08984375;0.5;0.59375;0.171875;0.59375;0.640625;0.1640625;0.515625;0.53125;0.177734375;0.248046875;0.46875;0.6640625;0.201171875;0.5859375;0.6875;0.208984375;0.6328125;0.7109375;0.212890625;0.5625;0.5390625;0.1884765625;0.30078125;0.484375;0.59375;0.205078125;0.6015625;0.69921875;0.212890625;0.66015625;0.7265625;0.212890625;0.69921875;0.7265625;0.2080078125;0.71875;0.69140625;0.1962890625;0.638671875;0.4296875;0.13330078125;0.2724609375;0.453125;0.357421875;0.08251953125;0.326171875;0.23046875;0.0947265625;0.8
37;37;89.36;0.140625;0.234375;0.46875;0.140625;0.0859375;0.5;0.546875;0.1484375;0.59375;0.59375;0.140625;0.5234375;0.5390625;0.171875;0.259765625;0.5;0.6640625;0.1953125;0.6015625;0.703125;0.208984375;0.6484375;0.71875;0.2109375;0.5703125;0.546875;0.189453125;0.30078125;0.4921875;0.6015625;0.205078125;0.6015625;0.6953125;0.2119140625;0.65625;0.72265625;0.2119140625;0.6953125;0.7265625;0.2080078125;0.71484375;0.6875;0.1943359375;0.630859375;0.41015625;0.125;0.2548828125;0.416015625;0.314453125;0.06396484375;0.291015625;0.21484375;0.08056640625;0.8;0.15625;0.25;0.46875;0.13671875;0.0859375;0.5;0.59375;0.171875;0.609375;0.65625;0.17578125;0.515625;0.5390625;0.1796875;0.24609375;0.4765625;0.671875;0.201171875;0.5859375;0.6953125;0.2109375;0.640625;0.71875;0.212890625;0.55859375;0.53515625;0.1875;0.30078125;0.48046875;0.59375;0.205078125;0.59765625;0.6953125;0.212890625;0.65625;0.7265625;0.2138671875;0.69921875;0.734375;0.2119140625;0.72265625;0.703125;0.201171875;0.638671875;0.43359375;0.13671875;0.27978515625;0.466796875;0.384765625;0.09765625;0.328125;0.240234375;0.09814453125;0.8
38;38;90.16;0.140625;0.234375;0.484375;0.140625;0.08203125;0.5;0.5625;0.15234375;0.609375;0.59375;0.13671875;0.5234375;0.546875;0.17578125;0.2578125;0.5;0.671875;0.1953125;0.609375;0.703125;0.2109375;0.65625;0.7265625;0.212890625;0.5703125;0.55078125;0.1904296875;0.30078125;0.4921875;0.60546875;0.205078125;0.59765625;0.69921875;0.212890625;0.65234375;0.72265625;0.2119140625;0.69140625;0.72265625;0.208984375;0.7109375;0.6875;0.197265625;0.626953125;0.41015625;0.12939453125;0.2587890625;0.443359375;0.365234375;0.0830078125;0.3046875;0.234375;0.091796875;0.8;0.15625;0.25;0.484375;0.13671875;0.0859375;0.515625;0.625;0.18359375;0.625;0.671875;0.1796875;0.515625;0.546875;0.181640625;0.244140625;0.4765625;0.671875;0.201171875;0.59375;0.6953125;0.2109375;0.640625;0.71875;0.21484375;0.5546875;0.53515625;0.1884765625;0.30078125;0.4765625;0.59765625;0.205078125;0.59375;0.69921875;0.2119140625;0.65234375;0.71875;0.2119140625;0.69140625;0.71875;0.2099609375;0.7109375;0.6796875;0.197265625;0.626953125;0.41015625;0.1318359375;0.27392578125;0.4453125;0.357421875;0.0830078125;0.3046875;0.2265625;0.09814453125;0.8
39;39;90.36;0.15625;0.234375;0.46875;0.140625;0.0859375;0.5;0.5625;0.15234375;0.609375;0.59375;0.14453125;0.53125;0.5546875;0.17578125;0.2578125;0.4921875;0.65625;0.19140625;0.6015625;0.703125;0.208984375;0.640625;0.7109375;0.2109375;0.5625;0.54296875;0.1884765625;0.2958984375;0.48046875;0.59765625;0.205078125;0.59375;0.69921875;0.2119140625;0.65234375;0.72265625;0.212890625;0.6875;0.72265625;0.2109375;0.70703125;0.68359375;0.197265625;0.62109375;0.396484375;0.12451171875;0.2568359375;0.427734375;0.333984375;0.072265625;0.287109375;0.224609375;0.08837890625;0.8;0.15625;0.25;0.46875;0.13671875;0.0859375;0.5;0.609375;0.17578125;0.625;0.671875;0.1796875;0.5234375;0.546875;0.18359375;0.24609375;0.4765625;0.6640625;0.201171875;0.5859375;0.6953125;0.2109375;0.6328125;0.7109375;0.212890625;0.5546875;0.53125;0.1875;0.298828125;0.46875;0.58984375;0.205078125;0.58984375;0.69921875;0.2119140625;0.6484375;0.72265625;0.2119140625;0.6875;0.71875;0.2080078125;0.70703125;0.6640625;0.189453125;0.619140625;0.38671875;0.11767578125;0.26220703125;0.376953125;0.236328125;0.03955078125;0.25;0.19140625;0.072265625;0.8
40;40;90.12;0.140625;0.234375;0.484375;0.140625;0.0859375;0.5;0.5625;0.1484375;0.59375;0.59375;0.140625;0.5234375;0.5390625;0.173828125;0.2578125;0.4921875;0.671875;0.197265625;0.6015625;0.703125;0.2109375;0.6484375;0.71875;0.212890625;0.56640625;0.55078125;0.189453125;0.2998046875;0.484375;0.60546875;0.2060546875;0.59375;0.703125;0.2119140625;0.65234375;0.71875;0.2109375;0.6875;0.71484375;0.2060546875;0.703125;0.66796875;0.1923828125;0.619140625;0.384765625;0.12060546875;0.25146484375;0.40625;0.318359375;0.06884765625;0.271484375;0.21484375;0.08935546875;0.8;0.15625;0.25;0.484375;0.140625;0.08984375;0.5;0.59375;0.16796875;0.609375;0.640625;0.16796875;0.5078125;0.53125;0.17578125;0.2421875;0.46875;0.6640625;0.201171875;0.578125;0.6953125;0.2109375;0.640625;0.7109375;0.212890625;0.5546875;0.5390625;0.1884765625;0.298828125;0.47265625;0.59375;0.205078125;0.58984375;0.69921875;0.212890625;0.6484375;0.71875;0.2109375;0.6875;0.71875;0.2060546875;0.703125;0.66015625;0.1884765625;0.619140625;0.388671875;0.12158203125;0.26318359375;0.3984375;0.283203125;0.0576171875;0.271484375;0.2109375;0.08984375;0.8
41;41;89.47;0.15625;0.234375;0.484375;0.14453125;0.0859375;0.5;0.5625;0.1484375;0.59375;0.59375;0.140625;0.5234375;0.5390625;0.171875;0.255859375;0.484375;0.6640625;0.193359375;0.59375;0.703125;0.208984375;0.6484375;0.71875;0.2109375;0.55859375;0.54296875;0.1884765625;0.294921875;0.47265625;0.6015625;0.205078125;0.58984375;0.6953125;0.2119140625;0.6484375;0.72265625;0.212890625;0.68359375;0.72265625;0.208984375;0.69921875;0.671875;0.1962890625;0.62109375;0.39453125;0.1259765625;0.2587890625;0.43359375;0.365234375;0.08642578125;0.287109375;0.224609375;0.09326171875;0.8;0.15625;0.25;0.46875;0.13671875;0.0859375;0.5;0.59375;0.1640625;0.59375;0.640625;0.16796875;0.5078125;0.5234375;0.17578125;0.2421875;0.4609375;0.6640625;0.201171875;0.578125;0.6953125;0.208984375;0.6328125;0.7109375;0.212890625;0.55078125;0.53515625;0.1875;0.2958984375;0.46484375;0.59375;0.205078125;0.5859375;0.69921875;0.212890625;0.6484375;0.7265625;0.212890625;0.6875;0.72265625;0.2099609375;0.70703125;0.67578125;0.1962890625;0.623046875;0.400390625;0.12939453125;0.27490234375;0.4375;0.349609375;0.08154296875;0.2890625;0.21484375;0.095703125;0.8
42;42;90.6;0.140625;0.234375;0.46875;0.140625;0.08203125;0.5;0.5625;0.1484375;0.59375;0.578125;0.13671875;0.515625;0.53125;0.171875;0.251953125;0.484375;0.6640625;0.1953125;0.59375;0.6953125;0.208984375;0.640625;0.71875;0.2109375;0.55859375;0.54296875;0.1884765625;0.29296875;0.47265625;0.6015625;0.2041015625;0.5859375;0.69140625;0.2119140625;0.64453125;0.71875;0.2119140625;0.6796875;0.71875;0.2080078125;0.69921875;0.671875;0.1953125;0.619140625;0.396484375;0.1279296875;0.2578125;0.421875;0.359375;0.08935546875;0.291015625;0.232421875;0.10009765625;0.8;0.15625;0.25;0.46875;0.1328125;0.0859375;0.5;0.609375;0.16796875;0.609375;0.640625;0.16796875;0.5078125;0.53125;0.17578125;0.2421875;0.4609375;0.6640625;0.19921875;0.5703125;0.6796875;0.20703125;0.6328125;0.7109375;0.212890625;0.546875;0.53125;0.1875;0.294921875;0.4609375;0.59375;0.205078125;0.58203125;0.6953125;0.2119140625;0.64453125;0.71875;0.212890625;0.6875;0.72265625;0.2099609375;0.703125;0.67578125;0.1982421875;0.625;0.408203125;0.13623046875;0.27685546875;0.44921875;0.40625;0.11865234375;0.310546875;0.236328125;0.11376953125;0.8
43;43;89.28;0.140625;0.234375;0.453125;0.1328125;0.08203125;0.484375;0.546875;0.140625;0.578125;0.5625;0.1328125;0.5078125;0.53125;0.169921875;0.248046875;0.4765625;0.6640625;0.1953125;0.59375;0.703125;0.208984375;0.640625;0.71875;0.212890625;0.55859375;0.54296875;0.1884765625;0.2939453125;0.47265625;0.6015625;0.2041015625;0.58203125;0.6953125;0.2119140625;0.64453125;0.72265625;0.2119140625;0.6796875;0.71875;0.20703125;0.6953125;0.6640625;0.1923828125;0.6171875;0.390625;0.12548828125;0.25439453125;0.40625;0.341796875;0.08154296875;0.271484375;0.21875;0.0986328125;0.8;0.15625;0.25;0.453125;0.12890625;0.0859375;0.484375;0.59375;0.1640625;0.59375;0.640625;0.171875;0.5;0.53125;0.177734375;0.236328125;0.453125;0.6640625;0.201171875;0.578125;0.6875;0.208984375;0.6328125;0.7109375;0.212890625;0.546875;0.53125;0.1875;0.294921875;0.4609375;0.59375;0.205078125;0.578125;0.6953125;0.212890625;0.64453125;0.71875;0.2119140625;0.6796875;0.71875;0.2099609375;0.703125;0.66796875;0.1953125;0.619140625;0.3984375;0.1328125;0.2744140625;0.4296875;0.369140625;0.10205078125;0.29296875;0.22265625;0.11181640625;0.8
44;44;91.03;0.15625;0.234375;0.5;0.14453125;0.0859375;0.5;0.578125;0.15625;0.609375;0.59375;0.140625;0.5234375;0.5390625;0.17578125;0.25390625;0.4765625;0.65625;0.193359375;0.59375;0.703125;0.208984375;0.640625;0.71875;0.212890625;0.5546875;0.54296875;0.1884765625;0.294921875;0.47265625;0.6015625;0.2041015625;0.58203125;0.6953125;0.2119140625;0.64453125;0.71875;0.2119140625;0.68359375;0.72265625;0.2109375;0.69921875;0.68359375;0.19921875;0.62109375;0.404296875;0.134765625;0.2646484375;0.455078125;0.419921875;0.11279296875;0.306640625;0.2421875;0.10546875;0.8;0.15625;0.25;0.5;0.140625;0.0859375;0.5;0.625;0.1796875;0.609375;0.671875;0.1796875;0.515625;0.5390625;0.1796875;0.240234375;0.4609375;0.65625;0.197265625;0.578125;0.6953125;0.2109375;0.6328125;0.71875;0.212890625;0.54296875;0.53125;0.1865234375;0.2939453125;0.45703125;0.59375;0.2041015625;0.578125;0.6953125;0.2119140625;0.640625;0.71875;0.2119140625;0.6796875;0.71484375;0.2080078125;0.6953125;0.65625;0.1875;0.61328125;0.38671875;0.12060546875;0.265625;0.376953125;0.248046875;0.044921875;0.248046875;0.205078125;0.09716796875;0.8
45;45;91.5;0.140625;0.234375;0.46875;0.13671875;0.08203125;0.484375;0.5625;0.15234375;0.59375;0.578125;0.13671875;0.515625;0.5390625;0.173828125;0.251953125;0.4765625;0.65625;0.193359375;0.59375;0.703125;0.208984375;0.6328125;0.7109375;0.2109375;0.55078125;0.5390625;0.1875;0.2919921875;0.46484375;0.6015625;0.2041015625;0.578125;0.69140625;0.2119140625;0.63671875;0.7109375;0.2109375;0.67578125;0.71484375;0.2080078125;0.69140625;0.6640625;0.1923828125;0.607421875;0.380859375;0.1240234375;0.2548828125;0.396484375;0.33203125;0.07958984375;0.26171875;0.216796875;0.0986328125;0.8;0.15625;0.25;0.46875;0.12890625;0.08984375;0.484375;0.59375;0.16796875;0.59375;0.640625;0.1640625;0.5078125;0.53125;0.17578125;0.236328125;0.4609375;0.6640625;0.19921875;0.5703125;0.6875;0.208984375;0.625;0.7109375;0.2109375;0.54296875;0.53125;0.1865234375;0.29296875;0.45703125;0.59765625;0.205078125;0.578125;0.6953125;0.2119140625;0.640625;0.71484375;0.2119140625;0.6796875;0.71875;0.2080078125;0.6953125;0.6640625;0.1923828125;0.615234375;0.39453125;0.12890625;0.2705078125;0.412109375;0.328125;0.07958984375;0.275390625;0.21875;0.10791015625;0.8
46;46;90.12;0.140625;0.234375;0.46875;0.13671875;0.08203125;0.484375;0.5625;0.15234375;0.59375;0.578125;0.1328125;0.515625;0.53125;0.171875;0.25;0.4765625;0.65625;0.193359375;0.5859375;0.703125;0.208984375;0.640625;0.7265625;0.212890625;0.55078125;0.53515625;0.1875;0.29296875;0.46484375;0.6015625;0.2041015625;0.578125;0.6953125;0.2119140625;0.63671875;0.71484375;0.2119140625;0.67578125;0.71875;0.2099609375;0.69140625;0.66796875;0.1953125;0.609375;0.388671875;0.130859375;0.2568359375;0.419921875;0.376953125;0.09912109375;0.279296875;0.228515625;0.10595703125;0.8;0.15625;0.25;0.46875;0.12890625;0.0859375;0.5;0.609375;0.17578125;0.609375;0.65625;0.171875;0.5078125;0.53125;0.177734375;0.23828125;0.4609375;0.6640625;0.201171875;0.578125;0.6953125;0.2109375;0.6328125;0.71875;0.212890625;0.54296875;0.52734375;0.1865234375;0.294921875;0.45703125;0.59765625;0.2041015625;0.578125;0.6953125;0.2119140625;0.640625;0.71875;0.2109375;0.6796875;0.71484375;0.2080078125;0.69140625;0.65625;0.1884765625;0.609375;0.392578125;0.12744140625;0.26611328125;0.39453125;0.2890625;0.06396484375;0.259765625;0.2109375;0.1015625;0.8
47;47;91.04;0.15625;0.234375;0.46875;0.140625;0.08203125;0.484375;0.5625;0.15234375;0.59375;0.578125;0.13671875;0.515625;0.5390625;0.173828125;0.248046875;0.4765625;0.6640625;0.193359375;0.5859375;0.703125;0.208984375;0.6328125;0.7109375;0.208984375;0.546875;0.5390625;0.1875;0.2880859375;0.45703125;0.6015625;0.203125;0.578125;0.6953125;0.2109375;0.63671875;0.71484375;0.2099609375;0.67578125;0.7109375;0.205078125;0.6875;0.65625;0.189453125;0.603515625;0.3828125;0.1279296875;0.25048828125;0.39453125;0.345703125;0.08935546875;0.2578125;0.216796875;0.103515625;0.8;0.15625;0.25;0.46875;0.1328125;0.0859375;0.5;0.625;0.1796875;0.59375;0.65625;0.1796875;0.5078125;0.5390625;0.181640625;0.236328125;0.4609375;0.671875;0.203125;0.578125;0.6953125;0.2109375;0.625;0.71875;0.212890625;0.54296875;0.53125;0.1865234375;0.29296875;0.453125;0.59765625;0.2041015625;0.578125;0.6953125;0.2119140625;0.63671875;0.71875;0.2119140625;0.6796875;0.71875;0.2099609375;0.6953125;0.671875;0.197265625;0.61328125;0.400390625;0.13720703125;0.27587890625;0.44140625;0.396484375;0.1162109375;0.2890625;0.21484375;0.111328125;0.8
48;48;90.39;0.15625;0.234375;0.484375;0.140625;0.0859375;0.5;0.578125;0.15234375;0.59375;0.578125;0.13671875;0.515625;0.5390625;0.173828125;0.25;0.4765625;0.6640625;0.193359375;0.5859375;0.703125;0.208984375;0.6328125;0.71875;0.2109375;0.5546875;0.55078125;0.1884765625;0.2939453125;0.46875;0.609375;0.205078125;0.58203125;0.703125;0.212890625;0.640625;0.71875;0.2109375;0.67578125;0.71484375;0.2060546875;0.69140625;0.6640625;0.1904296875;0.609375;0.390625;0.13134765625;0.25830078125;0.41015625;0.35546875;0.095703125;0.267578125;0.212890625;0.103515625;0.8;0.15625;0.25;0.484375;0.1328125;0.0859375;0.5;0.609375;0.17578125;0.59375;0.65625;0.1796875;0.5;0.5390625;0.1796875;0.234375;0.4609375;0.6640625;0.19921875;0.5703125;0.6953125;0.208984375;0.625;0.71875;0.212890625;0.54296875;0.53515625;0.1875;0.29296875;0.45703125;0.59765625;0.2041015625;0.578125;0.69921875;0.2119140625;0.640625;0.71875;0.2119140625;0.6796875;0.71875;0.208984375;0.6953125;0.6640625;0.193359375;0.61328125;0.3984375;0.13427734375;0.2744140625;0.419921875;0.3515625;0.09375;0.271484375;0.2109375;0.11181640625;0.8
49;49;91.15;0.15625;0.234375;0.484375;0.140625;0.08203125;0.5;0.578125;0.15625;0.59375;0.59375;0.140625;0.5234375;0.5546875;0.1796875;0.251953125;0.484375;0.6640625;0.193359375;0.59375;0.703125;0.208984375;0.6328125;0.71875;0.2109375;0.5546875;0.546875;0.1884765625;0.29296875;0.46484375;0.60546875;0.205078125;0.58203125;0.703125;0.212890625;0.640625;0.72265625;0.212890625;0.6796875;0.72265625;0.2109375;0.6953125;0.6796875;0.19921875;0.615234375;0.404296875;0.13671875;0.26318359375;0.431640625;0.390625;0.1083984375;0.28125;0.2265625;0.1083984375;0.8;0.15625;0.25;0.46875;0.13671875;0.0859375;0.5;0.640625;0.1796875;0.609375;0.671875;0.1796875;0.5078125;0.5390625;0.181640625;0.234375;0.4609375;0.671875;0.19921875;0.5703125;0.6953125;0.2109375;0.625;0.71875;0.212890625;0.5390625;0.53515625;0.1865234375;0.2919921875;0.453125;0.59765625;0.2041015625;0.578125;0.703125;0.212890625;0.640625;0.71875;0.2119140625;0.6796875;0.71875;0.208984375;0.6953125;0.66015625;0.1904296875;0.609375;0.384765625;0.12841796875;0.26953125;0.38671875;0.287109375;0.0654296875;0.2421875;0.19921875;0.107421875;0.8
50;50;91.71;0.15625;0.234375;0.484375;0.140625;0.08203125;0.484375;0.5625;0.1484375;0.578125;0.578125;0.12890625;0.515625;0.5390625;0.173828125;0.25;0.4765625;0.6640625;0.19140625;0.5859375;0.703125;0.208984375;0.625;0.71875;0.2109375;0.546875;0.5390625;0.1875;0.2890625;0.4609375;0.6015625;0.2041015625;0.57421875;0.69921875;0.2119140625;0.63671875;0.71484375;0.2109375;0.671875;0.71484375;0.208984375;0.6875;0.66796875;0.1962890625;0.60546875;0.37890625;0.130859375;0.25732421875;0.40625;0.36328125;0.10205078125;0.2578125;0.216796875;0.10595703125;0.8;0.15625;0.25;0.484375;0.13671875;0.0859375;0.5;0.640625;0.1796875;0.609375;0.671875;0.17578125;0.5078125;0.5390625;0.1796875;0.234375;0.453125;0.6640625;0.19921875;0.5703125;0.6953125;0.2109375;0.6171875;0.7109375;0.212890625;0.53515625;0.5234375;0.1865234375;0.2900390625;0.44921875;0.59765625;0.2041015625;0.57421875;0.69921875;0.212890625;0.6328125;0.71484375;0.2119140625;0.67578125;0.71484375;0.208984375;0.69140625;0.66015625;0.1943359375;0.609375;0.37890625;0.13134765625;0.2724609375;0.3984375;0.33203125;0.09326171875;0.25;0.201171875;0.11328125;0.8
51;51;91.58;0.15625;0.25;0.484375;0.140625;0.0859375;0.5;0.578125;0.15234375;0.59375;0.59375;0.140625;0.515625;0.5390625;0.171875;0.25390625;0.4765625;0.6640625;0.193359375;0.5859375;0.703125;0.208984375;0.625;0.71875;0.2109375;0.55078125;0.54296875;0.1884765625;0.2919921875;0.4609375;0.60546875;0.2041015625;0.578125;0.69921875;0.2119140625;0.640625;0.72265625;0.2119140625;0.671875;0.71484375;0.208984375;0.69140625;0.67578125;0.1982421875;0.609375;0.390625;0.1337890625;0.26171875;0.41796875;0.380859375;0.11083984375;0.271484375;0.220703125;0.109375;0.8;0.15625;0.25;0.484375;0.1328125;0.0859375;0.484375;0.609375;0.17578125;0.59375;0.65625;0.171875;0.5;0.53125;0.17578125;0.236328125;0.453125;0.6640625;0.19921875;0.5625;0.6953125;0.208984375;0.6171875;0.7109375;0.212890625;0.53515625;0.52734375;0.1865234375;0.2900390625;0.4453125;0.59765625;0.2041015625;0.57421875;0.69921875;0.2119140625;0.63671875;0.71875;0.212890625;0.67578125;0.71484375;0.208984375;0.69140625;0.66796875;0.1962890625;0.607421875;0.388671875;0.1337890625;0.27392578125;0.408203125;0.341796875;0.09130859375;0.26171875;0.2109375;0.11474609375;0.8
52;52;91.36;0.15625;0.234375;0.484375;0.13671875;0.08203125;0.484375;0.5625;0.1484375;0.59375;0.578125;0.12890625;0.515625;0.5390625;0.173828125;0.248046875;0.4765625;0.6640625;0.193359375;0.5859375;0.703125;0.208984375;0.6328125;0.71875;0.212890625;0.55078125;0.546875;0.1884765625;0.29296875;0.46484375;0.609375;0.205078125;0.58203125;0.703125;0.212890625;0.640625;0.7265625;0.212890625;0.6796875;0.71875;0.2099609375;0.6953125;0.6796875;0.1982421875;0.615234375;0.400390625;0.1376953125;0.265625;0.435546875;0.40625;0.11962890625;0.28515625;0.228515625;0.1123046875;0.8;0.15625;0.25;0.484375;0.1328125;0.0859375;0.5;0.609375;0.171875;0.59375;0.65625;0.171875;0.5;0.53125;0.177734375;0.232421875;0.453125;0.6640625;0.201171875;0.5703125;0.6953125;0.208984375;0.6171875;0.7109375;0.212890625;0.53515625;0.52734375;0.1865234375;0.291015625;0.44921875;0.59765625;0.205078125;0.57421875;0.69921875;0.212890625;0.63671875;0.72265625;0.212890625;0.67578125;0.71875;0.2109375;0.6953125;0.67578125;0.2001953125;0.615234375;0.3984375;0.1396484375;0.27978515625;0.435546875;0.408203125;0.1318359375;0.2890625;0.216796875;0.11767578125;0.8
53;53;92.02;0.15625;0.234375;0.484375;0.140625;0.08203125;0.484375;0.578125;0.15234375;0.59375;0.59375;0.140625;0.515625;0.5390625;0.173828125;0.248046875;0.4765625;0.6640625;0.193359375;0.5859375;0.703125;0.208984375;0.625;0.71875;0.2109375;0.546875;0.54296875;0.1875;0.2880859375;0.4609375;0.60546875;0.2041015625;0.57421875;0.69921875;0.2119140625;0.6328125;0.71484375;0.2109375;0.66796875;0.7109375;0.20703125;0.68359375;0.66015625;0.1943359375;0.6015625;0.380859375;0.13330078125;0.25537109375;0.3984375;0.365234375;0.10693359375;0.25390625;0.216796875;0.109375;0.8;0.15625;0.25;0.484375;0.13671875;0.0859375;0.5;0.609375;0.171875;0.59375;0.65625;0.171875;0.5;0.53125;0.177734375;0.232421875;0.4453125;0.6640625;0.19921875;0.5625;0.6953125;0.208984375;0.6171875;0.7109375;0.212890625;0.53125;0.52734375;0.1865234375;0.2890625;0.44921875;0.6015625;0.2041015625;0.57421875;0.69921875;0.2119140625;0.6328125;0.71484375;0.2119140625;0.67578125;0.71484375;0.208984375;0.6875;0.66015625;0.1943359375;0.607421875;0.380859375;0.13330078125;0.27294921875;0.3984375;0.341796875;0.0986328125;0.251953125;0.203125;0.11474609375;0.8
54;54;91.99;0.15625;0.234375;0.484375;0.13671875;0.08203125;0.484375;0.5625;0.14453125;0.59375;0.59375;0.13671875;0.515625;0.546875;0.17578125;0.248046875;0.4765625;0.6640625;0.193359375;0.5859375;0.7109375;0.208984375;0.6328125;0.7265625;0.212890625;0.546875;0.546875;0.1884765625;0.2900390625;0.46484375;0.61328125;0.205078125;0.578125;0.703125;0.2119140625;0.63671875;0.72265625;0.2119140625;0.67578125;0.72265625;0.2099609375;0.69140625;0.67578125;0.1982421875;0.607421875;0.3828125;0.1337890625;0.26123046875;0.41796875;0.408203125;0.13623046875;0.27734375;0.216796875;0.107421875;0.8;0.15625;0.25;0.46875;0.12890625;0.0859375;0.5;0.609375;0.16796875;0.59375;0.640625;0.1640625;0.5078125;0.5390625;0.177734375;0.234375;0.453125;0.6640625;0.19921875;0.5703125;0.703125;0.2109375;0.625;0.71875;0.21484375;0.53515625;0.53125;0.1865234375;0.2919921875;0.453125;0.60546875;0.205078125;0.578125;0.70703125;0.212890625;0.63671875;0.72265625;0.212890625;0.67578125;0.71875;0.2080078125;0.6953125;0.66015625;0.19140625;0.609375;0.38671875;0.1328125;0.27001953125;0.39453125;0.326171875;0.08544921875;0.2421875;0.197265625;0.11181640625;0.8
55;55;91.76;0.15625;0.234375;0.484375;0.140625;0.0859375;0.484375;0.5625;0.15234375;0.59375;0.578125;0.1328125;0.515625;0.5390625;0.171875;0.248046875;0.46875;0.65625;0.189453125;0.578125;0.703125;0.208984375;0.625;0.71875;0.2109375;0.54296875;0.5390625;0.1875;0.287109375;0.453125;0.60546875;0.2041015625;0.57421875;0.703125;0.2119140625;0.63671875;0.72265625;0.2119140625;0.671875;0.71875;0.208984375;0.69140625;0.67578125;0.197265625;0.607421875;0.388671875;0.1357421875;0.259765625;0.4140625;0.392578125;0.1259765625;0.271484375;0.216796875;0.107421875;0.8;0.15625;0.25;0.484375;0.1328125;0.0859375;0.5;0.609375;0.171875;0.59375;0.640625;0.1640625;0.5;0.5390625;0.177734375;0.234375;0.453125;0.6640625;0.197265625;0.5625;0.703125;0.2109375;0.6171875;0.71875;0.212890625;0.53515625;0.53125;0.1865234375;0.2900390625;0.4453125;0.59765625;0.205078125;0.57421875;0.703125;0.212890625;0.63671875;0.7265625;0.2138671875;0.6796875;0.7265625;0.2109375;0.6953125;0.6796875;0.19921875;0.61328125;0.396484375;0.13916015625;0.279296875;0.421875;0.38671875;0.12744140625;0.275390625;0.208984375;0.11767578125;0.8
56;56;91.52;0.15625;0.234375;0.46875;0.1328125;0.08203125;0.484375;0.546875;0.14453125;0.578125;0.578125;0.12890625;0.515625;0.5390625;0.173828125;0.244140625;0.46875;0.65625;0.193359375;0.578125;0.703125;0.208984375;0.625;0.71875;0.2109375;0.54296875;0.53515625;0.185546875;0.287109375;0.44921875;0.6015625;0.2041015625;0.57421875;0.703125;0.2119140625;0.63671875;0.72265625;0.2119140625;0.671875;0.71875;0.2099609375;0.6875;0.671875;0.197265625;0.60546875;0.38671875;0.13623046875;0.26171875;0.4140625;0.38671875;0.12744140625;0.26953125;0.21484375;0.10986328125;0.8;0.15625;0.25;0.46875;0.12890625;0.0859375;0.5;0.609375;0.171875;0.59375;0.640625;0.16796875;0.5;0.53125;0.1796875;0.232421875;0.453125;0.6640625;0.201171875;0.5703125;0.6953125;0.208984375;0.6171875;0.71875;0.21484375;0.53515625;0.53125;0.1865234375;0.2900390625;0.4453125;0.6015625;0.205078125;0.57421875;0.70703125;0.212890625;0.63671875;0.72265625;0.212890625;0.67578125;0.72265625;0.2109375;0.6953125;0.671875;0.1982421875;0.611328125;0.39453125;0.13916015625;0.27880859375;0.419921875;0.3828125;0.12744140625;0.275390625;0.20703125;0.115234375;0.8
57;57;91.94;0.15625;0.234375;0.484375;0.13671875;0.0859375;0.484375;0.5625;0.1484375;0.59375;0.59375;0.13671875;0.515625;0.5390625;0.171875;0.248046875;0.46875;0.65625;0.193359375;0.5859375;0.703125;0.208984375;0.6328125;0.71875;0.2109375;0.546875;0.5390625;0.1865234375;0.2890625;0.45703125;0.60546875;0.2041015625;0.57421875;0.703125;0.2119140625;0.6328125;0.72265625;0.2119140625;0.671875;0.71484375;0.208984375;0.6875;0.671875;0.197265625;0.60546875;0.38671875;0.13623046875;0.26220703125;0.41796875;0.40625;0.1357421875;0.271484375;0.21484375;0.109375;0.8;0.15625;0.25;0.46875;0.125;0.0859375;0.484375;0.59375;0.16796875;0.59375;0.65625;0.16796875;0.5;0.53125;0.17578125;0.232421875;0.4453125;0.65625;0.19921875;0.5703125;0.6953125;0.208984375;0.6171875;0.71875;0.212890625;0.53515625;0.52734375;0.185546875;0.2890625;0.4453125;0.6015625;0.2041015625;0.57421875;0.703125;0.2119140625;0.63671875;0.72265625;0.212890625;0.67578125;0.71875;0.208984375;0.6953125;0.671875;0.1962890625;0.609375;0.392578125;0.138671875;0.27587890625;0.4140625;0.380859375;0.125;0.271484375;0.208984375;0.11572265625;0.8
58;58;91.8;0.15625;0.234375;0.484375;0.13671875;0.0859375;0.484375;0.5625;0.14453125;0.578125;0.578125;0.12890625;0.5078125;0.5390625;0.171875;0.244140625;0.4609375;0.65625;0.19140625;0.5859375;0.703125;0.208984375;0.6328125;0.71875;0.2109375;0.54296875;0.546875;0.1884765625;0.2880859375;0.45703125;0.609375;0.205078125;0.578125;0.70703125;0.212890625;0.63671875;0.72265625;0.212890625;0.67578125;0.71875;0.208984375;0.69140625;0.6796875;0.1982421875;0.609375;0.39453125;0.138671875;0.26220703125;0.416015625;0.40625;0.13818359375;0.275390625;0.21875;0.10986328125;0.8;0.15625;0.25;0.46875;0.12890625;0.0859375;0.5;0.609375;0.17578125;0.59375;0.65625;0.171875;0.5;0.5390625;0.1796875;0.232421875;0.453125;0.6640625;0.19921875;0.5703125;0.703125;0.208984375;0.625;0.71875;0.212890625;0.53515625;0.53125;0.1865234375;0.291015625;0.4453125;0.6015625;0.205078125;0.57421875;0.70703125;0.212890625;0.63671875;0.7265625;0.212890625;0.67578125;0.72265625;0.2109375;0.6953125;0.6796875;0.201171875;0.611328125;0.39453125;0.14111328125;0.2802734375;0.423828125;0.412109375;0.15283203125;0.291015625;0.216796875;0.11962890625;0.8
59;59;92.08;0.15625;0.234375;0.484375;0.13671875;0.08203125;0.484375;0.5625;0.1484375;0.59375;0.59375;0.13671875;0.515625;0.546875;0.17578125;0.248046875;0.46875;0.6640625;0.193359375;0.5859375;0.703125;0.208984375;0.6328125;0.71875;0.212890625;0.546875;0.5390625;0.1865234375;0.2900390625;0.45703125;0.60546875;0.2041015625;0.578125;0.703125;0.212890625;0.63671875;0.7265625;0.212890625;0.67578125;0.72265625;0.2119140625;0.69140625;0.68359375;0.2021484375;0.611328125;0.396484375;0.13818359375;0.26513671875;0.421875;0.412109375;0.1474609375;0.287109375;0.21484375;0.10986328125;0.8;0.15625;0.25;0.484375;0.1328125;0.0859375;0.5;0.625;0.17578125;0.59375;0.671875;0.17578125;0.5;0.5390625;0.1796875;0.232421875;0.453125;0.6640625;0.19921875;0.5703125;0.6953125;0.208984375;0.6171875;0.71875;0.21484375;0.53125;0.53125;0.185546875;0.2900390625;0.4453125;0.6015625;0.2041015625;0.578125;0.70703125;0.212890625;0.63671875;0.7265625;0.212890625;0.6796875;0.7265625;0.2109375;0.6953125;0.67578125;0.19921875;0.611328125;0.39453125;0.1396484375;0.27880859375;0.41796875;0.396484375;0.14208984375;0.283203125;0.208984375;0.11767578125;0.8
60;60;92.63;0.15625;0.234375;0.484375;0.140625;0.08203125;0.484375;0.578125;0.15234375;0.59375;0.59375;0.13671875;0.515625;0.546875;0.177734375;0.248046875;0.46875;0.65625;0.193359375;0.5859375;0.703125;0.208984375;0.6328125;0.7265625;0.2109375;0.55078125;0.546875;0.1875;0.2900390625;0.45703125;0.609375;0.2041015625;0.578125;0.70703125;0.212890625;0.640625;0.7265625;0.212890625;0.67578125;0.71875;0.2109375;0.69140625;0.6796875;0.2001953125;0.607421875;0.39453125;0.13818359375;0.26220703125;0.41796875;0.423828125;0.14990234375;0.28125;0.224609375;0.11181640625;0.8;0.15625;0.25;0.484375;0.1328125;0.0859375;0.5;0.625;0.17578125;0.59375;0.671875;0.17578125;0.5;0.5390625;0.1796875;0.232421875;0.453125;0.6640625;0.19921875;0.5703125;0.6953125;0.2109375;0.625;0.71875;0.212890625;0.53515625;0.53125;0.1865234375;0.291015625;0.4453125;0.6015625;0.205078125;0.578125;0.7109375;0.212890625;0.640625;0.7265625;0.2138671875;0.6796875;0.72265625;0.2109375;0.69921875;0.68359375;0.201171875;0.615234375;0.404296875;0.14208984375;0.28076171875;0.4296875;0.416015625;0.146484375;0.291015625;0.2109375;0.11767578125;0.8
61;61;92.17;0.15625;0.234375;0.484375;0.13671875;0.08203125;0.5;0.5625;0.1484375;0.59375;0.59375;0.13671875;0.515625;0.546875;0.177734375;0.25;0.46875;0.6640625;0.1953125;0.5859375;0.7109375;0.208984375;0.6328125;0.7265625;0.212890625;0.55078125;0.55078125;0.1884765625;0.291015625;0.4609375;0.61328125;0.205078125;0.58203125;0.7109375;0.212890625;0.640625;0.7265625;0.212890625;0.6796875;0.7265625;0.2109375;0.6953125;0.69140625;0.2041015625;0.615234375;0.40625;0.1416015625;0.2685546875;0.431640625;0.4296875;0.15625;0.30078125;0.2265625;0.11279296875;0.8;0.15625;0.25;0.46875;0.125;0.0859375;0.484375;0.59375;0.1640625;0.59375;0.640625;0.16015625;0.5;0.53125;0.177734375;0.232421875;0.4453125;0.6640625;0.19921875;0.5625;0.6953125;0.208984375;0.6171875;0.71875;0.212890625;0.53515625;0.53515625;0.1865234375;0.2900390625;0.44921875;0.6015625;0.205078125;0.578125;0.7109375;0.212890625;0.640625;0.73046875;0.2138671875;0.6796875;0.7265625;0.2119140625;0.69921875;0.6875;0.203125;0.6171875;0.412109375;0.14501953125;0.283203125;0.435546875;0.421875;0.154296875;0.30078125;0.216796875;0.11865234375;0.8
62;62;92.33;0.15625;0.234375;0.484375;0.13671875;0.08203125;0.484375;0.5625;0.1484375;0.59375;0.59375;0.13671875;0.515625;0.546875;0.177734375;0.251953125;0.46875;0.6640625;0.193359375;0.578125;0.703125;0.208984375;0.6328125;0.71875;0.2109375;0.546875;0.546875;0.1884765625;0.2900390625;0.4609375;0.61328125;0.205078125;0.578125;0.70703125;0.212890625;0.63671875;0.7265625;0.2119140625;0.67578125;0.72265625;0.2099609375;0.69140625;0.6796875;0.19921875;0.607421875;0.390625;0.1376953125;0.26416015625;0.408203125;0.400390625;0.14599609375;0.271484375;0.212890625;0.109375;0.8;0.15625;0.25;0.46875;0.12890625;0.0859375;0.5;0.625;0.17578125;0.609375;0.671875;0.17578125;0.5;0.5390625;0.1796875;0.234375;0.453125;0.6640625;0.201171875;0.5703125;0.703125;0.208984375;0.625;0.71875;0.212890625;0.53515625;0.53125;0.1865234375;0.2900390625;0.4453125;0.6015625;0.205078125;0.57421875;0.70703125;0.212890625;0.63671875;0.7265625;0.2138671875;0.6796875;0.7265625;0.212890625;0.69921875;0.68359375;0.203125;0.615234375;0.40234375;0.14306640625;0.28271484375;0.427734375;0.412109375;0.15625;0.29296875;0.212890625;0.1171875;0.8
63;63;92.35;0.15625;0.234375;0.484375;0.13671875;0.08203125;0.484375;0.5625;0.14453125;0.59375;0.59375;0.1328125;0.5078125;0.5390625;0.17578125;0.248046875;0.46875;0.6640625;0.193359375;0.5859375;0.7109375;0.208984375;0.6328125;0.71875;0.2109375;0.546875;0.54296875;0.1875;0.2890625;0.45703125;0.60546875;0.2041015625;0.578125;0.70703125;0.212890625;0.640625;0.7265625;0.212890625;0.6796875;0.7265625;0.2119140625;0.6953125;0.6875;0.203125;0.61328125;0.40234375;0.14111328125;0.267578125;0.427734375;0.419921875;0.15478515625;0.298828125;0.22265625;0.11181640625;0.8;0.15625;0.25;0.484375;0.1328125;0.0859375;0.5;0.625;0.17578125;0.609375;0.65625;0.17578125;0.5;0.5390625;0.1796875;0.234375;0.453125;0.671875;0.201171875;0.5703125;0.703125;0.2109375;0.625;0.71875;0.212890625;0.53515625;0.53125;0.1865234375;0.2900390625;0.44140625;0.6015625;0.2041015625;0.57421875;0.70703125;0.212890625;0.63671875;0.7265625;0.212890625;0.6796875;0.7265625;0.2119140625;0.6953125;0.68359375;0.201171875;0.61328125;0.404296875;0.14306640625;0.2802734375;0.42578125;0.41015625;0.1494140625;0.294921875;0.21484375;0.11865234375;0.8
64;64;92.89;0.15625;0.234375;0.484375;0.13671875;0.08203125;0.484375;0.5625;0.14453125;0.59375;0.578125;0.1328125;0.515625;0.546875;0.17578125;0.244140625;0.46875;0.6640625;0.193359375;0.5859375;0.7109375;0.208984375;0.6328125;0.71875;0.2109375;0.546875;0.546875;0.1875;0.2890625;0.45703125;0.60546875;0.2041015625;0.578125;0.70703125;0.212890625;0.63671875;0.7265625;0.212890625;0.67578125;0.7265625;0.2119140625;0.69140625;0.69140625;0.203125;0.61328125;0.3984375;0.13916015625;0.2666015625;0.421875;0.419921875;0.15478515625;0.291015625;0.220703125;0.111328125;0.8;0.15625;0.25;0.46875;0.12890625;0.08203125;0.484375;0.609375;0.171875;0.609375;0.671875;0.17578125;0.5;0.5390625;0.1796875;0.232421875;0.453125;0.6640625;0.19921875;0.5703125;0.703125;0.208984375;0.625;0.71875;0.212890625;0.5390625;0.53515625;0.1865234375;0.291015625;0.4453125;0.6015625;0.205078125;0.578125;0.70703125;0.212890625;0.640625;0.7265625;0.212890625;0.6796875;0.7265625;0.2119140625;0.69921875;0.6875;0.203125;0.6171875;0.404296875;0.142578125;0.2822265625;0.427734375;0.41796875;0.15771484375;0.294921875;0.212890625;0.1181640625;0.8
65;65;92.85;0.15625;0.234375;0.484375;0.13671875;0.08203125;0.484375;0.578125;0.15234375;0.59375;0.59375;0.140625;0.5234375;0.546875;0.177734375;0.251953125;0.46875;0.671875;0.1953125;0.5859375;0.7109375;0.2109375;0.6328125;0.7265625;0.212890625;0.55078125;0.546875;0.1875;0.291015625;0.45703125;0.609375;0.2041015625;0.578125;0.70703125;0.212890625;0.63671875;0.7265625;0.212890625;0.67578125;0.7265625;0.2119140625;0.69140625;0.68359375;0.2021484375;0.611328125;0.400390625;0.14111328125;0.2666015625;0.427734375;0.431640625;0.15869140625;0.29296875;0.2265625;0.11328125;0.8;0.15625;0.25;0.46875;0.12890625;0.08203125;0.5;0.609375;0.17578125;0.609375;0.671875;0.17578125;0.5078125;0.5390625;0.1796875;0.236328125;0.453125;0.6640625;0.19921875;0.5703125;0.703125;0.2109375;0.625;0.71875;0.21484375;0.5390625;0.53515625;0.1865234375;0.2919921875;0.4453125;0.6015625;0.2041015625;0.578125;0.7109375;0.2138671875;0.640625;0.7265625;0.2138671875;0.6796875;0.73046875;0.212890625;0.69921875;0.68359375;0.2021484375;0.6171875;0.40625;0.14306640625;0.28271484375;0.427734375;0.41796875;0.15869140625;0.29296875;0.208984375;0.1181640625;0.8
66;66;93.02;0.15625;0.234375;0.5;0.140625;0.08203125;0.5;0.578125;0.15234375;0.609375;0.59375;0.13671875;0.5234375;0.5546875;0.177734375;0.25;0.4765625;0.671875;0.1953125;0.5859375;0.7109375;0.2109375;0.640625;0.7265625;0.212890625;0.5546875;0.55078125;0.1875;0.29296875;0.4609375;0.609375;0.2041015625;0.58203125;0.70703125;0.212890625;0.640625;0.7265625;0.212890625;0.6796875;0.7265625;0.2119140625;0.69140625;0.6875;0.203125;0.61328125;0.404296875;0.14208984375;0.2666015625;0.427734375;0.4296875;0.158203125;0.296875;0.224609375;0.11328125;0.8;0.15625;0.25;0.484375;0.12890625;0.08203125;0.5;0.625;0.17578125;0.609375;0.671875;0.17578125;0.5078125;0.5390625;0.181640625;0.236328125;0.4609375;0.671875;0.201171875;0.5703125;0.703125;0.2109375;0.625;0.71875;0.21484375;0.5390625;0.53515625;0.1865234375;0.29296875;0.44921875;0.60546875;0.205078125;0.578125;0.7109375;0.212890625;0.640625;0.7265625;0.2138671875;0.6796875;0.73046875;0.212890625;0.69921875;0.6875;0.2041015625;0.6171875;0.408203125;0.14404296875;0.28271484375;0.43359375;0.423828125;0.16162109375;0.298828125;0.212890625;0.1181640625;0.8
67;67;92.91;0.15625;0.234375;0.484375;0.13671875;0.08203125;0.484375;0.5625;0.1484375;0.59375;0.59375;0.13671875;0.515625;0.546875;0.177734375;0.248046875;0.4765625;0.671875;0.1953125;0.5859375;0.7109375;0.208984375;0.6328125;0.7265625;0.2109375;0.55078125;0.546875;0.1875;0.2900390625;0.45703125;0.609375;0.205078125;0.58203125;0.7109375;0.212890625;0.640625;0.73046875;0.212890625;0.6796875;0.7265625;0.2109375;0.69140625;0.6875;0.2021484375;0.61328125;0.40234375;0.140625;0.26611328125;0.42578125;0.43359375;0.1591796875;0.29296875;0.220703125;0.11083984375;0.8;0.15625;0.25;0.484375;0.1328125;0.08203125;0.5;0.625;0.17578125;0.609375;0.65625;0.17578125;0.5;0.5390625;0.1796875;0.234375;0.453125;0.671875;0.201171875;0.5703125;0.703125;0.2109375;0.625;0.71875;0.21484375;0.5390625;0.53515625;0.1865234375;0.291015625;0.4453125;0.60546875;0.205078125;0.578125;0.7109375;0.2138671875;0.640625;0.73046875;0.2138671875;0.68359375;0.73046875;0.212890625;0.69921875;0.69140625;0.2041015625;0.619140625;0.408203125;0.14404296875;0.2841796875;0.43359375;0.427734375;0.1630859375;0.302734375;0.21484375;0.119140625;0.8
68;68;93.13;0.15625;0.234375;0.484375;0.13671875;0.08203125;0.484375;0.5625;0.1484375;0.59375;0.59375;0.13671875;0.515625;0.546875;0.17578125;0.25;0.4765625;0.6640625;0.1953125;0.5859375;0.7109375;0.2109375;0.640625;0.7265625;0.212890625;0.55078125;0.546875;0.1884765625;0.291015625;0.4609375;0.609375;0.205078125;0.58203125;0.7109375;0.212890625;0.640625;0.7265625;0.212890625;0.6796875;0.7265625;0.2109375;0.6953125;0.6875;0.2021484375;0.61328125;0.3984375;0.14013671875;0.26708984375;0.423828125;0.419921875;0.15625;0.28515625;0.212890625;0.10986328125;0.8;0.15625;0.25;0.46875;0.12890625;0.08203125;0.5;0.609375;0.17578125;0.609375;0.65625;0.17578125;0.5;0.5390625;0.1796875;0.234375;0.453125;0.671875;0.201171875;0.5703125;0.703125;0.2109375;0.625;0.71875;0.21484375;0.5390625;0.53515625;0.1865234375;0.291015625;0.4453125;0.60546875;0.205078125;0.58203125;0.71484375;0.2138671875;0.64453125;0.73046875;0.2138671875;0.68359375;0.734375;0.212890625;0.703125;0.69140625;0.205078125;0.619140625;0.412109375;0.14404296875;0.28466796875;0.435546875;0.423828125;0.16259765625;0.302734375;0.21484375;0.11865234375;0.8
69;69;93.31;0.15625;0.234375;0.484375;0.13671875;0.08203125;0.484375;0.578125;0.1484375;0.59375;0.59375;0.13671875;0.515625;0.5546875;0.177734375;0.25;0.4765625;0.671875;0.1953125;0.5859375;0.7109375;0.2109375;0.6328125;0.7265625;0.2109375;0.55078125;0.546875;0.1875;0.2900390625;0.45703125;0.609375;0.2041015625;0.58203125;0.71484375;0.2138671875;0.64453125;0.73046875;0.212890625;0.6796875;0.73046875;0.2119140625;0.69921875;0.6953125;0.203125;0.615234375;0.40625;0.14111328125;0.26708984375;0.42578125;0.427734375;0.15673828125;0.28515625;0.216796875;0.11083984375;0.8;0.15625;0.25;0.484375;0.1328125;0.08203125;0.5;0.625;0.17578125;0.609375;0.65625;0.17578125;0.5078125;0.5390625;0.181640625;0.234375;0.453125;0.671875;0.201171875;0.5703125;0.703125;0.2109375;0.625;0.71875;0.212890625;0.5390625;0.53515625;0.1865234375;0.291015625;0.4453125;0.6015625;0.205078125;0.578125;0.7109375;0.2138671875;0.64453125;0.73046875;0.2138671875;0.68359375;0.734375;0.212890625;0.703125;0.6953125;0.205078125;0.62109375;0.4140625;0.14501953125;0.28515625;0.4375;0.427734375;0.1630859375;0.3046875;0.21484375;0.11865234375;0.8
70;70;93.31;0.15625;0.234375;0.484375;0.13671875;0.08203125;0.484375;0.5625;0.1484375;0.59375;0.59375;0.1328125;0.515625;0.546875;0.17578125;0.248046875;0.46875;0.6640625;0.193359375;0.5859375;0.7109375;0.208984375;0.6328125;0.71875;0.2109375;0.546875;0.54296875;0.1875;0.2880859375;0.45703125;0.609375;0.205078125;0.58203125;0.7109375;0.2138671875;0.64453125;0.73046875;0.2138671875;0.68359375;0.73046875;0.212890625;0.69921875;0.69921875;0.205078125;0.615234375;0.40625;0.14208984375;0.2685546875;0.4296875;0.423828125;0.15673828125;0.296875;0.21875;0.11083984375;0.8;0.15625;0.25;0.46875;0.12890625;0.0859375;0.5;0.625;0.17578125;0.609375;0.65625;0.17578125;0.5;0.5390625;0.1796875;0.234375;0.453125;0.6640625;0.19921875;0.5703125;0.703125;0.2109375;0.625;0.71875;0.212890625;0.5390625;0.53515625;0.1865234375;0.291015625;0.4453125;0.60546875;0.205078125;0.58203125;0.7109375;0.2138671875;0.64453125;0.73046875;0.2138671875;0.68359375;0.734375;0.2138671875;0.703125;0.6953125;0.205078125;0.62109375;0.4140625;0.14501953125;0.28564453125;0.4375;0.427734375;0.1630859375;0.3046875;0.21484375;0.1181640625;0.8
71;71;92.98;0.15625;0.234375;0.484375;0.13671875;0.08203125;0.484375;0.5625;0.1484375;0.59375;0.59375;0.13671875;0.515625;0.5546875;0.177734375;0.25;0.4765625;0.671875;0.1953125;0.5859375;0.7109375;0.2109375;0.6328125;0.7265625;0.212890625;0.55078125;0.55078125;0.1884765625;0.291015625;0.4609375;0.61328125;0.205078125;0.5859375;0.71484375;0.2138671875;0.64453125;0.734375;0.2138671875;0.68359375;0.734375;0.212890625;0.703125;0.703125;0.2060546875;0.6171875;0.40625;0.14111328125;0.2705078125;0.431640625;0.431640625;0.158203125;0.29296875;0.21875;0.11083984375;0.8;0.15625;0.25;0.46875;0.12890625;0.0859375;0.5;0.609375;0.17578125;0.609375;0.65625;0.171875;0.5078125;0.5390625;0.1796875;0.236328125;0.453125;0.671875;0.201171875;0.5703125;0.703125;0.2109375;0.625;0.71875;0.21484375;0.54296875;0.5390625;0.1865234375;0.2919921875;0.44921875;0.60546875;0.205078125;0.58203125;0.7109375;0.2138671875;0.64453125;0.73046875;0.2138671875;0.6875;0.734375;0.2138671875;0.703125;0.6953125;0.205078125;0.62109375;0.4140625;0.14404296875;0.28564453125;0.435546875;0.42578125;0.16259765625;0.302734375;0.212890625;0.11767578125;0.8
72;72;93.54;0.15625;0.234375;0.484375;0.13671875;0.08203125;0.484375;0.5625;0.1484375;0.59375;0.59375;0.13671875;0.5234375;0.5546875;0.177734375;0.25;0.4765625;0.671875;0.1953125;0.5859375;0.7109375;0.2109375;0.6328125;0.7265625;0.212890625;0.55078125;0.546875;0.1875;0.2900390625;0.4609375;0.609375;0.205078125;0.5859375;0.7109375;0.2138671875;0.64453125;0.73046875;0.2138671875;0.68359375;0.73046875;0.2119140625;0.6953125;0.6953125;0.2041015625;0.615234375;0.3984375;0.14013671875;0.2685546875;0.42578125;0.419921875;0.15625;0.2890625;0.212890625;0.10888671875;0.8;0.15625;0.25;0.484375;0.1328125;0.08203125;0.5;0.625;0.17578125;0.609375;0.65625;0.17578125;0.5078125;0.5390625;0.1796875;0.234375;0.453125;0.671875;0.201171875;0.5703125;0.703125;0.2109375;0.625;0.71875;0.21484375;0.5390625;0.53515625;0.1865234375;0.2919921875;0.4453125;0.6015625;0.205078125;0.58203125;0.7109375;0.2138671875;0.64453125;0.73046875;0.2138671875;0.6875;0.734375;0.2138671875;0.703125;0.6953125;0.2060546875;0.623046875;0.416015625;0.14501953125;0.2861328125;0.4375;0.427734375;0.1630859375;0.3046875;0.212890625;0.11767578125;0.8
73;73;93.44;0.15625;0.234375;0.484375;0.13671875;0.08203125;0.5;0.5625;0.1484375;0.59375;0.59375;0.1328125;0.515625;0.546875;0.177734375;0.25;0.4765625;0.671875;0.1953125;0.5859375;0.7109375;0.2109375;0.6328125;0.7265625;0.212890625;0.55078125;0.55078125;0.1884765625;0.291015625;0.4609375;0.609375;0.205078125;0.58203125;0.71484375;0.212890625;0.64453125;0.73046875;0.212890625;0.68359375;0.73046875;0.2119140625;0.69921875;0.69921875;0.2041015625;0.6171875;0.408203125;0.1416015625;0.26904296875;0.427734375;0.431640625;0.1591796875;0.298828125;0.22265625;0.11083984375;0.8;0.15625;0.25;0.484375;0.12890625;0.0859375;0.5;0.625;0.17578125;0.609375;0.671875;0.17578125;0.5078125;0.546875;0.181640625;0.234375;0.453125;0.671875;0.201171875;0.5703125;0.703125;0.2109375;0.625;0.71875;0.21484375;0.54296875;0.53515625;0.1865234375;0.2919921875;0.44921875;0.60546875;0.205078125;0.58203125;0.7109375;0.2138671875;0.64453125;0.734375;0.2138671875;0.6875;0.734375;0.2138671875;0.70703125;0.69921875;0.2060546875;0.623046875;0.416015625;0.14501953125;0.2861328125;0.4375;0.427734375;0.1630859375;0.306640625;0.21484375;0.11767578125;0.8
74;74;93.66;0.15625;0.234375;0.484375;0.13671875;0.08203125;0.5;0.578125;0.15234375;0.59375;0.59375;0.140625;0.5234375;0.5546875;0.177734375;0.248046875;0.4765625;0.671875;0.1953125;0.59375;0.7109375;0.208984375;0.6328125;0.7265625;0.212890625;0.55078125;0.546875;0.1875;0.2900390625;0.45703125;0.609375;0.205078125;0.58203125;0.7109375;0.212890625;0.640625;0.73046875;0.2138671875;0.6796875;0.73046875;0.212890625;0.69921875;0.6953125;0.2041015625;0.61328125;0.3984375;0.1396484375;0.2666015625;0.419921875;0.41796875;0.15576171875;0.287109375;0.2109375;0.107421875;0.8;0.15625;0.25;0.484375;0.1328125;0.0859375;0.5;0.625;0.17578125;0.59375;0.65625;0.171875;0.5078125;0.5390625;0.1796875;0.236328125;0.453125;0.671875;0.201171875;0.5703125;0.703125;0.2109375;0.625;0.71875;0.212890625;0.5390625;0.53515625;0.1865234375;0.2919921875;0.4453125;0.6015625;0.205078125;0.58203125;0.7109375;0.2138671875;0.64453125;0.73046875;0.2138671875;0.6875;0.734375;0.2138671875;0.70703125;0.69921875;0.205078125;0.623046875;0.416015625;0.14501953125;0.28564453125;0.435546875;0.42578125;0.162109375;0.3046875;0.21484375;0.11767578125;0.8
75;75;93.59;0.15625;0.234375;0.484375;0.13671875;0.08203125;0.5;0.578125;0.15234375;0.59375;0.59375;0.13671875;0.5234375;0.5546875;0.177734375;0.251953125;0.4765625;0.671875;0.1953125;0.59375;0.7109375;0.2109375;0.6328125;0.7265625;0.212890625;0.5546875;0.5546875;0.189453125;0.2919921875;0.46484375;0.61328125;0.205078125;0.5859375;0.71484375;0.2138671875;0.6484375;0.734375;0.2138671875;0.68359375;0.734375;0.212890625;0.703125;0.6953125;0.205078125;0.6171875;0.404296875;0.14111328125;0.27001953125;0.423828125;0.41796875;0.15576171875;0.2890625;0.21484375;0.111328125;0.8;0.15625;0.25;0.484375;0.1328125;0.0859375;0.5;0.625;0.17578125;0.609375;0.65625;0.171875;0.5078125;0.546875;0.181640625;0.236328125;0.453125;0.671875;0.201171875;0.5703125;0.703125;0.2109375;0.625;0.7265625;0.21484375;0.54296875;0.53515625;0.1865234375;0.2919921875;0.44921875;0.60546875;0.205078125;0.58203125;0.71484375;0.2138671875;0.64453125;0.73046875;0.2138671875;0.6875;0.734375;0.2138671875;0.70703125;0.6953125;0.205078125;0.623046875;0.416015625;0.14501953125;0.28564453125;0.435546875;0.423828125;0.162109375;0.302734375;0.212890625;0.1171875;0.8
76;76;93.62;0.15625;0.234375;0.484375;0.140625;0.08203125;0.5;0.578125;0.15234375;0.59375;0.59375;0.13671875;0.5234375;0.5546875;0.177734375;0.25;0.46875;0.6640625;0.193359375;0.5859375;0.7109375;0.2109375;0.6328125;0.7265625;0.212890625;0.55078125;0.546875;0.1875;0.2900390625;0.45703125;0.609375;0.205078125;0.58203125;0.71484375;0.2138671875;0.64453125;0.73046875;0.2138671875;0.68359375;0.734375;0.2119140625;0.69921875;0.6953125;0.2041015625;0.615234375;0.40234375;0.140625;0.26806640625;0.42578125;0.42578125;0.1572265625;0.2890625;0.208984375;0.10986328125;0.8;0.15625;0.25;0.484375;0.12890625;0.0859375;0.5;0.609375;0.17578125;0.609375;0.65625;0.171875;0.5078125;0.546875;0.1796875;0.236328125;0.453125;0.671875;0.201171875;0.5703125;0.703125;0.2109375;0.625;0.71875;0.21484375;0.54296875;0.53515625;0.1865234375;0.2919921875;0.44921875;0.60546875;0.205078125;0.58203125;0.71484375;0.2138671875;0.64453125;0.734375;0.2138671875;0.6875;0.734375;0.2138671875;0.70703125;0.6953125;0.205078125;0.623046875;0.4140625;0.14453125;0.28564453125;0.435546875;0.42578125;0.16259765625;0.3046875;0.212890625;0.11767578125;0.8
77;77;93.53;0.140625;0.234375;0.484375;0.13671875;0.08203125;0.484375;0.5625;0.14453125;0.59375;0.59375;0.1328125;0.515625;0.5546875;0.17578125;0.248046875;0.4765625;0.671875;0.1953125;0.59375;0.7109375;0.2109375;0.640625;0.7265625;0.212890625;0.5546875;0.55078125;0.1884765625;0.291015625;0.4609375;0.609375;0.205078125;0.5859375;0.71484375;0.2138671875;0.6484375;0.734375;0.21484375;0.68359375;0.734375;0.212890625;0.69921875;0.69921875;0.2060546875;0.619140625;0.41015625;0.14208984375;0.26953125;0.435546875;0.4375;0.15966796875;0.30078125;0.224609375;0.11181640625;0.8;0.15625;0.25;0.484375;0.1328125;0.0859375;0.5;0.625;0.17578125;0.609375;0.65625;0.17578125;0.5078125;0.546875;0.181640625;0.236328125;0.453125;0.671875;0.201171875;0.5703125;0.703125;0.2109375;0.625;0.7265625;0.21484375;0.54296875;0.53515625;0.1865234375;0.2919921875;0.44921875;0.60546875;0.205078125;0.58203125;0.71484375;0.2138671875;0.64453125;0.734375;0.2138671875;0.6875;0.734375;0.2138671875;0.70703125;0.6953125;0.205078125;0.62109375;0.4140625;0.14453125;0.28564453125;0.43359375;0.423828125;0.162109375;0.30078125;0.2109375;0.1171875;0.8
78;78;93.73;0.15625;0.234375;0.484375;0.13671875;0.08203125;0.5;0.5625;0.1484375;0.59375;0.59375;0.1328125;0.515625;0.546875;0.17578125;0.248046875;0.46875;0.6640625;0.193359375;0.5859375;0.7109375;0.2109375;0.6328125;0.7265625;0.2109375;0.55078125;0.546875;0.1875;0.2900390625;0.4609375;0.609375;0.205078125;0.58203125;0.7109375;0.2138671875;0.64453125;0.73046875;0.2138671875;0.68359375;0.73046875;0.2119140625;0.69921875;0.6953125;0.2041015625;0.6171875;0.40625;0.14111328125;0.26904296875;0.423828125;0.421875;0.1572265625;0.29296875;0.216796875;0.1103515625;0.8;0.15625;0.25;0.484375;0.1328125;0.0859375;0.5;0.625;0.17578125;0.609375;0.65625;0.17578125;0.5078125;0.546875;0.181640625;0.236328125;0.4609375;0.671875;0.201171875;0.5703125;0.703125;0.2109375;0.625;0.7265625;0.21484375;0.54296875;0.5390625;0.1865234375;0.29296875;0.44921875;0.60546875;0.205078125;0.58203125;0.71484375;0.2138671875;0.64453125;0.734375;0.2138671875;0.6875;0.73828125;0.2138671875;0.70703125;0.69921875;0.205078125;0.623046875;0.4140625;0.14453125;0.28564453125;0.43359375;0.423828125;0.162109375;0.30078125;0.2109375;0.1171875;0.8
79;79;93.74;0.15625;0.234375;0.484375;0.13671875;0.08203125;0.484375;0.5625;0.1484375;0.59375;0.59375;0.13671875;0.5234375;0.5546875;0.177734375;0.25;0.4765625;0.671875;0.1953125;0.59375;0.71875;0.2109375;0.640625;0.7265625;0.212890625;0.5546875;0.5546875;0.1884765625;0.29296875;0.46484375;0.61328125;0.205078125;0.5859375;0.71484375;0.2138671875;0.6484375;0.73046875;0.2138671875;0.6875;0.734375;0.212890625;0.703125;0.69921875;0.205078125;0.619140625;0.408203125;0.14208984375;0.2685546875;0.427734375;0.427734375;0.15771484375;0.2890625;0.21484375;0.111328125;0.8;0.15625;0.25;0.484375;0.12890625;0.0859375;0.5;0.609375;0.171875;0.609375;0.65625;0.171875;0.5078125;0.546875;0.181640625;0.236328125;0.4609375;0.671875;0.201171875;0.5703125;0.703125;0.2109375;0.625;0.7265625;0.21484375;0.54296875;0.5390625;0.1865234375;0.29296875;0.44921875;0.60546875;0.205078125;0.58203125;0.71484375;0.2138671875;0.64453125;0.734375;0.2138671875;0.6875;0.73828125;0.2138671875;0.70703125;0.6953125;0.205078125;0.623046875;0.412109375;0.14404296875;0.28564453125;0.431640625;0.423828125;0.162109375;0.298828125;0.208984375;0.1171875;0.8
80;80;93.65;0.15625;0.234375;0.484375;0.13671875;0.08203125;0.484375;0.578125;0.1484375;0.59375;0.59375;0.13671875;0.5234375;0.5546875;0.177734375;0.251953125;0.4765625;0.671875;0.197265625;0.59375;0.71875;0.2109375;0.640625;0.7265625;0.212890625;0.5546875;0.55078125;0.1884765625;0.2919921875;0.4609375;0.609375;0.2041015625;0.5859375;0.71484375;0.2138671875;0.64453125;0.734375;0.2138671875;0.68359375;0.73828125;0.2138671875;0.69921875;0.703125;0.205078125;0.6171875;0.40234375;0.1396484375;0.2705078125;0.427734375;0.416015625;0.15478515625;0.2890625;0.208984375;0.1083984375;0.8;0.15625;0.25;0.484375;0.1328125;0.0859375;0.5;0.609375;0.17578125;0.609375;0.65625;0.171875;0.5078125;0.546875;0.181640625;0.236328125;0.453125;0.671875;0.201171875;0.5703125;0.703125;0.2109375;0.625;0.7265625;0.21484375;0.54296875;0.5390625;0.1865234375;0.2919921875;0.44921875;0.60546875;0.205078125;0.58203125;0.71484375;0.2138671875;0.64453125;0.734375;0.2138671875;0.6875;0.73828125;0.2138671875;0.70703125;0.6953125;0.205078125;0.623046875;0.4140625;0.14453125;0.28515625;0.43359375;0.423828125;0.162109375;0.30078125;0.2109375;0.1171875;0.8
81;81;93.7;0.15625;0.234375;0.484375;0.140625;0.08203125;0.5;0.578125;0.15234375;0.609375;0.609375;0.140625;0.5234375;0.5546875;0.177734375;0.251953125;0.4765625;0.671875;0.1953125;0.59375;0.7109375;0.2109375;0.640625;0.7265625;0.212890625;0.5546875;0.5546875;0.1884765625;0.2919921875;0.4609375;0.61328125;0.205078125;0.5859375;0.71484375;0.2138671875;0.64453125;0.734375;0.2138671875;0.68359375;0.734375;0.212890625;0.69921875;0.6953125;0.205078125;0.615234375;0.400390625;0.13916015625;0.26806640625;0.41796875;0.41796875;0.15673828125;0.28515625;0.212890625;0.1083984375;0.8;0.15625;0.25;0.484375;0.1328125;0.0859375;0.5;0.625;0.17578125;0.609375;0.65625;0.17578125;0.5078125;0.546875;0.181640625;0.236328125;0.453125;0.671875;0.201171875;0.5703125;0.703125;0.2109375;0.625;0.7265625;0.21484375;0.54296875;0.5390625;0.1865234375;0.2919921875;0.44921875;0.60546875;0.205078125;0.58203125;0.71484375;0.2138671875;0.64453125;0.734375;0.2138671875;0.6875;0.73828125;0.2138671875;0.70703125;0.6953125;0.205078125;0.623046875;0.412109375;0.14453125;0.28564453125;0.43359375;0.423828125;0.162109375;0.298828125;0.208984375;0.11669921875;0.8
82;82;93.64;0.15625;0.234375;0.484375;0.140625;0.08203125;0.5;0.578125;0.15234375;0.609375;0.609375;0.14453125;0.5234375;0.5625;0.1796875;0.25;0.4765625;0.671875;0.1953125;0.59375;0.7109375;0.2109375;0.640625;0.7265625;0.212890625;0.5546875;0.55078125;0.1884765625;0.291015625;0.45703125;0.60546875;0.2041015625;0.58203125;0.7109375;0.2138671875;0.64453125;0.734375;0.2138671875;0.68359375;0.734375;0.212890625;0.69921875;0.69921875;0.205078125;0.6171875;0.412109375;0.14306640625;0.2666015625;0.4296875;0.4296875;0.15869140625;0.29296875;0.216796875;0.10888671875;0.8;0.15625;0.25;0.484375;0.1328125;0.0859375;0.5;0.625;0.17578125;0.609375;0.65625;0.17578125;0.5078125;0.546875;0.181640625;0.236328125;0.4609375;0.671875;0.201171875;0.5703125;0.703125;0.2109375;0.6328125;0.7265625;0.21484375;0.54296875;0.5390625;0.1865234375;0.29296875;0.44921875;0.60546875;0.205078125;0.58203125;0.71484375;0.2138671875;0.64453125;0.734375;0.2138671875;0.6875;0.73828125;0.2138671875;0.70703125;0.69921875;0.205078125;0.623046875;0.4140625;0.14453125;0.28564453125;0.435546875;0.423828125;0.162109375;0.30078125;0.2109375;0.11669921875;0.8
83;83;93.62;0.15625;0.234375;0.484375;0.140625;0.08203125;0.5;0.578125;0.1484375;0.59375;0.59375;0.13671875;0.5234375;0.546875;0.17578125;0.248046875;0.46875;0.6640625;0.193359375;0.5859375;0.7109375;0.2109375;0.640625;0.7265625;0.212890625;0.55078125;0.55078125;0.1884765625;0.2900390625;0.4609375;0.609375;0.205078125;0.58203125;0.7109375;0.2138671875;0.64453125;0.73046875;0.2138671875;0.68359375;0.734375;0.212890625;0.69921875;0.69921875;0.205078125;0.619140625;0.41015625;0.14306640625;0.27001953125;0.435546875;0.4296875;0.158203125;0.298828125;0.220703125;0.1103515625;0.8;0.15625;0.25;0.484375;0.1328125;0.0859375;0.5;0.625;0.17578125;0.609375;0.65625;0.17578125;0.5078125;0.546875;0.181640625;0.236328125;0.4609375;0.671875;0.201171875;0.5703125;0.703125;0.2109375;0.6328125;0.7265625;0.21484375;0.54296875;0.5390625;0.1875;0.29296875;0.44921875;0.60546875;0.205078125;0.58203125;0.71484375;0.2138671875;0.6484375;0.734375;0.21484375;0.6875;0.73828125;0.2138671875;0.70703125;0.69921875;0.2060546875;0.623046875;0.4140625;0.14453125;0.28564453125;0.435546875;0.423828125;0.162109375;0.30078125;0.208984375;0.1162109375;0.8
84;84;93.63;0.15625;0.234375;0.484375;0.140625;0.08203125;0.5;0.578125;0.1484375;0.609375;0.59375;0.13671875;0.5234375;0.5546875;0.177734375;0.251953125;0.4765625;0.671875;0.1953125;0.5859375;0.7109375;0.208984375;0.640625;0.7265625;0.212890625;0.5546875;0.55078125;0.1884765625;0.291015625;0.4609375;0.61328125;0.205078125;0.5859375;0.71484375;0.2138671875;0.64453125;0.73046875;0.2138671875;0.68359375;0.73828125;0.212890625;0.703125;0.703125;0.2060546875;0.6171875;0.404296875;0.140625;0.2685546875;0.423828125;0.4296875;0.15771484375;0.291015625;0.220703125;0.11181640625;0.8;0.15625;0.25;0.484375;0.1328125;0.0859375;0.5;0.625;0.17578125;0.609375;0.65625;0.17578125;0.5078125;0.546875;0.181640625;0.236328125;0.4609375;0.671875;0.201171875;0.5703125;0.703125;0.2109375;0.625;0.7265625;0.21484375;0.54296875;0.5390625;0.1865234375;0.29296875;0.44921875;0.60546875;0.205078125;0.58203125;0.71484375;0.2138671875;0.6484375;0.734375;0.2138671875;0.6875;0.73828125;0.2138671875;0.70703125;0.69921875;0.2060546875;0.623046875;0.4140625;0.14453125;0.2861328125;0.435546875;0.423828125;0.162109375;0.30078125;0.208984375;0.11669921875;0.8
85;85;93.79;0.15625;0.234375;0.484375;0.140625;0.08203125;0.5;0.578125;0.15234375;0.609375;0.59375;0.13671875;0.5234375;0.5546875;0.177734375;0.251953125;0.4765625;0.671875;0.1953125;0.59375;0.7109375;0.2109375;0.640625;0.7265625;0.212890625;0.5546875;0.55078125;0.1884765625;0.2919921875;0.4609375;0.61328125;0.205078125;0.5859375;0.71484375;0.2138671875;0.64453125;0.734375;0.21484375;0.6875;0.73828125;0.2138671875;0.703125;0.70703125;0.2060546875;0.62109375;0.416015625;0.1435546875;0.27099609375;0.4375;0.4375;0.15966796875;0.30078125;0.2265625;0.11279296875;0.8;0.15625;0.25;0.484375;0.1328125;0.0859375;0.5;0.625;0.17578125;0.609375;0.65625;0.17578125;0.5078125;0.546875;0.181640625;0.236328125;0.4609375;0.671875;0.201171875;0.5703125;0.703125;0.2109375;0.625;0.7265625;0.21484375;0.54296875;0.5390625;0.1875;0.29296875;0.44921875;0.60546875;0.205078125;0.58203125;0.71484375;0.2138671875;0.6484375;0.734375;0.2138671875;0.6875;0.73828125;0.2138671875;0.70703125;0.69921875;0.2060546875;0.623046875;0.4140625;0.14404296875;0.28564453125;0.435546875;0.42578125;0.162109375;0.30078125;0.2109375;0.1171875;0.8
86;86;93.74;0.15625;0.234375;0.484375;0.140625;0.08203125;0.5;0.578125;0.1484375;0.609375;0.59375;0.13671875;0.5234375;0.5546875;0.177734375;0.25;0.4765625;0.671875;0.1953125;0.5859375;0.7109375;0.2109375;0.640625;0.7265625;0.212890625;0.5546875;0.55078125;0.1875;0.291015625;0.4609375;0.609375;0.205078125;0.58203125;0.71484375;0.212890625;0.64453125;0.73046875;0.2138671875;0.68359375;0.734375;0.212890625;0.69921875;0.69921875;0.205078125;0.6171875;0.41015625;0.14111328125;0.26708984375;0.423828125;0.423828125;0.15673828125;0.287109375;0.2109375;0.1083984375;0.8;0.15625;0.25;0.484375;0.1328125;0.0859375;0.5;0.625;0.17578125;0.609375;0.65625;0.17578125;0.5078125;0.546875;0.181640625;0.236328125;0.4609375;0.671875;0.201171875;0.5703125;0.703125;0.2109375;0.625;0.7265625;0.21484375;0.54296875;0.5390625;0.1875;0.29296875;0.44921875;0.60546875;0.205078125;0.58203125;0.71484375;0.2138671875;0.6484375;0.734375;0.21484375;0.6875;0.73828125;0.2138671875;0.70703125;0.69921875;0.2060546875;0.623046875;0.4140625;0.14453125;0.2861328125;0.435546875;0.423828125;0.162109375;0.30078125;0.208984375;0.11669921875;0.8
87;87;93.7;0.15625;0.234375;0.484375;0.13671875;0.08203125;0.484375;0.578125;0.15234375;0.609375;0.609375;0.140625;0.5234375;0.5546875;0.177734375;0.25;0.4765625;0.671875;0.1953125;0.59375;0.7109375;0.2109375;0.6328125;0.7265625;0.2109375;0.5546875;0.546875;0.1875;0.2880859375;0.45703125;0.609375;0.2041015625;0.58203125;0.71484375;0.2138671875;0.64453125;0.734375;0.2138671875;0.68359375;0.734375;0.212890625;0.69921875;0.69921875;0.205078125;0.6171875;0.404296875;0.140625;0.2666015625;0.42578125;0.4296875;0.158203125;0.2890625;0.21875;0.11083984375;0.8;0.15625;0.25;0.484375;0.1328125;0.0859375;0.5;0.625;0.17578125;0.609375;0.65625;0.17578125;0.5078125;0.546875;0.181640625;0.236328125;0.4609375;0.671875;0.201171875;0.5703125;0.703125;0.2109375;0.6328125;0.7265625;0.21484375;0.54296875;0.5390625;0.1865234375;0.29296875;0.44921875;0.60546875;0.205078125;0.58203125;0.71484375;0.2138671875;0.6484375;0.734375;0.21484375;0.6875;0.73828125;0.2138671875;0.70703125;0.69921875;0.2060546875;0.623046875;0.4140625;0.14453125;0.2861328125;0.435546875;0.423828125;0.162109375;0.30078125;0.208984375;0.11669921875;0.8
88;88;93.69;0.15625;0.234375;0.484375;0.13671875;0.08203125;0.5;0.578125;0.1484375;0.609375;0.59375;0.13671875;0.5234375;0.5546875;0.177734375;0.248046875;0.46875;0.6640625;0.193359375;0.5859375;0.7109375;0.2109375;0.640625;0.7265625;0.212890625;0.55078125;0.546875;0.1875;0.2890625;0.45703125;0.609375;0.2041015625;0.58203125;0.7109375;0.212890625;0.64453125;0.73046875;0.2138671875;0.68359375;0.734375;0.212890625;0.69921875;0.69921875;0.205078125;0.6171875;0.40625;0.140625;0.267578125;0.421875;0.42578125;0.15771484375;0.291015625;0.21875;0.11083984375;0.8;0.15625;0.25;0.484375;0.1328125;0.0859375;0.5;0.625;0.17578125;0.609375;0.65625;0.17578125;0.5078125;0.546875;0.181640625;0.236328125;0.4609375;0.671875;0.201171875;0.5703125;0.703125;0.2109375;0.6328125;0.7265625;0.21484375;0.54296875;0.5390625;0.1875;0.29296875;0.44921875;0.60546875;0.205078125;0.58203125;0.71484375;0.2138671875;0.6484375;0.734375;0.21484375;0.6875;0.73828125;0.2138671875;0.70703125;0.69921875;0.2060546875;0.623046875;0.4140625;0.14453125;0.2861328125;0.435546875;0.423828125;0.162109375;0.30078125;0.208984375;0.11669921875;0.8
89;89;93.77;0.15625;0.234375;0.484375;0.13671875;0.08203125;0.5;0.578125;0.1484375;0.59375;0.59375;0.13671875;0.5234375;0.5546875;0.177734375;0.25;0.4765625;0.6640625;0.193359375;0.5859375;0.7109375;0.2109375;0.6328125;0.7265625;0.212890625;0.5546875;0.5546875;0.189453125;0.2919921875;0.46484375;0.6171875;0.205078125;0.5859375;0.71484375;0.2138671875;0.6484375;0.73828125;0.21484375;0.6875;0.73828125;0.2138671875;0.703125;0.703125;0.2060546875;0.62109375;0.412109375;0.142578125;0.27099609375;0.431640625;0.42578125;0.15625;0.291015625;0.220703125;0.11083984375;0.8;0.15625;0.25;0.484375;0.1328125;0.0859375;0.5;0.625;0.17578125;0.609375;0.65625;0.17578125;0.5078125;0.546875;0.181640625;0.236328125;0.4609375;0.671875;0.201171875;0.578125;0.7109375;0.2109375;0.6328125;0.7265625;0.21484375;0.54296875;0.5390625;0.1875;0.29296875;0.44921875;0.60546875;0.205078125;0.58203125;0.71484375;0.2138671875;0.6484375;0.734375;0.21484375;0.6875;0.73828125;0.2138671875;0.70703125;0.69921875;0.2060546875;0.623046875;0.416015625;0.14453125;0.2861328125;0.435546875;0.423828125;0.162109375;0.30078125;0.2109375;0.11669921875;0.8
90;90;93.66;0.15625;0.234375;0.484375;0.13671875;0.08203125;0.484375;0.578125;0.1484375;0.59375;0.59375;0.13671875;0.5234375;0.5546875;0.177734375;0.25;0.4765625;0.671875;0.1953125;0.59375;0.71875;0.2109375;0.640625;0.7265625;0.212890625;0.5546875;0.55078125;0.1884765625;0.2919921875;0.4609375;0.609375;0.205078125;0.5859375;0.7109375;0.2138671875;0.64453125;0.73046875;0.2138671875;0.68359375;0.734375;0.212890625;0.69921875;0.69921875;0.2060546875;0.6171875;0.404296875;0.140625;0.2685546875;0.427734375;0.427734375;0.158203125;0.29296875;0.21484375;0.10986328125;0.8;0.15625;0.25;0.484375;0.1328125;0.0859375;0.5;0.625;0.17578125;0.609375;0.65625;0.17578125;0.5078125;0.546875;0.181640625;0.236328125;0.4609375;0.671875;0.201171875;0.5703125;0.703125;0.2109375;0.6328125;0.7265625;0.21484375;0.54296875;0.5390625;0.1875;0.29296875;0.44921875;0.60546875;0.205078125;0.58203125;0.71484375;0.2138671875;0.6484375;0.734375;0.2138671875;0.6875;0.73828125;0.2138671875;0.70703125;0.69921875;0.2060546875;0.623046875;0.4140625;0.14404296875;0.2861328125;0.43359375;0.421875;0.16162109375;0.30078125;0.208984375;0.1171875;0.8
91;91;93.77;0.15625;0.234375;0.484375;0.13671875;0.08203125;0.5;0.578125;0.15234375;0.609375;0.609375;0.140625;0.5234375;0.5625;0.1796875;0.25;0.4765625;0.671875;0.1953125;0.59375;0.7109375;0.2109375;0.640625;0.7265625;0.212890625;0.55078125;0.546875;0.1875;0.291015625;0.45703125;0.609375;0.2041015625;0.58203125;0.7109375;0.212890625;0.64453125;0.73046875;0.2138671875;0.6796875;0.734375;0.212890625;0.69921875;0.6953125;0.2041015625;0.615234375;0.400390625;0.14013671875;0.2666015625;0.41796875;0.421875;0.15673828125;0.283203125;0.21484375;0.10986328125;0.8;0.15625;0.25;0.484375;0.1328125;0.0859375;0.5;0.625;0.17578125;0.609375;0.65625;0.17578125;0.5078125;0.546875;0.181640625;0.236328125;0.4609375;0.671875;0.201171875;0.5703125;0.703125;0.2109375;0.6328125;0.7265625;0.21484375;0.54296875;0.5390625;0.1875;0.29296875;0.44921875;0.60546875;0.205078125;0.58203125;0.71484375;0.2138671875;0.6484375;0.734375;0.21484375;0.6875;0.73828125;0.2138671875;0.70703125;0.69921875;0.2060546875;0.623046875;0.4140625;0.14404296875;0.2861328125;0.435546875;0.423828125;0.162109375;0.30078125;0.208984375;0.1162109375;0.8
92;92;93.72;0.15625;0.234375;0.484375;0.13671875;0.08203125;0.5;0.578125;0.1484375;0.609375;0.59375;0.13671875;0.5234375;0.5625;0.177734375;0.25;0.4765625;0.671875;0.193359375;0.5859375;0.7109375;0.208984375;0.640625;0.7265625;0.212890625;0.55078125;0.55078125;0.1875;0.2900390625;0.4609375;0.609375;0.205078125;0.5859375;0.71484375;0.2138671875;0.6484375;0.734375;0.2138671875;0.6875;0.734375;0.212890625;0.703125;0.703125;0.205078125;0.619140625;0.412109375;0.14208984375;0.2685546875;0.431640625;0.431640625;0.15869140625;0.294921875;0.21875;0.11083984375;0.8;0.15625;0.25;0.484375;0.1328125;0.0859375;0.5;0.625;0.17578125;0.609375;0.65625;0.17578125;0.5078125;0.546875;0.181640625;0.236328125;0.4609375;0.671875;0.201171875;0.5703125;0.7109375;0.2109375;0.6328125;0.7265625;0.21484375;0.54296875;0.5390625;0.1875;0.29296875;0.44921875;0.60546875;0.205078125;0.58203125;0.71484375;0.2138671875;0.6484375;0.734375;0.21484375;0.6875;0.73828125;0.2138671875;0.70703125;0.69921875;0.2060546875;0.623046875;0.4140625;0.14404296875;0.2861328125;0.43359375;0.421875;0.16162109375;0.30078125;0.208984375;0.11669921875;0.8
93;93;93.66;0.15625;0.234375;0.484375;0.13671875;0.08203125;0.5;0.578125;0.1484375;0.59375;0.59375;0.13671875;0.5234375;0.5546875;0.177734375;0.25;0.4765625;0.671875;0.1953125;0.59375;0.71875;0.2109375;0.640625;0.7265625;0.212890625;0.5546875;0.5546875;0.1884765625;0.291015625;0.4609375;0.61328125;0.205078125;0.5859375;0.71484375;0.2138671875;0.6484375;0.734375;0.2138671875;0.6875;0.734375;0.212890625;0.703125;0.69921875;0.205078125;0.619140625;0.404296875;0.14013671875;0.2685546875;0.423828125;0.419921875;0.15673828125;0.287109375;0.212890625;0.10888671875;0.8;0.15625;0.25;0.484375;0.1328125;0.0859375;0.5;0.625;0.17578125;0.609375;0.65625;0.17578125;0.5078125;0.546875;0.181640625;0.236328125;0.4609375;0.671875;0.201171875;0.5703125;0.703125;0.2109375;0.6328125;0.7265625;0.21484375;0.54296875;0.5390625;0.1875;0.29296875;0.44921875;0.60546875;0.205078125;0.58203125;0.71484375;0.2138671875;0.6484375;0.734375;0.21484375;0.6875;0.73828125;0.2138671875;0.70703125;0.69921875;0.2060546875;0.623046875;0.4140625;0.14404296875;0.2861328125;0.43359375;0.421875;0.16162109375;0.30078125;0.208984375;0.11669921875;0.8
94;94;93.71;0.15625;0.234375;0.484375;0.13671875;0.08203125;0.5;0.578125;0.1484375;0.609375;0.59375;0.13671875;0.5234375;0.5546875;0.177734375;0.251953125;0.4765625;0.671875;0.1953125;0.59375;0.71875;0.2109375;0.640625;0.7265625;0.212890625;0.5546875;0.55078125;0.1884765625;0.2919921875;0.4609375;0.61328125;0.205078125;0.5859375;0.71484375;0.2138671875;0.64453125;0.734375;0.2138671875;0.6875;0.73828125;0.212890625;0.703125;0.703125;0.2060546875;0.62109375;0.408203125;0.14208984375;0.2705078125;0.43359375;0.431640625;0.158203125;0.294921875;0.21875;0.1103515625;0.8;0.15625;0.25;0.484375;0.1328125;0.0859375;0.5;0.625;0.17578125;0.609375;0.65625;0.17578125;0.5078125;0.546875;0.181640625;0.236328125;0.4609375;0.671875;0.201171875;0.5703125;0.7109375;0.2109375;0.6328125;0.7265625;0.21484375;0.54296875;0.5390625;0.1875;0.29296875;0.44921875;0.60546875;0.205078125;0.58203125;0.71484375;0.2138671875;0.6484375;0.734375;0.21484375;0.6875;0.73828125;0.2138671875;0.70703125;0.69921875;0.2060546875;0.623046875;0.4140625;0.14453125;0.2861328125;0.435546875;0.423828125;0.16162109375;0.30078125;0.208984375;0.1162109375;0.8
95;95;93.76;0.15625;0.234375;0.484375;0.140625;0.08203125;0.5;0.578125;0.1484375;0.59375;0.59375;0.1328125;0.515625;0.546875;0.17578125;0.25;0.46875;0.6640625;0.193359375;0.5859375;0.7109375;0.208984375;0.6328125;0.7265625;0.2109375;0.55078125;0.546875;0.1884765625;0.2880859375;0.45703125;0.61328125;0.205078125;0.58203125;0.7109375;0.2138671875;0.64453125;0.734375;0.21484375;0.6875;0.73828125;0.2138671875;0.703125;0.703125;0.2060546875;0.619140625;0.408203125;0.1416015625;0.26904296875;0.4296875;0.427734375;0.1572265625;0.29296875;0.21484375;0.10888671875;0.8;0.15625;0.25;0.484375;0.1328125;0.0859375;0.5;0.625;0.17578125;0.609375;0.65625;0.17578125;0.5078125;0.546875;0.181640625;0.236328125;0.4609375;0.671875;0.201171875;0.5703125;0.703125;0.2109375;0.6328125;0.7265625;0.21484375;0.54296875;0.5390625;0.1875;0.29296875;0.44921875;0.60546875;0.205078125;0.58203125;0.71484375;0.2138671875;0.6484375;0.734375;0.21484375;0.6875;0.73828125;0.2138671875;0.70703125;0.69921875;0.2060546875;0.623046875;0.4140625;0.14404296875;0.2861328125;0.43359375;0.421875;0.16162109375;0.30078125;0.208984375;0.11669921875;0.8
96;96;93.73;0.15625;0.234375;0.484375;0.140625;0.08203125;0.5;0.578125;0.1484375;0.59375;0.59375;0.13671875;0.5234375;0.5546875;0.177734375;0.25;0.4765625;0.671875;0.193359375;0.59375;0.7109375;0.2109375;0.640625;0.7265625;0.212890625;0.5546875;0.546875;0.1875;0.2900390625;0.45703125;0.609375;0.2041015625;0.58203125;0.7109375;0.212890625;0.64453125;0.73046875;0.2138671875;0.68359375;0.73046875;0.212890625;0.69921875;0.69140625;0.2041015625;0.61328125;0.396484375;0.138671875;0.26708984375;0.41796875;0.4140625;0.154296875;0.28125;0.208984375;0.1083984375;0.8;0.15625;0.25;0.484375;0.1328125;0.0859375;0.5;0.625;0.17578125;0.609375;0.65625;0.17578125;0.5078125;0.546875;0.181640625;0.236328125;0.4609375;0.671875;0.201171875;0.5703125;0.703125;0.2109375;0.6328125;0.7265625;0.21484375;0.54296875;0.5390625;0.1875;0.29296875;0.44921875;0.60546875;0.205078125;0.58203125;0.71484375;0.2138671875;0.6484375;0.734375;0.21484375;0.6875;0.73828125;0.2138671875;0.70703125;0.69921875;0.2060546875;0.623046875;0.4140625;0.14404296875;0.2861328125;0.435546875;0.421875;0.16162109375;0.30078125;0.208984375;0.1162109375;0.8
97;97;93.7;0.15625;0.234375;0.484375;0.13671875;0.08203125;0.484375;0.5625;0.1484375;0.59375;0.59375;0.13671875;0.5234375;0.5546875;0.177734375;0.248046875;0.4765625;0.671875;0.1953125;0.59375;0.7109375;0.2109375;0.640625;0.7265625;0.212890625;0.5546875;0.55078125;0.1884765625;0.291015625;0.4609375;0.609375;0.2041015625;0.58203125;0.7109375;0.212890625;0.64453125;0.73046875;0.212890625;0.68359375;0.734375;0.212890625;0.69921875;0.6953125;0.2041015625;0.6171875;0.40625;0.1416015625;0.26904296875;0.427734375;0.431640625;0.1591796875;0.294921875;0.220703125;0.111328125;0.8;0.15625;0.25;0.484375;0.1328125;0.0859375;0.5;0.625;0.17578125;0.609375;0.65625;0.17578125;0.5078125;0.546875;0.181640625;0.236328125;0.4609375;0.671875;0.201171875;0.5703125;0.703125;0.2109375;0.6328125;0.7265625;0.21484375;0.54296875;0.5390625;0.1875;0.29296875;0.44921875;0.60546875;0.205078125;0.58203125;0.71484375;0.2138671875;0.6484375;0.734375;0.21484375;0.6875;0.73828125;0.2138671875;0.70703125;0.69921875;0.2060546875;0.623046875;0.4140625;0.14404296875;0.2861328125;0.435546875;0.421875;0.16162109375;0.30078125;0.208984375;0.11669921875;0.8
98;98;93.73;0.15625;0.234375;0.484375;0.13671875;0.08203125;0.5;0.578125;0.1484375;0.59375;0.59375;0.13671875;0.5234375;0.5546875;0.1796875;0.248046875;0.4765625;0.671875;0.1953125;0.59375;0.71875;0.2109375;0.640625;0.7265625;0.212890625;0.5546875;0.55078125;0.1884765625;0.2919921875;0.46484375;0.61328125;0.205078125;0.5859375;0.7109375;0.2138671875;0.6484375;0.734375;0.21484375;0.68359375;0.73828125;0.2138671875;0.703125;0.703125;0.2060546875;0.619140625;0.40625;0.140625;0.26904296875;0.42578125;0.421875;0.15673828125;0.287109375;0.2109375;0.10888671875;0.8;0.15625;0.25;0.484375;0.1328125;0.0859375;0.5;0.625;0.17578125;0.609375;0.65625;0.17578125;0.5078125;0.546875;0.181640625;0.236328125;0.4609375;0.671875;0.201171875;0.5703125;0.703125;0.2109375;0.6328125;0.7265625;0.21484375;0.54296875;0.5390625;0.1865234375;0.29296875;0.44921875;0.60546875;0.205078125;0.58203125;0.71484375;0.2138671875;0.6484375;0.734375;0.21484375;0.6875;0.73828125;0.2138671875;0.70703125;0.69921875;0.2060546875;0.623046875;0.4140625;0.14404296875;0.2861328125;0.43359375;0.423828125;0.162109375;0.298828125;0.208984375;0.11669921875;0.8
99;99;93.71;0.15625;0.234375;0.484375;0.140625;0.08203125;0.484375;0.5625;0.1484375;0.59375;0.59375;0.13671875;0.5234375;0.5546875;0.177734375;0.25;0.46875;0.6640625;0.193359375;0.5859375;0.7109375;0.2109375;0.640625;0.7265625;0.212890625;0.5546875;0.55078125;0.1884765625;0.2900390625;0.4609375;0.61328125;0.205078125;0.5859375;0.71484375;0.2138671875;0.6484375;0.734375;0.2138671875;0.6875;0.734375;0.2138671875;0.703125;0.69921875;0.205078125;0.619140625;0.40625;0.14111328125;0.26953125;0.427734375;0.421875;0.15625;0.291015625;0.21875;0.11083984375;0.8;0.15625;0.25;0.484375;0.1328125;0.0859375;0.5;0.625;0.17578125;0.609375;0.65625;0.171875;0.5078125;0.546875;0.181640625;0.236328125;0.4609375;0.671875;0.201171875;0.5703125;0.703125;0.2109375;0.6328125;0.7265625;0.21484375;0.54296875;0.5390625;0.1875;0.29296875;0.44921875;0.60546875;0.205078125;0.58203125;0.71484375;0.2138671875;0.6484375;0.734375;0.21484375;0.6875;0.73828125;0.2138671875;0.70703125;0.69921875;0.2060546875;0.623046875;0.4140625;0.14404296875;0.2861328125;0.435546875;0.423828125;0.162109375;0.30078125;0.208984375;0.11669921875;0.8
