;Epoch;test_accuracy;train-saturation_conv1;train-saturation_layer1-0-conv1;train-saturation_layer1-0-conv2;train-saturation_layer1-0-conv3;train-saturation_layer1-0-shortcut-0;train-saturation_layer1-1-conv1;train-saturation_layer1-1-conv2;train-saturation_layer1-1-conv3;train-saturation_layer1-2-conv1;train-saturation_layer1-2-conv2;train-saturation_layer1-2-conv3;train-saturation_layer2-0-conv1;train-saturation_layer2-0-conv2;train-saturation_layer2-0-conv3;train-saturation_layer2-0-shortcut-0;train-saturation_layer2-1-conv1;train-saturation_layer2-1-conv2;train-saturation_layer2-1-conv3;train-saturation_layer2-2-conv1;train-saturation_layer2-2-conv2;train-saturation_layer2-2-conv3;train-saturation_layer2-3-conv1;train-saturation_layer2-3-conv2;train-saturation_layer2-3-conv3;train-saturation_layer3-0-conv1;train-saturation_layer3-0-conv2;train-saturation_layer3-0-conv3;train-saturation_layer3-0-shortcut-0;train-saturation_layer3-1-conv1;train-saturation_layer3-1-conv2;train-saturation_layer3-1-conv3;train-saturation_layer3-2-conv1;train-saturation_layer3-2-conv2;train-saturation_layer3-2-conv3;train-saturation_layer3-3-conv1;train-saturation_layer3-3-conv2;train-saturation_layer3-3-conv3;train-saturation_layer3-4-conv1;train-saturation_layer3-4-conv2;train-saturation_layer3-4-conv3;train-saturation_layer3-5-conv1;train-saturation_layer3-5-conv2;train-saturation_layer3-5-conv3;train-saturation_layer4-0-conv1;train-saturation_layer4-0-conv2;train-saturation_layer4-0-conv3;train-saturation_layer4-0-shortcut-0;train-saturation_layer4-1-conv1;train-saturation_layer4-1-conv2;train-saturation_layer4-1-conv3;train-saturation_layer4-2-conv1;train-saturation_layer4-2-conv2;train-saturation_layer4-2-conv3;train-saturation_linear;eval-saturation_conv1;eval-saturation_layer1-0-conv1;eval-saturation_layer1-0-conv2;eval-saturation_layer1-0-conv3;eval-saturation_layer1-0-shortcut-0;eval-saturation_layer1-1-conv1;eval-saturation_layer1-1-conv2;eval-saturation_layer1-1-conv3;eval-saturation_layer1-2-conv1;eval-saturation_layer1-2-conv2;eval-saturation_layer1-2-conv3;eval-saturation_layer2-0-conv1;eval-saturation_layer2-0-conv2;eval-saturation_layer2-0-conv3;eval-saturation_layer2-0-shortcut-0;eval-saturation_layer2-1-conv1;eval-saturation_layer2-1-conv2;eval-saturation_layer2-1-conv3;eval-saturation_layer2-2-conv1;eval-saturation_layer2-2-conv2;eval-saturation_layer2-2-conv3;eval-saturation_layer2-3-conv1;eval-saturation_layer2-3-conv2;eval-saturation_layer2-3-conv3;eval-saturation_layer3-0-conv1;eval-saturation_layer3-0-conv2;eval-saturation_layer3-0-conv3;eval-saturation_layer3-0-shortcut-0;eval-saturation_layer3-1-conv1;eval-saturation_layer3-1-conv2;eval-saturation_layer3-1-conv3;eval-saturation_layer3-2-conv1;eval-saturation_layer3-2-conv2;eval-saturation_layer3-2-conv3;eval-saturation_layer3-3-conv1;eval-saturation_layer3-3-conv2;eval-saturation_layer3-3-conv3;eval-saturation_layer3-4-conv1;eval-saturation_layer3-4-conv2;eval-saturation_layer3-4-conv3;eval-saturation_layer3-5-conv1;eval-saturation_layer3-5-conv2;eval-saturation_layer3-5-conv3;eval-saturation_layer4-0-conv1;eval-saturation_layer4-0-conv2;eval-saturation_layer4-0-conv3;eval-saturation_layer4-0-shortcut-0;eval-saturation_layer4-1-conv1;eval-saturation_layer4-1-conv2;eval-saturation_layer4-1-conv3;eval-saturation_layer4-2-conv1;eval-saturation_layer4-2-conv2;eval-saturation_layer4-2-conv3;eval-saturation_linear
0;0;24.93;0.046875;0.046875;0.28125;0.00390625;0.015625;0.03125;0.046875;0.00390625;0.03125;0.0625;0.01171875;0.0234375;0.0625;0.00390625;0.005859375;0.0234375;0.0546875;0.00390625;0.0234375;0.0625;0.0078125;0.03125;0.0546875;0.0078125;0.01953125;0.01171875;0.00390625;0.001953125;0.0078125;0.02734375;0.0048828125;0.01171875;0.03125;0.00390625;0.0078125;0.01953125;0.0029296875;0.00390625;0.01171875;0.001953125;0.0;0.01171875;0.0009765625;0.001953125;0.0;0.0;0.0;0.0;0.0;0.0;0.0;0.0;0.0;0.2;0.046875;0.046875;0.296875;0.0078125;0.01171875;0.03125;0.09375;0.00390625;0.046875;0.109375;0.015625;0.0390625;0.09375;0.0078125;0.0078125;0.0390625;0.109375;0.013671875;0.0625;0.0390625;0.01171875;0.09375;0.0859375;0.01953125;0.05859375;0.05859375;0.005859375;0.0087890625;0.02734375;0.015625;0.0029296875;0.01953125;0.01953125;0.0029296875;0.01953125;0.015625;0.0029296875;0.0234375;0.01953125;0.0029296875;0.01953125;0.015625;0.0029296875;0.005859375;0.001953125;0.0;0.00048828125;0.0;0.001953125;0.00048828125;0.001953125;0.001953125;0.00048828125;0.2
1;1;39.5;0.046875;0.046875;0.296875;0.0078125;0.015625;0.03125;0.0625;0.00390625;0.03125;0.078125;0.01171875;0.03125;0.125;0.0078125;0.0078125;0.0546875;0.0859375;0.005859375;0.0546875;0.078125;0.01171875;0.0546875;0.078125;0.0078125;0.0390625;0.03515625;0.005859375;0.0048828125;0.015625;0.03125;0.00390625;0.01171875;0.03515625;0.00390625;0.01171875;0.0234375;0.0029296875;0.0078125;0.01171875;0.001953125;0.00390625;0.01171875;0.0009765625;0.001953125;0.0;0.0;0.0;0.0;0.0;0.0;0.0;0.0;0.0;0.4;0.046875;0.046875;0.3125;0.01171875;0.015625;0.046875;0.109375;0.00390625;0.0625;0.140625;0.015625;0.0546875;0.1875;0.017578125;0.01171875;0.125;0.234375;0.02734375;0.1328125;0.046875;0.01171875;0.15625;0.1015625;0.01953125;0.08203125;0.07421875;0.0087890625;0.013671875;0.03515625;0.01953125;0.0029296875;0.03125;0.01953125;0.0029296875;0.01953125;0.015625;0.0029296875;0.0234375;0.01953125;0.0048828125;0.01953125;0.015625;0.0029296875;0.0078125;0.001953125;0.0;0.00048828125;0.0;0.001953125;0.00048828125;0.001953125;0.001953125;0.00048828125;0.4
2;2;40.64;0.046875;0.046875;0.3125;0.0078125;0.015625;0.03125;0.0625;0.00390625;0.046875;0.078125;0.01171875;0.046875;0.234375;0.017578125;0.009765625;0.125;0.171875;0.009765625;0.1015625;0.09375;0.015625;0.0859375;0.1015625;0.0078125;0.06640625;0.08984375;0.01171875;0.0087890625;0.0234375;0.03515625;0.0048828125;0.0234375;0.03515625;0.00390625;0.015625;0.03125;0.0029296875;0.01171875;0.015625;0.001953125;0.0078125;0.015625;0.0009765625;0.001953125;0.0;0.0;0.00048828125;0.0;0.0;0.0;0.0;0.0;0.0;0.4;0.046875;0.046875;0.34375;0.015625;0.015625;0.0625;0.125;0.00390625;0.09375;0.171875;0.01953125;0.0859375;0.2734375;0.03125;0.015625;0.1796875;0.3671875;0.052734375;0.1953125;0.078125;0.01953125;0.2109375;0.1640625;0.02734375;0.09375;0.10546875;0.013671875;0.015625;0.0390625;0.03125;0.00390625;0.0390625;0.0234375;0.00390625;0.03125;0.01953125;0.00390625;0.02734375;0.0234375;0.0048828125;0.0234375;0.01953125;0.0029296875;0.0078125;0.001953125;0.0;0.00048828125;0.0;0.001953125;0.00048828125;0.00390625;0.001953125;0.00048828125;0.4
3;3;45.57;0.046875;0.046875;0.328125;0.0078125;0.01953125;0.0625;0.0625;0.00390625;0.0625;0.125;0.01171875;0.0390625;0.2734375;0.02734375;0.013671875;0.15625;0.25;0.017578125;0.171875;0.140625;0.021484375;0.1640625;0.1953125;0.0078125;0.0859375;0.13671875;0.01953125;0.013671875;0.0390625;0.05078125;0.0048828125;0.03125;0.03515625;0.00390625;0.015625;0.03125;0.0029296875;0.0078125;0.01171875;0.001953125;0.00390625;0.015625;0.0009765625;0.001953125;0.0;0.0;0.00048828125;0.0;0.0;0.00048828125;0.0;0.0;0.0;0.5;0.046875;0.046875;0.359375;0.015625;0.01953125;0.09375;0.140625;0.00390625;0.109375;0.25;0.01953125;0.0625;0.296875;0.037109375;0.01953125;0.1875;0.359375;0.05078125;0.203125;0.109375;0.0234375;0.21875;0.2578125;0.033203125;0.08203125;0.12109375;0.0185546875;0.017578125;0.05078125;0.04296875;0.00390625;0.046875;0.02734375;0.00390625;0.04296875;0.0234375;0.00390625;0.0390625;0.0234375;0.0048828125;0.03125;0.015625;0.001953125;0.009765625;0.001953125;0.0;0.0009765625;0.0;0.001953125;0.00048828125;0.001953125;0.001953125;0.00048828125;0.5
4;4;49.68;0.046875;0.0625;0.34375;0.01171875;0.0234375;0.078125;0.09375;0.00390625;0.09375;0.1875;0.01171875;0.0625;0.2890625;0.03515625;0.01953125;0.1953125;0.3359375;0.0078125;0.1484375;0.1328125;0.021484375;0.171875;0.2109375;0.0078125;0.078125;0.1640625;0.021484375;0.0166015625;0.0546875;0.0625;0.0048828125;0.04296875;0.0390625;0.00390625;0.03515625;0.03515625;0.00390625;0.0234375;0.01953125;0.001953125;0.01171875;0.01953125;0.001953125;0.00390625;0.0;0.00048828125;0.0009765625;0.0;0.001953125;0.00048828125;0.0;0.0;0.0;0.5;0.046875;0.0625;0.390625;0.0234375;0.0234375;0.125;0.171875;0.00390625;0.171875;0.359375;0.0234375;0.09375;0.265625;0.033203125;0.025390625;0.1796875;0.359375;0.015625;0.171875;0.15625;0.0234375;0.203125;0.2890625;0.021484375;0.07421875;0.1484375;0.01953125;0.0166015625;0.05859375;0.0546875;0.00390625;0.05078125;0.03125;0.00390625;0.04296875;0.01953125;0.0029296875;0.0390625;0.02734375;0.0048828125;0.03125;0.01953125;0.0029296875;0.009765625;0.001953125;0.0;0.0009765625;0.0;0.001953125;0.00048828125;0.00390625;0.001953125;0.00048828125;0.5
5;5;51.66;0.046875;0.078125;0.375;0.015625;0.02734375;0.109375;0.078125;0.0;0.1875;0.21875;0.015625;0.109375;0.28125;0.033203125;0.02734375;0.171875;0.3828125;0.021484375;0.171875;0.1796875;0.025390625;0.1640625;0.2421875;0.015625;0.0703125;0.171875;0.0234375;0.017578125;0.05078125;0.0625;0.0048828125;0.05078125;0.0390625;0.00390625;0.03515625;0.03125;0.00390625;0.0234375;0.01953125;0.001953125;0.015625;0.01953125;0.001953125;0.00390625;0.0;0.00048828125;0.001953125;0.0;0.001953125;0.00048828125;0.001953125;0.0;0.0;0.5;0.046875;0.078125;0.40625;0.02734375;0.02734375;0.203125;0.265625;0.0078125;0.28125;0.5;0.03125;0.1171875;0.2578125;0.03125;0.025390625;0.15625;0.3984375;0.03125;0.15625;0.1796875;0.0234375;0.1484375;0.234375;0.017578125;0.06640625;0.16015625;0.0224609375;0.0166015625;0.05078125;0.05859375;0.0048828125;0.046875;0.0390625;0.00390625;0.03515625;0.03125;0.00390625;0.0234375;0.01953125;0.001953125;0.015625;0.01953125;0.001953125;0.00390625;0.0;0.00048828125;0.00146484375;0.0;0.0;0.0;0.0;0.0;0.0;0.5
6;6;52.72;0.0625;0.078125;0.40625;0.0234375;0.03515625;0.1875;0.140625;0.00390625;0.265625;0.375;0.01953125;0.125;0.2890625;0.03515625;0.03125;0.15625;0.328125;0.015625;0.1328125;0.171875;0.0234375;0.1484375;0.21875;0.021484375;0.07421875;0.1796875;0.025390625;0.017578125;0.05078125;0.05859375;0.0048828125;0.05078125;0.0390625;0.00390625;0.04296875;0.02734375;0.00390625;0.04296875;0.03125;0.0029296875;0.03515625;0.0234375;0.0029296875;0.009765625;0.0;0.00048828125;0.00244140625;0.001953125;0.001953125;0.00048828125;0.00390625;0.0;0.0;0.5;0.046875;0.078125;0.4375;0.0390625;0.03515625;0.28125;0.421875;0.01953125;0.328125;0.578125;0.03515625;0.109375;0.2734375;0.037109375;0.025390625;0.1328125;0.28125;0.017578125;0.109375;0.15625;0.0234375;0.125;0.21875;0.01953125;0.06640625;0.16796875;0.0234375;0.015625;0.046875;0.05078125;0.0048828125;0.05078125;0.04296875;0.00390625;0.04296875;0.0234375;0.0029296875;0.0390625;0.03125;0.0029296875;0.03515625;0.0234375;0.0029296875;0.01171875;0.001953125;0.00048828125;0.00244140625;0.0;0.001953125;0.0009765625;0.009765625;0.001953125;0.0;0.5
7;7;54.97;0.078125;0.109375;0.46875;0.03125;0.0390625;0.25;0.203125;0.00390625;0.296875;0.46875;0.015625;0.109375;0.25;0.03515625;0.03125;0.1328125;0.3203125;0.015625;0.109375;0.1640625;0.025390625;0.1328125;0.1953125;0.01953125;0.07421875;0.1875;0.025390625;0.0185546875;0.046875;0.0546875;0.0048828125;0.05078125;0.03515625;0.00390625;0.046875;0.02734375;0.00390625;0.046875;0.02734375;0.0029296875;0.04296875;0.0234375;0.0029296875;0.013671875;0.001953125;0.0009765625;0.0029296875;0.00390625;0.001953125;0.00048828125;0.0078125;0.0;0.0;0.6;0.0625;0.109375;0.484375;0.046875;0.0390625;0.328125;0.453125;0.0390625;0.3125;0.609375;0.03125;0.09375;0.234375;0.03515625;0.025390625;0.1171875;0.3125;0.0234375;0.109375;0.1640625;0.025390625;0.125;0.1875;0.017578125;0.0703125;0.1796875;0.0244140625;0.017578125;0.046875;0.05078125;0.0048828125;0.0546875;0.0390625;0.00390625;0.046875;0.0234375;0.0029296875;0.046875;0.03125;0.0029296875;0.04296875;0.0234375;0.0029296875;0.015625;0.001953125;0.0009765625;0.0029296875;0.001953125;0.001953125;0.00048828125;0.009765625;0.0;0.0;0.6
8;8;49.08;0.078125;0.109375;0.46875;0.04296875;0.0390625;0.28125;0.28125;0.0078125;0.296875;0.453125;0.015625;0.109375;0.25;0.0390625;0.03125;0.1171875;0.265625;0.017578125;0.1015625;0.1796875;0.02734375;0.1171875;0.1796875;0.017578125;0.078125;0.1953125;0.0263671875;0.01953125;0.046875;0.05078125;0.0048828125;0.0546875;0.04296875;0.00390625;0.046875;0.0234375;0.001953125;0.05078125;0.03125;0.0029296875;0.0390625;0.015625;0.001953125;0.017578125;0.00390625;0.0009765625;0.0029296875;0.005859375;0.001953125;0.00048828125;0.01171875;0.0;0.0;0.6;0.078125;0.109375;0.453125;0.05078125;0.0390625;0.28125;0.4375;0.02734375;0.28125;0.578125;0.03125;0.1015625;0.2421875;0.0390625;0.02734375;0.109375;0.2421875;0.021484375;0.09375;0.1796875;0.02734375;0.1015625;0.171875;0.017578125;0.07421875;0.1875;0.0244140625;0.0185546875;0.046875;0.05078125;0.0048828125;0.05078125;0.04296875;0.00390625;0.04296875;0.01953125;0.001953125;0.046875;0.0234375;0.00390625;0.0390625;0.015625;0.001953125;0.015625;0.001953125;0.00048828125;0.0029296875;0.005859375;0.001953125;0.0009765625;0.009765625;0.0;0.0;0.5
9;9;55.84;0.09375;0.140625;0.46875;0.046875;0.0390625;0.28125;0.328125;0.0078125;0.25;0.40625;0.015625;0.1171875;0.25;0.041015625;0.033203125;0.1171875;0.25;0.021484375;0.109375;0.1875;0.029296875;0.125;0.2109375;0.021484375;0.0859375;0.2109375;0.02734375;0.0205078125;0.046875;0.046875;0.00390625;0.05078125;0.03515625;0.0029296875;0.05078125;0.0234375;0.001953125;0.05078125;0.0234375;0.0029296875;0.04296875;0.01171875;0.001953125;0.01953125;0.005859375;0.0009765625;0.0029296875;0.0078125;0.001953125;0.0009765625;0.01171875;0.0;0.0;0.5;0.09375;0.140625;0.484375;0.0625;0.0390625;0.28125;0.40625;0.0234375;0.21875;0.390625;0.0234375;0.1015625;0.234375;0.0390625;0.02734375;0.109375;0.2421875;0.0234375;0.1015625;0.1875;0.029296875;0.1171875;0.2109375;0.021484375;0.078125;0.203125;0.025390625;0.01953125;0.046875;0.05078125;0.00390625;0.05078125;0.04296875;0.0029296875;0.05078125;0.0234375;0.001953125;0.05078125;0.0234375;0.0029296875;0.03515625;0.01171875;0.001953125;0.01953125;0.005859375;0.0009765625;0.0029296875;0.005859375;0.001953125;0.0009765625;0.01171875;0.0;0.0;0.5
10;10;57.55;0.125;0.140625;0.4375;0.046875;0.0390625;0.234375;0.21875;0.01171875;0.21875;0.328125;0.015625;0.109375;0.265625;0.044921875;0.033203125;0.1171875;0.2421875;0.0234375;0.109375;0.1875;0.029296875;0.1328125;0.234375;0.02734375;0.08984375;0.2265625;0.0283203125;0.021484375;0.046875;0.046875;0.00390625;0.05078125;0.03125;0.0029296875;0.04296875;0.0234375;0.001953125;0.046875;0.0234375;0.0029296875;0.0390625;0.01171875;0.0009765625;0.021484375;0.0078125;0.0009765625;0.0029296875;0.01171875;0.00390625;0.0;0.013671875;0.0;0.0;0.6;0.125;0.140625;0.421875;0.0546875;0.0390625;0.21875;0.25;0.02734375;0.21875;0.40625;0.02734375;0.1015625;0.2578125;0.04296875;0.029296875;0.109375;0.234375;0.02734375;0.1015625;0.203125;0.02734375;0.125;0.234375;0.02734375;0.0859375;0.22265625;0.02734375;0.021484375;0.04296875;0.046875;0.00390625;0.05078125;0.0390625;0.0029296875;0.04296875;0.0234375;0.001953125;0.046875;0.0234375;0.0029296875;0.0390625;0.01171875;0.0009765625;0.021484375;0.005859375;0.0009765625;0.0029296875;0.01171875;0.00390625;0.0;0.01171875;0.0;0.0;0.6
11;11;59.82;0.125;0.140625;0.40625;0.05078125;0.04296875;0.1875;0.25;0.01171875;0.21875;0.265625;0.01171875;0.1171875;0.2734375;0.048828125;0.03515625;0.1171875;0.234375;0.025390625;0.109375;0.203125;0.029296875;0.1328125;0.234375;0.025390625;0.09765625;0.234375;0.029296875;0.0224609375;0.046875;0.0390625;0.00390625;0.05078125;0.03125;0.0029296875;0.04296875;0.01953125;0.001953125;0.05078125;0.0234375;0.001953125;0.03125;0.01171875;0.0;0.0234375;0.009765625;0.00146484375;0.00341796875;0.013671875;0.001953125;0.0;0.013671875;0.0;0.0;0.6;0.125;0.140625;0.421875;0.0625;0.04296875;0.171875;0.25;0.0234375;0.21875;0.328125;0.0234375;0.109375;0.2734375;0.046875;0.033203125;0.109375;0.234375;0.02734375;0.109375;0.21875;0.03125;0.125;0.2109375;0.021484375;0.09375;0.2265625;0.0283203125;0.021484375;0.046875;0.05078125;0.00390625;0.05078125;0.03515625;0.0029296875;0.05078125;0.0234375;0.001953125;0.05078125;0.0234375;0.001953125;0.03515625;0.01171875;0.0;0.0234375;0.009765625;0.0009765625;0.00341796875;0.01171875;0.001953125;0.0;0.01171875;0.0;0.0;0.5
12;12;62.19;0.125;0.15625;0.40625;0.0625;0.04296875;0.1875;0.234375;0.01171875;0.1875;0.203125;0.01171875;0.125;0.2890625;0.048828125;0.037109375;0.125;0.234375;0.02734375;0.1171875;0.2109375;0.03125;0.1328125;0.234375;0.029296875;0.1015625;0.2421875;0.03125;0.0244140625;0.046875;0.0390625;0.00390625;0.05078125;0.02734375;0.0029296875;0.046875;0.01953125;0.001953125;0.04296875;0.01953125;0.001953125;0.0390625;0.0078125;0.0;0.0234375;0.009765625;0.0009765625;0.0029296875;0.013671875;0.001953125;0.00146484375;0.013671875;0.0;0.0;0.7;0.125;0.15625;0.390625;0.06640625;0.04296875;0.1875;0.21875;0.02734375;0.171875;0.25;0.01953125;0.109375;0.2734375;0.046875;0.033203125;0.1171875;0.2265625;0.03125;0.109375;0.203125;0.03125;0.125;0.2265625;0.029296875;0.09765625;0.23828125;0.029296875;0.021484375;0.04296875;0.0390625;0.00390625;0.046875;0.02734375;0.0029296875;0.04296875;0.01953125;0.001953125;0.0390625;0.01953125;0.001953125;0.0390625;0.0078125;0.0;0.0234375;0.0078125;0.0009765625;0.0029296875;0.013671875;0.001953125;0.001953125;0.015625;0.0;0.0;0.6
13;13;60.95;0.125;0.15625;0.375;0.05859375;0.04296875;0.171875;0.171875;0.01953125;0.203125;0.1875;0.015625;0.125;0.3046875;0.052734375;0.0390625;0.125;0.2421875;0.03125;0.125;0.2265625;0.03515625;0.140625;0.2421875;0.03125;0.10546875;0.24609375;0.029296875;0.0244140625;0.04296875;0.03125;0.00390625;0.05078125;0.0234375;0.0029296875;0.04296875;0.01953125;0.001953125;0.04296875;0.01953125;0.0009765625;0.03125;0.00390625;0.0;0.0234375;0.01171875;0.0009765625;0.0029296875;0.013671875;0.001953125;0.00244140625;0.013671875;0.0;0.0;0.6;0.125;0.15625;0.375;0.0703125;0.04296875;0.15625;0.171875;0.0234375;0.203125;0.203125;0.0234375;0.1171875;0.296875;0.05078125;0.03515625;0.1171875;0.2421875;0.03125;0.1171875;0.234375;0.037109375;0.140625;0.234375;0.029296875;0.1015625;0.2421875;0.0283203125;0.0244140625;0.04296875;0.03515625;0.00390625;0.05078125;0.03125;0.0029296875;0.046875;0.015625;0.001953125;0.03515625;0.015625;0.0009765625;0.03515625;0.00390625;0.0;0.01953125;0.0078125;0.0009765625;0.00341796875;0.01171875;0.0;0.001953125;0.013671875;0.0;0.0;0.6
14;14;65.34;0.125;0.15625;0.390625;0.05859375;0.04296875;0.171875;0.171875;0.015625;0.203125;0.1875;0.01171875;0.1328125;0.296875;0.0546875;0.0390625;0.1328125;0.2578125;0.03125;0.125;0.21875;0.033203125;0.1484375;0.25;0.03515625;0.11328125;0.26171875;0.0302734375;0.0263671875;0.046875;0.03125;0.0029296875;0.05078125;0.0234375;0.001953125;0.046875;0.015625;0.001953125;0.0390625;0.01171875;0.0009765625;0.03515625;0.00390625;0.0;0.0234375;0.009765625;0.0009765625;0.0029296875;0.013671875;0.001953125;0.00341796875;0.013671875;0.0;0.0;0.6;0.125;0.15625;0.390625;0.06640625;0.04296875;0.15625;0.15625;0.0234375;0.1875;0.21875;0.0234375;0.1171875;0.2890625;0.052734375;0.03515625;0.1171875;0.25;0.03125;0.109375;0.2109375;0.033203125;0.1328125;0.2578125;0.033203125;0.10546875;0.2578125;0.0302734375;0.0244140625;0.046875;0.03125;0.00390625;0.05078125;0.0234375;0.0029296875;0.046875;0.015625;0.001953125;0.03515625;0.015625;0.0009765625;0.03125;0.00390625;0.0;0.0234375;0.009765625;0.0009765625;0.0029296875;0.013671875;0.00390625;0.00244140625;0.013671875;0.001953125;0.0;0.7
15;15;66.3;0.125;0.15625;0.40625;0.0625;0.046875;0.1875;0.140625;0.01953125;0.203125;0.203125;0.015625;0.140625;0.3203125;0.056640625;0.04296875;0.140625;0.265625;0.03515625;0.125;0.2265625;0.033203125;0.15625;0.2578125;0.033203125;0.1171875;0.2578125;0.03125;0.02734375;0.046875;0.03125;0.0029296875;0.05078125;0.01953125;0.001953125;0.046875;0.015625;0.001953125;0.0390625;0.01171875;0.0009765625;0.03125;0.0;0.0;0.0234375;0.0078125;0.0009765625;0.0029296875;0.013671875;0.001953125;0.0029296875;0.013671875;0.0;0.0;0.6;0.140625;0.15625;0.375;0.06640625;0.04296875;0.15625;0.125;0.0234375;0.1875;0.21875;0.0234375;0.125;0.3203125;0.0546875;0.0390625;0.1328125;0.2578125;0.037109375;0.125;0.21875;0.033203125;0.1484375;0.2578125;0.03125;0.11328125;0.25390625;0.0302734375;0.0263671875;0.046875;0.03515625;0.0029296875;0.05078125;0.0234375;0.0029296875;0.046875;0.015625;0.001953125;0.03515625;0.01171875;0.0009765625;0.02734375;0.0;0.0;0.021484375;0.009765625;0.0009765625;0.0029296875;0.013671875;0.001953125;0.00390625;0.013671875;0.0;0.0;0.6
16;16;67.74;0.125;0.15625;0.40625;0.0703125;0.046875;0.171875;0.140625;0.01953125;0.1875;0.1875;0.01953125;0.140625;0.3125;0.056640625;0.04296875;0.140625;0.265625;0.037109375;0.1328125;0.2109375;0.033203125;0.1484375;0.265625;0.03515625;0.1171875;0.25;0.0283203125;0.0263671875;0.04296875;0.02734375;0.0029296875;0.04296875;0.0234375;0.001953125;0.04296875;0.015625;0.001953125;0.03125;0.01171875;0.0009765625;0.0390625;0.0;0.0;0.0234375;0.0078125;0.0009765625;0.00244140625;0.013671875;0.001953125;0.00244140625;0.013671875;0.0;0.0;0.6;0.125;0.15625;0.390625;0.0703125;0.046875;0.15625;0.125;0.0234375;0.1875;0.203125;0.02734375;0.1328125;0.3125;0.0546875;0.0390625;0.125;0.25;0.037109375;0.125;0.203125;0.033203125;0.1484375;0.2734375;0.033203125;0.11328125;0.25;0.029296875;0.025390625;0.04296875;0.03125;0.0029296875;0.046875;0.0234375;0.001953125;0.04296875;0.015625;0.001953125;0.02734375;0.01171875;0.0009765625;0.03125;0.0;0.0;0.0234375;0.0078125;0.0009765625;0.0029296875;0.013671875;0.001953125;0.0029296875;0.013671875;0.0;0.0;0.6
17;17;67.06;0.140625;0.171875;0.421875;0.06640625;0.046875;0.15625;0.125;0.01953125;0.203125;0.203125;0.01953125;0.1484375;0.3359375;0.056640625;0.046875;0.140625;0.2734375;0.041015625;0.125;0.2265625;0.03515625;0.15625;0.2734375;0.037109375;0.125;0.25;0.029296875;0.0283203125;0.046875;0.0234375;0.0029296875;0.04296875;0.0234375;0.001953125;0.046875;0.01953125;0.001953125;0.03515625;0.015625;0.0009765625;0.03125;0.0;0.0;0.0234375;0.009765625;0.0009765625;0.0029296875;0.013671875;0.001953125;0.0029296875;0.013671875;0.001953125;0.0;0.7;0.140625;0.171875;0.40625;0.07421875;0.046875;0.15625;0.125;0.0234375;0.203125;0.203125;0.02734375;0.140625;0.328125;0.056640625;0.041015625;0.1328125;0.2734375;0.041015625;0.125;0.2265625;0.03515625;0.1484375;0.265625;0.03515625;0.12109375;0.25;0.02734375;0.0283203125;0.04296875;0.02734375;0.0029296875;0.046875;0.0234375;0.001953125;0.04296875;0.015625;0.001953125;0.02734375;0.015625;0.0009765625;0.03125;0.0;0.0;0.021484375;0.005859375;0.0009765625;0.0029296875;0.013671875;0.001953125;0.0029296875;0.013671875;0.0;0.0;0.6
18;18;63.88;0.125;0.171875;0.421875;0.0703125;0.046875;0.15625;0.140625;0.01953125;0.203125;0.1875;0.015625;0.1484375;0.328125;0.060546875;0.044921875;0.140625;0.2890625;0.041015625;0.1328125;0.2421875;0.037109375;0.171875;0.2890625;0.0390625;0.12890625;0.26171875;0.029296875;0.029296875;0.046875;0.0234375;0.0029296875;0.04296875;0.01953125;0.001953125;0.04296875;0.01953125;0.001953125;0.03125;0.01171875;0.0009765625;0.03515625;0.0;0.0;0.0234375;0.0078125;0.00146484375;0.0029296875;0.013671875;0.001953125;0.001953125;0.013671875;0.0;0.00048828125;0.7;0.140625;0.171875;0.40625;0.078125;0.046875;0.15625;0.125;0.01953125;0.203125;0.1875;0.02734375;0.140625;0.3203125;0.05859375;0.04296875;0.140625;0.28125;0.041015625;0.125;0.2421875;0.037109375;0.1640625;0.28125;0.037109375;0.12109375;0.2578125;0.0283203125;0.029296875;0.046875;0.02734375;0.0029296875;0.046875;0.01953125;0.001953125;0.04296875;0.015625;0.001953125;0.02734375;0.01171875;0.0009765625;0.03125;0.0;0.0;0.021484375;0.0078125;0.0009765625;0.0029296875;0.013671875;0.0;0.0009765625;0.013671875;0.0;0.00048828125;0.6
19;19;62.62;0.125;0.171875;0.4375;0.0703125;0.046875;0.171875;0.125;0.01953125;0.1875;0.171875;0.01953125;0.1484375;0.3359375;0.060546875;0.044921875;0.140625;0.28125;0.046875;0.1328125;0.21875;0.03515625;0.171875;0.2890625;0.04296875;0.1328125;0.2578125;0.029296875;0.0283203125;0.04296875;0.02734375;0.0029296875;0.046875;0.01953125;0.001953125;0.04296875;0.015625;0.001953125;0.03125;0.01171875;0.0009765625;0.03125;0.0;0.0;0.025390625;0.0078125;0.00146484375;0.0029296875;0.013671875;0.001953125;0.0;0.013671875;0.0;0.0;0.7;0.140625;0.171875;0.40625;0.07421875;0.046875;0.171875;0.109375;0.0234375;0.1875;0.171875;0.0234375;0.1328125;0.3203125;0.05859375;0.041015625;0.1328125;0.265625;0.044921875;0.1328125;0.21875;0.03515625;0.1640625;0.28125;0.041015625;0.125;0.25;0.02734375;0.02734375;0.0390625;0.0234375;0.0029296875;0.046875;0.0234375;0.001953125;0.0390625;0.015625;0.001953125;0.02734375;0.0078125;0.0009765625;0.03125;0.0;0.0;0.0234375;0.0078125;0.00146484375;0.0029296875;0.01171875;0.001953125;0.0009765625;0.013671875;0.001953125;0.0;0.7
20;20;69.46;0.125;0.171875;0.4375;0.0703125;0.046875;0.15625;0.125;0.01953125;0.203125;0.15625;0.01953125;0.15625;0.34375;0.060546875;0.048828125;0.1484375;0.3046875;0.046875;0.140625;0.2265625;0.037109375;0.171875;0.296875;0.044921875;0.1328125;0.265625;0.029296875;0.0302734375;0.04296875;0.0234375;0.0029296875;0.04296875;0.01953125;0.001953125;0.04296875;0.015625;0.001953125;0.03515625;0.0078125;0.0009765625;0.03515625;0.0;0.0;0.025390625;0.009765625;0.00146484375;0.0029296875;0.013671875;0.001953125;0.00048828125;0.013671875;0.001953125;0.05126953125;0.7;0.140625;0.171875;0.421875;0.078125;0.046875;0.15625;0.109375;0.0234375;0.203125;0.171875;0.02734375;0.1484375;0.34375;0.05859375;0.044921875;0.1484375;0.296875;0.046875;0.1328125;0.21875;0.03515625;0.171875;0.3046875;0.04296875;0.12890625;0.265625;0.0283203125;0.029296875;0.04296875;0.0234375;0.0029296875;0.04296875;0.01953125;0.001953125;0.0390625;0.015625;0.001953125;0.03125;0.0078125;0.0009765625;0.03515625;0.0;0.0;0.025390625;0.009765625;0.00146484375;0.0029296875;0.013671875;0.0;0.0;0.013671875;0.001953125;0.00048828125;0.7
21;21;62.71;0.125;0.171875;0.4375;0.0703125;0.046875;0.15625;0.140625;0.01953125;0.203125;0.171875;0.015625;0.15625;0.34375;0.060546875;0.05078125;0.15625;0.3046875;0.044921875;0.140625;0.234375;0.037109375;0.1875;0.3203125;0.046875;0.13671875;0.27734375;0.0283203125;0.03125;0.04296875;0.01953125;0.001953125;0.04296875;0.01953125;0.001953125;0.0390625;0.015625;0.001953125;0.03515625;0.01171875;0.0009765625;0.03515625;0.0;0.0;0.025390625;0.0078125;0.00146484375;0.0029296875;0.013671875;0.0;0.00048828125;0.013671875;0.001953125;0.0;0.7;0.140625;0.171875;0.40625;0.07421875;0.046875;0.140625;0.125;0.0234375;0.1875;0.15625;0.02734375;0.1484375;0.3359375;0.060546875;0.046875;0.1484375;0.2890625;0.046875;0.140625;0.2265625;0.03515625;0.1796875;0.3125;0.046875;0.1328125;0.265625;0.0263671875;0.0302734375;0.04296875;0.01953125;0.001953125;0.046875;0.01953125;0.001953125;0.0390625;0.015625;0.001953125;0.03125;0.01171875;0.0009765625;0.03125;0.0;0.0;0.021484375;0.0078125;0.00146484375;0.0029296875;0.013671875;0.0;0.0;0.013671875;0.001953125;0.0908203125;0.7
22;22;56.3;0.140625;0.171875;0.4375;0.0703125;0.046875;0.15625;0.140625;0.01953125;0.203125;0.171875;0.01953125;0.1484375;0.3671875;0.0625;0.046875;0.1484375;0.3125;0.044921875;0.1484375;0.2578125;0.037109375;0.1875;0.328125;0.046875;0.140625;0.26953125;0.02734375;0.03125;0.04296875;0.015625;0.001953125;0.0390625;0.01953125;0.001953125;0.04296875;0.01171875;0.001953125;0.03515625;0.0078125;0.0009765625;0.03515625;0.0;0.0;0.0234375;0.0078125;0.00146484375;0.0029296875;0.01171875;0.0;0.1005859375;0.013671875;0.001953125;0.048828125;0.7;0.140625;0.171875;0.40625;0.078125;0.046875;0.140625;0.125;0.02734375;0.203125;0.1875;0.02734375;0.140625;0.3515625;0.060546875;0.04296875;0.1484375;0.3125;0.046875;0.140625;0.25;0.03515625;0.1796875;0.3203125;0.04296875;0.1328125;0.25390625;0.025390625;0.029296875;0.0390625;0.015625;0.001953125;0.04296875;0.01953125;0.001953125;0.0390625;0.01171875;0.001953125;0.03125;0.0078125;0.0009765625;0.02734375;0.0;0.0;0.021484375;0.0078125;0.00146484375;0.0029296875;0.01171875;0.0;0.0;0.01171875;0.001953125;0.09619140625;0.6
23;23;66.14;0.125;0.15625;0.4375;0.0703125;0.046875;0.15625;0.140625;0.01953125;0.21875;0.171875;0.01953125;0.15625;0.359375;0.0625;0.05078125;0.1484375;0.3046875;0.05078125;0.1484375;0.234375;0.03515625;0.1875;0.3515625;0.052734375;0.14453125;0.26953125;0.025390625;0.03125;0.0390625;0.01953125;0.001953125;0.04296875;0.01953125;0.001953125;0.0390625;0.01171875;0.001953125;0.03125;0.0078125;0.0009765625;0.03515625;0.0;0.0;0.021484375;0.0078125;0.00146484375;0.0029296875;0.013671875;0.0;0.0;0.013671875;0.001953125;0.083984375;0.7;0.140625;0.171875;0.421875;0.078125;0.046875;0.15625;0.125;0.02734375;0.203125;0.15625;0.02734375;0.1484375;0.3515625;0.060546875;0.044921875;0.140625;0.2890625;0.048828125;0.140625;0.234375;0.03515625;0.1875;0.3515625;0.052734375;0.140625;0.27734375;0.0244140625;0.0302734375;0.0390625;0.01953125;0.001953125;0.04296875;0.01953125;0.001953125;0.0390625;0.01171875;0.001953125;0.02734375;0.0078125;0.0009765625;0.03515625;0.0;0.0;0.01953125;0.0078125;0.00146484375;0.0029296875;0.01171875;0.0;0.11669921875;0.013671875;0.001953125;0.0498046875;0.7
24;24;66.56;0.140625;0.1875;0.421875;0.07421875;0.046875;0.15625;0.125;0.01953125;0.203125;0.171875;0.0234375;0.1640625;0.359375;0.0625;0.05078125;0.15625;0.328125;0.052734375;0.15625;0.2421875;0.037109375;0.1953125;0.3515625;0.0546875;0.14453125;0.26171875;0.025390625;0.03125;0.04296875;0.015625;0.001953125;0.0390625;0.015625;0.001953125;0.04296875;0.01171875;0.001953125;0.03125;0.01171875;0.0009765625;0.03125;0.0;0.0;0.0234375;0.0078125;0.001953125;0.0029296875;0.013671875;0.0;0.10107421875;0.013671875;0.001953125;0.04541015625;0.7;0.140625;0.1875;0.40625;0.078125;0.046875;0.140625;0.109375;0.0234375;0.203125;0.1875;0.02734375;0.15625;0.3515625;0.060546875;0.048828125;0.1484375;0.3125;0.052734375;0.1484375;0.234375;0.03515625;0.1875;0.3515625;0.0546875;0.140625;0.265625;0.0244140625;0.0302734375;0.04296875;0.015625;0.001953125;0.0390625;0.015625;0.001953125;0.0390625;0.01171875;0.001953125;0.02734375;0.01171875;0.0009765625;0.03125;0.0;0.0;0.021484375;0.0078125;0.00146484375;0.0029296875;0.01171875;0.0;0.1171875;0.01171875;0.001953125;0.09228515625;0.7
25;25;65.34;0.140625;0.1875;0.4375;0.0703125;0.046875;0.15625;0.140625;0.01953125;0.203125;0.1875;0.0234375;0.1640625;0.375;0.064453125;0.05078125;0.1640625;0.328125;0.052734375;0.1484375;0.234375;0.03515625;0.1953125;0.3515625;0.052734375;0.14453125;0.2578125;0.0263671875;0.0302734375;0.0390625;0.015625;0.0009765625;0.03515625;0.015625;0.001953125;0.04296875;0.01171875;0.001953125;0.03125;0.01171875;0.001953125;0.03515625;0.0;0.0;0.0234375;0.0078125;0.00146484375;0.0029296875;0.013671875;0.0;0.09716796875;0.013671875;0.001953125;0.0537109375;0.7;0.140625;0.171875;0.4375;0.078125;0.046875;0.15625;0.140625;0.02734375;0.21875;0.171875;0.02734375;0.1640625;0.359375;0.0625;0.048828125;0.15625;0.3203125;0.052734375;0.140625;0.2265625;0.03125;0.1953125;0.34375;0.05078125;0.140625;0.265625;0.025390625;0.0302734375;0.04296875;0.015625;0.001953125;0.03515625;0.015625;0.001953125;0.0390625;0.01171875;0.001953125;0.0234375;0.01171875;0.001953125;0.03515625;0.0;0.0;0.021484375;0.0078125;0.00146484375;0.0029296875;0.01171875;0.0;0.12451171875;0.01171875;0.001953125;0.087890625;0.6
26;26;70.05;0.140625;0.1875;0.453125;0.078125;0.046875;0.15625;0.140625;0.0234375;0.203125;0.1875;0.0234375;0.171875;0.375;0.06640625;0.052734375;0.1640625;0.3359375;0.0546875;0.15625;0.2421875;0.037109375;0.2109375;0.3515625;0.05078125;0.15234375;0.2734375;0.0263671875;0.0322265625;0.0390625;0.01171875;0.0009765625;0.0390625;0.01171875;0.001953125;0.046875;0.01171875;0.001953125;0.03515625;0.01171875;0.001953125;0.03515625;0.0;0.0;0.0234375;0.0078125;0.00146484375;0.0029296875;0.01171875;0.0;0.10107421875;0.013671875;0.001953125;0.0732421875;0.7;0.140625;0.1875;0.4375;0.08203125;0.05078125;0.15625;0.125;0.02734375;0.21875;0.1875;0.02734375;0.1640625;0.3671875;0.068359375;0.05078125;0.15625;0.3359375;0.0546875;0.1484375;0.2265625;0.037109375;0.203125;0.34375;0.05078125;0.1484375;0.265625;0.0244140625;0.03125;0.0390625;0.015625;0.0009765625;0.0390625;0.015625;0.001953125;0.04296875;0.01171875;0.001953125;0.03125;0.01171875;0.001953125;0.02734375;0.0;0.0;0.021484375;0.0078125;0.00146484375;0.0029296875;0.01171875;0.0;0.1279296875;0.01171875;0.001953125;0.08984375;0.7
27;27;64.79;0.140625;0.1875;0.46875;0.078125;0.05078125;0.15625;0.140625;0.0234375;0.21875;0.1875;0.02734375;0.171875;0.3828125;0.068359375;0.0546875;0.171875;0.3359375;0.056640625;0.15625;0.2421875;0.037109375;0.2109375;0.3515625;0.0546875;0.15234375;0.2734375;0.025390625;0.033203125;0.0390625;0.015625;0.0009765625;0.0390625;0.01171875;0.001953125;0.04296875;0.01171875;0.001953125;0.03515625;0.01171875;0.0009765625;0.03515625;0.0;0.0;0.021484375;0.0078125;0.00146484375;0.0029296875;0.013671875;0.0;0.10009765625;0.013671875;0.0;0.0751953125;0.7;0.140625;0.1875;0.453125;0.08203125;0.05078125;0.140625;0.125;0.0234375;0.21875;0.1875;0.03125;0.1640625;0.375;0.06640625;0.05078125;0.1640625;0.328125;0.0546875;0.1484375;0.2421875;0.037109375;0.1953125;0.328125;0.05078125;0.14453125;0.26171875;0.0224609375;0.0302734375;0.03515625;0.015625;0.0009765625;0.04296875;0.015625;0.001953125;0.0390625;0.01171875;0.001953125;0.0234375;0.01171875;0.0009765625;0.02734375;0.0;0.0;0.021484375;0.005859375;0.00146484375;0.0029296875;0.01171875;0.0;0.11572265625;0.013671875;0.001953125;0.06689453125;0.6
28;28;66.37;0.140625;0.171875;0.453125;0.078125;0.046875;0.140625;0.15625;0.0234375;0.203125;0.203125;0.02734375;0.171875;0.3984375;0.068359375;0.056640625;0.171875;0.34375;0.060546875;0.1640625;0.25;0.037109375;0.2109375;0.3671875;0.05859375;0.15234375;0.26171875;0.0244140625;0.0322265625;0.0390625;0.01171875;0.0009765625;0.0390625;0.01171875;0.001953125;0.0390625;0.01171875;0.001953125;0.03125;0.01171875;0.0009765625;0.02734375;0.0;0.0;0.021484375;0.0078125;0.00146484375;0.0029296875;0.013671875;0.0;0.10546875;0.013671875;0.0;0.0732421875;0.7;0.140625;0.171875;0.421875;0.08203125;0.046875;0.140625;0.140625;0.03125;0.203125;0.203125;0.03125;0.171875;0.390625;0.06640625;0.0546875;0.1640625;0.3359375;0.05859375;0.15625;0.25;0.0390625;0.203125;0.359375;0.05859375;0.1484375;0.265625;0.0244140625;0.03125;0.0390625;0.01171875;0.0009765625;0.03515625;0.01171875;0.001953125;0.0390625;0.0078125;0.001953125;0.03125;0.01171875;0.0009765625;0.02734375;0.0;0.0;0.021484375;0.005859375;0.00146484375;0.0029296875;0.01171875;0.0;0.12109375;0.013671875;0.0;0.07373046875;0.7
29;29;70.25;0.140625;0.171875;0.4375;0.078125;0.046875;0.125;0.140625;0.0234375;0.203125;0.203125;0.02734375;0.1796875;0.390625;0.068359375;0.0546875;0.1640625;0.34375;0.0625;0.1640625;0.25;0.0390625;0.2109375;0.3671875;0.0546875;0.16015625;0.2734375;0.025390625;0.0341796875;0.0390625;0.01171875;0.0009765625;0.0390625;0.01171875;0.001953125;0.0390625;0.0078125;0.001953125;0.03125;0.01171875;0.0009765625;0.03125;0.0;0.0;0.021484375;0.005859375;0.00146484375;0.0029296875;0.013671875;0.0;0.10205078125;0.013671875;0.001953125;0.0654296875;0.7;0.140625;0.171875;0.421875;0.078125;0.046875;0.125;0.140625;0.02734375;0.203125;0.203125;0.03125;0.171875;0.3828125;0.06640625;0.05078125;0.1640625;0.3359375;0.05859375;0.1484375;0.234375;0.037109375;0.203125;0.3515625;0.052734375;0.15234375;0.26171875;0.0234375;0.0322265625;0.0390625;0.01171875;0.0009765625;0.03515625;0.01171875;0.001953125;0.0390625;0.0078125;0.001953125;0.02734375;0.01171875;0.0009765625;0.02734375;0.0;0.0;0.021484375;0.005859375;0.00146484375;0.0029296875;0.013671875;0.0;0.125;0.013671875;0.001953125;0.07275390625;0.7
30;30;71.79;0.140625;0.1875;0.453125;0.078125;0.046875;0.140625;0.171875;0.0234375;0.21875;0.21875;0.02734375;0.171875;0.3984375;0.0703125;0.0546875;0.171875;0.3515625;0.060546875;0.1640625;0.2578125;0.0390625;0.2109375;0.3671875;0.060546875;0.16015625;0.26171875;0.0244140625;0.03515625;0.0390625;0.01171875;0.0009765625;0.0390625;0.01171875;0.001953125;0.0390625;0.0078125;0.001953125;0.03515625;0.01171875;0.0009765625;0.03125;0.0;0.0;0.01953125;0.0078125;0.001953125;0.0029296875;0.01171875;0.001953125;0.1044921875;0.013671875;0.001953125;0.06884765625;0.7;0.140625;0.1875;0.4375;0.078125;0.046875;0.140625;0.15625;0.02734375;0.21875;0.21875;0.03125;0.1640625;0.390625;0.068359375;0.052734375;0.1640625;0.3515625;0.05859375;0.15625;0.2578125;0.0390625;0.2109375;0.3671875;0.05859375;0.16015625;0.26953125;0.0244140625;0.0341796875;0.0390625;0.01171875;0.0009765625;0.0390625;0.01171875;0.001953125;0.04296875;0.0078125;0.001953125;0.03125;0.01171875;0.0009765625;0.03125;0.0;0.0;0.021484375;0.0078125;0.001953125;0.0029296875;0.013671875;0.001953125;0.123046875;0.013671875;0.0;0.083984375;0.7
31;31;66.19;0.140625;0.171875;0.4375;0.078125;0.046875;0.140625;0.15625;0.0234375;0.234375;0.1875;0.0234375;0.1796875;0.390625;0.0703125;0.056640625;0.171875;0.34375;0.0625;0.1640625;0.2421875;0.037109375;0.2265625;0.3828125;0.0625;0.1640625;0.26171875;0.0244140625;0.033203125;0.0390625;0.0078125;0.0009765625;0.03515625;0.0078125;0.001953125;0.04296875;0.01171875;0.001953125;0.03125;0.01171875;0.0009765625;0.0390625;0.0;0.0;0.021484375;0.0078125;0.001953125;0.0029296875;0.013671875;0.001953125;0.1025390625;0.013671875;0.0;0.0791015625;0.7;0.140625;0.171875;0.421875;0.08203125;0.05078125;0.125;0.140625;0.03125;0.234375;0.203125;0.03125;0.171875;0.390625;0.068359375;0.052734375;0.1640625;0.3359375;0.060546875;0.15625;0.234375;0.037109375;0.2265625;0.375;0.060546875;0.15625;0.26171875;0.0234375;0.03125;0.0390625;0.0078125;0.0009765625;0.03515625;0.01171875;0.001953125;0.0390625;0.0078125;0.001953125;0.02734375;0.01171875;0.0009765625;0.03515625;0.0;0.0;0.021484375;0.0078125;0.001953125;0.0029296875;0.01171875;0.001953125;0.12255859375;0.01171875;0.0;0.0830078125;0.6
32;32;64.01;0.140625;0.171875;0.4375;0.078125;0.05078125;0.140625;0.171875;0.02734375;0.21875;0.203125;0.02734375;0.1875;0.3984375;0.0703125;0.05859375;0.171875;0.3515625;0.064453125;0.1640625;0.2578125;0.041015625;0.21875;0.3828125;0.0625;0.1640625;0.26953125;0.0244140625;0.03515625;0.0390625;0.0078125;0.0009765625;0.0390625;0.01171875;0.001953125;0.0390625;0.0078125;0.001953125;0.02734375;0.0078125;0.0009765625;0.03515625;0.0;0.0;0.021484375;0.0078125;0.00146484375;0.0029296875;0.01171875;0.001953125;0.10107421875;0.013671875;0.0;0.076171875;0.7;0.140625;0.171875;0.421875;0.0859375;0.05078125;0.140625;0.15625;0.03125;0.21875;0.203125;0.03125;0.171875;0.390625;0.0703125;0.0546875;0.1640625;0.34375;0.0625;0.1640625;0.2578125;0.041015625;0.2109375;0.3828125;0.0625;0.15625;0.26953125;0.0244140625;0.033203125;0.0390625;0.0078125;0.0009765625;0.0390625;0.01171875;0.001953125;0.03515625;0.0078125;0.001953125;0.0234375;0.0078125;0.0009765625;0.03515625;0.0;0.0;0.021484375;0.005859375;0.00146484375;0.0029296875;0.01171875;0.001953125;0.1240234375;0.013671875;0.0;0.078125;0.7
33;33;67.67;0.140625;0.1875;0.453125;0.08203125;0.05078125;0.140625;0.171875;0.0234375;0.234375;0.21875;0.03125;0.1875;0.40625;0.072265625;0.060546875;0.1796875;0.359375;0.064453125;0.1796875;0.265625;0.041015625;0.234375;0.3984375;0.06640625;0.16796875;0.265625;0.0234375;0.03515625;0.0390625;0.0078125;0.0009765625;0.03515625;0.01171875;0.001953125;0.0390625;0.0078125;0.001953125;0.03125;0.0078125;0.0009765625;0.03125;0.0;0.0;0.021484375;0.0078125;0.00146484375;0.0029296875;0.013671875;0.001953125;0.10009765625;0.013671875;0.0;0.068359375;0.7;0.140625;0.171875;0.4375;0.0859375;0.05078125;0.140625;0.15625;0.03125;0.25;0.21875;0.0390625;0.171875;0.3984375;0.072265625;0.056640625;0.1640625;0.3515625;0.0625;0.171875;0.2578125;0.041015625;0.2265625;0.3828125;0.064453125;0.1640625;0.265625;0.0224609375;0.03515625;0.0390625;0.0078125;0.0009765625;0.0390625;0.01171875;0.001953125;0.0390625;0.0078125;0.001953125;0.02734375;0.0078125;0.0009765625;0.02734375;0.0;0.0;0.01953125;0.005859375;0.00146484375;0.0029296875;0.01171875;0.001953125;0.1103515625;0.013671875;0.0;0.076171875;0.7
34;34;68.39;0.140625;0.1875;0.46875;0.08203125;0.05078125;0.15625;0.15625;0.0234375;0.234375;0.203125;0.02734375;0.1875;0.4140625;0.07421875;0.060546875;0.171875;0.3671875;0.064453125;0.171875;0.2578125;0.044921875;0.234375;0.3984375;0.06640625;0.16796875;0.2578125;0.0224609375;0.03515625;0.0390625;0.0078125;0.0009765625;0.03515625;0.0078125;0.001953125;0.03515625;0.01171875;0.001953125;0.03515625;0.0078125;0.0009765625;0.03515625;0.0;0.0;0.01953125;0.005859375;0.00146484375;0.0029296875;0.01171875;0.001953125;0.103515625;0.013671875;0.0;0.05224609375;0.7;0.140625;0.171875;0.421875;0.08203125;0.05078125;0.15625;0.15625;0.02734375;0.234375;0.203125;0.03515625;0.171875;0.390625;0.072265625;0.0546875;0.1640625;0.3515625;0.0625;0.171875;0.2578125;0.04296875;0.2265625;0.3984375;0.06640625;0.16015625;0.265625;0.0224609375;0.0341796875;0.04296875;0.0078125;0.0009765625;0.03515625;0.01171875;0.001953125;0.03515625;0.01171875;0.001953125;0.02734375;0.0078125;0.0009765625;0.02734375;0.0;0.0;0.01953125;0.0078125;0.00146484375;0.0029296875;0.013671875;0.001953125;0.119140625;0.013671875;0.0;0.05224609375;0.7
35;35;67.3;0.140625;0.203125;0.484375;0.08984375;0.05078125;0.140625;0.171875;0.02734375;0.265625;0.21875;0.03125;0.203125;0.421875;0.076171875;0.060546875;0.1796875;0.3671875;0.06640625;0.171875;0.25;0.0390625;0.234375;0.3984375;0.06640625;0.171875;0.265625;0.0224609375;0.037109375;0.0390625;0.0078125;0.0009765625;0.03515625;0.0078125;0.001953125;0.0390625;0.01171875;0.001953125;0.03125;0.0078125;0.0009765625;0.03125;0.0;0.0;0.01953125;0.0078125;0.00146484375;0.0029296875;0.013671875;0.001953125;0.09228515625;0.013671875;0.0;0.0498046875;0.7;0.140625;0.1875;0.453125;0.09375;0.05078125;0.140625;0.171875;0.03515625;0.25;0.203125;0.03515625;0.1875;0.40625;0.072265625;0.0546875;0.171875;0.359375;0.064453125;0.1640625;0.234375;0.037109375;0.2265625;0.390625;0.064453125;0.16796875;0.265625;0.021484375;0.03515625;0.0390625;0.0078125;0.0009765625;0.03515625;0.01171875;0.001953125;0.03515625;0.01171875;0.001953125;0.02734375;0.00390625;0.0009765625;0.03125;0.0;0.0;0.01953125;0.005859375;0.00146484375;0.0029296875;0.01171875;0.001953125;0.123046875;0.013671875;0.0;0.0625;0.7
36;36;66.79;0.140625;0.1875;0.5;0.0859375;0.05078125;0.140625;0.171875;0.02734375;0.25;0.21875;0.03125;0.1953125;0.40625;0.076171875;0.0625;0.1796875;0.359375;0.064453125;0.171875;0.265625;0.04296875;0.234375;0.3984375;0.068359375;0.17578125;0.26171875;0.0224609375;0.037109375;0.03515625;0.0078125;0.0009765625;0.03125;0.01171875;0.001953125;0.0390625;0.01171875;0.001953125;0.03125;0.0078125;0.0;0.03515625;0.0;0.0;0.01953125;0.005859375;0.001953125;0.0029296875;0.013671875;0.001953125;0.09912109375;0.013671875;0.0;0.0732421875;0.7;0.140625;0.1875;0.484375;0.08984375;0.05078125;0.140625;0.171875;0.03515625;0.234375;0.203125;0.03515625;0.1796875;0.390625;0.072265625;0.0546875;0.171875;0.3515625;0.064453125;0.15625;0.25;0.041015625;0.2265625;0.390625;0.06640625;0.1640625;0.25390625;0.021484375;0.0341796875;0.03515625;0.0078125;0.0009765625;0.03515625;0.01171875;0.001953125;0.0390625;0.0078125;0.001953125;0.02734375;0.0078125;0.0;0.03125;0.0;0.0;0.015625;0.005859375;0.00146484375;0.0029296875;0.01171875;0.001953125;0.1181640625;0.01171875;0.0;0.087890625;0.7
37;37;68.79;0.140625;0.203125;0.46875;0.08984375;0.05078125;0.15625;0.15625;0.02734375;0.234375;0.203125;0.03125;0.203125;0.421875;0.080078125;0.064453125;0.1875;0.375;0.06640625;0.171875;0.2734375;0.04296875;0.2421875;0.3984375;0.068359375;0.171875;0.26953125;0.0234375;0.03515625;0.0390625;0.0078125;0.0009765625;0.03515625;0.01171875;0.001953125;0.03515625;0.0078125;0.001953125;0.0234375;0.00390625;0.0;0.03125;0.0;0.0;0.021484375;0.0078125;0.001953125;0.0029296875;0.01171875;0.001953125;0.10546875;0.013671875;0.0;0.0634765625;0.7;0.140625;0.203125;0.453125;0.09375;0.05078125;0.140625;0.140625;0.03515625;0.234375;0.203125;0.03515625;0.1875;0.40625;0.076171875;0.05859375;0.1796875;0.3671875;0.064453125;0.1640625;0.265625;0.04296875;0.234375;0.3984375;0.06640625;0.1640625;0.2734375;0.0224609375;0.033203125;0.0390625;0.0078125;0.0009765625;0.03125;0.01171875;0.001953125;0.03515625;0.0078125;0.001953125;0.0234375;0.00390625;0.0;0.02734375;0.0;0.0;0.01953125;0.005859375;0.00146484375;0.0029296875;0.01171875;0.001953125;0.1201171875;0.01171875;0.0;0.0673828125;0.7
38;38;68.52;0.140625;0.1875;0.484375;0.0859375;0.05078125;0.15625;0.171875;0.03125;0.25;0.21875;0.03125;0.1953125;0.4296875;0.078125;0.064453125;0.1875;0.3828125;0.068359375;0.1796875;0.2734375;0.04296875;0.25;0.4140625;0.072265625;0.17578125;0.265625;0.0224609375;0.037109375;0.03515625;0.0078125;0.0009765625;0.03125;0.01171875;0.001953125;0.03515625;0.0078125;0.001953125;0.03125;0.0;0.0;0.02734375;0.0;0.0;0.01953125;0.0078125;0.001953125;0.0029296875;0.013671875;0.001953125;0.09912109375;0.013671875;0.0;0.0595703125;0.7;0.140625;0.1875;0.453125;0.09375;0.0546875;0.15625;0.171875;0.03515625;0.234375;0.21875;0.03515625;0.1875;0.4140625;0.076171875;0.060546875;0.1796875;0.375;0.068359375;0.1640625;0.265625;0.041015625;0.2421875;0.40625;0.0703125;0.16796875;0.265625;0.0224609375;0.03515625;0.03515625;0.0078125;0.0009765625;0.03515625;0.01171875;0.001953125;0.03515625;0.0078125;0.001953125;0.02734375;0.00390625;0.0;0.02734375;0.0;0.0;0.01953125;0.005859375;0.00146484375;0.0029296875;0.013671875;0.001953125;0.12158203125;0.013671875;0.0;0.0751953125;0.7
39;39;74.64;0.140625;0.1875;0.46875;0.0859375;0.05078125;0.15625;0.171875;0.03125;0.25;0.21875;0.03125;0.203125;0.4140625;0.078125;0.06640625;0.1875;0.3828125;0.0703125;0.1796875;0.28125;0.044921875;0.2578125;0.421875;0.072265625;0.1796875;0.2734375;0.0224609375;0.0380859375;0.03515625;0.0078125;0.0009765625;0.03515625;0.0078125;0.001953125;0.0390625;0.0078125;0.001953125;0.02734375;0.0;0.0;0.02734375;0.0;0.0;0.021484375;0.005859375;0.00146484375;0.0029296875;0.013671875;0.001953125;0.10546875;0.013671875;0.0;0.0498046875;0.7;0.140625;0.1875;0.453125;0.08984375;0.0546875;0.15625;0.171875;0.03515625;0.265625;0.21875;0.03515625;0.1953125;0.4140625;0.078125;0.0625;0.1796875;0.3671875;0.06640625;0.1796875;0.265625;0.041015625;0.25;0.4140625;0.07421875;0.17578125;0.27734375;0.0224609375;0.0361328125;0.0390625;0.0078125;0.0009765625;0.03515625;0.0078125;0.001953125;0.0390625;0.0078125;0.001953125;0.01953125;0.0;0.0;0.0234375;0.0;0.0;0.01953125;0.005859375;0.00146484375;0.0029296875;0.01171875;0.001953125;0.12548828125;0.013671875;0.0;0.0458984375;0.7
40;40;69.3;0.140625;0.203125;0.5;0.0859375;0.05078125;0.15625;0.1875;0.03125;0.265625;0.234375;0.03125;0.203125;0.4140625;0.078125;0.06640625;0.1953125;0.390625;0.0703125;0.1875;0.2890625;0.044921875;0.2578125;0.421875;0.068359375;0.1796875;0.2734375;0.0224609375;0.037109375;0.03515625;0.0078125;0.0009765625;0.03125;0.0078125;0.001953125;0.03515625;0.0078125;0.001953125;0.02734375;0.0;0.0;0.03125;0.0;0.0;0.01953125;0.005859375;0.00146484375;0.0029296875;0.013671875;0.001953125;0.1025390625;0.013671875;0.0;0.07373046875;0.7;0.140625;0.203125;0.484375;0.08984375;0.0546875;0.15625;0.171875;0.0390625;0.265625;0.234375;0.03515625;0.1953125;0.3984375;0.076171875;0.0625;0.1875;0.3828125;0.068359375;0.1796875;0.2890625;0.044921875;0.25;0.421875;0.068359375;0.17578125;0.28125;0.0224609375;0.037109375;0.03515625;0.0078125;0.0009765625;0.03515625;0.01171875;0.001953125;0.03515625;0.0078125;0.001953125;0.0234375;0.0;0.0;0.03125;0.0;0.0;0.017578125;0.005859375;0.00146484375;0.0029296875;0.01171875;0.00390625;0.12255859375;0.013671875;0.0;0.08544921875;0.7
41;41;71.41;0.140625;0.203125;0.5;0.08984375;0.05078125;0.15625;0.171875;0.02734375;0.265625;0.234375;0.03515625;0.203125;0.4375;0.080078125;0.064453125;0.1953125;0.3828125;0.0703125;0.1796875;0.28125;0.044921875;0.2578125;0.421875;0.0703125;0.1875;0.27734375;0.0224609375;0.0400390625;0.0390625;0.0078125;0.0009765625;0.03125;0.01171875;0.001953125;0.03515625;0.0078125;0.001953125;0.02734375;0.0;0.0;0.03125;0.0;0.0;0.01953125;0.0078125;0.001953125;0.0029296875;0.01171875;0.001953125;0.099609375;0.013671875;0.0;0.06689453125;0.7;0.140625;0.203125;0.46875;0.08984375;0.0546875;0.140625;0.15625;0.03515625;0.265625;0.234375;0.0390625;0.1875;0.4296875;0.080078125;0.05859375;0.1875;0.375;0.0703125;0.1640625;0.265625;0.044921875;0.2578125;0.4140625;0.0703125;0.1796875;0.26953125;0.0224609375;0.037109375;0.0390625;0.0078125;0.0009765625;0.03515625;0.01171875;0.001953125;0.02734375;0.0078125;0.001953125;0.0234375;0.0;0.0;0.02734375;0.0;0.0;0.01953125;0.0078125;0.001953125;0.0029296875;0.01171875;0.001953125;0.11279296875;0.013671875;0.0;0.08056640625;0.7
42;42;68.92;0.140625;0.203125;0.484375;0.08984375;0.0546875;0.140625;0.15625;0.03125;0.265625;0.234375;0.03125;0.203125;0.4375;0.08203125;0.06640625;0.1953125;0.3984375;0.072265625;0.1796875;0.2578125;0.044921875;0.2578125;0.421875;0.072265625;0.18359375;0.26953125;0.0224609375;0.0400390625;0.04296875;0.0078125;0.0009765625;0.03515625;0.01171875;0.001953125;0.03515625;0.0078125;0.001953125;0.0234375;0.0;0.0;0.03515625;0.0;0.0;0.021484375;0.005859375;0.00146484375;0.0029296875;0.013671875;0.001953125;0.107421875;0.013671875;0.0;0.0634765625;0.7;0.140625;0.203125;0.453125;0.09375;0.0546875;0.15625;0.15625;0.03515625;0.28125;0.25;0.0390625;0.1953125;0.421875;0.078125;0.0625;0.1875;0.390625;0.072265625;0.1640625;0.2578125;0.04296875;0.2578125;0.4140625;0.0703125;0.17578125;0.265625;0.0224609375;0.0380859375;0.04296875;0.0078125;0.0009765625;0.03515625;0.01171875;0.001953125;0.03515625;0.0078125;0.001953125;0.0234375;0.0;0.0;0.02734375;0.0;0.0;0.017578125;0.005859375;0.00146484375;0.0029296875;0.013671875;0.001953125;0.12744140625;0.013671875;0.001953125;0.06640625;0.7
43;43;67.89;0.140625;0.203125;0.5;0.09375;0.0546875;0.15625;0.171875;0.03125;0.265625;0.234375;0.03515625;0.2109375;0.4453125;0.08203125;0.06640625;0.1953125;0.390625;0.072265625;0.1875;0.2734375;0.044921875;0.2578125;0.421875;0.0703125;0.1875;0.27734375;0.0234375;0.0390625;0.0390625;0.0078125;0.0009765625;0.03515625;0.0078125;0.001953125;0.0390625;0.0078125;0.001953125;0.02734375;0.0;0.0;0.03125;0.0;0.0;0.021484375;0.0078125;0.00146484375;0.0029296875;0.013671875;0.001953125;0.103515625;0.013671875;0.001953125;0.07568359375;0.7;0.15625;0.203125;0.46875;0.09765625;0.0546875;0.15625;0.15625;0.0390625;0.265625;0.234375;0.0390625;0.1953125;0.4296875;0.080078125;0.0625;0.1875;0.390625;0.072265625;0.1796875;0.28125;0.046875;0.25;0.4140625;0.072265625;0.1796875;0.27734375;0.0234375;0.0380859375;0.0390625;0.0078125;0.0009765625;0.03515625;0.01171875;0.001953125;0.0390625;0.0078125;0.001953125;0.0234375;0.0;0.0;0.03125;0.0;0.0;0.01953125;0.005859375;0.00146484375;0.0029296875;0.01171875;0.0078125;0.119140625;0.013671875;0.001953125;0.06884765625;0.7
44;44;70.46;0.140625;0.203125;0.5;0.09375;0.0546875;0.15625;0.171875;0.03125;0.265625;0.234375;0.03515625;0.2109375;0.4375;0.080078125;0.068359375;0.1953125;0.40625;0.072265625;0.1875;0.2734375;0.046875;0.2734375;0.4375;0.07421875;0.19140625;0.265625;0.0224609375;0.0380859375;0.0390625;0.0078125;0.0009765625;0.03515625;0.01171875;0.001953125;0.03515625;0.0078125;0.001953125;0.02734375;0.0;0.0;0.03125;0.0;0.0;0.017578125;0.0078125;0.00146484375;0.0029296875;0.01171875;0.005859375;0.10009765625;0.013671875;0.0;0.06787109375;0.7;0.15625;0.203125;0.46875;0.09765625;0.0546875;0.15625;0.171875;0.03515625;0.25;0.234375;0.0390625;0.1953125;0.421875;0.078125;0.0625;0.1875;0.390625;0.068359375;0.1796875;0.265625;0.044921875;0.265625;0.4453125;0.076171875;0.18359375;0.26953125;0.0224609375;0.037109375;0.03515625;0.0078125;0.0009765625;0.03515625;0.01171875;0.001953125;0.03515625;0.0078125;0.0009765625;0.01953125;0.0;0.0;0.03125;0.0;0.0;0.01953125;0.0078125;0.00146484375;0.0029296875;0.01171875;0.005859375;0.1259765625;0.01171875;0.0;0.0830078125;0.7
45;45;71.3;0.140625;0.203125;0.5;0.09765625;0.0546875;0.171875;0.171875;0.03125;0.28125;0.234375;0.03125;0.21875;0.4453125;0.08203125;0.068359375;0.203125;0.3984375;0.07421875;0.1953125;0.28125;0.044921875;0.2734375;0.453125;0.078125;0.1953125;0.2734375;0.0234375;0.041015625;0.04296875;0.0078125;0.0009765625;0.0390625;0.01171875;0.001953125;0.0390625;0.0078125;0.0009765625;0.02734375;0.0;0.0;0.03515625;0.0;0.0;0.01953125;0.0078125;0.00146484375;0.0029296875;0.015625;0.00390625;0.1044921875;0.013671875;0.001953125;0.06494140625;0.7;0.15625;0.203125;0.484375;0.09765625;0.0546875;0.15625;0.171875;0.0390625;0.28125;0.234375;0.03515625;0.203125;0.421875;0.080078125;0.064453125;0.1953125;0.3828125;0.07421875;0.1875;0.265625;0.044921875;0.2734375;0.4453125;0.080078125;0.1875;0.2734375;0.0234375;0.0390625;0.04296875;0.0078125;0.0009765625;0.0390625;0.01171875;0.001953125;0.03515625;0.0078125;0.0009765625;0.01953125;0.0;0.0;0.03515625;0.0;0.0;0.017578125;0.005859375;0.00146484375;0.0029296875;0.013671875;0.0078125;0.11474609375;0.013671875;0.0;0.0732421875;0.7
46;46;71.5;0.15625;0.203125;0.5;0.09375;0.0546875;0.171875;0.171875;0.03515625;0.28125;0.25;0.03515625;0.21875;0.4609375;0.083984375;0.0703125;0.203125;0.3984375;0.07421875;0.1953125;0.296875;0.05078125;0.2734375;0.453125;0.076171875;0.1953125;0.2734375;0.0224609375;0.041015625;0.0390625;0.0078125;0.0009765625;0.0390625;0.01171875;0.001953125;0.03515625;0.0078125;0.0009765625;0.0234375;0.0;0.0;0.03515625;0.0;0.0;0.021484375;0.0078125;0.00146484375;0.0029296875;0.013671875;0.00390625;0.09521484375;0.013671875;0.0;0.0517578125;0.7;0.15625;0.203125;0.484375;0.09765625;0.0546875;0.171875;0.171875;0.0390625;0.28125;0.25;0.04296875;0.203125;0.4375;0.08203125;0.06640625;0.1953125;0.3828125;0.0703125;0.1875;0.296875;0.048828125;0.2734375;0.4453125;0.076171875;0.19140625;0.26953125;0.021484375;0.0400390625;0.0390625;0.0078125;0.0009765625;0.03515625;0.01171875;0.001953125;0.03125;0.00390625;0.0009765625;0.01953125;0.0;0.0;0.03125;0.0;0.0;0.01953125;0.005859375;0.00146484375;0.0029296875;0.01171875;0.005859375;0.12109375;0.01171875;0.001953125;0.07861328125;0.7
47;47;72.23;0.140625;0.203125;0.515625;0.09765625;0.0546875;0.15625;0.171875;0.03125;0.28125;0.265625;0.03515625;0.21875;0.4453125;0.083984375;0.072265625;0.203125;0.40625;0.07421875;0.203125;0.296875;0.05078125;0.2734375;0.4375;0.078125;0.19921875;0.2734375;0.0234375;0.041015625;0.0390625;0.0078125;0.0009765625;0.03515625;0.01171875;0.001953125;0.03515625;0.0078125;0.0009765625;0.02734375;0.0;0.0;0.03125;0.0;0.0;0.01953125;0.005859375;0.00146484375;0.0029296875;0.013671875;0.0;0.10546875;0.013671875;0.0;0.06298828125;0.7;0.15625;0.203125;0.484375;0.09765625;0.0546875;0.15625;0.171875;0.0390625;0.28125;0.265625;0.0390625;0.2109375;0.4296875;0.08203125;0.068359375;0.1875;0.390625;0.0703125;0.1953125;0.3046875;0.048828125;0.265625;0.4375;0.08203125;0.1953125;0.28125;0.0234375;0.0400390625;0.0390625;0.0078125;0.0009765625;0.0390625;0.01171875;0.001953125;0.03515625;0.0078125;0.0009765625;0.0234375;0.0;0.0;0.02734375;0.0;0.0;0.017578125;0.005859375;0.00146484375;0.0029296875;0.01171875;0.001953125;0.11474609375;0.01171875;0.0;0.07763671875;0.7
48;48;72.5;0.15625;0.203125;0.5;0.09765625;0.0546875;0.15625;0.171875;0.03515625;0.28125;0.265625;0.0390625;0.2109375;0.4375;0.08203125;0.072265625;0.203125;0.40625;0.076171875;0.1953125;0.28125;0.046875;0.28125;0.4453125;0.08203125;0.203125;0.2734375;0.0224609375;0.041015625;0.03515625;0.0078125;0.0009765625;0.03125;0.01171875;0.0009765625;0.03125;0.00390625;0.0009765625;0.0234375;0.0;0.0;0.03515625;0.0;0.0;0.01953125;0.0078125;0.00146484375;0.0029296875;0.013671875;0.00390625;0.1103515625;0.013671875;0.0;0.07861328125;0.7;0.15625;0.203125;0.484375;0.1015625;0.0546875;0.15625;0.171875;0.0390625;0.28125;0.265625;0.04296875;0.203125;0.421875;0.080078125;0.068359375;0.1953125;0.390625;0.072265625;0.1953125;0.28125;0.046875;0.2734375;0.4453125;0.080078125;0.1953125;0.26953125;0.021484375;0.0390625;0.03515625;0.0078125;0.0009765625;0.03125;0.01171875;0.0009765625;0.03125;0.00390625;0.0009765625;0.01953125;0.0;0.0;0.03125;0.0;0.0;0.01953125;0.0078125;0.00146484375;0.0029296875;0.01171875;0.00390625;0.12890625;0.013671875;0.0;0.0595703125;0.7
49;49;69.13;0.140625;0.203125;0.5;0.10546875;0.0546875;0.171875;0.171875;0.03125;0.296875;0.28125;0.03515625;0.21875;0.4453125;0.08203125;0.07421875;0.2109375;0.4140625;0.078125;0.1953125;0.3046875;0.05078125;0.2890625;0.4453125;0.080078125;0.20703125;0.28515625;0.0224609375;0.041015625;0.03515625;0.0078125;0.0009765625;0.03125;0.01171875;0.0009765625;0.03515625;0.00390625;0.0009765625;0.0234375;0.0;0.0;0.03125;0.0;0.0;0.01953125;0.005859375;0.001953125;0.00244140625;0.01171875;0.00390625;0.1103515625;0.01171875;0.001953125;0.06005859375;0.7;0.15625;0.203125;0.484375;0.10546875;0.0546875;0.15625;0.171875;0.0390625;0.296875;0.28125;0.046875;0.203125;0.4375;0.08203125;0.068359375;0.203125;0.3984375;0.076171875;0.1796875;0.2890625;0.05078125;0.28125;0.4453125;0.08203125;0.19921875;0.28125;0.0224609375;0.0400390625;0.0390625;0.0078125;0.0009765625;0.03125;0.01171875;0.0009765625;0.03125;0.00390625;0.0009765625;0.01953125;0.0;0.0;0.03125;0.0;0.0;0.01953125;0.0078125;0.001953125;0.0029296875;0.01171875;0.00390625;0.11962890625;0.013671875;0.0;0.0830078125;0.7
50;50;73.61;0.15625;0.203125;0.515625;0.09765625;0.0546875;0.15625;0.1875;0.03515625;0.296875;0.265625;0.0390625;0.2265625;0.4609375;0.083984375;0.07421875;0.2109375;0.421875;0.078125;0.203125;0.3046875;0.05078125;0.2890625;0.4453125;0.080078125;0.20703125;0.2734375;0.0244140625;0.041015625;0.03515625;0.0078125;0.0009765625;0.03125;0.0078125;0.0009765625;0.02734375;0.00390625;0.0009765625;0.0234375;0.0;0.0;0.03515625;0.0;0.0;0.021484375;0.005859375;0.00146484375;0.0029296875;0.01171875;0.0;0.0986328125;0.01171875;0.0;0.0830078125;0.7;0.15625;0.203125;0.484375;0.10546875;0.0546875;0.15625;0.1875;0.04296875;0.296875;0.265625;0.046875;0.21875;0.453125;0.083984375;0.072265625;0.2109375;0.40625;0.076171875;0.1953125;0.3046875;0.05078125;0.28125;0.4453125;0.08203125;0.19921875;0.27734375;0.0224609375;0.0400390625;0.03515625;0.0078125;0.0009765625;0.03125;0.0078125;0.0009765625;0.02734375;0.00390625;0.0009765625;0.01953125;0.0;0.0;0.03515625;0.0;0.0;0.021484375;0.005859375;0.00146484375;0.0029296875;0.01171875;0.0078125;0.10791015625;0.01171875;0.001953125;0.09375;0.7
51;51;71.15;0.15625;0.203125;0.5;0.1015625;0.0546875;0.171875;0.1875;0.03515625;0.28125;0.265625;0.0390625;0.2265625;0.4609375;0.083984375;0.07421875;0.2109375;0.4140625;0.080078125;0.203125;0.296875;0.05078125;0.2890625;0.4609375;0.080078125;0.2109375;0.27734375;0.0224609375;0.0419921875;0.03515625;0.0078125;0.0009765625;0.03125;0.01171875;0.0009765625;0.03515625;0.00390625;0.0009765625;0.02734375;0.0;0.0;0.03515625;0.0;0.0;0.01953125;0.0078125;0.00146484375;0.0029296875;0.013671875;0.005859375;0.1044921875;0.013671875;0.0;0.04833984375;0.8;0.15625;0.203125;0.484375;0.10546875;0.05859375;0.171875;0.171875;0.0390625;0.28125;0.265625;0.046875;0.2109375;0.4453125;0.083984375;0.0703125;0.203125;0.40625;0.078125;0.1953125;0.296875;0.05078125;0.2890625;0.4609375;0.08203125;0.20703125;0.28125;0.0224609375;0.041015625;0.03515625;0.0078125;0.0009765625;0.03515625;0.015625;0.0009765625;0.03515625;0.00390625;0.0009765625;0.0234375;0.0;0.0;0.03125;0.0;0.0;0.01953125;0.005859375;0.00146484375;0.0029296875;0.013671875;0.0;0.115234375;0.01171875;0.0;0.07275390625;0.7
52;52;74.68;0.15625;0.203125;0.515625;0.10546875;0.0546875;0.171875;0.1875;0.03515625;0.296875;0.25;0.0390625;0.234375;0.4609375;0.0859375;0.076171875;0.21875;0.4140625;0.078125;0.2109375;0.3125;0.0546875;0.296875;0.46875;0.083984375;0.21484375;0.28125;0.0234375;0.04296875;0.03515625;0.0078125;0.0009765625;0.03125;0.01171875;0.0009765625;0.03125;0.00390625;0.0009765625;0.0234375;0.0;0.0;0.03515625;0.0;0.0;0.01953125;0.005859375;0.001953125;0.0029296875;0.01171875;0.00390625;0.10107421875;0.013671875;0.0;0.0703125;0.7;0.15625;0.21875;0.5;0.109375;0.05859375;0.15625;0.171875;0.04296875;0.296875;0.25;0.046875;0.2265625;0.4375;0.083984375;0.072265625;0.2109375;0.3984375;0.076171875;0.2109375;0.3046875;0.05078125;0.2890625;0.46875;0.0859375;0.2109375;0.28515625;0.0224609375;0.04296875;0.03515625;0.0078125;0.0009765625;0.03515625;0.01171875;0.0009765625;0.03125;0.00390625;0.0009765625;0.01953125;0.0;0.0;0.03125;0.0;0.0;0.01953125;0.005859375;0.001953125;0.0029296875;0.013671875;0.0;0.12158203125;0.013671875;0.0;0.08056640625;0.7
53;53;75.48;0.15625;0.21875;0.546875;0.10546875;0.0546875;0.171875;0.171875;0.03515625;0.296875;0.28125;0.0390625;0.234375;0.4609375;0.0859375;0.076171875;0.21875;0.4140625;0.078125;0.2109375;0.328125;0.056640625;0.3046875;0.46875;0.08203125;0.21484375;0.2890625;0.0234375;0.044921875;0.0390625;0.0078125;0.0009765625;0.0390625;0.0078125;0.0009765625;0.03125;0.00390625;0.0009765625;0.02734375;0.0;0.0;0.03515625;0.0;0.0;0.017578125;0.005859375;0.00146484375;0.0029296875;0.01171875;0.00390625;0.10107421875;0.013671875;0.0;0.0322265625;0.7;0.15625;0.21875;0.515625;0.109375;0.05859375;0.171875;0.15625;0.04296875;0.296875;0.28125;0.046875;0.2265625;0.4453125;0.083984375;0.07421875;0.2109375;0.3984375;0.076171875;0.2109375;0.3203125;0.0546875;0.296875;0.46875;0.0859375;0.2109375;0.28515625;0.0224609375;0.04296875;0.03515625;0.0078125;0.0009765625;0.0390625;0.0078125;0.0009765625;0.02734375;0.00390625;0.0009765625;0.0234375;0.0;0.0;0.03125;0.0;0.0;0.017578125;0.005859375;0.00146484375;0.0029296875;0.01171875;0.00390625;0.11962890625;0.01171875;0.001953125;0.06201171875;0.7
54;54;74.27;0.15625;0.21875;0.53125;0.1015625;0.0546875;0.171875;0.1875;0.03515625;0.3125;0.28125;0.03515625;0.2265625;0.46875;0.087890625;0.076171875;0.21875;0.421875;0.080078125;0.21875;0.3125;0.0546875;0.3046875;0.46875;0.0859375;0.2265625;0.29296875;0.0234375;0.046875;0.0390625;0.0078125;0.0009765625;0.03125;0.0078125;0.0009765625;0.03515625;0.00390625;0.0009765625;0.01953125;0.0;0.0;0.0390625;0.0;0.0;0.021484375;0.0078125;0.001953125;0.0029296875;0.013671875;0.00390625;0.10400390625;0.013671875;0.001953125;0.068359375;0.7;0.15625;0.21875;0.5;0.10546875;0.05859375;0.1875;0.1875;0.04296875;0.3125;0.296875;0.04296875;0.2265625;0.453125;0.0859375;0.07421875;0.2109375;0.421875;0.078125;0.2109375;0.296875;0.052734375;0.3046875;0.46875;0.0859375;0.21875;0.29296875;0.0224609375;0.044921875;0.0390625;0.0078125;0.0009765625;0.03515625;0.0078125;0.0009765625;0.03125;0.00390625;0.0009765625;0.01953125;0.0;0.0;0.03125;0.0;0.0;0.01953125;0.005859375;0.00146484375;0.0029296875;0.01171875;0.001953125;0.1162109375;0.013671875;0.001953125;0.095703125;0.8
55;55;78.28;0.15625;0.21875;0.546875;0.10546875;0.0546875;0.171875;0.171875;0.03515625;0.3125;0.28125;0.0390625;0.234375;0.4765625;0.087890625;0.076171875;0.21875;0.4296875;0.08203125;0.2109375;0.3046875;0.0546875;0.3046875;0.46875;0.08203125;0.22265625;0.29296875;0.0234375;0.0439453125;0.0390625;0.0078125;0.0009765625;0.03515625;0.01171875;0.0009765625;0.03125;0.00390625;0.0009765625;0.02734375;0.0;0.0;0.0390625;0.0;0.0;0.01953125;0.0078125;0.00146484375;0.0029296875;0.013671875;0.00390625;0.10107421875;0.013671875;0.0;0.0703125;0.7;0.15625;0.21875;0.515625;0.109375;0.05859375;0.15625;0.171875;0.04296875;0.296875;0.28125;0.05078125;0.2265625;0.4609375;0.087890625;0.072265625;0.2109375;0.421875;0.083984375;0.2109375;0.3125;0.0546875;0.296875;0.4609375;0.083984375;0.21484375;0.29296875;0.0234375;0.04296875;0.0390625;0.0078125;0.0009765625;0.03515625;0.01171875;0.0009765625;0.03515625;0.00390625;0.0009765625;0.0234375;0.0;0.0;0.03515625;0.0;0.0;0.01953125;0.005859375;0.001953125;0.0029296875;0.01171875;0.00390625;0.12060546875;0.013671875;0.0;0.078125;0.7
56;56;75.06;0.15625;0.21875;0.546875;0.10546875;0.05859375;0.171875;0.171875;0.03515625;0.3125;0.3125;0.04296875;0.234375;0.4765625;0.08984375;0.078125;0.2265625;0.4296875;0.083984375;0.21875;0.3046875;0.056640625;0.3125;0.4765625;0.0859375;0.2265625;0.29296875;0.0234375;0.0458984375;0.0390625;0.0078125;0.0009765625;0.03515625;0.0078125;0.0009765625;0.03515625;0.00390625;0.0009765625;0.0234375;0.0;0.0;0.03125;0.0;0.0;0.021484375;0.0078125;0.00146484375;0.0029296875;0.01171875;0.001953125;0.09765625;0.013671875;0.0;0.08203125;0.7;0.15625;0.21875;0.515625;0.109375;0.05859375;0.171875;0.171875;0.04296875;0.3125;0.3125;0.05078125;0.2265625;0.4609375;0.08984375;0.076171875;0.21875;0.421875;0.08203125;0.203125;0.2890625;0.052734375;0.3125;0.4765625;0.087890625;0.21875;0.2890625;0.0224609375;0.0458984375;0.03515625;0.0078125;0.0009765625;0.0390625;0.0078125;0.0009765625;0.03515625;0.00390625;0.0009765625;0.01953125;0.0;0.0;0.03125;0.0;0.0;0.01953125;0.0078125;0.00146484375;0.0029296875;0.01171875;0.001953125;0.125;0.013671875;0.001953125;0.06982421875;0.7
57;57;71.64;0.15625;0.203125;0.53125;0.109375;0.05859375;0.1875;0.1875;0.03515625;0.328125;0.3125;0.04296875;0.2421875;0.4765625;0.091796875;0.080078125;0.2265625;0.4375;0.0859375;0.21875;0.3203125;0.056640625;0.3203125;0.484375;0.087890625;0.2265625;0.28125;0.0234375;0.0458984375;0.03515625;0.0078125;0.0009765625;0.03125;0.01171875;0.0009765625;0.03515625;0.00390625;0.0009765625;0.0234375;0.0;0.0;0.03515625;0.0;0.0;0.021484375;0.0078125;0.00146484375;0.0029296875;0.01171875;0.00390625;0.107421875;0.013671875;0.0;0.0615234375;0.7;0.15625;0.203125;0.5;0.11328125;0.05859375;0.171875;0.1875;0.04296875;0.3125;0.3125;0.05078125;0.2265625;0.4609375;0.08984375;0.07421875;0.21875;0.421875;0.083984375;0.203125;0.3125;0.056640625;0.3125;0.484375;0.08984375;0.22265625;0.296875;0.0234375;0.0458984375;0.0390625;0.0078125;0.0009765625;0.03515625;0.01171875;0.0009765625;0.03515625;0.00390625;0.0009765625;0.01953125;0.0;0.0;0.03515625;0.0;0.0;0.01953125;0.005859375;0.001953125;0.0029296875;0.01171875;0.001953125;0.11962890625;0.013671875;0.0;0.07763671875;0.7
58;58;70.83;0.15625;0.203125;0.546875;0.11328125;0.05859375;0.1875;0.1875;0.03515625;0.3125;0.3125;0.046875;0.2421875;0.4921875;0.091796875;0.080078125;0.2265625;0.4375;0.083984375;0.21875;0.3203125;0.05859375;0.3203125;0.484375;0.08984375;0.23046875;0.29296875;0.0244140625;0.046875;0.0390625;0.00390625;0.0009765625;0.03515625;0.01171875;0.0009765625;0.03125;0.00390625;0.0009765625;0.02734375;0.0;0.0;0.03125;0.0;0.0;0.021484375;0.0078125;0.001953125;0.0029296875;0.013671875;0.001953125;0.103515625;0.013671875;0.0;0.08056640625;0.8;0.15625;0.203125;0.515625;0.11328125;0.05859375;0.1875;0.1875;0.04296875;0.3125;0.3125;0.05078125;0.234375;0.4609375;0.08984375;0.076171875;0.21875;0.4296875;0.083984375;0.2109375;0.3125;0.056640625;0.3203125;0.4765625;0.08984375;0.22265625;0.2890625;0.0224609375;0.046875;0.03515625;0.0078125;0.0009765625;0.03515625;0.01171875;0.0009765625;0.03125;0.00390625;0.0009765625;0.01953125;0.0;0.0;0.02734375;0.0;0.0;0.01953125;0.005859375;0.00146484375;0.0029296875;0.01171875;0.001953125;0.12353515625;0.013671875;0.0;0.09130859375;0.8
59;59;74.85;0.15625;0.203125;0.546875;0.11328125;0.05859375;0.203125;0.1875;0.03515625;0.3125;0.296875;0.04296875;0.25;0.4921875;0.095703125;0.08203125;0.2265625;0.4375;0.0859375;0.2265625;0.3203125;0.05859375;0.328125;0.4921875;0.08984375;0.234375;0.29296875;0.0244140625;0.0478515625;0.0390625;0.0078125;0.0009765625;0.03515625;0.01171875;0.0009765625;0.03515625;0.00390625;0.0009765625;0.02734375;0.0;0.0;0.03125;0.0;0.0;0.021484375;0.005859375;0.00146484375;0.0029296875;0.013671875;0.0;0.10546875;0.013671875;0.0;0.07666015625;0.7;0.15625;0.21875;0.53125;0.1171875;0.05859375;0.1875;0.1875;0.046875;0.3125;0.296875;0.05078125;0.234375;0.4765625;0.091796875;0.078125;0.21875;0.421875;0.0859375;0.21875;0.3046875;0.0546875;0.3203125;0.484375;0.08984375;0.2265625;0.3046875;0.0244140625;0.0458984375;0.0390625;0.0078125;0.0009765625;0.03515625;0.01171875;0.0009765625;0.03515625;0.00390625;0.0009765625;0.0234375;0.0;0.0;0.02734375;0.0;0.0;0.01953125;0.005859375;0.00146484375;0.0029296875;0.013671875;0.0;0.11328125;0.013671875;0.0;0.08251953125;0.8
60;60;75.48;0.15625;0.203125;0.546875;0.1171875;0.05859375;0.1875;0.1875;0.03515625;0.296875;0.28125;0.04296875;0.2421875;0.4765625;0.09375;0.080078125;0.2265625;0.4375;0.087890625;0.2265625;0.328125;0.05859375;0.328125;0.4921875;0.087890625;0.234375;0.296875;0.0244140625;0.0478515625;0.0390625;0.00390625;0.0009765625;0.03515625;0.0078125;0.0009765625;0.03515625;0.00390625;0.0009765625;0.02734375;0.0;0.0;0.03125;0.0;0.0;0.021484375;0.0078125;0.001953125;0.0029296875;0.013671875;0.001953125;0.10107421875;0.013671875;0.0;0.076171875;0.7;0.171875;0.21875;0.53125;0.12109375;0.0625;0.1875;0.1875;0.04296875;0.296875;0.296875;0.0546875;0.2265625;0.46875;0.091796875;0.076171875;0.21875;0.4296875;0.0859375;0.21875;0.3203125;0.05859375;0.3203125;0.484375;0.08984375;0.23046875;0.30078125;0.0234375;0.046875;0.0390625;0.00390625;0.0009765625;0.03515625;0.01171875;0.0009765625;0.03125;0.00390625;0.0009765625;0.01953125;0.0;0.0;0.02734375;0.0;0.0;0.01953125;0.0078125;0.001953125;0.0029296875;0.01171875;0.001953125;0.1240234375;0.013671875;0.001953125;0.0537109375;0.7
61;61;78.24;0.15625;0.21875;0.546875;0.11328125;0.05859375;0.203125;0.203125;0.0390625;0.3125;0.3125;0.046875;0.2421875;0.484375;0.09375;0.08203125;0.234375;0.4453125;0.0859375;0.2265625;0.3359375;0.060546875;0.328125;0.484375;0.087890625;0.2421875;0.3046875;0.0244140625;0.0498046875;0.0390625;0.00390625;0.0009765625;0.03515625;0.0078125;0.0009765625;0.0390625;0.00390625;0.0009765625;0.0234375;0.0;0.0;0.03125;0.0;0.0;0.021484375;0.0078125;0.001953125;0.0029296875;0.013671875;0.0;0.09912109375;0.013671875;0.0;0.05224609375;0.8;0.171875;0.21875;0.53125;0.11328125;0.0625;0.203125;0.1875;0.04296875;0.328125;0.328125;0.0546875;0.234375;0.4765625;0.091796875;0.078125;0.2265625;0.4375;0.083984375;0.2265625;0.3359375;0.060546875;0.328125;0.4765625;0.091796875;0.23828125;0.30859375;0.0244140625;0.048828125;0.0390625;0.00390625;0.0009765625;0.03515625;0.0078125;0.0009765625;0.03515625;0.00390625;0.0009765625;0.01953125;0.0;0.0;0.03125;0.0;0.0;0.01953125;0.005859375;0.001953125;0.0029296875;0.01171875;0.0;0.11669921875;0.013671875;0.0078125;0.1005859375;0.8
62;62;79.92;0.15625;0.21875;0.578125;0.1171875;0.0625;0.203125;0.203125;0.03515625;0.328125;0.3125;0.05078125;0.25;0.4921875;0.09375;0.0859375;0.2421875;0.453125;0.08984375;0.234375;0.328125;0.0625;0.34375;0.5;0.08984375;0.24609375;0.3046875;0.025390625;0.05078125;0.0390625;0.00390625;0.0009765625;0.03125;0.0078125;0.0009765625;0.03515625;0.00390625;0.0009765625;0.0234375;0.0;0.0;0.03125;0.0;0.0;0.021484375;0.0078125;0.001953125;0.0029296875;0.013671875;0.0;0.1025390625;0.013671875;0.0;0.06298828125;0.7;0.171875;0.203125;0.546875;0.12109375;0.0625;0.203125;0.1875;0.04296875;0.328125;0.328125;0.05859375;0.2421875;0.484375;0.09375;0.08203125;0.234375;0.4453125;0.08984375;0.2265625;0.3359375;0.060546875;0.3359375;0.5;0.091796875;0.2421875;0.30859375;0.0244140625;0.0498046875;0.03515625;0.00390625;0.0009765625;0.03125;0.01171875;0.0009765625;0.03125;0.00390625;0.0009765625;0.0234375;0.0;0.0;0.03125;0.0;0.0;0.01953125;0.005859375;0.001953125;0.0029296875;0.01171875;0.001953125;0.12109375;0.01171875;0.001953125;0.07421875;0.7
63;63;77.85;0.15625;0.21875;0.5625;0.1171875;0.0625;0.21875;0.203125;0.03515625;0.328125;0.328125;0.046875;0.2578125;0.4921875;0.09375;0.0859375;0.2421875;0.4453125;0.08984375;0.2265625;0.34375;0.0625;0.3359375;0.5;0.09375;0.25;0.30859375;0.0263671875;0.0517578125;0.0390625;0.00390625;0.0009765625;0.03515625;0.0078125;0.0;0.03515625;0.00390625;0.0009765625;0.0234375;0.0;0.0;0.03125;0.0;0.0;0.021484375;0.0078125;0.001953125;0.0029296875;0.01171875;0.0;0.09912109375;0.013671875;0.08984375;0.04833984375;0.7;0.171875;0.21875;0.53125;0.1171875;0.0625;0.203125;0.1875;0.04296875;0.328125;0.328125;0.05859375;0.25;0.484375;0.091796875;0.08203125;0.234375;0.4453125;0.08984375;0.2265625;0.3359375;0.0625;0.3359375;0.5;0.09765625;0.2421875;0.31640625;0.0263671875;0.0517578125;0.0390625;0.00390625;0.0009765625;0.03515625;0.0078125;0.0;0.03515625;0.00390625;0.0009765625;0.0234375;0.0;0.0;0.03125;0.0;0.0;0.01953125;0.0078125;0.001953125;0.0029296875;0.01171875;0.001953125;0.12841796875;0.013671875;0.0;0.0888671875;0.7
64;64;78.09;0.15625;0.21875;0.5625;0.1171875;0.0625;0.203125;0.1875;0.0390625;0.34375;0.34375;0.05078125;0.2578125;0.4921875;0.09375;0.087890625;0.2421875;0.453125;0.08984375;0.2265625;0.34375;0.064453125;0.34375;0.5078125;0.095703125;0.25;0.30859375;0.0263671875;0.048828125;0.0390625;0.00390625;0.0009765625;0.03125;0.0078125;0.0;0.03515625;0.00390625;0.0009765625;0.02734375;0.0;0.0;0.03125;0.0;0.0;0.01953125;0.0078125;0.001953125;0.0029296875;0.01171875;0.001953125;0.10302734375;0.013671875;0.0;0.0732421875;0.7;0.15625;0.21875;0.53125;0.12109375;0.0625;0.203125;0.1875;0.04296875;0.328125;0.34375;0.05859375;0.25;0.4765625;0.091796875;0.08203125;0.234375;0.4453125;0.08984375;0.2265625;0.3359375;0.0625;0.3359375;0.5078125;0.09765625;0.24609375;0.31640625;0.025390625;0.048828125;0.04296875;0.00390625;0.0009765625;0.03515625;0.0078125;0.0;0.03515625;0.00390625;0.0009765625;0.0234375;0.0;0.0;0.02734375;0.0;0.0;0.017578125;0.005859375;0.00146484375;0.0029296875;0.01171875;0.0;0.115234375;0.01171875;0.00390625;0.0791015625;0.8
65;65;80.16;0.15625;0.21875;0.578125;0.12109375;0.0625;0.203125;0.203125;0.0390625;0.34375;0.328125;0.046875;0.265625;0.5;0.09375;0.087890625;0.2421875;0.453125;0.091796875;0.234375;0.3515625;0.064453125;0.34375;0.5078125;0.095703125;0.2578125;0.30078125;0.025390625;0.0517578125;0.0390625;0.00390625;0.0009765625;0.03125;0.0078125;0.0;0.03125;0.00390625;0.0009765625;0.02734375;0.0;0.0;0.03125;0.0;0.0;0.01953125;0.0078125;0.001953125;0.0029296875;0.01171875;0.0;0.1044921875;0.013671875;0.0;0.06591796875;0.8;0.171875;0.234375;0.546875;0.125;0.0625;0.203125;0.203125;0.04296875;0.328125;0.328125;0.0546875;0.25;0.4921875;0.09375;0.083984375;0.234375;0.4453125;0.091796875;0.2265625;0.3515625;0.0625;0.34375;0.5078125;0.09765625;0.25390625;0.32421875;0.025390625;0.0517578125;0.04296875;0.00390625;0.0009765625;0.03515625;0.0078125;0.0;0.03515625;0.00390625;0.0009765625;0.0234375;0.0;0.0;0.03125;0.0;0.0;0.01953125;0.005859375;0.001953125;0.0029296875;0.01171875;0.0;0.1318359375;0.01171875;0.1015625;0.083984375;0.8
66;66;78.15;0.15625;0.21875;0.578125;0.125;0.0625;0.203125;0.203125;0.0390625;0.359375;0.34375;0.046875;0.2734375;0.515625;0.095703125;0.091796875;0.25;0.4609375;0.091796875;0.234375;0.3515625;0.064453125;0.3515625;0.5078125;0.09375;0.2578125;0.32421875;0.02734375;0.0546875;0.0390625;0.00390625;0.0009765625;0.03125;0.00390625;0.0;0.03515625;0.00390625;0.0009765625;0.0234375;0.0;0.0;0.03125;0.0;0.0;0.021484375;0.0078125;0.001953125;0.0029296875;0.01171875;0.0;0.10791015625;0.013671875;0.0;0.04248046875;0.7;0.171875;0.234375;0.546875;0.125;0.0625;0.203125;0.203125;0.04296875;0.34375;0.34375;0.0546875;0.265625;0.5;0.095703125;0.0859375;0.2421875;0.4609375;0.08984375;0.2265625;0.3359375;0.064453125;0.3515625;0.5078125;0.095703125;0.25390625;0.328125;0.0263671875;0.0517578125;0.0390625;0.00390625;0.0009765625;0.03125;0.00390625;0.0;0.03515625;0.00390625;0.0009765625;0.01953125;0.0;0.0;0.02734375;0.0;0.0;0.01953125;0.0078125;0.001953125;0.0029296875;0.01171875;0.0;0.1142578125;0.013671875;0.005859375;0.05859375;0.8
67;67;76.75;0.15625;0.21875;0.59375;0.125;0.0625;0.203125;0.203125;0.0390625;0.328125;0.328125;0.046875;0.265625;0.5;0.09765625;0.08984375;0.25;0.4765625;0.09375;0.234375;0.359375;0.06640625;0.359375;0.515625;0.099609375;0.265625;0.31640625;0.0263671875;0.0546875;0.0390625;0.00390625;0.0009765625;0.03125;0.00390625;0.0;0.03515625;0.00390625;0.0009765625;0.0234375;0.0;0.0;0.02734375;0.0;0.0;0.021484375;0.0078125;0.001953125;0.0029296875;0.013671875;0.126953125;0.1015625;0.013671875;0.0;0.0712890625;0.7;0.171875;0.21875;0.546875;0.12890625;0.0625;0.203125;0.203125;0.04296875;0.328125;0.3125;0.05078125;0.25;0.484375;0.095703125;0.083984375;0.2421875;0.4609375;0.09375;0.234375;0.359375;0.06640625;0.3515625;0.5234375;0.103515625;0.2578125;0.32421875;0.0263671875;0.0517578125;0.0390625;0.00390625;0.0009765625;0.03125;0.00390625;0.0;0.03515625;0.00390625;0.0009765625;0.0234375;0.0;0.0;0.02734375;0.0;0.0;0.01953125;0.005859375;0.00146484375;0.0029296875;0.01171875;0.0;0.12060546875;0.013671875;0.06640625;0.09423828125;0.7
68;68;80.46;0.171875;0.234375;0.578125;0.12109375;0.0625;0.203125;0.203125;0.0390625;0.34375;0.34375;0.05078125;0.265625;0.5078125;0.09765625;0.08984375;0.2578125;0.46875;0.091796875;0.2421875;0.3671875;0.068359375;0.3671875;0.5234375;0.09765625;0.265625;0.30859375;0.0263671875;0.0537109375;0.0390625;0.00390625;0.0009765625;0.03125;0.00390625;0.0;0.03515625;0.00390625;0.0009765625;0.0234375;0.0;0.0;0.03125;0.0;0.0;0.01953125;0.0078125;0.001953125;0.0029296875;0.013671875;0.0;0.10107421875;0.013671875;0.05078125;0.0732421875;0.8;0.171875;0.234375;0.546875;0.12109375;0.06640625;0.203125;0.203125;0.04296875;0.34375;0.34375;0.05859375;0.2578125;0.5078125;0.09765625;0.0859375;0.25;0.46875;0.091796875;0.234375;0.3671875;0.068359375;0.3671875;0.5234375;0.1015625;0.265625;0.32421875;0.0263671875;0.0556640625;0.0390625;0.00390625;0.0009765625;0.03125;0.00390625;0.0;0.03515625;0.00390625;0.0009765625;0.01953125;0.0;0.0;0.03125;0.0;0.0;0.01953125;0.005859375;0.001953125;0.0029296875;0.01171875;0.0;0.11474609375;0.013671875;0.0;0.09619140625;0.8
69;69;79.95;0.15625;0.21875;0.5625;0.125;0.0625;0.21875;0.203125;0.0390625;0.359375;0.34375;0.05078125;0.2734375;0.515625;0.09765625;0.091796875;0.25;0.4765625;0.095703125;0.25;0.375;0.072265625;0.375;0.53125;0.099609375;0.2734375;0.3203125;0.0263671875;0.0546875;0.0390625;0.00390625;0.0009765625;0.03125;0.00390625;0.0;0.03515625;0.00390625;0.0009765625;0.02734375;0.0;0.0;0.02734375;0.0;0.0;0.021484375;0.0078125;0.001953125;0.0029296875;0.013671875;0.0;0.1044921875;0.013671875;0.001953125;0.06689453125;0.8;0.171875;0.234375;0.546875;0.125;0.06640625;0.203125;0.1875;0.046875;0.34375;0.34375;0.0625;0.265625;0.5;0.09765625;0.087890625;0.25;0.4609375;0.095703125;0.2421875;0.375;0.0703125;0.3671875;0.53125;0.103515625;0.26953125;0.3359375;0.02734375;0.0546875;0.0390625;0.0078125;0.0009765625;0.03125;0.00390625;0.0;0.0390625;0.00390625;0.0009765625;0.0234375;0.0;0.0;0.02734375;0.0;0.0;0.021484375;0.005859375;0.001953125;0.0029296875;0.01171875;0.0;0.12060546875;0.013671875;0.068359375;0.0849609375;0.8
70;70;82.6;0.15625;0.234375;0.59375;0.125;0.0625;0.21875;0.203125;0.0390625;0.34375;0.34375;0.05078125;0.2734375;0.5078125;0.099609375;0.091796875;0.2578125;0.46875;0.09375;0.25;0.3671875;0.068359375;0.375;0.53125;0.1015625;0.2734375;0.328125;0.02734375;0.0556640625;0.0390625;0.00390625;0.0009765625;0.03125;0.00390625;0.0;0.03515625;0.00390625;0.0009765625;0.02734375;0.0;0.0;0.03125;0.0;0.0;0.021484375;0.0078125;0.001953125;0.0029296875;0.01171875;0.0;0.10205078125;0.013671875;0.080078125;0.046875;0.7;0.171875;0.234375;0.578125;0.125;0.06640625;0.203125;0.1875;0.046875;0.34375;0.34375;0.0546875;0.265625;0.5;0.09765625;0.087890625;0.25;0.46875;0.09375;0.2421875;0.375;0.068359375;0.375;0.53125;0.10546875;0.2734375;0.3359375;0.02734375;0.0546875;0.0390625;0.00390625;0.0009765625;0.03125;0.00390625;0.0;0.03515625;0.00390625;0.0009765625;0.02734375;0.0;0.0;0.02734375;0.0;0.0;0.01953125;0.005859375;0.001953125;0.0029296875;0.01171875;0.001953125;0.12255859375;0.013671875;0.076171875;0.08447265625;0.8
71;71;81.47;0.15625;0.21875;0.578125;0.12109375;0.0625;0.21875;0.203125;0.0390625;0.359375;0.34375;0.05078125;0.28125;0.5234375;0.099609375;0.09375;0.265625;0.4765625;0.095703125;0.2578125;0.3671875;0.072265625;0.3828125;0.53125;0.103515625;0.28125;0.328125;0.02734375;0.05859375;0.04296875;0.00390625;0.0009765625;0.03125;0.00390625;0.0;0.03515625;0.00390625;0.0009765625;0.02734375;0.0;0.0;0.03125;0.0;0.0;0.021484375;0.0078125;0.001953125;0.0029296875;0.013671875;0.0;0.11083984375;0.013671875;0.005859375;0.0615234375;0.8;0.171875;0.234375;0.5625;0.125;0.06640625;0.21875;0.1875;0.046875;0.359375;0.328125;0.0546875;0.2734375;0.515625;0.099609375;0.091796875;0.2578125;0.4765625;0.09375;0.25;0.359375;0.0703125;0.3828125;0.53125;0.107421875;0.28125;0.33984375;0.0283203125;0.056640625;0.04296875;0.00390625;0.0009765625;0.03125;0.00390625;0.0;0.03515625;0.00390625;0.0009765625;0.01953125;0.0;0.0;0.03125;0.0;0.0;0.021484375;0.005859375;0.001953125;0.0029296875;0.01171875;0.0;0.12158203125;0.013671875;0.001953125;0.09033203125;0.8
72;72;77.72;0.171875;0.234375;0.59375;0.125;0.06640625;0.21875;0.203125;0.0390625;0.375;0.34375;0.05078125;0.2890625;0.53125;0.1015625;0.09765625;0.265625;0.484375;0.095703125;0.2578125;0.3828125;0.07421875;0.390625;0.5390625;0.103515625;0.28515625;0.33203125;0.0283203125;0.0595703125;0.0390625;0.00390625;0.0009765625;0.03125;0.00390625;0.0;0.03515625;0.00390625;0.0009765625;0.02734375;0.0;0.0;0.03515625;0.0;0.0;0.021484375;0.0078125;0.001953125;0.0029296875;0.01171875;0.109375;0.1025390625;0.013671875;0.08203125;0.0654296875;0.8;0.171875;0.234375;0.5625;0.125;0.06640625;0.21875;0.1875;0.046875;0.359375;0.34375;0.0625;0.2734375;0.515625;0.099609375;0.095703125;0.2578125;0.484375;0.095703125;0.25;0.390625;0.076171875;0.3828125;0.5390625;0.107421875;0.28125;0.3359375;0.0283203125;0.060546875;0.0390625;0.00390625;0.0009765625;0.03125;0.00390625;0.0;0.03515625;0.00390625;0.0009765625;0.0234375;0.0;0.0;0.02734375;0.0;0.0;0.01953125;0.005859375;0.001953125;0.0029296875;0.01171875;0.0;0.12109375;0.013671875;0.0078125;0.07373046875;0.8
73;73;82.37;0.15625;0.234375;0.609375;0.12890625;0.06640625;0.21875;0.203125;0.0390625;0.375;0.359375;0.0546875;0.2890625;0.5234375;0.103515625;0.095703125;0.265625;0.484375;0.099609375;0.2578125;0.3828125;0.076171875;0.390625;0.5390625;0.1015625;0.2890625;0.328125;0.0283203125;0.05859375;0.0390625;0.0078125;0.0009765625;0.02734375;0.00390625;0.0;0.03515625;0.00390625;0.0009765625;0.02734375;0.0;0.0;0.03515625;0.0;0.0;0.021484375;0.0078125;0.001953125;0.0029296875;0.01171875;0.0859375;0.095703125;0.013671875;0.099609375;0.0751953125;0.7;0.171875;0.234375;0.59375;0.12890625;0.06640625;0.21875;0.203125;0.046875;0.359375;0.359375;0.0625;0.2734375;0.5234375;0.103515625;0.091796875;0.265625;0.484375;0.099609375;0.25;0.3828125;0.076171875;0.390625;0.5390625;0.10546875;0.2890625;0.34765625;0.0283203125;0.0595703125;0.0390625;0.00390625;0.0009765625;0.03125;0.00390625;0.0;0.0390625;0.00390625;0.0009765625;0.01953125;0.0;0.0;0.03125;0.0;0.0;0.021484375;0.0078125;0.001953125;0.0029296875;0.01171875;0.00390625;0.1181640625;0.013671875;0.0;0.07666015625;0.8
74;74;81.51;0.15625;0.234375;0.59375;0.12890625;0.06640625;0.21875;0.203125;0.0390625;0.375;0.359375;0.0546875;0.28125;0.53125;0.103515625;0.09765625;0.2734375;0.4921875;0.099609375;0.2578125;0.390625;0.078125;0.390625;0.546875;0.107421875;0.296875;0.34375;0.029296875;0.0595703125;0.0390625;0.00390625;0.0009765625;0.02734375;0.00390625;0.0;0.03515625;0.00390625;0.0009765625;0.03125;0.0;0.0;0.03515625;0.0;0.0;0.021484375;0.0078125;0.00146484375;0.0029296875;0.013671875;0.0;0.1064453125;0.013671875;0.0;0.06884765625;0.8;0.171875;0.234375;0.578125;0.12890625;0.06640625;0.21875;0.203125;0.046875;0.375;0.34375;0.0625;0.2734375;0.53125;0.103515625;0.09375;0.265625;0.484375;0.09765625;0.2578125;0.3984375;0.078125;0.390625;0.546875;0.111328125;0.29296875;0.34765625;0.0283203125;0.060546875;0.03515625;0.00390625;0.0009765625;0.03125;0.00390625;0.0;0.03515625;0.00390625;0.0009765625;0.02734375;0.0;0.0;0.03125;0.0;0.0;0.01953125;0.005859375;0.001953125;0.0029296875;0.013671875;0.0;0.12109375;0.013671875;0.099609375;0.07958984375;0.8
75;75;83.62;0.15625;0.234375;0.59375;0.12890625;0.06640625;0.21875;0.203125;0.0390625;0.375;0.375;0.05078125;0.2890625;0.5234375;0.103515625;0.099609375;0.2734375;0.4921875;0.1015625;0.2578125;0.3984375;0.078125;0.3984375;0.546875;0.107421875;0.30078125;0.33984375;0.0302734375;0.0615234375;0.0390625;0.00390625;0.0009765625;0.02734375;0.00390625;0.0;0.0390625;0.00390625;0.0009765625;0.02734375;0.0;0.0;0.03125;0.0;0.0;0.021484375;0.005859375;0.001953125;0.0029296875;0.01171875;0.0;0.10009765625;0.013671875;0.076171875;0.08056640625;0.7;0.171875;0.234375;0.5625;0.12890625;0.06640625;0.21875;0.203125;0.046875;0.375;0.359375;0.05859375;0.28125;0.515625;0.103515625;0.095703125;0.265625;0.4921875;0.1015625;0.2578125;0.3984375;0.078125;0.3984375;0.5546875;0.111328125;0.3046875;0.35546875;0.0302734375;0.0615234375;0.0390625;0.00390625;0.0009765625;0.03125;0.00390625;0.0;0.03515625;0.00390625;0.0009765625;0.0234375;0.0;0.0;0.03125;0.0;0.0;0.021484375;0.005859375;0.001953125;0.0029296875;0.01171875;0.123046875;0.11669921875;0.013671875;0.072265625;0.08837890625;0.8
76;76;81.31;0.171875;0.234375;0.59375;0.1328125;0.06640625;0.234375;0.203125;0.0390625;0.390625;0.375;0.0546875;0.296875;0.5390625;0.10546875;0.1015625;0.2734375;0.5;0.10546875;0.265625;0.40625;0.08203125;0.3984375;0.5546875;0.107421875;0.30078125;0.34375;0.0302734375;0.0615234375;0.0390625;0.00390625;0.0009765625;0.03125;0.00390625;0.0;0.0390625;0.00390625;0.0009765625;0.03125;0.0;0.0;0.03515625;0.0;0.0;0.021484375;0.0078125;0.001953125;0.0029296875;0.013671875;0.109375;0.10888671875;0.013671875;0.001953125;0.08837890625;0.8;0.171875;0.234375;0.5625;0.1328125;0.06640625;0.234375;0.1875;0.046875;0.375;0.375;0.0703125;0.2890625;0.53125;0.10546875;0.09765625;0.265625;0.4921875;0.103515625;0.265625;0.40625;0.08203125;0.3984375;0.5546875;0.111328125;0.30078125;0.35546875;0.03125;0.0634765625;0.0390625;0.00390625;0.0009765625;0.03125;0.0078125;0.0;0.03515625;0.00390625;0.0009765625;0.0234375;0.0;0.0;0.03125;0.0;0.0;0.01953125;0.0078125;0.001953125;0.0029296875;0.01171875;0.130859375;0.1201171875;0.013671875;0.033203125;0.08642578125;0.8
77;77;83.03;0.171875;0.25;0.609375;0.1328125;0.06640625;0.25;0.203125;0.0390625;0.390625;0.375;0.0546875;0.3046875;0.546875;0.10546875;0.103515625;0.28125;0.5;0.10546875;0.265625;0.4140625;0.083984375;0.4140625;0.5625;0.111328125;0.30859375;0.3515625;0.03125;0.0634765625;0.0390625;0.00390625;0.0009765625;0.03125;0.00390625;0.0;0.0390625;0.00390625;0.0009765625;0.02734375;0.0;0.0;0.03515625;0.0;0.0;0.021484375;0.005859375;0.001953125;0.0029296875;0.01171875;0.0;0.09716796875;0.013671875;0.091796875;0.0673828125;0.8;0.171875;0.25;0.59375;0.13671875;0.06640625;0.234375;0.203125;0.046875;0.375;0.375;0.06640625;0.2890625;0.53125;0.10546875;0.09765625;0.2734375;0.5;0.10546875;0.2578125;0.40625;0.08203125;0.40625;0.5546875;0.11328125;0.30859375;0.36328125;0.0322265625;0.064453125;0.0390625;0.00390625;0.0009765625;0.03125;0.0078125;0.0;0.03515625;0.00390625;0.0009765625;0.02734375;0.0;0.0;0.03515625;0.0;0.0;0.021484375;0.0078125;0.001953125;0.0029296875;0.01171875;0.0;0.1162109375;0.013671875;0.00390625;0.07080078125;0.8
78;78;84.95;0.15625;0.25;0.609375;0.1328125;0.06640625;0.234375;0.203125;0.0390625;0.390625;0.375;0.0546875;0.3046875;0.5390625;0.10546875;0.1015625;0.28125;0.5;0.10546875;0.2734375;0.4140625;0.0859375;0.4140625;0.5625;0.111328125;0.3125;0.3515625;0.0322265625;0.0654296875;0.0390625;0.00390625;0.0009765625;0.03125;0.00390625;0.0;0.04296875;0.00390625;0.0009765625;0.03125;0.0;0.0;0.03515625;0.0;0.0;0.021484375;0.005859375;0.001953125;0.0029296875;0.01171875;0.11328125;0.10302734375;0.013671875;0.001953125;0.07080078125;0.8;0.171875;0.25;0.578125;0.1328125;0.06640625;0.234375;0.203125;0.046875;0.375;0.375;0.06640625;0.2890625;0.53125;0.103515625;0.09765625;0.2734375;0.4921875;0.10546875;0.265625;0.421875;0.0859375;0.40625;0.5703125;0.115234375;0.3125;0.36328125;0.0322265625;0.0654296875;0.0390625;0.0078125;0.0009765625;0.03125;0.0078125;0.0;0.0390625;0.00390625;0.0009765625;0.0234375;0.0;0.0;0.03515625;0.0;0.0;0.021484375;0.005859375;0.001953125;0.0029296875;0.01171875;0.0;0.11962890625;0.013671875;0.01171875;0.0712890625;0.8
79;79;85.06;0.15625;0.25;0.609375;0.13671875;0.06640625;0.234375;0.21875;0.0390625;0.390625;0.375;0.0546875;0.3046875;0.5390625;0.107421875;0.10546875;0.28125;0.5078125;0.107421875;0.28125;0.4140625;0.0859375;0.421875;0.5625;0.111328125;0.32421875;0.36328125;0.033203125;0.06640625;0.0390625;0.00390625;0.0009765625;0.03125;0.00390625;0.0;0.0390625;0.00390625;0.0009765625;0.02734375;0.0;0.0;0.03515625;0.0;0.0;0.0234375;0.0078125;0.001953125;0.0029296875;0.01171875;0.0;0.10400390625;0.013671875;0.005859375;0.06884765625;0.7;0.171875;0.25;0.578125;0.13671875;0.06640625;0.234375;0.203125;0.046875;0.390625;0.375;0.06640625;0.296875;0.5390625;0.107421875;0.1015625;0.2734375;0.5078125;0.107421875;0.2734375;0.4140625;0.0859375;0.421875;0.5625;0.115234375;0.3203125;0.375;0.0341796875;0.0673828125;0.0390625;0.00390625;0.0009765625;0.03125;0.0078125;0.0;0.0390625;0.00390625;0.0009765625;0.02734375;0.0;0.0;0.03125;0.0;0.0;0.021484375;0.005859375;0.001953125;0.0029296875;0.01171875;0.0;0.12255859375;0.013671875;0.01171875;0.08740234375;0.8
80;80;83.89;0.15625;0.25;0.625;0.13671875;0.06640625;0.234375;0.203125;0.0390625;0.390625;0.390625;0.05859375;0.3046875;0.5390625;0.10546875;0.107421875;0.28125;0.5078125;0.109375;0.28125;0.4296875;0.08984375;0.421875;0.5625;0.115234375;0.32421875;0.359375;0.033203125;0.06640625;0.0390625;0.00390625;0.0009765625;0.03125;0.00390625;0.0;0.0390625;0.00390625;0.0009765625;0.02734375;0.0;0.0;0.0390625;0.0;0.0;0.0234375;0.0078125;0.001953125;0.0029296875;0.013671875;0.111328125;0.10986328125;0.013671875;0.01171875;0.07470703125;0.8;0.171875;0.25;0.609375;0.13671875;0.06640625;0.234375;0.203125;0.05078125;0.390625;0.390625;0.0703125;0.296875;0.53125;0.10546875;0.1015625;0.2734375;0.5078125;0.109375;0.2734375;0.4296875;0.08984375;0.4140625;0.5625;0.1171875;0.32421875;0.3828125;0.03515625;0.068359375;0.04296875;0.00390625;0.0009765625;0.03125;0.00390625;0.0;0.0390625;0.00390625;0.0009765625;0.02734375;0.0;0.0;0.03515625;0.0;0.0;0.021484375;0.0078125;0.001953125;0.0029296875;0.013671875;0.12890625;0.1171875;0.013671875;0.00390625;0.080078125;0.8
81;81;84.84;0.171875;0.25;0.625;0.13671875;0.06640625;0.25;0.203125;0.0390625;0.40625;0.390625;0.0625;0.3125;0.5390625;0.107421875;0.107421875;0.2890625;0.515625;0.109375;0.28125;0.4296875;0.08984375;0.4296875;0.5625;0.115234375;0.33203125;0.359375;0.033203125;0.068359375;0.04296875;0.00390625;0.0009765625;0.03125;0.00390625;0.0;0.0390625;0.00390625;0.0009765625;0.03125;0.0;0.0;0.03515625;0.0;0.0;0.0234375;0.0078125;0.001953125;0.0029296875;0.01171875;0.11328125;0.107421875;0.013671875;0.001953125;0.080078125;0.8;0.171875;0.25;0.59375;0.140625;0.06640625;0.234375;0.203125;0.046875;0.390625;0.390625;0.07421875;0.296875;0.53125;0.107421875;0.1015625;0.2734375;0.515625;0.109375;0.2734375;0.4296875;0.08984375;0.421875;0.5625;0.119140625;0.328125;0.375;0.03515625;0.0673828125;0.04296875;0.00390625;0.0009765625;0.03515625;0.0078125;0.0;0.0390625;0.00390625;0.0009765625;0.02734375;0.0;0.0;0.03125;0.0;0.0;0.021484375;0.0078125;0.001953125;0.0029296875;0.01171875;0.12890625;0.125;0.013671875;0.00390625;0.09033203125;0.8
82;82;86.38;0.15625;0.25;0.640625;0.13671875;0.06640625;0.234375;0.21875;0.04296875;0.40625;0.390625;0.0625;0.3046875;0.5390625;0.109375;0.107421875;0.2890625;0.515625;0.111328125;0.28125;0.4375;0.08984375;0.4296875;0.5703125;0.115234375;0.34375;0.375;0.03515625;0.0693359375;0.04296875;0.00390625;0.0009765625;0.03125;0.00390625;0.0;0.0390625;0.00390625;0.0009765625;0.03125;0.0;0.0;0.03515625;0.0;0.0;0.0234375;0.0078125;0.001953125;0.0029296875;0.01171875;0.0;0.103515625;0.013671875;0.01953125;0.05859375;0.8;0.171875;0.25;0.609375;0.13671875;0.06640625;0.234375;0.203125;0.05078125;0.390625;0.390625;0.0703125;0.296875;0.5390625;0.109375;0.1015625;0.28125;0.5078125;0.111328125;0.28125;0.4375;0.08984375;0.4296875;0.5703125;0.119140625;0.33984375;0.38671875;0.0361328125;0.0712890625;0.04296875;0.00390625;0.0009765625;0.03515625;0.0078125;0.0;0.0390625;0.00390625;0.0009765625;0.03125;0.0;0.0;0.03515625;0.0;0.0;0.0234375;0.0078125;0.001953125;0.0029296875;0.01171875;0.021484375;0.1201171875;0.013671875;0.0;0.080078125;0.8
83;83;85.44;0.15625;0.25;0.640625;0.13671875;0.06640625;0.25;0.21875;0.0390625;0.40625;0.390625;0.05859375;0.3125;0.5546875;0.109375;0.107421875;0.2890625;0.515625;0.111328125;0.2890625;0.4375;0.09375;0.4375;0.578125;0.119140625;0.34375;0.36328125;0.03515625;0.0732421875;0.0390625;0.00390625;0.0009765625;0.03125;0.00390625;0.0;0.04296875;0.00390625;0.0009765625;0.03125;0.0;0.0;0.03515625;0.0;0.0;0.0234375;0.009765625;0.001953125;0.0029296875;0.013671875;0.103515625;0.09912109375;0.013671875;0.09375;0.04345703125;0.8;0.171875;0.25;0.609375;0.13671875;0.0703125;0.25;0.21875;0.05078125;0.40625;0.390625;0.07421875;0.3046875;0.546875;0.109375;0.103515625;0.28125;0.515625;0.111328125;0.28125;0.4375;0.091796875;0.4375;0.5859375;0.123046875;0.33984375;0.3828125;0.037109375;0.0703125;0.04296875;0.00390625;0.0009765625;0.03125;0.00390625;0.0;0.0390625;0.00390625;0.0009765625;0.02734375;0.0;0.0;0.03515625;0.0;0.0;0.0234375;0.0078125;0.001953125;0.0029296875;0.01171875;0.0;0.12255859375;0.013671875;0.091796875;0.07373046875;0.8
84;84;85.1;0.171875;0.25;0.640625;0.140625;0.06640625;0.25;0.21875;0.04296875;0.421875;0.390625;0.0625;0.3125;0.5546875;0.109375;0.111328125;0.296875;0.5234375;0.111328125;0.296875;0.4375;0.09375;0.4453125;0.578125;0.12109375;0.3515625;0.37890625;0.037109375;0.07421875;0.04296875;0.00390625;0.0009765625;0.03125;0.00390625;0.0;0.0390625;0.00390625;0.0009765625;0.03125;0.0;0.0;0.0390625;0.0;0.0;0.0234375;0.0078125;0.001953125;0.0029296875;0.01171875;0.11328125;0.10302734375;0.013671875;0.072265625;0.07568359375;0.8;0.171875;0.265625;0.625;0.140625;0.0703125;0.234375;0.203125;0.046875;0.40625;0.390625;0.07421875;0.3046875;0.546875;0.109375;0.10546875;0.28125;0.515625;0.111328125;0.2890625;0.4375;0.095703125;0.4375;0.578125;0.123046875;0.3515625;0.390625;0.037109375;0.0732421875;0.04296875;0.00390625;0.0009765625;0.03515625;0.0078125;0.0;0.0390625;0.00390625;0.0009765625;0.03125;0.0;0.0;0.0390625;0.0;0.0;0.0234375;0.0078125;0.001953125;0.0029296875;0.01171875;0.140625;0.126953125;0.013671875;0.0;0.0888671875;0.8
85;85;86.56;0.171875;0.25;0.640625;0.140625;0.06640625;0.25;0.234375;0.04296875;0.40625;0.390625;0.05859375;0.3203125;0.5546875;0.109375;0.111328125;0.296875;0.5234375;0.115234375;0.296875;0.453125;0.095703125;0.4453125;0.5859375;0.123046875;0.35546875;0.38671875;0.0380859375;0.076171875;0.04296875;0.00390625;0.0009765625;0.03515625;0.00390625;0.0;0.04296875;0.00390625;0.0009765625;0.03125;0.0;0.0;0.0390625;0.0;0.0;0.025390625;0.0078125;0.001953125;0.0029296875;0.013671875;0.0;0.10107421875;0.015625;0.080078125;0.04541015625;0.8;0.171875;0.265625;0.625;0.140625;0.0703125;0.234375;0.203125;0.05078125;0.40625;0.390625;0.07421875;0.3046875;0.546875;0.109375;0.10546875;0.2890625;0.5234375;0.11328125;0.2890625;0.453125;0.095703125;0.4375;0.5859375;0.125;0.3515625;0.3984375;0.0390625;0.07421875;0.04296875;0.00390625;0.0009765625;0.03515625;0.00390625;0.0;0.04296875;0.00390625;0.0009765625;0.02734375;0.0;0.0;0.03515625;0.0;0.0;0.0234375;0.0078125;0.001953125;0.0029296875;0.01171875;0.0;0.12255859375;0.013671875;0.0859375;0.04833984375;0.8
86;86;87.25;0.171875;0.25;0.640625;0.140625;0.06640625;0.25;0.21875;0.04296875;0.421875;0.40625;0.0625;0.3203125;0.5625;0.11328125;0.111328125;0.296875;0.53125;0.115234375;0.296875;0.4453125;0.09765625;0.453125;0.5859375;0.123046875;0.359375;0.3828125;0.0390625;0.0751953125;0.0390625;0.0078125;0.0009765625;0.03125;0.00390625;0.0;0.0390625;0.00390625;0.0009765625;0.03125;0.0;0.0;0.0390625;0.0;0.0;0.025390625;0.009765625;0.001953125;0.0029296875;0.013671875;0.1015625;0.107421875;0.015625;0.087890625;0.06005859375;0.8;0.171875;0.265625;0.609375;0.140625;0.0703125;0.234375;0.203125;0.046875;0.421875;0.390625;0.07421875;0.3125;0.5546875;0.111328125;0.107421875;0.296875;0.5234375;0.115234375;0.2890625;0.453125;0.09765625;0.453125;0.5859375;0.125;0.359375;0.40625;0.0400390625;0.0771484375;0.04296875;0.0078125;0.0009765625;0.03515625;0.00390625;0.0;0.0390625;0.00390625;0.0009765625;0.02734375;0.0;0.0;0.0390625;0.0;0.0;0.025390625;0.0078125;0.001953125;0.0029296875;0.013671875;0.111328125;0.1162109375;0.013671875;0.107421875;0.05078125;0.8
87;87;87.72;0.171875;0.25;0.625;0.140625;0.06640625;0.25;0.21875;0.04296875;0.421875;0.40625;0.0625;0.3203125;0.5546875;0.111328125;0.111328125;0.3046875;0.5234375;0.1171875;0.3046875;0.453125;0.099609375;0.453125;0.5859375;0.123046875;0.359375;0.38671875;0.0400390625;0.0771484375;0.04296875;0.00390625;0.0009765625;0.03515625;0.00390625;0.0;0.04296875;0.00390625;0.0009765625;0.03515625;0.0;0.0;0.0390625;0.0;0.0;0.025390625;0.009765625;0.001953125;0.0029296875;0.013671875;0.0;0.1064453125;0.015625;0.0;0.05615234375;0.8;0.171875;0.265625;0.609375;0.140625;0.0703125;0.234375;0.203125;0.05078125;0.421875;0.40625;0.07421875;0.3125;0.5546875;0.111328125;0.107421875;0.296875;0.5234375;0.115234375;0.296875;0.453125;0.099609375;0.453125;0.5859375;0.125;0.36328125;0.40625;0.0419921875;0.0771484375;0.04296875;0.00390625;0.0009765625;0.03515625;0.00390625;0.0;0.04296875;0.00390625;0.0009765625;0.02734375;0.0;0.0;0.0390625;0.0;0.0;0.025390625;0.0078125;0.001953125;0.0029296875;0.013671875;0.0;0.1201171875;0.015625;0.0;0.05517578125;0.8
88;88;87.21;0.171875;0.25;0.640625;0.140625;0.06640625;0.25;0.21875;0.04296875;0.421875;0.40625;0.06640625;0.328125;0.5625;0.11328125;0.111328125;0.3046875;0.53125;0.1171875;0.3046875;0.4609375;0.099609375;0.453125;0.5859375;0.125;0.3671875;0.38671875;0.0400390625;0.0751953125;0.04296875;0.00390625;0.0009765625;0.03125;0.00390625;0.0;0.0390625;0.00390625;0.0009765625;0.03125;0.0;0.0;0.0390625;0.0;0.0;0.025390625;0.009765625;0.001953125;0.0029296875;0.013671875;0.0;0.111328125;0.013671875;0.001953125;0.05810546875;0.8;0.171875;0.265625;0.625;0.14453125;0.0703125;0.234375;0.203125;0.046875;0.421875;0.40625;0.078125;0.3125;0.5546875;0.111328125;0.107421875;0.296875;0.5234375;0.1171875;0.296875;0.4609375;0.1015625;0.453125;0.5859375;0.126953125;0.37109375;0.41015625;0.041015625;0.0791015625;0.04296875;0.00390625;0.0009765625;0.03515625;0.00390625;0.0;0.0390625;0.00390625;0.0009765625;0.03125;0.0;0.0;0.0390625;0.0;0.0;0.025390625;0.0078125;0.001953125;0.0029296875;0.01171875;0.001953125;0.12548828125;0.013671875;0.0;0.05224609375;0.8
89;89;87.82;0.171875;0.265625;0.640625;0.14453125;0.0703125;0.25;0.21875;0.04296875;0.421875;0.390625;0.06640625;0.3203125;0.5625;0.111328125;0.11328125;0.3046875;0.53125;0.1171875;0.3046875;0.4609375;0.1015625;0.4609375;0.5859375;0.125;0.3671875;0.3984375;0.0400390625;0.0791015625;0.04296875;0.0078125;0.0009765625;0.03515625;0.00390625;0.0;0.04296875;0.00390625;0.0009765625;0.03515625;0.0;0.0;0.0390625;0.0;0.0;0.025390625;0.009765625;0.001953125;0.0029296875;0.01171875;0.10546875;0.103515625;0.013671875;0.0;0.0810546875;0.8;0.171875;0.265625;0.625;0.14453125;0.0703125;0.234375;0.203125;0.05078125;0.421875;0.390625;0.078125;0.3125;0.546875;0.111328125;0.109375;0.296875;0.53125;0.1171875;0.296875;0.46875;0.1015625;0.4609375;0.5859375;0.12890625;0.37109375;0.4140625;0.04296875;0.080078125;0.04296875;0.0078125;0.0009765625;0.03515625;0.00390625;0.0;0.0390625;0.00390625;0.0009765625;0.03125;0.0;0.0;0.0390625;0.0;0.0;0.025390625;0.009765625;0.001953125;0.0029296875;0.013671875;0.119140625;0.11181640625;0.013671875;0.0;0.09326171875;0.8
90;90;87.62;0.171875;0.25;0.65625;0.14453125;0.06640625;0.234375;0.21875;0.04296875;0.421875;0.40625;0.06640625;0.328125;0.5625;0.11328125;0.11328125;0.3046875;0.53125;0.119140625;0.3046875;0.46875;0.103515625;0.4609375;0.59375;0.126953125;0.37890625;0.3984375;0.0419921875;0.080078125;0.04296875;0.00390625;0.0009765625;0.03125;0.00390625;0.0;0.04296875;0.00390625;0.0009765625;0.03125;0.0;0.0;0.04296875;0.0;0.0;0.025390625;0.009765625;0.001953125;0.0029296875;0.013671875;0.12890625;0.10498046875;0.015625;0.10546875;0.078125;0.8;0.171875;0.265625;0.625;0.14453125;0.0703125;0.234375;0.203125;0.05078125;0.421875;0.40625;0.078125;0.3125;0.5546875;0.11328125;0.109375;0.3046875;0.53125;0.1171875;0.3046875;0.46875;0.103515625;0.4609375;0.59375;0.130859375;0.37890625;0.41796875;0.04296875;0.08203125;0.046875;0.00390625;0.0009765625;0.03515625;0.00390625;0.0;0.04296875;0.00390625;0.0009765625;0.03125;0.0;0.0;0.0390625;0.0;0.0;0.025390625;0.0078125;0.001953125;0.0029296875;0.013671875;0.12109375;0.11962890625;0.015625;0.0;0.0927734375;0.8
91;91;88.33;0.171875;0.265625;0.65625;0.14453125;0.0703125;0.25;0.21875;0.04296875;0.4375;0.40625;0.06640625;0.328125;0.5625;0.11328125;0.11328125;0.3125;0.53125;0.1171875;0.3125;0.46875;0.10546875;0.46875;0.59375;0.126953125;0.37890625;0.3984375;0.04296875;0.080078125;0.04296875;0.0078125;0.0009765625;0.03515625;0.00390625;0.0;0.04296875;0.00390625;0.0009765625;0.03515625;0.0;0.0;0.0390625;0.0;0.0;0.02734375;0.009765625;0.001953125;0.0029296875;0.013671875;0.12109375;0.107421875;0.015625;0.001953125;0.076171875;0.8;0.171875;0.265625;0.625;0.14453125;0.0703125;0.25;0.21875;0.05078125;0.421875;0.40625;0.078125;0.3203125;0.5546875;0.11328125;0.109375;0.3046875;0.53125;0.119140625;0.3046875;0.46875;0.10546875;0.46875;0.59375;0.130859375;0.3828125;0.421875;0.0439453125;0.0830078125;0.046875;0.00390625;0.0009765625;0.03515625;0.0078125;0.0;0.04296875;0.00390625;0.0009765625;0.03125;0.0;0.0;0.0390625;0.0;0.0;0.02734375;0.009765625;0.001953125;0.0029296875;0.013671875;0.12890625;0.1318359375;0.013671875;0.009765625;0.0869140625;0.8
92;92;88.26;0.171875;0.265625;0.65625;0.14453125;0.06640625;0.25;0.21875;0.04296875;0.421875;0.40625;0.06640625;0.328125;0.5703125;0.11328125;0.11328125;0.3125;0.5390625;0.119140625;0.3046875;0.4765625;0.10546875;0.46875;0.59375;0.126953125;0.3828125;0.40234375;0.0419921875;0.080078125;0.04296875;0.0078125;0.0009765625;0.03515625;0.00390625;0.0;0.04296875;0.00390625;0.0009765625;0.03125;0.0;0.0;0.04296875;0.0;0.0;0.02734375;0.009765625;0.001953125;0.0029296875;0.013671875;0.115234375;0.099609375;0.015625;0.08984375;0.06591796875;0.8;0.171875;0.265625;0.625;0.14453125;0.0703125;0.25;0.21875;0.05078125;0.421875;0.40625;0.078125;0.3203125;0.5546875;0.11328125;0.109375;0.3046875;0.53125;0.119140625;0.3046875;0.4765625;0.10546875;0.46875;0.59375;0.130859375;0.3828125;0.42578125;0.0439453125;0.0830078125;0.046875;0.0078125;0.0009765625;0.03515625;0.0078125;0.0;0.04296875;0.00390625;0.0009765625;0.03125;0.0;0.0;0.0390625;0.0;0.0;0.025390625;0.009765625;0.001953125;0.0029296875;0.013671875;0.138671875;0.11083984375;0.013671875;0.095703125;0.0595703125;0.8
93;93;88.63;0.171875;0.265625;0.65625;0.14453125;0.0703125;0.25;0.21875;0.04296875;0.4375;0.40625;0.06640625;0.3359375;0.5625;0.11328125;0.115234375;0.3125;0.53125;0.119140625;0.3125;0.4765625;0.10546875;0.46875;0.59375;0.12890625;0.38671875;0.40625;0.0439453125;0.0810546875;0.04296875;0.0078125;0.0009765625;0.03515625;0.0078125;0.0;0.04296875;0.00390625;0.0009765625;0.03125;0.0;0.0;0.04296875;0.0;0.0;0.02734375;0.009765625;0.001953125;0.0029296875;0.013671875;0.13671875;0.09912109375;0.013671875;0.095703125;0.06884765625;0.8;0.171875;0.265625;0.625;0.14453125;0.0703125;0.25;0.21875;0.05078125;0.421875;0.40625;0.078125;0.3203125;0.5546875;0.11328125;0.109375;0.3046875;0.53125;0.119140625;0.3046875;0.4765625;0.107421875;0.46875;0.59375;0.130859375;0.38671875;0.42578125;0.044921875;0.0830078125;0.046875;0.0078125;0.0009765625;0.03515625;0.0078125;0.0;0.04296875;0.00390625;0.0009765625;0.03125;0.0;0.0;0.04296875;0.0;0.0;0.02734375;0.009765625;0.001953125;0.0029296875;0.013671875;0.123046875;0.12255859375;0.013671875;0.099609375;0.072265625;0.8
94;94;88.71;0.15625;0.265625;0.65625;0.14453125;0.06640625;0.25;0.21875;0.04296875;0.421875;0.40625;0.06640625;0.3359375;0.5625;0.11328125;0.115234375;0.3125;0.53125;0.12109375;0.3125;0.4765625;0.10546875;0.46875;0.59375;0.12890625;0.38671875;0.40625;0.04296875;0.08203125;0.04296875;0.0078125;0.0009765625;0.03515625;0.0078125;0.0;0.04296875;0.00390625;0.0009765625;0.03515625;0.0;0.0;0.04296875;0.0;0.0;0.02734375;0.009765625;0.001953125;0.0029296875;0.013671875;0.1015625;0.10498046875;0.015625;0.0;0.0732421875;0.8;0.171875;0.265625;0.625;0.1484375;0.0703125;0.25;0.21875;0.05078125;0.421875;0.40625;0.078125;0.3203125;0.5625;0.11328125;0.111328125;0.3046875;0.53125;0.119140625;0.3046875;0.4765625;0.107421875;0.46875;0.59375;0.130859375;0.38671875;0.42578125;0.044921875;0.083984375;0.046875;0.0078125;0.0009765625;0.03515625;0.0078125;0.0;0.04296875;0.00390625;0.0009765625;0.03125;0.0;0.0;0.0390625;0.0;0.0;0.02734375;0.009765625;0.001953125;0.0029296875;0.013671875;0.130859375;0.119140625;0.013671875;0.001953125;0.0654296875;0.8
95;95;88.65;0.171875;0.265625;0.65625;0.14453125;0.0703125;0.25;0.21875;0.04296875;0.4375;0.40625;0.06640625;0.3359375;0.5625;0.11328125;0.11328125;0.3125;0.53125;0.12109375;0.3125;0.4765625;0.107421875;0.46875;0.59375;0.12890625;0.38671875;0.40234375;0.04296875;0.0810546875;0.04296875;0.0078125;0.0009765625;0.03515625;0.0078125;0.0;0.04296875;0.00390625;0.0009765625;0.03515625;0.0;0.0;0.04296875;0.0;0.0;0.02734375;0.009765625;0.001953125;0.0029296875;0.013671875;0.001953125;0.0966796875;0.015625;0.09375;0.07470703125;0.8;0.171875;0.265625;0.640625;0.1484375;0.0703125;0.25;0.21875;0.05078125;0.4375;0.40625;0.078125;0.3203125;0.5546875;0.11328125;0.109375;0.3046875;0.53125;0.119140625;0.3125;0.484375;0.107421875;0.46875;0.59375;0.130859375;0.390625;0.4296875;0.0458984375;0.0849609375;0.046875;0.0078125;0.0009765625;0.03515625;0.0078125;0.0;0.04296875;0.00390625;0.0009765625;0.03125;0.0;0.0;0.04296875;0.0;0.0;0.02734375;0.009765625;0.001953125;0.0029296875;0.013671875;0.0;0.1240234375;0.015625;0.103515625;0.0869140625;0.8
96;96;88.83;0.15625;0.265625;0.65625;0.14453125;0.0703125;0.25;0.21875;0.04296875;0.4375;0.40625;0.06640625;0.3359375;0.5703125;0.11328125;0.115234375;0.3125;0.53125;0.119140625;0.3125;0.484375;0.107421875;0.46875;0.59375;0.12890625;0.38671875;0.40234375;0.0419921875;0.0849609375;0.04296875;0.0078125;0.0009765625;0.03515625;0.0078125;0.0;0.04296875;0.00390625;0.0009765625;0.03515625;0.0;0.0;0.04296875;0.0;0.0;0.02734375;0.009765625;0.001953125;0.0029296875;0.013671875;0.1171875;0.1025390625;0.015625;0.091796875;0.0732421875;0.8;0.171875;0.265625;0.640625;0.1484375;0.0703125;0.25;0.21875;0.05078125;0.4375;0.40625;0.078125;0.3203125;0.5546875;0.11328125;0.111328125;0.3046875;0.53125;0.119140625;0.3125;0.484375;0.107421875;0.46875;0.59375;0.130859375;0.390625;0.4296875;0.0458984375;0.0849609375;0.046875;0.0078125;0.0009765625;0.03515625;0.0078125;0.0;0.04296875;0.00390625;0.0009765625;0.03125;0.0;0.0;0.04296875;0.0;0.0;0.02734375;0.009765625;0.001953125;0.0029296875;0.013671875;0.13671875;0.11767578125;0.015625;0.103515625;0.0654296875;0.8
97;97;89.08;0.171875;0.265625;0.65625;0.14453125;0.0703125;0.25;0.21875;0.04296875;0.421875;0.40625;0.06640625;0.328125;0.5625;0.11328125;0.115234375;0.3125;0.5390625;0.12109375;0.3125;0.484375;0.109375;0.4765625;0.6015625;0.130859375;0.38671875;0.40625;0.0439453125;0.080078125;0.04296875;0.0078125;0.0009765625;0.03515625;0.0078125;0.0;0.04296875;0.00390625;0.0009765625;0.03515625;0.0;0.0;0.04296875;0.0;0.0;0.02734375;0.009765625;0.001953125;0.0029296875;0.013671875;0.0;0.1025390625;0.015625;0.0;0.06103515625;0.8;0.171875;0.265625;0.640625;0.1484375;0.0703125;0.25;0.21875;0.05078125;0.4375;0.40625;0.078125;0.3203125;0.5546875;0.11328125;0.109375;0.3046875;0.53125;0.119140625;0.3046875;0.484375;0.107421875;0.4765625;0.59375;0.130859375;0.390625;0.4296875;0.0458984375;0.0849609375;0.046875;0.0078125;0.0009765625;0.03515625;0.0078125;0.0;0.04296875;0.00390625;0.0009765625;0.03125;0.0;0.0;0.04296875;0.0;0.0;0.02734375;0.009765625;0.001953125;0.0029296875;0.013671875;0.0;0.11962890625;0.015625;0.0;0.07177734375;0.8
98;98;88.97;0.171875;0.265625;0.65625;0.14453125;0.0703125;0.25;0.234375;0.04296875;0.421875;0.40625;0.06640625;0.3359375;0.5703125;0.11328125;0.115234375;0.3125;0.53125;0.12109375;0.3125;0.4765625;0.109375;0.46875;0.59375;0.12890625;0.390625;0.40234375;0.04296875;0.08203125;0.04296875;0.0078125;0.0009765625;0.03515625;0.0078125;0.0;0.046875;0.00390625;0.0009765625;0.03125;0.0;0.0;0.04296875;0.0;0.0;0.025390625;0.009765625;0.001953125;0.0029296875;0.01171875;0.12109375;0.09619140625;0.013671875;0.01953125;0.06787109375;0.8;0.171875;0.265625;0.640625;0.1484375;0.0703125;0.25;0.21875;0.05078125;0.421875;0.40625;0.078125;0.3203125;0.5546875;0.11328125;0.109375;0.3046875;0.53125;0.12109375;0.3125;0.484375;0.107421875;0.4765625;0.59375;0.130859375;0.390625;0.4296875;0.0458984375;0.0849609375;0.046875;0.0078125;0.0009765625;0.03515625;0.0078125;0.0;0.04296875;0.00390625;0.0009765625;0.03125;0.0;0.0;0.04296875;0.0;0.0;0.02734375;0.009765625;0.001953125;0.0029296875;0.013671875;0.123046875;0.10888671875;0.015625;0.046875;0.0771484375;0.8
99;99;88.94;0.171875;0.265625;0.65625;0.14453125;0.0703125;0.25;0.21875;0.04296875;0.4375;0.40625;0.06640625;0.3359375;0.5625;0.11328125;0.115234375;0.3125;0.53125;0.119140625;0.3125;0.4765625;0.107421875;0.4765625;0.59375;0.12890625;0.390625;0.4140625;0.044921875;0.083984375;0.04296875;0.0078125;0.0009765625;0.03515625;0.0078125;0.0;0.04296875;0.00390625;0.0009765625;0.03515625;0.0;0.0;0.04296875;0.0;0.0;0.02734375;0.01171875;0.001953125;0.0029296875;0.013671875;0.0;0.10693359375;0.015625;0.0;0.06201171875;0.8;0.171875;0.265625;0.640625;0.1484375;0.0703125;0.25;0.21875;0.05078125;0.421875;0.40625;0.078125;0.3203125;0.5546875;0.11328125;0.109375;0.3046875;0.53125;0.119140625;0.3125;0.484375;0.109375;0.4765625;0.59375;0.130859375;0.390625;0.4296875;0.046875;0.0849609375;0.046875;0.0078125;0.0009765625;0.03515625;0.0078125;0.0;0.04296875;0.00390625;0.0009765625;0.03125;0.0;0.0;0.04296875;0.0;0.0;0.02734375;0.009765625;0.001953125;0.0029296875;0.013671875;0.130859375;0.12451171875;0.015625;0.0;0.0673828125;0.8
