;Epoch;test_accuracy;train-saturation_conv1;train-saturation_layer1-0-conv1;train-saturation_layer1-0-conv2;train-saturation_layer1-0-conv3;train-saturation_layer1-0-shortcut-0;train-saturation_layer1-1-conv1;train-saturation_layer1-1-conv2;train-saturation_layer1-1-conv3;train-saturation_layer1-2-conv1;train-saturation_layer1-2-conv2;train-saturation_layer1-2-conv3;train-saturation_layer2-0-conv1;train-saturation_layer2-0-conv2;train-saturation_layer2-0-conv3;train-saturation_layer2-0-shortcut-0;train-saturation_layer2-1-conv1;train-saturation_layer2-1-conv2;train-saturation_layer2-1-conv3;train-saturation_layer2-2-conv1;train-saturation_layer2-2-conv2;train-saturation_layer2-2-conv3;train-saturation_layer2-3-conv1;train-saturation_layer2-3-conv2;train-saturation_layer2-3-conv3;train-saturation_layer3-0-conv1;train-saturation_layer3-0-conv2;train-saturation_layer3-0-conv3;train-saturation_layer3-0-shortcut-0;train-saturation_layer3-1-conv1;train-saturation_layer3-1-conv2;train-saturation_layer3-1-conv3;train-saturation_layer3-2-conv1;train-saturation_layer3-2-conv2;train-saturation_layer3-2-conv3;train-saturation_layer3-3-conv1;train-saturation_layer3-3-conv2;train-saturation_layer3-3-conv3;train-saturation_layer3-4-conv1;train-saturation_layer3-4-conv2;train-saturation_layer3-4-conv3;train-saturation_layer3-5-conv1;train-saturation_layer3-5-conv2;train-saturation_layer3-5-conv3;train-saturation_layer4-0-conv1;train-saturation_layer4-0-conv2;train-saturation_layer4-0-conv3;train-saturation_layer4-0-shortcut-0;train-saturation_layer4-1-conv1;train-saturation_layer4-1-conv2;train-saturation_layer4-1-conv3;train-saturation_layer4-2-conv1;train-saturation_layer4-2-conv2;train-saturation_layer4-2-conv3;train-saturation_linear;eval-saturation_conv1;eval-saturation_layer1-0-conv1;eval-saturation_layer1-0-conv2;eval-saturation_layer1-0-conv3;eval-saturation_layer1-0-shortcut-0;eval-saturation_layer1-1-conv1;eval-saturation_layer1-1-conv2;eval-saturation_layer1-1-conv3;eval-saturation_layer1-2-conv1;eval-saturation_layer1-2-conv2;eval-saturation_layer1-2-conv3;eval-saturation_layer2-0-conv1;eval-saturation_layer2-0-conv2;eval-saturation_layer2-0-conv3;eval-saturation_layer2-0-shortcut-0;eval-saturation_layer2-1-conv1;eval-saturation_layer2-1-conv2;eval-saturation_layer2-1-conv3;eval-saturation_layer2-2-conv1;eval-saturation_layer2-2-conv2;eval-saturation_layer2-2-conv3;eval-saturation_layer2-3-conv1;eval-saturation_layer2-3-conv2;eval-saturation_layer2-3-conv3;eval-saturation_layer3-0-conv1;eval-saturation_layer3-0-conv2;eval-saturation_layer3-0-conv3;eval-saturation_layer3-0-shortcut-0;eval-saturation_layer3-1-conv1;eval-saturation_layer3-1-conv2;eval-saturation_layer3-1-conv3;eval-saturation_layer3-2-conv1;eval-saturation_layer3-2-conv2;eval-saturation_layer3-2-conv3;eval-saturation_layer3-3-conv1;eval-saturation_layer3-3-conv2;eval-saturation_layer3-3-conv3;eval-saturation_layer3-4-conv1;eval-saturation_layer3-4-conv2;eval-saturation_layer3-4-conv3;eval-saturation_layer3-5-conv1;eval-saturation_layer3-5-conv2;eval-saturation_layer3-5-conv3;eval-saturation_layer4-0-conv1;eval-saturation_layer4-0-conv2;eval-saturation_layer4-0-conv3;eval-saturation_layer4-0-shortcut-0;eval-saturation_layer4-1-conv1;eval-saturation_layer4-1-conv2;eval-saturation_layer4-1-conv3;eval-saturation_layer4-2-conv1;eval-saturation_layer4-2-conv2;eval-saturation_layer4-2-conv3;eval-saturation_linear
0;0;18.42;0.046875;0.046875;0.171875;0.015625;0.01171875;0.046875;0.109375;0.0078125;0.046875;0.109375;0.0078125;0.0234375;0.03125;0.00390625;0.00390625;0.015625;0.09375;0.01171875;0.0234375;0.0546875;0.005859375;0.015625;0.0625;0.0078125;0.00390625;0.01171875;0.0009765625;0.0009765625;0.0;0.01953125;0.00390625;0.00390625;0.01953125;0.0029296875;0.00390625;0.015625;0.001953125;0.00390625;0.01171875;0.001953125;0.0;0.01171875;0.001953125;0.0;0.0;0.0;0.0;0.0;0.0;0.0;0.0;0.0;0.0;0.1;0.046875;0.03125;0.140625;0.01171875;0.01171875;0.03125;0.078125;0.00390625;0.046875;0.09375;0.0078125;0.015625;0.0234375;0.00390625;0.00390625;0.015625;0.078125;0.009765625;0.015625;0.0546875;0.005859375;0.015625;0.0703125;0.009765625;0.00390625;0.015625;0.001953125;0.0009765625;0.0;0.01953125;0.0029296875;0.0078125;0.01953125;0.0029296875;0.01171875;0.01953125;0.0029296875;0.01171875;0.01953125;0.00390625;0.0078125;0.01953125;0.0029296875;0.00390625;0.0;0.00048828125;0.0;0.001953125;0.00390625;0.0;0.00390625;0.001953125;0.00048828125;0.1
1;1;24.84;0.046875;0.046875;0.171875;0.015625;0.01171875;0.046875;0.109375;0.0078125;0.0625;0.109375;0.0078125;0.0234375;0.03125;0.005859375;0.005859375;0.015625;0.109375;0.009765625;0.03125;0.0546875;0.005859375;0.0234375;0.1015625;0.015625;0.0078125;0.015625;0.0009765625;0.0009765625;0.0;0.02734375;0.00390625;0.0078125;0.0234375;0.00390625;0.01171875;0.01953125;0.0029296875;0.0078125;0.01171875;0.001953125;0.00390625;0.01171875;0.001953125;0.001953125;0.0;0.0;0.0;0.0;0.0;0.00048828125;0.0;0.0;0.0;0.2;0.046875;0.046875;0.140625;0.01171875;0.01171875;0.046875;0.078125;0.00390625;0.046875;0.09375;0.0078125;0.015625;0.0234375;0.00390625;0.00390625;0.015625;0.09375;0.009765625;0.0234375;0.046875;0.005859375;0.0234375;0.1015625;0.015625;0.0078125;0.015625;0.001953125;0.0009765625;0.00390625;0.0234375;0.00390625;0.01171875;0.02734375;0.00390625;0.015625;0.0234375;0.0029296875;0.01171875;0.0234375;0.00390625;0.01171875;0.01953125;0.0029296875;0.00390625;0.0;0.00048828125;0.00048828125;0.0;0.001953125;0.0;0.001953125;0.001953125;0.00048828125;0.2
2;2;32.42;0.046875;0.0625;0.1875;0.015625;0.015625;0.078125;0.125;0.0078125;0.09375;0.140625;0.0078125;0.046875;0.0703125;0.009765625;0.01171875;0.0546875;0.203125;0.015625;0.0703125;0.0625;0.005859375;0.0546875;0.1640625;0.01953125;0.01171875;0.015625;0.0009765625;0.0029296875;0.00390625;0.0234375;0.00390625;0.0078125;0.01953125;0.00390625;0.0078125;0.01953125;0.0029296875;0.00390625;0.01171875;0.001953125;0.00390625;0.01171875;0.001953125;0.001953125;0.0;0.0;0.0;0.0;0.0;0.00048828125;0.0;0.0;0.0;0.2;0.046875;0.0625;0.15625;0.015625;0.015625;0.0625;0.09375;0.00390625;0.078125;0.109375;0.0078125;0.0390625;0.046875;0.0078125;0.009765625;0.0390625;0.15625;0.009765625;0.0390625;0.046875;0.00390625;0.0390625;0.1328125;0.017578125;0.0078125;0.01171875;0.0009765625;0.001953125;0.0;0.0234375;0.00390625;0.0078125;0.01953125;0.00390625;0.0078125;0.01953125;0.0029296875;0.0078125;0.01171875;0.001953125;0.00390625;0.015625;0.001953125;0.001953125;0.0;0.00048828125;0.0;0.001953125;0.001953125;0.00048828125;0.00390625;0.001953125;0.00048828125;0.2
3;3;36.67;0.046875;0.078125;0.21875;0.01953125;0.0234375;0.109375;0.171875;0.0078125;0.1875;0.265625;0.015625;0.1171875;0.2265625;0.0234375;0.02734375;0.1328125;0.3046875;0.0234375;0.15625;0.125;0.0078125;0.1015625;0.203125;0.0234375;0.03515625;0.0234375;0.001953125;0.0048828125;0.0078125;0.02734375;0.00390625;0.01171875;0.0234375;0.00390625;0.01171875;0.01953125;0.0029296875;0.0078125;0.01171875;0.001953125;0.00390625;0.01171875;0.001953125;0.001953125;0.0;0.00048828125;0.0;0.0;0.001953125;0.00048828125;0.0;0.0;0.0;0.3;0.046875;0.078125;0.171875;0.015625;0.0234375;0.09375;0.125;0.0078125;0.15625;0.234375;0.01171875;0.1015625;0.21875;0.025390625;0.0234375;0.1484375;0.3359375;0.033203125;0.234375;0.265625;0.015625;0.1484375;0.1796875;0.021484375;0.0625;0.05078125;0.005859375;0.0078125;0.0234375;0.0234375;0.0029296875;0.02734375;0.01953125;0.0029296875;0.0234375;0.0234375;0.0029296875;0.015625;0.01953125;0.00390625;0.01171875;0.0234375;0.00390625;0.005859375;0.0;0.00048828125;0.0;0.0;0.00390625;0.00048828125;0.00390625;0.00390625;0.00048828125;0.3
4;4;50.89;0.046875;0.09375;0.28125;0.02734375;0.02734375;0.1875;0.21875;0.01171875;0.265625;0.421875;0.03125;0.1796875;0.3359375;0.0390625;0.0390625;0.203125;0.34375;0.029296875;0.2578125;0.3203125;0.017578125;0.1640625;0.2578125;0.029296875;0.0859375;0.07421875;0.0048828125;0.0126953125;0.01953125;0.03125;0.00390625;0.0234375;0.02734375;0.00390625;0.0234375;0.0234375;0.0029296875;0.015625;0.015625;0.001953125;0.0078125;0.01171875;0.001953125;0.00390625;0.0;0.00048828125;0.00048828125;0.001953125;0.001953125;0.00048828125;0.0;0.0;0.0;0.5;0.046875;0.078125;0.21875;0.0234375;0.02734375;0.15625;0.140625;0.0078125;0.21875;0.359375;0.0234375;0.15625;0.2890625;0.033203125;0.03515625;0.15625;0.28125;0.015625;0.140625;0.09375;0.00390625;0.078125;0.1640625;0.013671875;0.0234375;0.015625;0.0009765625;0.0048828125;0.0;0.01953125;0.0029296875;0.0;0.01171875;0.001953125;0.0;0.01171875;0.001953125;0.0;0.01171875;0.001953125;0.0;0.0078125;0.001953125;0.0;0.0;0.0;0.0;0.0;0.0;0.0;0.0;0.0;0.0;0.5
5;5;48.24;0.0625;0.09375;0.328125;0.04296875;0.02734375;0.25;0.359375;0.01953125;0.28125;0.4375;0.046875;0.15625;0.3125;0.0390625;0.037109375;0.1875;0.3125;0.03515625;0.203125;0.328125;0.029296875;0.140625;0.2265625;0.025390625;0.06640625;0.05078125;0.00390625;0.013671875;0.0234375;0.03125;0.0029296875;0.02734375;0.03125;0.00390625;0.02734375;0.02734375;0.0029296875;0.02734375;0.01953125;0.0029296875;0.01953125;0.015625;0.001953125;0.005859375;0.0;0.0009765625;0.00146484375;0.001953125;0.001953125;0.00048828125;0.0;0.0;0.0;0.4;0.046875;0.09375;0.265625;0.0390625;0.02734375;0.203125;0.265625;0.01171875;0.265625;0.421875;0.046875;0.1484375;0.328125;0.0390625;0.033203125;0.171875;0.359375;0.0390625;0.1796875;0.3359375;0.029296875;0.125;0.21875;0.025390625;0.0625;0.046875;0.00390625;0.0126953125;0.0234375;0.02734375;0.0029296875;0.02734375;0.02734375;0.00390625;0.02734375;0.02734375;0.0029296875;0.02734375;0.0234375;0.00390625;0.0234375;0.0234375;0.00390625;0.009765625;0.001953125;0.00146484375;0.00146484375;0.00390625;0.00390625;0.0009765625;0.005859375;0.001953125;0.0;0.5
6;6;51.8;0.078125;0.125;0.3125;0.0546875;0.03125;0.25;0.375;0.0234375;0.25;0.4375;0.046875;0.1328125;0.3046875;0.03515625;0.033203125;0.140625;0.2890625;0.03125;0.15625;0.3046875;0.025390625;0.125;0.2265625;0.025390625;0.0625;0.08984375;0.0087890625;0.013671875;0.02734375;0.0234375;0.0029296875;0.03515625;0.03125;0.00390625;0.02734375;0.0234375;0.001953125;0.02734375;0.0234375;0.0029296875;0.0234375;0.0234375;0.001953125;0.009765625;0.00390625;0.0009765625;0.00146484375;0.00390625;0.001953125;0.00048828125;0.00390625;0.0;0.0;0.4;0.0625;0.109375;0.25;0.046875;0.03125;0.21875;0.296875;0.015625;0.234375;0.453125;0.046875;0.125;0.3203125;0.037109375;0.029296875;0.125;0.3359375;0.03515625;0.140625;0.3125;0.025390625;0.109375;0.2109375;0.021484375;0.0546875;0.08203125;0.0078125;0.0126953125;0.02734375;0.02734375;0.0029296875;0.03125;0.02734375;0.0029296875;0.0234375;0.0234375;0.001953125;0.0234375;0.01953125;0.001953125;0.01953125;0.01953125;0.001953125;0.0078125;0.001953125;0.0009765625;0.00146484375;0.00390625;0.001953125;0.00048828125;0.00390625;0.0;0.0;0.5
7;7;53.53;0.078125;0.125;0.3125;0.05078125;0.03515625;0.265625;0.4375;0.03125;0.21875;0.390625;0.04296875;0.1171875;0.265625;0.037109375;0.03125;0.125;0.2734375;0.03515625;0.1484375;0.234375;0.02734375;0.125;0.2421875;0.02734375;0.06640625;0.09375;0.0087890625;0.0146484375;0.02734375;0.0234375;0.001953125;0.03515625;0.0234375;0.0029296875;0.02734375;0.015625;0.001953125;0.03515625;0.01953125;0.0029296875;0.03125;0.02734375;0.0029296875;0.013671875;0.0078125;0.00146484375;0.001953125;0.005859375;0.00390625;0.00048828125;0.009765625;0.0;0.0;0.5;0.078125;0.125;0.25;0.046875;0.03515625;0.25;0.359375;0.0234375;0.21875;0.40625;0.046875;0.1171875;0.25;0.03515625;0.029296875;0.1171875;0.265625;0.033203125;0.1328125;0.2265625;0.02734375;0.1171875;0.25;0.02734375;0.0625;0.08984375;0.0078125;0.013671875;0.02734375;0.01953125;0.001953125;0.03125;0.02734375;0.0029296875;0.02734375;0.01953125;0.001953125;0.03125;0.02734375;0.0029296875;0.03125;0.03125;0.00390625;0.013671875;0.005859375;0.00146484375;0.001953125;0.0078125;0.00390625;0.0009765625;0.009765625;0.00390625;0.0;0.5
8;8;56.3;0.09375;0.140625;0.359375;0.05859375;0.03515625;0.234375;0.40625;0.03515625;0.203125;0.3125;0.0390625;0.1171875;0.25;0.03515625;0.033203125;0.109375;0.2734375;0.033203125;0.125;0.2421875;0.025390625;0.1171875;0.2421875;0.02734375;0.0703125;0.10546875;0.009765625;0.0146484375;0.02734375;0.015625;0.0009765625;0.03515625;0.0234375;0.0029296875;0.02734375;0.01171875;0.0009765625;0.03515625;0.0234375;0.0029296875;0.03515625;0.02734375;0.00390625;0.015625;0.005859375;0.00146484375;0.001953125;0.0078125;0.001953125;0.00048828125;0.009765625;0.0;0.0;0.5;0.09375;0.140625;0.3125;0.05078125;0.03515625;0.234375;0.359375;0.03125;0.203125;0.34375;0.04296875;0.1171875;0.25;0.03515625;0.03125;0.109375;0.28125;0.03125;0.1171875;0.234375;0.025390625;0.109375;0.234375;0.025390625;0.06640625;0.08984375;0.009765625;0.013671875;0.0234375;0.015625;0.0009765625;0.03125;0.01953125;0.0029296875;0.0234375;0.01171875;0.0009765625;0.03515625;0.0234375;0.0029296875;0.03125;0.02734375;0.00390625;0.015625;0.005859375;0.00146484375;0.001953125;0.0078125;0.001953125;0.00048828125;0.009765625;0.0;0.0;0.5
9;9;58.74;0.109375;0.140625;0.34375;0.0546875;0.0390625;0.203125;0.3125;0.03125;0.1875;0.296875;0.0390625;0.109375;0.25;0.037109375;0.03515625;0.109375;0.265625;0.03125;0.125;0.2421875;0.02734375;0.1171875;0.265625;0.029296875;0.0703125;0.109375;0.0107421875;0.0146484375;0.02734375;0.015625;0.001953125;0.03515625;0.0234375;0.0029296875;0.02734375;0.01171875;0.0009765625;0.03515625;0.01953125;0.001953125;0.03515625;0.0234375;0.0029296875;0.017578125;0.009765625;0.001953125;0.00244140625;0.009765625;0.00390625;0.0009765625;0.01171875;0.0;0.0;0.5;0.109375;0.140625;0.3125;0.0546875;0.0390625;0.203125;0.265625;0.02734375;0.1875;0.296875;0.0390625;0.109375;0.2421875;0.037109375;0.033203125;0.1015625;0.2578125;0.029296875;0.1171875;0.2421875;0.02734375;0.1171875;0.2578125;0.029296875;0.0703125;0.1015625;0.009765625;0.013671875;0.02734375;0.015625;0.001953125;0.03515625;0.0234375;0.0029296875;0.02734375;0.01171875;0.0009765625;0.03515625;0.0234375;0.001953125;0.03515625;0.0234375;0.0029296875;0.015625;0.009765625;0.001953125;0.00244140625;0.009765625;0.001953125;0.0009765625;0.01171875;0.0;0.0;0.5
10;10;54.34;0.109375;0.140625;0.328125;0.05859375;0.03515625;0.1875;0.28125;0.03515625;0.1875;0.265625;0.03515625;0.125;0.2578125;0.0390625;0.037109375;0.1171875;0.28125;0.033203125;0.125;0.25;0.025390625;0.1328125;0.28125;0.03125;0.07421875;0.12109375;0.01171875;0.0166015625;0.02734375;0.01171875;0.001953125;0.03515625;0.01953125;0.0029296875;0.0234375;0.01171875;0.0;0.03515625;0.015625;0.0009765625;0.03515625;0.0234375;0.0029296875;0.017578125;0.01171875;0.001953125;0.0029296875;0.009765625;0.001953125;0.00048828125;0.013671875;0.001953125;0.00048828125;0.6;0.125;0.140625;0.28125;0.05078125;0.0390625;0.1875;0.25;0.03125;0.203125;0.265625;0.04296875;0.125;0.2578125;0.037109375;0.03515625;0.109375;0.265625;0.033203125;0.125;0.2421875;0.025390625;0.125;0.28125;0.029296875;0.0703125;0.109375;0.009765625;0.0146484375;0.0234375;0.01171875;0.001953125;0.03515625;0.01953125;0.0029296875;0.0234375;0.01171875;0.0;0.03125;0.01171875;0.0009765625;0.03125;0.01953125;0.0029296875;0.015625;0.009765625;0.001953125;0.00244140625;0.009765625;0.001953125;0.00048828125;0.013671875;0.00390625;0.00048828125;0.5
11;11;56.97;0.125;0.140625;0.3125;0.05859375;0.04296875;0.1875;0.265625;0.03515625;0.1875;0.25;0.03515625;0.1328125;0.2734375;0.0390625;0.0390625;0.1171875;0.28125;0.037109375;0.125;0.25;0.029296875;0.1328125;0.265625;0.029296875;0.078125;0.1171875;0.01171875;0.0166015625;0.0234375;0.015625;0.0009765625;0.03515625;0.01953125;0.0029296875;0.01953125;0.01171875;0.0;0.03515625;0.015625;0.001953125;0.03125;0.01953125;0.001953125;0.017578125;0.009765625;0.00146484375;0.0029296875;0.009765625;0.001953125;0.0;0.013671875;0.00390625;0.0;0.5;0.125;0.140625;0.28125;0.0546875;0.04296875;0.1875;0.25;0.03125;0.1875;0.265625;0.0390625;0.125;0.265625;0.0390625;0.037109375;0.1171875;0.28125;0.037109375;0.125;0.2421875;0.029296875;0.125;0.2578125;0.02734375;0.07421875;0.1171875;0.0107421875;0.015625;0.02734375;0.01171875;0.0009765625;0.03125;0.01953125;0.0029296875;0.01953125;0.01171875;0.0;0.03515625;0.015625;0.001953125;0.03125;0.01953125;0.001953125;0.017578125;0.01171875;0.001953125;0.0029296875;0.009765625;0.001953125;0.0;0.01171875;0.001953125;0.0;0.5
12;12;63.67;0.125;0.140625;0.3125;0.05859375;0.0390625;0.171875;0.25;0.03515625;0.1875;0.234375;0.03515625;0.140625;0.265625;0.041015625;0.04296875;0.125;0.2890625;0.0390625;0.1328125;0.25;0.02734375;0.140625;0.2890625;0.03125;0.0859375;0.12109375;0.01171875;0.017578125;0.0234375;0.01171875;0.0009765625;0.03515625;0.015625;0.0029296875;0.0234375;0.0078125;0.0;0.03515625;0.015625;0.001953125;0.03125;0.015625;0.0009765625;0.017578125;0.01171875;0.001953125;0.0029296875;0.01171875;0.001953125;0.00048828125;0.013671875;0.001953125;0.0;0.5;0.125;0.140625;0.28125;0.0546875;0.04296875;0.171875;0.234375;0.03515625;0.203125;0.25;0.0390625;0.1328125;0.2734375;0.041015625;0.0390625;0.125;0.296875;0.041015625;0.1328125;0.2578125;0.03125;0.1328125;0.28125;0.03125;0.08203125;0.12109375;0.0107421875;0.0166015625;0.02734375;0.015625;0.0009765625;0.03515625;0.015625;0.0029296875;0.01953125;0.0078125;0.0;0.03515625;0.015625;0.001953125;0.03125;0.015625;0.0009765625;0.017578125;0.01171875;0.001953125;0.0029296875;0.009765625;0.001953125;0.00048828125;0.01171875;0.001953125;0.0;0.5
13;13;61.96;0.125;0.140625;0.3125;0.05859375;0.0390625;0.203125;0.265625;0.0390625;0.203125;0.234375;0.03515625;0.140625;0.28125;0.04296875;0.044921875;0.125;0.296875;0.037109375;0.1328125;0.25;0.029296875;0.140625;0.296875;0.03125;0.0859375;0.125;0.0126953125;0.0166015625;0.0234375;0.01171875;0.0009765625;0.03515625;0.015625;0.0029296875;0.01953125;0.00390625;0.0;0.03515625;0.01171875;0.0009765625;0.03125;0.015625;0.0009765625;0.017578125;0.01171875;0.001953125;0.0029296875;0.01171875;0.001953125;0.00146484375;0.013671875;0.001953125;0.0;0.6;0.125;0.125;0.296875;0.0546875;0.04296875;0.1875;0.265625;0.03515625;0.203125;0.234375;0.0390625;0.1328125;0.265625;0.041015625;0.041015625;0.1171875;0.2890625;0.0390625;0.125;0.2421875;0.03125;0.1328125;0.2890625;0.03125;0.08203125;0.12109375;0.01171875;0.015625;0.0234375;0.01171875;0.0009765625;0.03515625;0.015625;0.0029296875;0.01953125;0.00390625;0.0;0.03515625;0.01171875;0.0009765625;0.03125;0.01171875;0.0009765625;0.015625;0.01171875;0.00146484375;0.0029296875;0.009765625;0.001953125;0.00146484375;0.013671875;0.001953125;0.0;0.5
14;14;58.96;0.125;0.140625;0.328125;0.0625;0.04296875;0.203125;0.265625;0.0390625;0.21875;0.234375;0.03515625;0.1484375;0.2734375;0.044921875;0.046875;0.125;0.3203125;0.041015625;0.140625;0.28125;0.033203125;0.1484375;0.3125;0.033203125;0.08984375;0.14453125;0.013671875;0.0185546875;0.0234375;0.01171875;0.0;0.03125;0.015625;0.001953125;0.01953125;0.00390625;0.0;0.03515625;0.0078125;0.0009765625;0.02734375;0.0078125;0.0;0.017578125;0.01171875;0.001953125;0.0029296875;0.009765625;0.001953125;0.00146484375;0.013671875;0.001953125;0.0;0.6;0.140625;0.140625;0.296875;0.05859375;0.04296875;0.1875;0.25;0.0390625;0.21875;0.25;0.0390625;0.140625;0.265625;0.04296875;0.04296875;0.1171875;0.3125;0.0390625;0.140625;0.2734375;0.033203125;0.140625;0.3125;0.033203125;0.0859375;0.12890625;0.01171875;0.017578125;0.0234375;0.01171875;0.0;0.03125;0.015625;0.0029296875;0.015625;0.00390625;0.0;0.02734375;0.0078125;0.0009765625;0.0234375;0.0078125;0.0;0.017578125;0.009765625;0.001953125;0.0029296875;0.009765625;0.001953125;0.00146484375;0.01171875;0.001953125;0.0;0.6
15;15;61.55;0.125;0.15625;0.34375;0.05859375;0.04296875;0.203125;0.28125;0.04296875;0.21875;0.234375;0.03515625;0.1484375;0.28125;0.04296875;0.05078125;0.1328125;0.3125;0.04296875;0.140625;0.2890625;0.037109375;0.1484375;0.2890625;0.033203125;0.09375;0.1328125;0.0126953125;0.01953125;0.0234375;0.01171875;0.0;0.03515625;0.01171875;0.001953125;0.01953125;0.0;0.0;0.03125;0.0078125;0.0;0.03125;0.0078125;0.0;0.017578125;0.009765625;0.001953125;0.00244140625;0.009765625;0.001953125;0.001953125;0.01171875;0.001953125;0.0;0.6;0.140625;0.15625;0.3125;0.05859375;0.04296875;0.1875;0.28125;0.04296875;0.21875;0.25;0.0390625;0.140625;0.2734375;0.04296875;0.044921875;0.125;0.3125;0.041015625;0.140625;0.265625;0.037109375;0.1484375;0.296875;0.033203125;0.0859375;0.12109375;0.01171875;0.0185546875;0.0234375;0.01171875;0.0;0.03515625;0.015625;0.001953125;0.01953125;0.0;0.0;0.03125;0.0078125;0.0;0.0234375;0.0078125;0.0;0.015625;0.009765625;0.00146484375;0.0029296875;0.009765625;0.001953125;0.00146484375;0.01171875;0.00390625;0.0;0.6
16;16;48.89;0.125;0.171875;0.34375;0.06640625;0.046875;0.1875;0.25;0.04296875;0.21875;0.25;0.03515625;0.15625;0.2890625;0.046875;0.05078125;0.1328125;0.328125;0.044921875;0.140625;0.265625;0.037109375;0.15625;0.3125;0.033203125;0.09765625;0.14453125;0.0126953125;0.01953125;0.0234375;0.0078125;0.0;0.03125;0.015625;0.001953125;0.01953125;0.0;0.0;0.03125;0.0078125;0.0;0.02734375;0.00390625;0.0;0.017578125;0.009765625;0.001953125;0.0029296875;0.009765625;0.001953125;0.0029296875;0.013671875;0.001953125;0.0;0.6;0.125;0.15625;0.3125;0.0625;0.046875;0.171875;0.234375;0.0390625;0.21875;0.25;0.0390625;0.1484375;0.265625;0.04296875;0.044921875;0.1171875;0.3125;0.04296875;0.1328125;0.265625;0.037109375;0.140625;0.2890625;0.03125;0.0859375;0.12890625;0.01171875;0.0185546875;0.0234375;0.0078125;0.0;0.03125;0.01171875;0.001953125;0.0234375;0.0;0.0;0.03125;0.01171875;0.0;0.02734375;0.00390625;0.0;0.013671875;0.009765625;0.00146484375;0.0029296875;0.009765625;0.00390625;0.00244140625;0.01171875;0.001953125;0.0;0.6
17;17;64.68;0.140625;0.171875;0.34375;0.06640625;0.046875;0.203125;0.265625;0.04296875;0.234375;0.25;0.03515625;0.1640625;0.3125;0.046875;0.05078125;0.140625;0.3359375;0.046875;0.1484375;0.28125;0.037109375;0.1640625;0.3125;0.033203125;0.09765625;0.15625;0.013671875;0.0205078125;0.0234375;0.0078125;0.0;0.03125;0.01171875;0.001953125;0.01953125;0.0;0.0;0.03125;0.0078125;0.0;0.03125;0.00390625;0.0;0.01953125;0.01171875;0.001953125;0.0029296875;0.01171875;0.001953125;0.00341796875;0.013671875;0.001953125;0.0;0.6;0.140625;0.15625;0.328125;0.0625;0.046875;0.1875;0.25;0.0390625;0.234375;0.265625;0.03515625;0.1640625;0.3046875;0.046875;0.048828125;0.1328125;0.3203125;0.044921875;0.1484375;0.2890625;0.0390625;0.1640625;0.3203125;0.033203125;0.09375;0.1484375;0.013671875;0.01953125;0.02734375;0.0078125;0.0;0.03125;0.01171875;0.001953125;0.01953125;0.0;0.0;0.02734375;0.0078125;0.0;0.02734375;0.00390625;0.0;0.017578125;0.009765625;0.001953125;0.0029296875;0.01171875;0.001953125;0.00341796875;0.013671875;0.001953125;0.0;0.6
18;18;61.64;0.140625;0.171875;0.359375;0.06640625;0.046875;0.203125;0.265625;0.04296875;0.234375;0.25;0.03125;0.171875;0.3125;0.046875;0.0546875;0.140625;0.3359375;0.044921875;0.15625;0.2734375;0.037109375;0.1640625;0.3203125;0.033203125;0.1015625;0.15234375;0.013671875;0.021484375;0.01953125;0.00390625;0.0;0.03515625;0.01171875;0.001953125;0.01953125;0.0;0.0;0.03515625;0.0078125;0.0;0.03125;0.0;0.0;0.01953125;0.01171875;0.001953125;0.0029296875;0.01171875;0.001953125;0.0009765625;0.013671875;0.001953125;0.0;0.6;0.140625;0.15625;0.328125;0.0625;0.046875;0.203125;0.265625;0.04296875;0.234375;0.25;0.03515625;0.1640625;0.3046875;0.046875;0.052734375;0.1328125;0.3203125;0.04296875;0.15625;0.28125;0.0390625;0.15625;0.3125;0.033203125;0.1015625;0.15234375;0.013671875;0.0205078125;0.01953125;0.00390625;0.0;0.03515625;0.01171875;0.001953125;0.01953125;0.0;0.0;0.03515625;0.01171875;0.0;0.02734375;0.0;0.0;0.017578125;0.01171875;0.001953125;0.0029296875;0.01171875;0.001953125;0.00244140625;0.013671875;0.001953125;0.0;0.6
19;19;61.6;0.140625;0.15625;0.34375;0.06640625;0.046875;0.203125;0.28125;0.046875;0.234375;0.265625;0.03125;0.1796875;0.328125;0.05078125;0.056640625;0.1484375;0.3515625;0.046875;0.15625;0.265625;0.0390625;0.1796875;0.3359375;0.03515625;0.10546875;0.16015625;0.0126953125;0.0224609375;0.01953125;0.00390625;0.0;0.03125;0.01171875;0.001953125;0.01953125;0.0;0.0;0.03515625;0.00390625;0.0;0.02734375;0.0;0.0;0.01953125;0.009765625;0.001953125;0.0029296875;0.01171875;0.001953125;0.0029296875;0.01171875;0.001953125;0.0;0.7;0.140625;0.15625;0.3125;0.0625;0.05078125;0.203125;0.28125;0.046875;0.25;0.28125;0.03515625;0.171875;0.3125;0.048828125;0.0546875;0.140625;0.34375;0.046875;0.1484375;0.2578125;0.037109375;0.171875;0.3359375;0.03515625;0.1015625;0.15234375;0.0126953125;0.021484375;0.02734375;0.0078125;0.0;0.03125;0.01171875;0.001953125;0.01953125;0.0;0.0;0.02734375;0.00390625;0.0;0.02734375;0.0;0.0;0.017578125;0.009765625;0.00146484375;0.0029296875;0.01171875;0.001953125;0.00244140625;0.013671875;0.001953125;0.0;0.7
20;20;67.87;0.140625;0.15625;0.359375;0.0703125;0.046875;0.21875;0.28125;0.046875;0.25;0.28125;0.03125;0.1875;0.3359375;0.05078125;0.05859375;0.1484375;0.3515625;0.046875;0.1640625;0.2734375;0.037109375;0.171875;0.34375;0.03515625;0.109375;0.16015625;0.013671875;0.0234375;0.0234375;0.00390625;0.0;0.03125;0.01171875;0.0009765625;0.01953125;0.0;0.0;0.03515625;0.00390625;0.0;0.02734375;0.0;0.0;0.01953125;0.009765625;0.001953125;0.0029296875;0.01171875;0.001953125;0.0009765625;0.01171875;0.001953125;0.0;0.7;0.140625;0.15625;0.328125;0.06640625;0.05078125;0.21875;0.265625;0.04296875;0.25;0.296875;0.03515625;0.1796875;0.328125;0.048828125;0.056640625;0.1328125;0.34375;0.044921875;0.15625;0.2734375;0.037109375;0.1640625;0.3359375;0.03515625;0.10546875;0.16015625;0.013671875;0.021484375;0.02734375;0.00390625;0.0;0.03125;0.01171875;0.0009765625;0.015625;0.0;0.0;0.03125;0.00390625;0.0;0.0234375;0.0;0.0;0.017578125;0.009765625;0.001953125;0.0029296875;0.01171875;0.001953125;0.001953125;0.013671875;0.001953125;0.0;0.6
21;21;67.49;0.140625;0.15625;0.359375;0.0703125;0.05078125;0.21875;0.296875;0.05078125;0.25;0.28125;0.03515625;0.1953125;0.359375;0.052734375;0.0625;0.1484375;0.3671875;0.048828125;0.1640625;0.296875;0.04296875;0.1796875;0.3515625;0.037109375;0.11328125;0.1640625;0.013671875;0.0244140625;0.01953125;0.0;0.0;0.03125;0.01171875;0.001953125;0.01953125;0.0;0.0;0.03515625;0.00390625;0.0;0.02734375;0.0;0.0;0.01953125;0.009765625;0.001953125;0.0029296875;0.01171875;0.001953125;0.0009765625;0.013671875;0.001953125;0.0;0.7;0.140625;0.15625;0.328125;0.06640625;0.05078125;0.21875;0.28125;0.05078125;0.25;0.296875;0.04296875;0.1796875;0.3515625;0.05078125;0.056640625;0.140625;0.359375;0.048828125;0.1640625;0.2890625;0.04296875;0.171875;0.359375;0.0390625;0.109375;0.16015625;0.013671875;0.0224609375;0.0234375;0.0;0.0;0.03125;0.01171875;0.001953125;0.01953125;0.0;0.0;0.03125;0.00390625;0.0;0.0234375;0.0;0.0;0.01953125;0.009765625;0.001953125;0.0029296875;0.009765625;0.001953125;0.00048828125;0.01171875;0.001953125;0.0;0.7
22;22;63.01;0.140625;0.171875;0.375;0.07421875;0.05078125;0.21875;0.296875;0.05078125;0.25;0.265625;0.03515625;0.1875;0.3515625;0.0546875;0.0625;0.15625;0.3671875;0.048828125;0.1640625;0.2890625;0.04296875;0.1875;0.359375;0.0390625;0.12109375;0.16796875;0.0126953125;0.0234375;0.01953125;0.0;0.0;0.03125;0.01171875;0.0009765625;0.01953125;0.0;0.0;0.03125;0.00390625;0.0;0.03125;0.0;0.0;0.01953125;0.009765625;0.001953125;0.00244140625;0.01171875;0.001953125;0.00048828125;0.013671875;0.001953125;0.0;0.7;0.15625;0.15625;0.34375;0.0703125;0.05078125;0.203125;0.28125;0.05078125;0.25;0.265625;0.0390625;0.1796875;0.34375;0.05078125;0.05859375;0.1484375;0.3671875;0.048828125;0.1640625;0.28125;0.04296875;0.1875;0.359375;0.0390625;0.11328125;0.1640625;0.0126953125;0.0234375;0.0234375;0.0;0.0;0.02734375;0.01171875;0.0009765625;0.01953125;0.0;0.0;0.03125;0.00390625;0.0;0.02734375;0.0;0.0;0.017578125;0.009765625;0.001953125;0.0029296875;0.009765625;0.001953125;0.09912109375;0.01171875;0.001953125;0.0;0.7
23;23;64.44;0.140625;0.171875;0.375;0.07421875;0.05078125;0.234375;0.28125;0.05078125;0.25;0.296875;0.04296875;0.1953125;0.3515625;0.052734375;0.064453125;0.15625;0.359375;0.046875;0.171875;0.296875;0.041015625;0.1875;0.34375;0.03515625;0.11328125;0.16015625;0.013671875;0.0224609375;0.01953125;0.0;0.0;0.02734375;0.0078125;0.0;0.01953125;0.0;0.0;0.03125;0.0;0.0;0.02734375;0.0;0.0;0.01953125;0.009765625;0.00146484375;0.0029296875;0.01171875;0.001953125;0.0927734375;0.01171875;0.001953125;0.08154296875;0.7;0.15625;0.171875;0.359375;0.0703125;0.0546875;0.21875;0.28125;0.05078125;0.265625;0.296875;0.046875;0.1875;0.34375;0.05078125;0.0625;0.15625;0.3671875;0.046875;0.171875;0.28125;0.04296875;0.1796875;0.3359375;0.03515625;0.109375;0.1484375;0.0126953125;0.0224609375;0.01953125;0.0;0.0;0.02734375;0.0078125;0.0;0.015625;0.0;0.0;0.03125;0.0;0.0;0.02734375;0.0;0.0;0.01953125;0.009765625;0.001953125;0.00244140625;0.009765625;0.001953125;0.0;0.01171875;0.001953125;0.0;0.7
24;24;63.54;0.15625;0.15625;0.375;0.078125;0.05078125;0.234375;0.328125;0.0546875;0.265625;0.3125;0.0390625;0.203125;0.375;0.05859375;0.06640625;0.15625;0.359375;0.05078125;0.171875;0.2890625;0.041015625;0.1953125;0.359375;0.0390625;0.1171875;0.16015625;0.0126953125;0.0244140625;0.0234375;0.0;0.0;0.02734375;0.0078125;0.0;0.01953125;0.0;0.0;0.03125;0.0;0.0;0.03515625;0.0;0.0;0.01953125;0.009765625;0.001953125;0.0029296875;0.01171875;0.001953125;0.0888671875;0.01171875;0.001953125;0.0;0.7;0.15625;0.15625;0.359375;0.078125;0.0546875;0.234375;0.296875;0.05078125;0.265625;0.328125;0.046875;0.1953125;0.3671875;0.056640625;0.0625;0.1484375;0.34375;0.05078125;0.171875;0.2734375;0.041015625;0.1875;0.3515625;0.0390625;0.109375;0.15234375;0.01171875;0.0234375;0.01953125;0.0;0.0;0.0234375;0.0078125;0.0;0.0234375;0.0;0.0;0.03125;0.0;0.0;0.03125;0.0;0.0;0.01953125;0.0078125;0.001953125;0.0029296875;0.009765625;0.001953125;0.091796875;0.01171875;0.001953125;0.095703125;0.7
25;25;65.51;0.140625;0.15625;0.359375;0.078125;0.05078125;0.234375;0.328125;0.05859375;0.265625;0.328125;0.04296875;0.203125;0.390625;0.060546875;0.064453125;0.15625;0.3671875;0.052734375;0.1875;0.3125;0.041015625;0.1953125;0.34375;0.0390625;0.12109375;0.1640625;0.013671875;0.025390625;0.01953125;0.0;0.0;0.0234375;0.00390625;0.0;0.01953125;0.0;0.0;0.03515625;0.0;0.0;0.03125;0.0;0.0;0.01953125;0.009765625;0.001953125;0.0029296875;0.01171875;0.001953125;0.08837890625;0.01171875;0.001953125;0.08056640625;0.7;0.15625;0.15625;0.34375;0.078125;0.05078125;0.21875;0.3125;0.05859375;0.265625;0.328125;0.05078125;0.1953125;0.3671875;0.05859375;0.060546875;0.1484375;0.34375;0.05078125;0.1796875;0.2890625;0.041015625;0.1796875;0.3359375;0.0390625;0.11328125;0.15234375;0.0126953125;0.0244140625;0.01953125;0.0;0.0;0.0234375;0.00390625;0.0;0.015625;0.0;0.0;0.03125;0.0;0.0;0.03125;0.0;0.0;0.01953125;0.009765625;0.001953125;0.00244140625;0.01171875;0.001953125;0.10498046875;0.01171875;0.001953125;0.0966796875;0.6
26;26;68.65;0.15625;0.15625;0.375;0.08203125;0.05078125;0.234375;0.328125;0.05859375;0.265625;0.28125;0.0390625;0.203125;0.3828125;0.0625;0.068359375;0.1640625;0.3671875;0.05078125;0.1875;0.3125;0.044921875;0.203125;0.3359375;0.0390625;0.125;0.16015625;0.0126953125;0.0263671875;0.0234375;0.0;0.0;0.0234375;0.00390625;0.0;0.0234375;0.0;0.0;0.03125;0.0;0.0;0.03125;0.0;0.0;0.01953125;0.009765625;0.001953125;0.00244140625;0.01171875;0.001953125;0.09033203125;0.01171875;0.001953125;0.07763671875;0.7;0.15625;0.15625;0.34375;0.078125;0.0546875;0.21875;0.328125;0.05859375;0.265625;0.296875;0.046875;0.1953125;0.3671875;0.0625;0.0625;0.15625;0.3671875;0.05078125;0.1796875;0.3046875;0.044921875;0.1953125;0.3359375;0.0390625;0.12109375;0.16015625;0.0126953125;0.025390625;0.02734375;0.0;0.0;0.02734375;0.00390625;0.0;0.01953125;0.0;0.0;0.02734375;0.0;0.0;0.03125;0.0;0.0;0.015625;0.0078125;0.001953125;0.0029296875;0.009765625;0.001953125;0.0;0.013671875;0.001953125;0.0830078125;0.7
27;27;65.41;0.140625;0.171875;0.359375;0.07421875;0.05078125;0.21875;0.34375;0.0546875;0.28125;0.3125;0.046875;0.203125;0.390625;0.0625;0.06640625;0.1640625;0.3671875;0.046875;0.1875;0.3046875;0.046875;0.1953125;0.359375;0.041015625;0.12109375;0.15625;0.0126953125;0.025390625;0.01953125;0.0;0.0;0.0234375;0.0;0.0;0.01953125;0.0;0.0;0.03515625;0.0;0.0;0.02734375;0.0;0.0;0.017578125;0.009765625;0.001953125;0.0029296875;0.01171875;0.001953125;0.09326171875;0.013671875;0.001953125;0.07421875;0.6;0.140625;0.15625;0.34375;0.07421875;0.05078125;0.21875;0.328125;0.05859375;0.28125;0.328125;0.0546875;0.1953125;0.375;0.060546875;0.0625;0.1484375;0.3515625;0.044921875;0.1796875;0.296875;0.048828125;0.1875;0.359375;0.04296875;0.1171875;0.15234375;0.01171875;0.025390625;0.01953125;0.0;0.0;0.0234375;0.0;0.0;0.01953125;0.0;0.0;0.03515625;0.0;0.0;0.0234375;0.0;0.0;0.017578125;0.0078125;0.001953125;0.0029296875;0.01171875;0.001953125;0.0966796875;0.01171875;0.001953125;0.09033203125;0.6
28;28;62.92;0.15625;0.171875;0.40625;0.078125;0.0546875;0.25;0.34375;0.0546875;0.296875;0.328125;0.04296875;0.21875;0.3984375;0.060546875;0.0703125;0.1640625;0.375;0.05078125;0.1953125;0.3125;0.046875;0.203125;0.3515625;0.037109375;0.12890625;0.1640625;0.0126953125;0.0263671875;0.01953125;0.0;0.0;0.01953125;0.0;0.0;0.01953125;0.0;0.0;0.03515625;0.0;0.0;0.03125;0.0;0.0;0.01953125;0.009765625;0.001953125;0.00244140625;0.01171875;0.001953125;0.08642578125;0.013671875;0.001953125;0.08447265625;0.7;0.15625;0.15625;0.390625;0.078125;0.0546875;0.234375;0.34375;0.05859375;0.296875;0.328125;0.05078125;0.203125;0.3828125;0.05859375;0.064453125;0.15625;0.3671875;0.05078125;0.1875;0.28125;0.04296875;0.1953125;0.3671875;0.0390625;0.1171875;0.14453125;0.01171875;0.025390625;0.0234375;0.0;0.0;0.01953125;0.0;0.0;0.015625;0.0;0.0;0.0234375;0.0;0.0;0.0234375;0.0;0.0;0.015625;0.0078125;0.001953125;0.00244140625;0.009765625;0.001953125;0.10009765625;0.01171875;0.001953125;0.09765625;0.6
29;29;66.32;0.140625;0.171875;0.390625;0.08203125;0.05078125;0.25;0.328125;0.05859375;0.28125;0.3125;0.046875;0.21875;0.3984375;0.0625;0.0703125;0.1640625;0.375;0.052734375;0.1875;0.3125;0.046875;0.2109375;0.359375;0.0390625;0.125;0.16015625;0.0126953125;0.025390625;0.01953125;0.0;0.0;0.01953125;0.0;0.0;0.015625;0.0;0.0;0.03125;0.0;0.0;0.02734375;0.0;0.0;0.017578125;0.0078125;0.001953125;0.00244140625;0.01171875;0.001953125;0.08740234375;0.013671875;0.001953125;0.0849609375;0.7;0.15625;0.15625;0.375;0.078125;0.0546875;0.234375;0.3125;0.05859375;0.28125;0.328125;0.0546875;0.2109375;0.390625;0.0625;0.06640625;0.15625;0.3671875;0.052734375;0.1796875;0.3125;0.046875;0.203125;0.359375;0.041015625;0.12109375;0.16015625;0.01171875;0.0244140625;0.0234375;0.0;0.0;0.01953125;0.0;0.0;0.015625;0.0;0.0;0.03125;0.0;0.0;0.02734375;0.0;0.0;0.015625;0.0078125;0.001953125;0.0029296875;0.009765625;0.001953125;0.0986328125;0.01171875;0.001953125;0.0888671875;0.7
30;30;66.05;0.140625;0.171875;0.375;0.078125;0.0546875;0.25;0.34375;0.0625;0.28125;0.328125;0.046875;0.21875;0.40625;0.064453125;0.0703125;0.171875;0.40625;0.05078125;0.1953125;0.3046875;0.05078125;0.203125;0.3671875;0.0390625;0.1328125;0.171875;0.0126953125;0.0263671875;0.01953125;0.0;0.0;0.01953125;0.0;0.0;0.01953125;0.0;0.0;0.03515625;0.0;0.0;0.03125;0.0;0.0;0.017578125;0.009765625;0.001953125;0.00244140625;0.01171875;0.001953125;0.08447265625;0.013671875;0.001953125;0.08447265625;0.7;0.15625;0.171875;0.359375;0.078125;0.0546875;0.234375;0.34375;0.06640625;0.28125;0.328125;0.0546875;0.203125;0.3984375;0.0625;0.064453125;0.1640625;0.3984375;0.05078125;0.1875;0.2890625;0.048828125;0.203125;0.359375;0.0390625;0.12890625;0.171875;0.0126953125;0.02734375;0.0234375;0.0;0.0;0.0234375;0.0;0.0;0.01953125;0.0;0.0;0.03515625;0.0;0.0;0.02734375;0.0;0.0;0.017578125;0.009765625;0.001953125;0.0029296875;0.01171875;0.001953125;0.099609375;0.013671875;0.001953125;0.09130859375;0.7
31;31;67.73;0.140625;0.171875;0.390625;0.08203125;0.05078125;0.234375;0.34375;0.0625;0.265625;0.328125;0.046875;0.21875;0.4140625;0.064453125;0.0703125;0.171875;0.390625;0.052734375;0.1953125;0.3203125;0.044921875;0.1953125;0.3515625;0.0390625;0.12890625;0.1640625;0.0126953125;0.0283203125;0.0234375;0.0;0.0;0.01953125;0.0;0.0;0.01953125;0.0;0.0;0.03515625;0.0;0.0;0.02734375;0.0;0.0;0.01953125;0.009765625;0.001953125;0.0029296875;0.01171875;0.001953125;0.08642578125;0.013671875;0.001953125;0.0830078125;0.7;0.15625;0.171875;0.359375;0.078125;0.0546875;0.234375;0.34375;0.0625;0.28125;0.34375;0.05859375;0.2109375;0.40625;0.064453125;0.06640625;0.1640625;0.3828125;0.0546875;0.1875;0.3203125;0.046875;0.1953125;0.3515625;0.0390625;0.125;0.16015625;0.0126953125;0.02734375;0.0234375;0.0;0.0;0.01953125;0.0;0.0;0.01953125;0.0;0.0;0.03125;0.0;0.0;0.0234375;0.0;0.0;0.01953125;0.0078125;0.001953125;0.0029296875;0.01171875;0.001953125;0.0986328125;0.013671875;0.001953125;0.09375;0.7
32;32;69.06;0.15625;0.1875;0.40625;0.0859375;0.0546875;0.25;0.34375;0.0625;0.28125;0.328125;0.05078125;0.2265625;0.421875;0.064453125;0.072265625;0.171875;0.390625;0.052734375;0.1953125;0.3203125;0.046875;0.203125;0.3671875;0.0390625;0.1328125;0.171875;0.0126953125;0.02734375;0.0234375;0.0;0.0;0.01953125;0.0;0.0;0.01953125;0.0;0.0;0.03125;0.0;0.0;0.03125;0.0;0.0;0.01953125;0.009765625;0.001953125;0.0029296875;0.01171875;0.001953125;0.09423828125;0.013671875;0.001953125;0.07080078125;0.7;0.15625;0.171875;0.375;0.08203125;0.0546875;0.25;0.328125;0.0625;0.296875;0.34375;0.0546875;0.21875;0.421875;0.0625;0.068359375;0.1640625;0.390625;0.052734375;0.1953125;0.3125;0.046875;0.203125;0.3515625;0.0390625;0.12890625;0.1640625;0.01171875;0.025390625;0.0234375;0.0;0.0;0.01953125;0.0;0.0;0.01953125;0.0;0.0;0.03125;0.0;0.0;0.02734375;0.0;0.0;0.017578125;0.0078125;0.001953125;0.0029296875;0.009765625;0.001953125;0.09765625;0.01171875;0.001953125;0.08349609375;0.7
33;33;67.17;0.140625;0.171875;0.40625;0.0859375;0.05078125;0.234375;0.34375;0.0625;0.28125;0.328125;0.05078125;0.21875;0.40625;0.064453125;0.072265625;0.171875;0.3984375;0.056640625;0.1953125;0.3359375;0.05078125;0.2109375;0.359375;0.041015625;0.1328125;0.16015625;0.0126953125;0.0263671875;0.01953125;0.0;0.0;0.0234375;0.0;0.0;0.015625;0.0;0.0;0.03125;0.0;0.0;0.03125;0.0;0.0;0.017578125;0.0078125;0.001953125;0.00244140625;0.01171875;0.001953125;0.0888671875;0.013671875;0.001953125;0.09033203125;0.7;0.15625;0.171875;0.390625;0.0859375;0.0546875;0.21875;0.328125;0.06640625;0.28125;0.328125;0.0546875;0.2109375;0.3984375;0.0625;0.068359375;0.1640625;0.390625;0.056640625;0.1875;0.3203125;0.05078125;0.2109375;0.3515625;0.0390625;0.12890625;0.15625;0.01171875;0.0263671875;0.01953125;0.0;0.0;0.0234375;0.0;0.0;0.015625;0.0;0.0;0.02734375;0.0;0.0;0.02734375;0.0;0.0;0.017578125;0.0078125;0.001953125;0.0029296875;0.009765625;0.001953125;0.10400390625;0.01171875;0.001953125;0.09326171875;0.7
34;34;70.46;0.15625;0.15625;0.40625;0.0859375;0.05078125;0.25;0.328125;0.0625;0.28125;0.34375;0.046875;0.2265625;0.4140625;0.06640625;0.07421875;0.171875;0.3984375;0.05859375;0.1953125;0.3359375;0.05078125;0.203125;0.3515625;0.041015625;0.13671875;0.1640625;0.0126953125;0.02734375;0.01953125;0.0;0.0;0.01953125;0.0;0.0;0.015625;0.0;0.0;0.03125;0.0;0.0;0.02734375;0.0;0.0;0.01953125;0.009765625;0.001953125;0.00244140625;0.01171875;0.001953125;0.08544921875;0.01171875;0.001953125;0.08056640625;0.7;0.15625;0.15625;0.375;0.0859375;0.0546875;0.234375;0.3125;0.06640625;0.28125;0.34375;0.0546875;0.21875;0.40625;0.06640625;0.072265625;0.1640625;0.3984375;0.056640625;0.1875;0.3359375;0.052734375;0.203125;0.3515625;0.04296875;0.1328125;0.1640625;0.01171875;0.025390625;0.01953125;0.0;0.0;0.015625;0.0;0.0;0.015625;0.0;0.0;0.03125;0.0;0.0;0.02734375;0.0;0.0;0.017578125;0.0078125;0.001953125;0.0029296875;0.009765625;0.001953125;0.109375;0.01171875;0.001953125;0.091796875;0.7
35;35;66.28;0.15625;0.171875;0.40625;0.0859375;0.0546875;0.265625;0.359375;0.06640625;0.296875;0.359375;0.046875;0.234375;0.421875;0.064453125;0.078125;0.171875;0.390625;0.056640625;0.1953125;0.328125;0.05078125;0.21875;0.375;0.041015625;0.13671875;0.1640625;0.01171875;0.02734375;0.01953125;0.0;0.0;0.01953125;0.0;0.0;0.01171875;0.0;0.0;0.03515625;0.0;0.0;0.02734375;0.0;0.0;0.017578125;0.0078125;0.001953125;0.0029296875;0.009765625;0.001953125;0.08740234375;0.013671875;0.001953125;0.08056640625;0.7;0.15625;0.171875;0.375;0.08203125;0.0546875;0.25;0.34375;0.0703125;0.296875;0.375;0.0546875;0.2265625;0.4140625;0.064453125;0.072265625;0.1640625;0.3828125;0.0546875;0.1953125;0.3203125;0.05078125;0.2109375;0.3671875;0.0390625;0.1328125;0.16015625;0.01171875;0.0263671875;0.01953125;0.0;0.0;0.01953125;0.0;0.0;0.0078125;0.0;0.0;0.03125;0.0;0.0;0.02734375;0.0;0.0;0.015625;0.0078125;0.001953125;0.0029296875;0.009765625;0.001953125;0.09814453125;0.01171875;0.001953125;0.0888671875;0.7
36;36;68.03;0.15625;0.171875;0.421875;0.0859375;0.0546875;0.265625;0.359375;0.06640625;0.28125;0.328125;0.046875;0.234375;0.4375;0.068359375;0.076171875;0.1796875;0.40625;0.060546875;0.1953125;0.3359375;0.046875;0.21875;0.3671875;0.04296875;0.140625;0.16796875;0.0126953125;0.0283203125;0.0234375;0.0;0.0;0.01953125;0.0;0.0;0.015625;0.0;0.0;0.03515625;0.0;0.0;0.03125;0.0;0.0;0.01953125;0.009765625;0.001953125;0.0029296875;0.01171875;0.001953125;0.09130859375;0.013671875;0.001953125;0.08056640625;0.7;0.15625;0.15625;0.40625;0.0859375;0.05859375;0.265625;0.359375;0.0703125;0.28125;0.328125;0.0546875;0.2265625;0.421875;0.068359375;0.07421875;0.171875;0.3984375;0.05859375;0.1953125;0.3359375;0.048828125;0.2109375;0.3671875;0.04296875;0.13671875;0.17578125;0.01171875;0.0283203125;0.0234375;0.0;0.0;0.01953125;0.0;0.0;0.015625;0.0;0.0;0.03125;0.0;0.0;0.02734375;0.0;0.0;0.01953125;0.009765625;0.001953125;0.0029296875;0.01171875;0.001953125;0.09619140625;0.013671875;0.001953125;0.09375;0.7
37;37;69.55;0.15625;0.171875;0.421875;0.0859375;0.0546875;0.265625;0.375;0.06640625;0.296875;0.34375;0.05078125;0.234375;0.4296875;0.068359375;0.078125;0.1796875;0.421875;0.05859375;0.203125;0.3359375;0.048828125;0.21875;0.359375;0.041015625;0.140625;0.16015625;0.01171875;0.0263671875;0.015625;0.0;0.0;0.01953125;0.0;0.0;0.015625;0.0;0.0;0.03125;0.0;0.0;0.02734375;0.0;0.0;0.017578125;0.0078125;0.001953125;0.00244140625;0.01171875;0.001953125;0.08642578125;0.01171875;0.001953125;0.08740234375;0.7;0.15625;0.171875;0.390625;0.0859375;0.0546875;0.265625;0.359375;0.06640625;0.296875;0.34375;0.0546875;0.2265625;0.4296875;0.0703125;0.07421875;0.171875;0.4140625;0.05859375;0.203125;0.3359375;0.05078125;0.2109375;0.359375;0.041015625;0.13671875;0.16796875;0.01171875;0.02734375;0.01953125;0.0;0.0;0.01953125;0.0;0.0;0.015625;0.0;0.0;0.02734375;0.0;0.0;0.02734375;0.0;0.0;0.017578125;0.0078125;0.001953125;0.0029296875;0.01171875;0.001953125;0.10205078125;0.01171875;0.001953125;0.09423828125;0.7
38;38;68.61;0.140625;0.171875;0.40625;0.08984375;0.0546875;0.265625;0.359375;0.0703125;0.3125;0.375;0.05078125;0.2421875;0.4296875;0.068359375;0.080078125;0.1796875;0.421875;0.060546875;0.1953125;0.3359375;0.048828125;0.2265625;0.3671875;0.044921875;0.13671875;0.1640625;0.01171875;0.0283203125;0.015625;0.0;0.0;0.01953125;0.0;0.0;0.015625;0.0;0.0;0.02734375;0.0;0.0;0.02734375;0.0;0.0;0.017578125;0.009765625;0.001953125;0.0029296875;0.01171875;0.001953125;0.076171875;0.013671875;0.001953125;0.08984375;0.7;0.15625;0.171875;0.390625;0.0859375;0.05859375;0.265625;0.34375;0.0703125;0.296875;0.375;0.0546875;0.2265625;0.4296875;0.068359375;0.076171875;0.171875;0.4140625;0.05859375;0.1953125;0.328125;0.048828125;0.21875;0.3671875;0.044921875;0.1328125;0.15625;0.01171875;0.02734375;0.01953125;0.0;0.0;0.01953125;0.0;0.0;0.01171875;0.0;0.0;0.0234375;0.0;0.0;0.0234375;0.0;0.0;0.015625;0.0078125;0.001953125;0.0029296875;0.009765625;0.001953125;0.099609375;0.01171875;0.001953125;0.09521484375;0.7
39;39;65.5;0.15625;0.171875;0.4375;0.08984375;0.0546875;0.28125;0.359375;0.0703125;0.3125;0.359375;0.05078125;0.234375;0.4375;0.0703125;0.080078125;0.1796875;0.421875;0.060546875;0.203125;0.3515625;0.05078125;0.2265625;0.3671875;0.04296875;0.14453125;0.16796875;0.01171875;0.0283203125;0.01953125;0.0;0.0;0.01953125;0.0;0.0;0.01953125;0.0;0.0;0.03515625;0.0;0.0;0.03125;0.0;0.0;0.017578125;0.0078125;0.001953125;0.00244140625;0.01171875;0.001953125;0.09326171875;0.013671875;0.001953125;0.0693359375;0.7;0.15625;0.171875;0.40625;0.08984375;0.0546875;0.265625;0.34375;0.06640625;0.296875;0.359375;0.05859375;0.234375;0.4375;0.068359375;0.076171875;0.1796875;0.4140625;0.060546875;0.1953125;0.34375;0.052734375;0.2265625;0.3671875;0.044921875;0.140625;0.1640625;0.01171875;0.02734375;0.01953125;0.0;0.0;0.01953125;0.0;0.0;0.01171875;0.0;0.0;0.03125;0.0;0.0;0.02734375;0.0;0.0;0.015625;0.0078125;0.001953125;0.0029296875;0.009765625;0.001953125;0.10009765625;0.009765625;0.001953125;0.083984375;0.6
40;40;69.44;0.140625;0.171875;0.421875;0.08984375;0.05078125;0.265625;0.359375;0.0703125;0.3125;0.34375;0.0546875;0.2421875;0.4375;0.0703125;0.080078125;0.1796875;0.4140625;0.060546875;0.2109375;0.3515625;0.05078125;0.2265625;0.3828125;0.048828125;0.14453125;0.15234375;0.01171875;0.0302734375;0.015625;0.0;0.0;0.0234375;0.0;0.0;0.01953125;0.0;0.0;0.03515625;0.0;0.0;0.03125;0.0;0.0;0.017578125;0.009765625;0.00146484375;0.0029296875;0.01171875;0.001953125;0.0830078125;0.013671875;0.001953125;0.07275390625;0.7;0.15625;0.171875;0.390625;0.08984375;0.0546875;0.25;0.34375;0.0703125;0.3125;0.34375;0.0625;0.234375;0.4296875;0.068359375;0.078125;0.171875;0.4140625;0.060546875;0.203125;0.34375;0.056640625;0.2265625;0.3828125;0.05078125;0.140625;0.1484375;0.01171875;0.0283203125;0.015625;0.0;0.0;0.0234375;0.0;0.0;0.015625;0.0;0.0;0.03125;0.0;0.0;0.0234375;0.0;0.0;0.015625;0.0078125;0.001953125;0.0029296875;0.009765625;0.001953125;0.09326171875;0.01171875;0.001953125;0.09716796875;0.7
41;41;69.62;0.140625;0.171875;0.4375;0.08984375;0.05078125;0.28125;0.390625;0.07421875;0.296875;0.359375;0.05078125;0.2421875;0.453125;0.072265625;0.078125;0.1875;0.421875;0.060546875;0.2109375;0.359375;0.052734375;0.234375;0.359375;0.044921875;0.1484375;0.1640625;0.0126953125;0.029296875;0.01953125;0.0;0.0;0.01953125;0.0;0.0;0.015625;0.0;0.0;0.03515625;0.0;0.0;0.0234375;0.0;0.0;0.017578125;0.0078125;0.00146484375;0.00244140625;0.01171875;0.001953125;0.09765625;0.01171875;0.001953125;0.08740234375;0.7;0.15625;0.171875;0.421875;0.08984375;0.05859375;0.265625;0.375;0.07421875;0.3125;0.359375;0.05859375;0.234375;0.4453125;0.0703125;0.076171875;0.1796875;0.40625;0.060546875;0.2109375;0.3515625;0.0546875;0.2265625;0.375;0.044921875;0.14453125;0.16015625;0.01171875;0.0283203125;0.01953125;0.0;0.0;0.015625;0.0;0.0;0.01171875;0.0;0.0;0.03125;0.0;0.0;0.0234375;0.0;0.0;0.017578125;0.0078125;0.00146484375;0.00244140625;0.01171875;0.001953125;0.10009765625;0.01171875;0.001953125;0.095703125;0.7
42;42;72.31;0.15625;0.171875;0.421875;0.09375;0.0546875;0.28125;0.390625;0.07421875;0.328125;0.359375;0.05078125;0.25;0.4609375;0.07421875;0.0859375;0.1796875;0.421875;0.060546875;0.2109375;0.3515625;0.052734375;0.234375;0.3828125;0.05078125;0.15234375;0.17578125;0.0126953125;0.0302734375;0.01953125;0.0;0.0;0.01953125;0.0;0.0;0.015625;0.0;0.0;0.03515625;0.0;0.0;0.03125;0.0;0.0;0.01953125;0.0078125;0.001953125;0.0029296875;0.01171875;0.001953125;0.08447265625;0.013671875;0.001953125;0.07373046875;0.7;0.15625;0.171875;0.390625;0.08984375;0.05859375;0.265625;0.375;0.078125;0.328125;0.375;0.05859375;0.25;0.4609375;0.072265625;0.08203125;0.1796875;0.40625;0.060546875;0.2109375;0.3515625;0.0546875;0.234375;0.3828125;0.048828125;0.1484375;0.1640625;0.0126953125;0.029296875;0.01953125;0.0;0.0;0.01953125;0.0;0.0;0.01171875;0.0;0.0;0.03125;0.0;0.0;0.02734375;0.0;0.0;0.017578125;0.0078125;0.001953125;0.00244140625;0.009765625;0.001953125;0.10009765625;0.01171875;0.001953125;0.09228515625;0.7
43;43;68.75;0.15625;0.171875;0.421875;0.09375;0.0546875;0.28125;0.390625;0.07421875;0.3125;0.359375;0.0546875;0.25;0.46875;0.076171875;0.083984375;0.1875;0.4296875;0.0625;0.2265625;0.3671875;0.056640625;0.234375;0.375;0.046875;0.15625;0.171875;0.01171875;0.03125;0.01953125;0.0;0.0;0.01953125;0.0;0.0;0.01171875;0.0;0.0;0.03515625;0.0;0.0;0.02734375;0.0;0.0;0.01953125;0.009765625;0.00146484375;0.00244140625;0.01171875;0.001953125;0.09130859375;0.013671875;0.001953125;0.0771484375;0.7;0.15625;0.171875;0.390625;0.09375;0.05859375;0.265625;0.390625;0.078125;0.328125;0.359375;0.0625;0.25;0.4609375;0.07421875;0.08203125;0.1796875;0.421875;0.0625;0.21875;0.359375;0.056640625;0.2265625;0.3671875;0.048828125;0.1484375;0.15625;0.01171875;0.0283203125;0.01953125;0.0;0.0;0.01953125;0.0;0.0;0.01171875;0.0;0.0;0.02734375;0.0;0.0;0.02734375;0.0;0.0;0.015625;0.0078125;0.00146484375;0.0029296875;0.009765625;0.001953125;0.10498046875;0.013671875;0.001953125;0.0810546875;0.7
44;44;68.8;0.15625;0.1875;0.4375;0.09375;0.0546875;0.296875;0.40625;0.078125;0.3125;0.375;0.05078125;0.2578125;0.46875;0.07421875;0.083984375;0.1875;0.421875;0.064453125;0.21875;0.359375;0.056640625;0.234375;0.375;0.046875;0.1484375;0.171875;0.0126953125;0.0302734375;0.01953125;0.0;0.0;0.01953125;0.0;0.0;0.015625;0.0;0.0;0.03515625;0.0;0.0;0.0234375;0.0;0.0;0.01953125;0.0078125;0.00146484375;0.0029296875;0.01171875;0.001953125;0.08935546875;0.013671875;0.001953125;0.0947265625;0.7;0.15625;0.171875;0.40625;0.09375;0.05859375;0.265625;0.390625;0.07421875;0.3125;0.375;0.05859375;0.25;0.4609375;0.07421875;0.080078125;0.1875;0.4140625;0.0625;0.21875;0.359375;0.056640625;0.234375;0.375;0.048828125;0.14453125;0.1640625;0.01171875;0.0283203125;0.01953125;0.0;0.0;0.01953125;0.0;0.0;0.01171875;0.0;0.0;0.03125;0.0;0.0;0.0234375;0.0;0.0;0.017578125;0.0078125;0.00146484375;0.0029296875;0.01171875;0.001953125;0.10107421875;0.013671875;0.001953125;0.08642578125;0.7
45;45;67.16;0.15625;0.171875;0.4375;0.09375;0.0546875;0.296875;0.390625;0.07421875;0.328125;0.375;0.0546875;0.2578125;0.46875;0.076171875;0.0859375;0.1875;0.4375;0.06640625;0.21875;0.3671875;0.056640625;0.2421875;0.3984375;0.048828125;0.16015625;0.1796875;0.0126953125;0.03125;0.01953125;0.0;0.0;0.015625;0.0;0.0;0.01171875;0.0;0.0;0.03125;0.0;0.0;0.02734375;0.0;0.0;0.017578125;0.009765625;0.001953125;0.0029296875;0.01171875;0.001953125;0.087890625;0.013671875;0.001953125;0.08203125;0.7;0.15625;0.171875;0.421875;0.09375;0.05859375;0.265625;0.359375;0.07421875;0.328125;0.375;0.0625;0.25;0.4453125;0.072265625;0.08203125;0.1796875;0.40625;0.0625;0.2109375;0.34375;0.056640625;0.2421875;0.390625;0.0546875;0.15234375;0.16015625;0.01171875;0.0302734375;0.0234375;0.0;0.0;0.015625;0.0;0.0;0.01171875;0.0;0.0;0.02734375;0.0;0.0;0.02734375;0.0;0.0;0.015625;0.0078125;0.001953125;0.0029296875;0.009765625;0.001953125;0.09765625;0.013671875;0.001953125;0.0927734375;0.7
46;46;70.52;0.15625;0.203125;0.4375;0.09765625;0.0546875;0.28125;0.390625;0.07421875;0.328125;0.375;0.0546875;0.265625;0.46875;0.076171875;0.0859375;0.1953125;0.4375;0.06640625;0.21875;0.359375;0.052734375;0.25;0.390625;0.05078125;0.16015625;0.1640625;0.0126953125;0.03125;0.01953125;0.0;0.0;0.015625;0.0;0.0;0.015625;0.0;0.0;0.03125;0.0;0.0;0.0234375;0.0;0.0;0.017578125;0.009765625;0.001953125;0.0029296875;0.01171875;0.001953125;0.0888671875;0.013671875;0.001953125;0.068359375;0.7;0.15625;0.1875;0.40625;0.09375;0.05859375;0.28125;0.390625;0.078125;0.328125;0.390625;0.06640625;0.25;0.453125;0.072265625;0.0859375;0.1796875;0.421875;0.06640625;0.2109375;0.3515625;0.052734375;0.2421875;0.3828125;0.052734375;0.15625;0.1640625;0.01171875;0.03125;0.0234375;0.0;0.0;0.015625;0.0;0.0;0.015625;0.0;0.0;0.03125;0.0;0.0;0.0234375;0.0;0.0;0.015625;0.0078125;0.001953125;0.0029296875;0.01171875;0.001953125;0.0927734375;0.013671875;0.001953125;0.0927734375;0.7
47;47;75.32;0.15625;0.1875;0.4375;0.09375;0.0546875;0.296875;0.421875;0.078125;0.34375;0.390625;0.0546875;0.265625;0.46875;0.076171875;0.087890625;0.203125;0.4453125;0.068359375;0.2265625;0.3828125;0.060546875;0.25;0.3828125;0.048828125;0.16015625;0.171875;0.0126953125;0.03125;0.015625;0.0;0.0;0.015625;0.0;0.0;0.01171875;0.0;0.0;0.03125;0.0;0.0;0.0234375;0.0;0.0;0.017578125;0.0078125;0.001953125;0.0029296875;0.01171875;0.001953125;0.09326171875;0.013671875;0.001953125;0.08447265625;0.7;0.15625;0.1875;0.421875;0.09375;0.05859375;0.28125;0.40625;0.08203125;0.34375;0.390625;0.06640625;0.25;0.453125;0.080078125;0.083984375;0.1953125;0.4296875;0.06640625;0.2265625;0.3671875;0.05859375;0.2421875;0.3828125;0.048828125;0.15625;0.16796875;0.01171875;0.029296875;0.0234375;0.0;0.0;0.015625;0.0;0.0;0.01171875;0.0;0.0;0.02734375;0.0;0.0;0.0234375;0.0;0.0;0.015625;0.0078125;0.001953125;0.0029296875;0.009765625;0.001953125;0.1015625;0.01171875;0.001953125;0.08984375;0.7
48;48;74.19;0.15625;0.203125;0.4375;0.09375;0.0546875;0.296875;0.390625;0.078125;0.328125;0.390625;0.05859375;0.2734375;0.484375;0.080078125;0.08984375;0.203125;0.4375;0.06640625;0.234375;0.3828125;0.0625;0.2421875;0.3828125;0.048828125;0.16015625;0.1640625;0.01171875;0.03125;0.015625;0.0;0.0;0.01953125;0.0;0.0;0.01171875;0.0;0.0;0.02734375;0.0;0.0;0.0234375;0.0;0.0;0.017578125;0.0078125;0.001953125;0.00244140625;0.01171875;0.001953125;0.087890625;0.013671875;0.001953125;0.0771484375;0.7;0.15625;0.1875;0.40625;0.09375;0.05859375;0.28125;0.390625;0.08203125;0.34375;0.40625;0.06640625;0.265625;0.46875;0.078125;0.083984375;0.1875;0.4140625;0.0625;0.2265625;0.375;0.0625;0.2421875;0.3828125;0.05078125;0.15625;0.16015625;0.01171875;0.0302734375;0.015625;0.0;0.0;0.015625;0.0;0.0;0.01171875;0.0;0.0;0.02734375;0.0;0.0;0.01953125;0.0;0.0;0.017578125;0.0078125;0.001953125;0.0029296875;0.01171875;0.001953125;0.0966796875;0.013671875;0.001953125;0.08154296875;0.7
49;49;70.52;0.15625;0.1875;0.453125;0.09765625;0.0546875;0.296875;0.421875;0.078125;0.328125;0.390625;0.0546875;0.265625;0.484375;0.080078125;0.08984375;0.203125;0.4375;0.06640625;0.2265625;0.375;0.0625;0.25;0.3828125;0.05078125;0.16015625;0.16796875;0.0126953125;0.03125;0.015625;0.0;0.0;0.01953125;0.0;0.0;0.01171875;0.0;0.0;0.03125;0.0;0.0;0.0234375;0.0;0.0;0.017578125;0.0078125;0.001953125;0.0029296875;0.01171875;0.001953125;0.087890625;0.013671875;0.00390625;0.087890625;0.7;0.15625;0.1875;0.421875;0.09375;0.05859375;0.28125;0.40625;0.08203125;0.328125;0.390625;0.06640625;0.2578125;0.46875;0.08203125;0.0859375;0.1953125;0.4296875;0.068359375;0.2265625;0.375;0.0625;0.2421875;0.3671875;0.048828125;0.16015625;0.16796875;0.0126953125;0.03125;0.01953125;0.0;0.0;0.01953125;0.0;0.0;0.01171875;0.0;0.0;0.03125;0.0;0.0;0.01953125;0.0;0.0;0.017578125;0.0078125;0.00146484375;0.0029296875;0.01171875;0.001953125;0.10302734375;0.013671875;0.001953125;0.09765625;0.7
50;50;72.68;0.15625;0.1875;0.4375;0.09765625;0.0546875;0.296875;0.40625;0.08203125;0.34375;0.390625;0.05859375;0.265625;0.4765625;0.080078125;0.091796875;0.203125;0.4453125;0.068359375;0.2265625;0.3828125;0.064453125;0.25;0.390625;0.052734375;0.16796875;0.171875;0.0126953125;0.0322265625;0.01953125;0.0;0.0;0.015625;0.0;0.0;0.01171875;0.0;0.0;0.03515625;0.0;0.0;0.0234375;0.0;0.0;0.01953125;0.0078125;0.001953125;0.00244140625;0.01171875;0.001953125;0.08935546875;0.013671875;0.001953125;0.078125;0.7;0.15625;0.1875;0.421875;0.09765625;0.05859375;0.28125;0.390625;0.0859375;0.34375;0.40625;0.06640625;0.2578125;0.46875;0.078125;0.087890625;0.1953125;0.4375;0.068359375;0.2265625;0.375;0.068359375;0.25;0.390625;0.052734375;0.16015625;0.171875;0.0126953125;0.03125;0.01953125;0.0;0.0;0.01953125;0.0;0.0;0.015625;0.0;0.0;0.03125;0.0;0.0;0.01953125;0.0;0.0;0.017578125;0.0078125;0.001953125;0.0029296875;0.01171875;0.001953125;0.09912109375;0.013671875;0.00390625;0.099609375;0.7
51;51;73.76;0.15625;0.1875;0.453125;0.09375;0.05859375;0.3125;0.40625;0.0859375;0.34375;0.390625;0.05859375;0.2734375;0.5;0.08203125;0.09375;0.203125;0.4609375;0.0703125;0.2421875;0.3984375;0.06640625;0.2578125;0.40625;0.0546875;0.171875;0.17578125;0.0126953125;0.0322265625;0.015625;0.0;0.0;0.015625;0.0;0.0;0.015625;0.0;0.0;0.03125;0.0;0.0;0.0234375;0.0;0.0;0.01953125;0.0078125;0.001953125;0.00244140625;0.01171875;0.001953125;0.08984375;0.013671875;0.00390625;0.06982421875;0.7;0.15625;0.1875;0.4375;0.09375;0.05859375;0.296875;0.390625;0.0859375;0.34375;0.390625;0.06640625;0.265625;0.4921875;0.080078125;0.087890625;0.1953125;0.4453125;0.068359375;0.234375;0.3984375;0.068359375;0.25;0.3984375;0.0546875;0.1640625;0.16796875;0.01171875;0.029296875;0.015625;0.0;0.0;0.015625;0.0;0.0;0.01171875;0.0;0.0;0.03125;0.0;0.0;0.01953125;0.0;0.0;0.017578125;0.0078125;0.001953125;0.00244140625;0.01171875;0.001953125;0.107421875;0.01171875;0.001953125;0.09619140625;0.7
52;52;73.41;0.15625;0.1875;0.453125;0.09765625;0.05859375;0.3125;0.40625;0.0859375;0.34375;0.390625;0.05859375;0.28125;0.5;0.08203125;0.095703125;0.203125;0.4609375;0.072265625;0.2421875;0.3984375;0.06640625;0.265625;0.3984375;0.052734375;0.17578125;0.17578125;0.01171875;0.033203125;0.01953125;0.0;0.0;0.015625;0.0;0.0;0.015625;0.0;0.0;0.03125;0.0;0.0;0.0234375;0.0;0.0;0.017578125;0.0078125;0.001953125;0.00244140625;0.009765625;0.00390625;0.09228515625;0.01171875;0.001953125;0.08154296875;0.7;0.15625;0.171875;0.4375;0.09375;0.05859375;0.28125;0.390625;0.0859375;0.328125;0.390625;0.0703125;0.265625;0.4921875;0.080078125;0.08984375;0.1953125;0.4453125;0.0703125;0.2421875;0.390625;0.06640625;0.265625;0.40625;0.052734375;0.171875;0.17578125;0.01171875;0.033203125;0.01953125;0.0;0.0;0.015625;0.0;0.0;0.015625;0.0;0.0;0.03125;0.0;0.0;0.01953125;0.0;0.0;0.015625;0.0078125;0.001953125;0.0029296875;0.009765625;0.001953125;0.10205078125;0.01171875;0.001953125;0.09375;0.7
53;53;75.88;0.15625;0.1875;0.453125;0.1015625;0.0546875;0.296875;0.40625;0.0859375;0.34375;0.390625;0.05859375;0.28125;0.4921875;0.083984375;0.095703125;0.2109375;0.453125;0.0703125;0.25;0.3984375;0.06640625;0.265625;0.3984375;0.052734375;0.17578125;0.171875;0.0126953125;0.0322265625;0.01953125;0.0;0.0;0.01171875;0.0;0.0;0.015625;0.0;0.0;0.03515625;0.0;0.0;0.0234375;0.0;0.0;0.017578125;0.0078125;0.001953125;0.0029296875;0.01171875;0.00390625;0.09228515625;0.013671875;0.001953125;0.06640625;0.7;0.15625;0.1875;0.421875;0.09765625;0.05859375;0.296875;0.390625;0.0859375;0.34375;0.40625;0.06640625;0.2734375;0.484375;0.08203125;0.09375;0.1953125;0.453125;0.072265625;0.2421875;0.3984375;0.0625;0.265625;0.390625;0.052734375;0.171875;0.1640625;0.0126953125;0.0322265625;0.01953125;0.0;0.0;0.01171875;0.0;0.0;0.01171875;0.0;0.0;0.03125;0.0;0.0;0.0234375;0.0;0.0;0.017578125;0.0078125;0.00146484375;0.0029296875;0.01171875;0.001953125;0.09619140625;0.01171875;0.00390625;0.099609375;0.7
54;54;75.98;0.15625;0.1875;0.46875;0.09765625;0.0546875;0.296875;0.40625;0.08203125;0.34375;0.40625;0.0625;0.2734375;0.5;0.0859375;0.09375;0.2109375;0.4609375;0.076171875;0.25;0.4140625;0.064453125;0.265625;0.3984375;0.0546875;0.18359375;0.18359375;0.0126953125;0.0361328125;0.01953125;0.0;0.0;0.015625;0.0;0.0;0.015625;0.0;0.0;0.03125;0.0;0.0;0.02734375;0.0;0.0;0.01953125;0.0078125;0.001953125;0.0029296875;0.01171875;0.005859375;0.09130859375;0.013671875;0.00390625;0.0947265625;0.8;0.15625;0.1875;0.4375;0.09765625;0.05859375;0.28125;0.390625;0.08203125;0.359375;0.40625;0.0703125;0.265625;0.4921875;0.083984375;0.091796875;0.203125;0.453125;0.07421875;0.25;0.4140625;0.06640625;0.265625;0.390625;0.052734375;0.1796875;0.18359375;0.0126953125;0.033203125;0.01953125;0.0;0.0;0.01171875;0.0;0.0;0.015625;0.0;0.0;0.03125;0.0;0.0;0.02734375;0.0;0.0;0.017578125;0.0078125;0.00146484375;0.0029296875;0.01171875;0.001953125;0.10107421875;0.01171875;0.001953125;0.09033203125;0.7
55;55;70.6;0.15625;0.1875;0.46875;0.09765625;0.0546875;0.3125;0.421875;0.0859375;0.34375;0.40625;0.06640625;0.28125;0.5;0.0859375;0.095703125;0.2109375;0.4609375;0.076171875;0.2421875;0.40625;0.068359375;0.265625;0.4140625;0.056640625;0.17578125;0.1796875;0.0126953125;0.0341796875;0.01953125;0.0;0.0;0.015625;0.0;0.0;0.01171875;0.0;0.0;0.03125;0.0;0.0;0.0234375;0.0;0.0;0.017578125;0.0078125;0.00146484375;0.0029296875;0.01171875;0.005859375;0.08740234375;0.013671875;0.001953125;0.07177734375;0.7;0.15625;0.1875;0.453125;0.09765625;0.05859375;0.296875;0.40625;0.0859375;0.34375;0.421875;0.07421875;0.2734375;0.4921875;0.08203125;0.091796875;0.203125;0.453125;0.072265625;0.234375;0.3984375;0.068359375;0.265625;0.421875;0.05859375;0.171875;0.1796875;0.0126953125;0.033203125;0.01953125;0.0;0.0;0.015625;0.0;0.0;0.01171875;0.0;0.0;0.03125;0.0;0.0;0.0234375;0.0;0.0;0.01953125;0.0078125;0.00146484375;0.0029296875;0.009765625;0.001953125;0.10107421875;0.01171875;0.00390625;0.09033203125;0.7
56;56;75.24;0.15625;0.1875;0.453125;0.1015625;0.0546875;0.296875;0.40625;0.08203125;0.359375;0.40625;0.06640625;0.28125;0.5;0.0859375;0.09765625;0.21875;0.46875;0.076171875;0.2578125;0.421875;0.068359375;0.265625;0.390625;0.052734375;0.18359375;0.18359375;0.013671875;0.03515625;0.015625;0.0;0.0;0.015625;0.0;0.0;0.01171875;0.0;0.0;0.03125;0.0;0.0;0.0234375;0.0;0.0;0.01953125;0.0078125;0.001953125;0.0029296875;0.01171875;0.00390625;0.0888671875;0.013671875;0.00390625;0.09130859375;0.8;0.15625;0.1875;0.421875;0.1015625;0.05859375;0.28125;0.40625;0.0859375;0.359375;0.40625;0.078125;0.2734375;0.5;0.0859375;0.09375;0.2109375;0.453125;0.07421875;0.25;0.4140625;0.0703125;0.265625;0.390625;0.0546875;0.1796875;0.1796875;0.0126953125;0.0341796875;0.01953125;0.0;0.0;0.015625;0.0;0.0;0.01171875;0.0;0.0;0.0234375;0.0;0.0;0.0234375;0.0;0.0;0.017578125;0.0078125;0.001953125;0.0029296875;0.009765625;0.005859375;0.10400390625;0.01171875;0.00390625;0.0908203125;0.7
57;57;76.17;0.15625;0.203125;0.46875;0.1015625;0.05859375;0.3125;0.4375;0.0859375;0.359375;0.421875;0.0625;0.2890625;0.5;0.0859375;0.099609375;0.21875;0.4609375;0.076171875;0.2578125;0.421875;0.068359375;0.2734375;0.4140625;0.05859375;0.18359375;0.18359375;0.0126953125;0.03515625;0.015625;0.0;0.0;0.01953125;0.0;0.0;0.01171875;0.0;0.0;0.03125;0.0;0.0;0.0234375;0.0;0.0;0.01953125;0.009765625;0.001953125;0.0029296875;0.01171875;0.005859375;0.08837890625;0.013671875;0.001953125;0.076171875;0.8;0.15625;0.1875;0.453125;0.1015625;0.0625;0.296875;0.421875;0.08203125;0.359375;0.4375;0.07421875;0.2734375;0.4921875;0.087890625;0.09375;0.2109375;0.453125;0.076171875;0.25;0.4140625;0.0703125;0.2734375;0.4140625;0.060546875;0.18359375;0.18359375;0.0126953125;0.03515625;0.01953125;0.0;0.0;0.015625;0.0;0.0;0.01171875;0.0;0.0;0.02734375;0.0;0.0;0.01953125;0.0;0.0;0.017578125;0.0078125;0.001953125;0.0029296875;0.01171875;0.00390625;0.10205078125;0.013671875;0.00390625;0.09228515625;0.8
58;58;74.65;0.15625;0.203125;0.46875;0.10546875;0.05859375;0.3125;0.421875;0.08203125;0.359375;0.453125;0.06640625;0.2890625;0.515625;0.08984375;0.099609375;0.21875;0.4765625;0.07421875;0.265625;0.4296875;0.068359375;0.28125;0.4375;0.064453125;0.1875;0.1796875;0.01171875;0.037109375;0.01953125;0.0;0.0;0.01953125;0.0;0.0;0.015625;0.0;0.0;0.03125;0.0;0.0;0.0234375;0.0;0.0;0.017578125;0.0078125;0.001953125;0.0029296875;0.01171875;0.00390625;0.083984375;0.013671875;0.00390625;0.0732421875;0.8;0.15625;0.1875;0.453125;0.10546875;0.0625;0.296875;0.40625;0.08203125;0.359375;0.453125;0.078125;0.2734375;0.5078125;0.087890625;0.095703125;0.2109375;0.4609375;0.07421875;0.265625;0.421875;0.0703125;0.2734375;0.4375;0.064453125;0.18359375;0.17578125;0.01171875;0.0341796875;0.0234375;0.0;0.0;0.01953125;0.0;0.0;0.01171875;0.0;0.0;0.02734375;0.0;0.0;0.01953125;0.0;0.0;0.017578125;0.0078125;0.001953125;0.0029296875;0.009765625;0.005859375;0.0966796875;0.01171875;0.001953125;0.0810546875;0.7
59;59;72.72;0.15625;0.203125;0.46875;0.1015625;0.05859375;0.328125;0.421875;0.0859375;0.375;0.421875;0.0703125;0.2890625;0.5078125;0.08984375;0.1015625;0.2265625;0.4765625;0.080078125;0.265625;0.4296875;0.072265625;0.28125;0.421875;0.060546875;0.19140625;0.1796875;0.0126953125;0.0380859375;0.01953125;0.0;0.0;0.015625;0.0;0.0;0.01171875;0.0;0.0;0.03125;0.0;0.0;0.01953125;0.0;0.0;0.01953125;0.009765625;0.001953125;0.0029296875;0.01171875;0.00390625;0.0869140625;0.013671875;0.001953125;0.08544921875;0.7;0.171875;0.203125;0.453125;0.1015625;0.0625;0.3125;0.421875;0.0859375;0.375;0.421875;0.078125;0.28125;0.5078125;0.087890625;0.099609375;0.2109375;0.46875;0.078125;0.2578125;0.421875;0.07421875;0.265625;0.40625;0.05859375;0.18359375;0.18359375;0.013671875;0.0361328125;0.01953125;0.0;0.0;0.01171875;0.0;0.0;0.0078125;0.0;0.0;0.02734375;0.0;0.0;0.0234375;0.0;0.0;0.01953125;0.009765625;0.00146484375;0.0029296875;0.01171875;0.0078125;0.09375;0.01171875;0.001953125;0.091796875;0.7
60;60;73.19;0.15625;0.21875;0.484375;0.10546875;0.05859375;0.328125;0.421875;0.0859375;0.375;0.453125;0.07421875;0.296875;0.5234375;0.08984375;0.1015625;0.2265625;0.4921875;0.083984375;0.2734375;0.4296875;0.072265625;0.2734375;0.4296875;0.0625;0.19140625;0.18359375;0.0126953125;0.037109375;0.015625;0.0;0.0;0.01953125;0.0;0.0;0.01171875;0.0;0.0;0.03125;0.0;0.0;0.0234375;0.0;0.0;0.017578125;0.0078125;0.00146484375;0.0029296875;0.01171875;0.005859375;0.09326171875;0.013671875;0.001953125;0.07861328125;0.7;0.15625;0.203125;0.46875;0.10546875;0.0625;0.296875;0.40625;0.0859375;0.375;0.453125;0.08203125;0.28125;0.5078125;0.087890625;0.09765625;0.2109375;0.4765625;0.08203125;0.265625;0.421875;0.0703125;0.2734375;0.421875;0.064453125;0.1796875;0.17578125;0.0126953125;0.0322265625;0.015625;0.0;0.0;0.01953125;0.0;0.0;0.01171875;0.0;0.0;0.02734375;0.0;0.0;0.0234375;0.0;0.0;0.017578125;0.0078125;0.001953125;0.0029296875;0.009765625;0.00390625;0.10400390625;0.01171875;0.001953125;0.08056640625;0.7
61;61;77.05;0.15625;0.21875;0.46875;0.10546875;0.05859375;0.328125;0.421875;0.0859375;0.359375;0.4375;0.06640625;0.296875;0.5234375;0.08984375;0.103515625;0.2265625;0.484375;0.083984375;0.2734375;0.421875;0.072265625;0.2890625;0.4375;0.0625;0.1953125;0.1875;0.0126953125;0.0380859375;0.015625;0.0;0.0;0.015625;0.0;0.0;0.01171875;0.0;0.0;0.03125;0.0;0.0;0.0234375;0.0;0.0;0.01953125;0.009765625;0.001953125;0.0029296875;0.009765625;0.005859375;0.0908203125;0.013671875;0.001953125;0.08349609375;0.7;0.15625;0.203125;0.453125;0.1015625;0.0625;0.3125;0.421875;0.08984375;0.375;0.4375;0.078125;0.2890625;0.515625;0.08984375;0.099609375;0.21875;0.4765625;0.083984375;0.265625;0.421875;0.07421875;0.28125;0.4453125;0.064453125;0.1953125;0.18359375;0.0126953125;0.03515625;0.01953125;0.0;0.0;0.015625;0.0;0.0;0.01171875;0.0;0.0;0.03125;0.0;0.0;0.0234375;0.0;0.0;0.017578125;0.0078125;0.001953125;0.0029296875;0.009765625;0.00390625;0.10498046875;0.01171875;0.001953125;0.09326171875;0.7
62;62;76.01;0.15625;0.21875;0.484375;0.10546875;0.05859375;0.34375;0.453125;0.08984375;0.375;0.4375;0.06640625;0.296875;0.515625;0.08984375;0.103515625;0.2265625;0.4921875;0.0859375;0.28125;0.4453125;0.078125;0.296875;0.4453125;0.06640625;0.19921875;0.1875;0.0126953125;0.0361328125;0.015625;0.0;0.0;0.015625;0.0;0.0;0.01171875;0.0;0.0;0.02734375;0.0;0.0;0.0234375;0.0;0.0;0.01953125;0.009765625;0.001953125;0.00244140625;0.009765625;0.005859375;0.0810546875;0.013671875;0.001953125;0.083984375;0.7;0.171875;0.203125;0.453125;0.10546875;0.0625;0.3125;0.4375;0.0859375;0.375;0.4375;0.078125;0.2890625;0.5078125;0.087890625;0.1015625;0.21875;0.4921875;0.087890625;0.2734375;0.4375;0.080078125;0.28125;0.4375;0.068359375;0.1953125;0.19140625;0.0126953125;0.037109375;0.015625;0.0;0.0;0.015625;0.0;0.0;0.01171875;0.0;0.0;0.02734375;0.0;0.0;0.0234375;0.0;0.0;0.017578125;0.0078125;0.001953125;0.00244140625;0.009765625;0.00390625;0.1044921875;0.01171875;0.001953125;0.0986328125;0.7
63;63;75.66;0.15625;0.21875;0.46875;0.10546875;0.05859375;0.34375;0.4375;0.08984375;0.390625;0.453125;0.06640625;0.3046875;0.5234375;0.091796875;0.107421875;0.234375;0.5;0.08984375;0.2734375;0.4375;0.076171875;0.296875;0.453125;0.064453125;0.203125;0.1953125;0.013671875;0.0390625;0.01953125;0.0;0.0;0.015625;0.0;0.0;0.01171875;0.0;0.0;0.03125;0.0;0.0;0.0234375;0.0;0.0;0.01953125;0.009765625;0.001953125;0.0029296875;0.01171875;0.00390625;0.0888671875;0.013671875;0.001953125;0.07568359375;0.7;0.171875;0.203125;0.453125;0.10546875;0.0625;0.328125;0.421875;0.09375;0.375;0.453125;0.08203125;0.296875;0.5234375;0.091796875;0.103515625;0.2265625;0.484375;0.0859375;0.2734375;0.4296875;0.078125;0.2890625;0.4453125;0.064453125;0.19921875;0.19140625;0.013671875;0.0380859375;0.01953125;0.0;0.0;0.01171875;0.0;0.0;0.01171875;0.0;0.0;0.03125;0.0;0.0;0.01953125;0.0;0.0;0.017578125;0.0078125;0.00146484375;0.00244140625;0.01171875;0.005859375;0.10693359375;0.013671875;0.001953125;0.08837890625;0.7
64;64;77.94;0.15625;0.21875;0.484375;0.10546875;0.05859375;0.34375;0.453125;0.08984375;0.390625;0.46875;0.07421875;0.3125;0.53125;0.09375;0.109375;0.234375;0.515625;0.091796875;0.28125;0.4453125;0.078125;0.296875;0.453125;0.068359375;0.2109375;0.19921875;0.013671875;0.0390625;0.015625;0.0;0.0;0.01953125;0.0;0.0;0.01171875;0.0;0.0;0.02734375;0.0;0.0;0.0234375;0.0;0.0;0.017578125;0.009765625;0.001953125;0.0029296875;0.01171875;0.00390625;0.091796875;0.013671875;0.0;0.07958984375;0.7;0.15625;0.203125;0.453125;0.10546875;0.0625;0.34375;0.4375;0.09375;0.390625;0.46875;0.0859375;0.3046875;0.5234375;0.09375;0.10546875;0.2265625;0.5;0.091796875;0.2734375;0.4375;0.078125;0.296875;0.453125;0.0703125;0.20703125;0.19921875;0.0126953125;0.037109375;0.01953125;0.0;0.0;0.01953125;0.0;0.0;0.0078125;0.0;0.0;0.02734375;0.0;0.0;0.0234375;0.0;0.0;0.017578125;0.0078125;0.001953125;0.0029296875;0.01171875;0.00390625;0.1025390625;0.01171875;0.001953125;0.087890625;0.7
65;65;76.3;0.15625;0.203125;0.484375;0.109375;0.05859375;0.34375;0.453125;0.09375;0.390625;0.453125;0.07421875;0.3125;0.546875;0.095703125;0.109375;0.234375;0.5078125;0.091796875;0.2890625;0.453125;0.078125;0.3125;0.4765625;0.07421875;0.2109375;0.203125;0.013671875;0.0400390625;0.015625;0.0;0.0;0.01953125;0.0;0.0;0.01171875;0.0;0.0;0.03125;0.0;0.0;0.01953125;0.0;0.0;0.017578125;0.0078125;0.001953125;0.0029296875;0.01171875;0.005859375;0.08740234375;0.013671875;0.005859375;0.08984375;0.8;0.171875;0.203125;0.453125;0.109375;0.0625;0.328125;0.4375;0.09765625;0.390625;0.453125;0.0859375;0.296875;0.5234375;0.09375;0.103515625;0.2265625;0.5;0.08984375;0.28125;0.4375;0.078125;0.3046875;0.4609375;0.072265625;0.20703125;0.19140625;0.013671875;0.0380859375;0.01953125;0.0;0.0;0.015625;0.0;0.0;0.0078125;0.0;0.0;0.02734375;0.0;0.0;0.01953125;0.0;0.0;0.017578125;0.0078125;0.001953125;0.0029296875;0.009765625;0.0078125;0.095703125;0.013671875;0.0;0.09521484375;0.8
66;66;76.77;0.15625;0.21875;0.484375;0.109375;0.05859375;0.328125;0.4375;0.09375;0.375;0.4375;0.0703125;0.3125;0.53125;0.09375;0.107421875;0.234375;0.5078125;0.09375;0.2890625;0.453125;0.08203125;0.3046875;0.4609375;0.07421875;0.2109375;0.1953125;0.013671875;0.0380859375;0.015625;0.0;0.0;0.015625;0.0;0.0;0.01171875;0.0;0.0;0.03125;0.0;0.0;0.0234375;0.0;0.0;0.01953125;0.0078125;0.00146484375;0.00244140625;0.009765625;0.005859375;0.087890625;0.013671875;0.001953125;0.0673828125;0.7;0.171875;0.21875;0.46875;0.109375;0.0625;0.328125;0.4375;0.09765625;0.375;0.453125;0.0859375;0.3046875;0.5234375;0.09375;0.10546875;0.2265625;0.4921875;0.091796875;0.2890625;0.4609375;0.083984375;0.296875;0.453125;0.07421875;0.2109375;0.1953125;0.013671875;0.0390625;0.015625;0.0;0.0;0.015625;0.0;0.0;0.01171875;0.0;0.0;0.02734375;0.0;0.0;0.0234375;0.0;0.0;0.017578125;0.0078125;0.001953125;0.0029296875;0.009765625;0.00390625;0.09619140625;0.01171875;0.00390625;0.0791015625;0.7
67;67;78.46;0.15625;0.21875;0.484375;0.109375;0.05859375;0.34375;0.46875;0.09375;0.390625;0.484375;0.07421875;0.3125;0.5390625;0.09375;0.111328125;0.234375;0.5;0.09375;0.296875;0.4609375;0.083984375;0.3046875;0.4765625;0.076171875;0.21484375;0.19921875;0.013671875;0.041015625;0.015625;0.0;0.0;0.015625;0.0;0.0;0.01171875;0.0;0.0;0.03125;0.0;0.0;0.0234375;0.0;0.0;0.01953125;0.0078125;0.001953125;0.0029296875;0.009765625;0.005859375;0.08740234375;0.013671875;0.00390625;0.0810546875;0.7;0.171875;0.203125;0.453125;0.10546875;0.0625;0.328125;0.46875;0.09375;0.390625;0.484375;0.0859375;0.3046875;0.53125;0.09375;0.107421875;0.2265625;0.5;0.09375;0.2890625;0.453125;0.0859375;0.3046875;0.4765625;0.076171875;0.2109375;0.1953125;0.0126953125;0.0380859375;0.01953125;0.0;0.0;0.01953125;0.0;0.0;0.0078125;0.0;0.0;0.03125;0.0;0.0;0.0234375;0.0;0.0;0.015625;0.0078125;0.001953125;0.0029296875;0.009765625;0.005859375;0.10791015625;0.01171875;0.001953125;0.08935546875;0.8
68;68;80.98;0.171875;0.21875;0.5;0.109375;0.05859375;0.34375;0.46875;0.09375;0.390625;0.46875;0.07421875;0.3203125;0.5390625;0.095703125;0.115234375;0.2421875;0.515625;0.095703125;0.3046875;0.46875;0.0859375;0.3125;0.46875;0.076171875;0.21875;0.1953125;0.013671875;0.0400390625;0.01953125;0.0;0.0;0.015625;0.0;0.0;0.015625;0.0;0.0;0.03125;0.0;0.0;0.0234375;0.0;0.0;0.01953125;0.0078125;0.001953125;0.00244140625;0.01171875;0.005859375;0.0908203125;0.013671875;0.0;0.0810546875;0.8;0.171875;0.21875;0.453125;0.109375;0.0625;0.328125;0.453125;0.09375;0.390625;0.46875;0.08984375;0.3046875;0.53125;0.095703125;0.111328125;0.234375;0.5;0.09375;0.296875;0.4609375;0.083984375;0.3125;0.46875;0.078125;0.21875;0.19140625;0.013671875;0.0390625;0.0234375;0.0;0.0;0.01171875;0.0;0.0;0.01171875;0.0;0.0;0.02734375;0.0;0.0;0.0234375;0.0;0.0;0.017578125;0.0078125;0.001953125;0.00244140625;0.009765625;0.001953125;0.109375;0.013671875;0.001953125;0.0986328125;0.7
69;69;81.02;0.171875;0.21875;0.484375;0.109375;0.05859375;0.359375;0.46875;0.09765625;0.390625;0.46875;0.078125;0.3203125;0.546875;0.09765625;0.1171875;0.2421875;0.5234375;0.099609375;0.3046875;0.46875;0.083984375;0.3203125;0.4765625;0.072265625;0.22265625;0.19921875;0.013671875;0.0419921875;0.01953125;0.0;0.0;0.015625;0.0;0.0;0.01171875;0.0;0.0;0.03125;0.0;0.0;0.0234375;0.0;0.0;0.01953125;0.0078125;0.001953125;0.0029296875;0.009765625;0.005859375;0.0859375;0.013671875;0.00390625;0.09228515625;0.8;0.171875;0.21875;0.46875;0.109375;0.0625;0.34375;0.453125;0.09765625;0.390625;0.46875;0.08984375;0.3125;0.5390625;0.09765625;0.11328125;0.234375;0.515625;0.09765625;0.296875;0.4609375;0.0859375;0.3125;0.4765625;0.07421875;0.2265625;0.2109375;0.0146484375;0.04296875;0.01953125;0.0;0.0;0.015625;0.0;0.0;0.01171875;0.0;0.0;0.02734375;0.0;0.0;0.0234375;0.0;0.0;0.01953125;0.0078125;0.001953125;0.0029296875;0.009765625;0.005859375;0.09912109375;0.013671875;0.0;0.09130859375;0.8
70;70;80.27;0.171875;0.234375;0.5;0.109375;0.0625;0.34375;0.46875;0.09765625;0.390625;0.46875;0.078125;0.3203125;0.5390625;0.09765625;0.115234375;0.2421875;0.5234375;0.09765625;0.3046875;0.4765625;0.0859375;0.3203125;0.4765625;0.076171875;0.23046875;0.20703125;0.0146484375;0.0439453125;0.015625;0.0;0.0;0.015625;0.0;0.0;0.015625;0.0;0.0;0.02734375;0.0;0.0;0.0234375;0.0;0.0;0.01953125;0.009765625;0.001953125;0.0029296875;0.009765625;0.0078125;0.08544921875;0.013671875;0.001953125;0.08251953125;0.8;0.171875;0.21875;0.46875;0.109375;0.06640625;0.34375;0.453125;0.09765625;0.390625;0.46875;0.09375;0.3125;0.5390625;0.09765625;0.11328125;0.234375;0.515625;0.09765625;0.3046875;0.46875;0.087890625;0.3125;0.4765625;0.078125;0.23046875;0.20703125;0.013671875;0.04296875;0.01953125;0.0;0.0;0.015625;0.0;0.0;0.01171875;0.0;0.0;0.02734375;0.0;0.0;0.0234375;0.0;0.0;0.017578125;0.0078125;0.001953125;0.0029296875;0.009765625;0.005859375;0.09619140625;0.01171875;0.001953125;0.09619140625;0.8
71;71;81.25;0.15625;0.21875;0.484375;0.11328125;0.05859375;0.359375;0.46875;0.09765625;0.40625;0.46875;0.08203125;0.3203125;0.5390625;0.09765625;0.1171875;0.25;0.5390625;0.103515625;0.3046875;0.46875;0.0859375;0.3203125;0.4765625;0.076171875;0.234375;0.203125;0.013671875;0.0439453125;0.015625;0.0;0.0;0.01171875;0.0;0.0;0.01171875;0.0;0.0;0.02734375;0.0;0.0;0.0234375;0.0;0.0;0.017578125;0.0078125;0.001953125;0.0029296875;0.009765625;0.001953125;0.08642578125;0.013671875;0.001953125;0.087890625;0.8;0.171875;0.21875;0.46875;0.109375;0.0625;0.34375;0.453125;0.09765625;0.40625;0.46875;0.09375;0.3125;0.5390625;0.09765625;0.11328125;0.2421875;0.5234375;0.1015625;0.3046875;0.4609375;0.087890625;0.3203125;0.4765625;0.076171875;0.23046875;0.19921875;0.013671875;0.04296875;0.01953125;0.0;0.0;0.01171875;0.0;0.0;0.0078125;0.0;0.0;0.0234375;0.0;0.0;0.0234375;0.0;0.0;0.017578125;0.0078125;0.001953125;0.0029296875;0.009765625;0.005859375;0.1015625;0.01171875;0.00390625;0.087890625;0.8
72;72;80.97;0.171875;0.21875;0.5;0.11328125;0.0625;0.359375;0.484375;0.09765625;0.40625;0.46875;0.08203125;0.328125;0.546875;0.099609375;0.119140625;0.25;0.546875;0.103515625;0.3046875;0.484375;0.087890625;0.328125;0.4921875;0.08203125;0.2421875;0.21875;0.0146484375;0.0458984375;0.015625;0.0;0.0;0.01171875;0.0;0.0;0.0078125;0.0;0.0;0.03125;0.0;0.0;0.0234375;0.0;0.0;0.01953125;0.0078125;0.001953125;0.0029296875;0.009765625;0.00390625;0.08740234375;0.013671875;0.001953125;0.08447265625;0.8;0.171875;0.21875;0.46875;0.11328125;0.06640625;0.34375;0.46875;0.09765625;0.40625;0.46875;0.09375;0.3125;0.546875;0.099609375;0.11328125;0.2421875;0.53125;0.103515625;0.3046875;0.4765625;0.08984375;0.3203125;0.484375;0.08203125;0.2421875;0.21484375;0.013671875;0.044921875;0.01953125;0.0;0.0;0.01171875;0.0;0.0;0.0078125;0.0;0.0;0.02734375;0.0;0.0;0.0234375;0.0;0.0;0.017578125;0.0078125;0.001953125;0.0029296875;0.009765625;0.00390625;0.099609375;0.01171875;0.00390625;0.08251953125;0.8
73;73;81.23;0.171875;0.234375;0.5;0.11328125;0.0625;0.359375;0.46875;0.09765625;0.421875;0.484375;0.08203125;0.3359375;0.5546875;0.099609375;0.119140625;0.25;0.546875;0.10546875;0.3125;0.484375;0.08984375;0.3359375;0.4921875;0.080078125;0.24609375;0.21484375;0.0146484375;0.046875;0.015625;0.0;0.0;0.01171875;0.0;0.0;0.01171875;0.0;0.0;0.02734375;0.0;0.0;0.0234375;0.0;0.0;0.01953125;0.0078125;0.00146484375;0.0029296875;0.01171875;0.005859375;0.0908203125;0.013671875;0.001953125;0.08544921875;0.8;0.171875;0.21875;0.46875;0.11328125;0.06640625;0.34375;0.453125;0.1015625;0.421875;0.484375;0.09765625;0.3203125;0.546875;0.1015625;0.115234375;0.25;0.53125;0.103515625;0.3046875;0.4609375;0.08984375;0.328125;0.4921875;0.08203125;0.24609375;0.21875;0.0146484375;0.046875;0.01953125;0.0;0.0;0.01171875;0.0;0.0;0.0078125;0.0;0.0;0.02734375;0.0;0.0;0.0234375;0.0;0.0;0.01953125;0.009765625;0.001953125;0.0029296875;0.009765625;0.00390625;0.10205078125;0.013671875;0.0;0.10400390625;0.8
74;74;81.81;0.171875;0.21875;0.5;0.11328125;0.0625;0.375;0.484375;0.09765625;0.421875;0.484375;0.08203125;0.34375;0.5546875;0.099609375;0.123046875;0.2578125;0.5390625;0.10546875;0.3203125;0.484375;0.08984375;0.34375;0.484375;0.08203125;0.24609375;0.21875;0.0146484375;0.046875;0.015625;0.0;0.0;0.015625;0.0;0.0;0.01171875;0.0;0.0;0.03125;0.0;0.0;0.0234375;0.0;0.0;0.01953125;0.0078125;0.001953125;0.0029296875;0.009765625;0.00390625;0.083984375;0.01171875;0.0;0.08544921875;0.8;0.171875;0.21875;0.46875;0.109375;0.06640625;0.359375;0.46875;0.09765625;0.421875;0.484375;0.09375;0.3359375;0.5546875;0.1015625;0.119140625;0.25;0.53125;0.10546875;0.3125;0.484375;0.091796875;0.3359375;0.4921875;0.083984375;0.24609375;0.21484375;0.0146484375;0.046875;0.01953125;0.0;0.0;0.015625;0.0;0.0;0.01171875;0.0;0.0;0.02734375;0.0;0.0;0.01953125;0.0;0.0;0.017578125;0.0078125;0.001953125;0.0029296875;0.009765625;0.005859375;0.10498046875;0.01171875;0.001953125;0.09765625;0.8
75;75;81.78;0.171875;0.21875;0.5;0.11328125;0.0625;0.375;0.484375;0.09765625;0.421875;0.5;0.0859375;0.34375;0.5625;0.103515625;0.123046875;0.2578125;0.546875;0.107421875;0.3203125;0.4921875;0.091796875;0.34375;0.5;0.083984375;0.25390625;0.21484375;0.0146484375;0.046875;0.015625;0.0;0.0;0.01171875;0.0;0.0;0.01171875;0.0;0.0;0.02734375;0.0;0.0;0.02734375;0.0;0.0;0.01953125;0.0078125;0.001953125;0.0029296875;0.009765625;0.001953125;0.0947265625;0.013671875;0.0;0.0703125;0.8;0.171875;0.21875;0.46875;0.11328125;0.06640625;0.359375;0.46875;0.1015625;0.421875;0.484375;0.1015625;0.328125;0.5546875;0.1015625;0.119140625;0.2578125;0.5390625;0.107421875;0.3203125;0.484375;0.09375;0.34375;0.5;0.0859375;0.25390625;0.22265625;0.0146484375;0.0478515625;0.01953125;0.0;0.0;0.01171875;0.0;0.0;0.0078125;0.0;0.0;0.02734375;0.0;0.0;0.02734375;0.0;0.0;0.01953125;0.0078125;0.001953125;0.0029296875;0.009765625;0.00390625;0.103515625;0.013671875;0.0;0.0986328125;0.8
76;76;82.09;0.171875;0.234375;0.515625;0.1171875;0.0625;0.375;0.484375;0.1015625;0.4375;0.484375;0.0859375;0.34375;0.5703125;0.10546875;0.126953125;0.265625;0.5625;0.109375;0.3203125;0.4921875;0.091796875;0.3515625;0.5078125;0.087890625;0.2578125;0.21484375;0.015625;0.048828125;0.015625;0.0;0.0;0.01171875;0.0;0.0;0.01171875;0.0;0.0;0.03125;0.0;0.0;0.0234375;0.0;0.0;0.017578125;0.0078125;0.001953125;0.0029296875;0.01171875;0.005859375;0.09130859375;0.013671875;0.001953125;0.07861328125;0.7;0.171875;0.21875;0.484375;0.1171875;0.06640625;0.359375;0.46875;0.1015625;0.4375;0.5;0.1015625;0.3359375;0.5703125;0.10546875;0.123046875;0.2578125;0.546875;0.109375;0.3203125;0.484375;0.091796875;0.3515625;0.5078125;0.087890625;0.2578125;0.21484375;0.0146484375;0.048828125;0.01953125;0.0;0.0;0.01171875;0.0;0.0;0.01171875;0.0;0.0;0.02734375;0.0;0.0;0.02734375;0.0;0.0;0.01953125;0.0078125;0.001953125;0.0029296875;0.009765625;0.00390625;0.107421875;0.01171875;0.00390625;0.099609375;0.7
77;77;83.69;0.171875;0.234375;0.515625;0.1171875;0.06640625;0.390625;0.5;0.1015625;0.4375;0.484375;0.0859375;0.34375;0.5703125;0.10546875;0.12890625;0.265625;0.5625;0.111328125;0.328125;0.5;0.09375;0.359375;0.5;0.0859375;0.265625;0.2265625;0.015625;0.048828125;0.015625;0.0;0.0;0.015625;0.0;0.0;0.01171875;0.0;0.0;0.03125;0.0;0.0;0.02734375;0.0;0.0;0.01953125;0.0078125;0.001953125;0.0029296875;0.009765625;0.001953125;0.087890625;0.013671875;0.001953125;0.0791015625;0.8;0.171875;0.21875;0.484375;0.1171875;0.06640625;0.375;0.484375;0.10546875;0.4375;0.484375;0.1015625;0.3359375;0.5625;0.10546875;0.125;0.265625;0.5546875;0.111328125;0.3203125;0.4921875;0.09375;0.3515625;0.5078125;0.087890625;0.26953125;0.2265625;0.0146484375;0.05078125;0.01953125;0.0;0.0;0.01171875;0.0;0.0;0.0078125;0.0;0.0;0.02734375;0.0;0.0;0.02734375;0.0;0.0;0.01953125;0.009765625;0.001953125;0.0029296875;0.009765625;0.00390625;0.10205078125;0.01171875;0.0;0.08544921875;0.8
78;78;84.11;0.171875;0.234375;0.515625;0.1171875;0.0625;0.375;0.5;0.10546875;0.4375;0.5;0.0859375;0.34375;0.578125;0.103515625;0.12890625;0.265625;0.5625;0.115234375;0.328125;0.5;0.09375;0.359375;0.515625;0.08984375;0.26953125;0.21875;0.015625;0.05078125;0.015625;0.0;0.0;0.01171875;0.0;0.0;0.01171875;0.0;0.0;0.02734375;0.0;0.0;0.02734375;0.0;0.0;0.01953125;0.0078125;0.001953125;0.0029296875;0.01171875;0.001953125;0.0888671875;0.013671875;0.0;0.07568359375;0.8;0.171875;0.21875;0.484375;0.1171875;0.06640625;0.375;0.484375;0.10546875;0.421875;0.5;0.09765625;0.3359375;0.5703125;0.10546875;0.125;0.2578125;0.5546875;0.11328125;0.328125;0.4921875;0.09375;0.359375;0.515625;0.087890625;0.26953125;0.2265625;0.015625;0.05078125;0.01953125;0.0;0.0;0.015625;0.0;0.0;0.0078125;0.0;0.0;0.02734375;0.0;0.0;0.02734375;0.0;0.0;0.01953125;0.0078125;0.001953125;0.0029296875;0.009765625;0.00390625;0.103515625;0.013671875;0.001953125;0.08984375;0.8
79;79;84.76;0.171875;0.234375;0.53125;0.12109375;0.0625;0.390625;0.5;0.10546875;0.4375;0.5;0.0859375;0.3515625;0.5703125;0.10546875;0.130859375;0.2734375;0.5703125;0.1171875;0.328125;0.5;0.095703125;0.3671875;0.515625;0.08984375;0.2734375;0.2265625;0.015625;0.05078125;0.015625;0.0;0.0;0.01171875;0.0;0.0;0.01171875;0.0;0.0;0.03125;0.0;0.0;0.02734375;0.0;0.0;0.01953125;0.009765625;0.001953125;0.0029296875;0.01171875;0.00390625;0.0908203125;0.013671875;0.0;0.07958984375;0.8;0.171875;0.234375;0.5;0.1171875;0.06640625;0.375;0.5;0.109375;0.4375;0.5;0.1015625;0.34375;0.5703125;0.10546875;0.126953125;0.265625;0.5546875;0.115234375;0.328125;0.4921875;0.095703125;0.359375;0.5234375;0.091796875;0.27734375;0.23046875;0.015625;0.0517578125;0.01953125;0.0;0.0;0.015625;0.0;0.0;0.01171875;0.0;0.0;0.02734375;0.0;0.0;0.0234375;0.0;0.0;0.01953125;0.009765625;0.001953125;0.00341796875;0.01171875;0.00390625;0.09619140625;0.013671875;0.00390625;0.09814453125;0.8
80;80;85.74;0.171875;0.234375;0.53125;0.1171875;0.06640625;0.390625;0.5;0.10546875;0.453125;0.515625;0.08984375;0.359375;0.578125;0.107421875;0.1328125;0.28125;0.578125;0.1171875;0.34375;0.5078125;0.09765625;0.375;0.53125;0.091796875;0.28125;0.2265625;0.015625;0.052734375;0.01953125;0.0;0.0;0.015625;0.0;0.0;0.01171875;0.0;0.0;0.02734375;0.0;0.0;0.02734375;0.0;0.0;0.01953125;0.009765625;0.001953125;0.0029296875;0.009765625;0.001953125;0.0859375;0.013671875;0.005859375;0.083984375;0.8;0.171875;0.21875;0.5;0.1171875;0.0703125;0.375;0.484375;0.109375;0.4375;0.515625;0.1015625;0.3515625;0.5703125;0.109375;0.12890625;0.2734375;0.5625;0.1171875;0.3359375;0.5;0.099609375;0.3671875;0.53125;0.09375;0.28125;0.234375;0.015625;0.0546875;0.01953125;0.0;0.0;0.01171875;0.0;0.0;0.01171875;0.0;0.0;0.02734375;0.0;0.0;0.0234375;0.0;0.0;0.01953125;0.009765625;0.001953125;0.0029296875;0.009765625;0.00390625;0.0927734375;0.01171875;0.001953125;0.087890625;0.8
81;81;85.07;0.15625;0.234375;0.53125;0.1171875;0.06640625;0.390625;0.5;0.109375;0.4375;0.515625;0.08984375;0.359375;0.578125;0.107421875;0.1328125;0.2734375;0.578125;0.12109375;0.34375;0.5;0.099609375;0.375;0.53125;0.095703125;0.28125;0.22265625;0.015625;0.0517578125;0.01953125;0.0;0.0;0.01171875;0.0;0.0;0.01171875;0.0;0.0;0.02734375;0.0;0.0;0.02734375;0.0;0.0;0.01953125;0.009765625;0.001953125;0.0029296875;0.009765625;0.005859375;0.0859375;0.013671875;0.0;0.091796875;0.8;0.171875;0.234375;0.5;0.1171875;0.0703125;0.375;0.5;0.109375;0.4375;0.515625;0.10546875;0.3515625;0.5703125;0.107421875;0.12890625;0.265625;0.5625;0.119140625;0.34375;0.5;0.1015625;0.3671875;0.53125;0.09765625;0.2890625;0.234375;0.015625;0.0546875;0.01953125;0.0;0.0;0.01171875;0.0;0.0;0.01171875;0.0;0.0;0.02734375;0.0;0.0;0.0234375;0.0;0.0;0.01953125;0.009765625;0.001953125;0.0029296875;0.009765625;0.001953125;0.09521484375;0.01171875;0.001953125;0.09130859375;0.8
82;82;85.51;0.171875;0.234375;0.53125;0.1171875;0.06640625;0.40625;0.515625;0.109375;0.453125;0.515625;0.09375;0.3671875;0.578125;0.109375;0.13671875;0.28125;0.578125;0.12109375;0.3515625;0.5078125;0.099609375;0.3828125;0.5390625;0.09765625;0.296875;0.23828125;0.015625;0.0576171875;0.01953125;0.0;0.0;0.01171875;0.0;0.0;0.01171875;0.0;0.0;0.03125;0.0;0.0;0.02734375;0.0;0.0;0.01953125;0.009765625;0.001953125;0.00341796875;0.01171875;0.00390625;0.0771484375;0.013671875;0.0;0.07470703125;0.8;0.171875;0.234375;0.5;0.1171875;0.0703125;0.390625;0.5;0.109375;0.453125;0.515625;0.109375;0.3515625;0.5703125;0.109375;0.1328125;0.2734375;0.5703125;0.12109375;0.3515625;0.5;0.099609375;0.375;0.546875;0.099609375;0.296875;0.24609375;0.015625;0.056640625;0.0234375;0.0;0.0;0.01171875;0.0;0.0;0.01171875;0.0;0.0;0.02734375;0.0;0.0;0.02734375;0.0;0.0;0.01953125;0.009765625;0.001953125;0.0029296875;0.01171875;0.005859375;0.0947265625;0.013671875;0.0;0.0947265625;0.8
83;83;86.43;0.171875;0.25;0.53125;0.12109375;0.06640625;0.390625;0.5;0.109375;0.453125;0.53125;0.09375;0.359375;0.5859375;0.109375;0.138671875;0.28125;0.5859375;0.125;0.359375;0.5078125;0.1015625;0.3828125;0.5390625;0.09765625;0.3046875;0.2421875;0.0166015625;0.056640625;0.015625;0.0;0.0;0.01171875;0.0;0.0;0.01171875;0.0;0.0;0.03125;0.0;0.0;0.02734375;0.0;0.0;0.021484375;0.009765625;0.001953125;0.0029296875;0.01171875;0.005859375;0.08740234375;0.013671875;0.005859375;0.0810546875;0.8;0.171875;0.234375;0.515625;0.1171875;0.0703125;0.390625;0.5;0.109375;0.453125;0.515625;0.109375;0.3515625;0.5859375;0.111328125;0.134765625;0.2734375;0.578125;0.126953125;0.3515625;0.5078125;0.103515625;0.375;0.5390625;0.099609375;0.3046875;0.25390625;0.0166015625;0.05859375;0.01953125;0.0;0.0;0.01171875;0.0;0.0;0.01171875;0.0;0.0;0.03125;0.0;0.0;0.02734375;0.0;0.0;0.021484375;0.009765625;0.001953125;0.0029296875;0.01171875;0.00390625;0.09521484375;0.013671875;0.001953125;0.09130859375;0.8
84;84;86.44;0.15625;0.234375;0.53125;0.12109375;0.06640625;0.40625;0.515625;0.109375;0.46875;0.515625;0.09375;0.3671875;0.5859375;0.109375;0.138671875;0.28125;0.5859375;0.125;0.359375;0.515625;0.103515625;0.3828125;0.546875;0.1015625;0.3046875;0.2421875;0.0166015625;0.056640625;0.01953125;0.0;0.0;0.01171875;0.0;0.0;0.0078125;0.0;0.0;0.02734375;0.0;0.0;0.02734375;0.0;0.0;0.021484375;0.009765625;0.001953125;0.0029296875;0.01171875;0.00390625;0.09033203125;0.013671875;0.0;0.0712890625;0.8;0.171875;0.234375;0.515625;0.12109375;0.0703125;0.390625;0.5;0.109375;0.453125;0.53125;0.109375;0.359375;0.5859375;0.109375;0.134765625;0.2734375;0.5859375;0.125;0.3515625;0.5078125;0.103515625;0.3828125;0.546875;0.1015625;0.3046875;0.25;0.0166015625;0.05859375;0.01953125;0.0;0.0;0.01171875;0.0;0.0;0.0078125;0.0;0.0;0.02734375;0.0;0.0;0.02734375;0.0;0.0;0.021484375;0.009765625;0.001953125;0.00341796875;0.009765625;0.005859375;0.10302734375;0.013671875;0.0;0.09130859375;0.8
85;85;85.95;0.171875;0.25;0.53125;0.12109375;0.06640625;0.40625;0.515625;0.109375;0.46875;0.53125;0.09375;0.3671875;0.59375;0.111328125;0.140625;0.2890625;0.59375;0.126953125;0.359375;0.515625;0.1015625;0.3828125;0.546875;0.1015625;0.3125;0.24609375;0.0166015625;0.0576171875;0.01953125;0.0;0.0;0.01171875;0.0;0.0;0.01171875;0.0;0.0;0.03125;0.0;0.0;0.02734375;0.0;0.0;0.021484375;0.009765625;0.001953125;0.0029296875;0.01171875;0.001953125;0.0869140625;0.013671875;0.001953125;0.0849609375;0.8;0.171875;0.234375;0.515625;0.1171875;0.0703125;0.375;0.5;0.11328125;0.46875;0.53125;0.109375;0.3671875;0.5859375;0.111328125;0.13671875;0.2734375;0.578125;0.125;0.359375;0.5078125;0.103515625;0.3828125;0.546875;0.1015625;0.3125;0.25390625;0.0166015625;0.0595703125;0.01953125;0.0;0.0;0.01171875;0.0;0.0;0.01171875;0.0;0.0;0.02734375;0.0;0.0;0.02734375;0.0;0.0;0.01953125;0.01171875;0.001953125;0.0029296875;0.01171875;0.001953125;0.1025390625;0.01171875;0.001953125;0.0859375;0.8
86;86;86.82;0.171875;0.234375;0.53125;0.12109375;0.06640625;0.40625;0.515625;0.11328125;0.46875;0.53125;0.09765625;0.3671875;0.5859375;0.111328125;0.140625;0.2890625;0.59375;0.12890625;0.3671875;0.5234375;0.10546875;0.390625;0.546875;0.103515625;0.31640625;0.24609375;0.017578125;0.060546875;0.015625;0.0;0.0;0.01171875;0.0;0.0;0.01171875;0.0;0.0;0.03125;0.0;0.0;0.03125;0.0;0.0;0.021484375;0.009765625;0.001953125;0.00341796875;0.01171875;0.0078125;0.0908203125;0.013671875;0.001953125;0.0810546875;0.8;0.171875;0.234375;0.515625;0.12109375;0.0703125;0.390625;0.515625;0.11328125;0.46875;0.53125;0.109375;0.3671875;0.5859375;0.11328125;0.13671875;0.28125;0.59375;0.12890625;0.3671875;0.5234375;0.10546875;0.390625;0.5546875;0.10546875;0.3203125;0.2578125;0.0166015625;0.0625;0.01953125;0.0;0.0;0.01171875;0.0;0.0;0.01171875;0.0;0.0;0.03125;0.0;0.0;0.03125;0.0;0.0;0.021484375;0.009765625;0.001953125;0.00341796875;0.01171875;0.005859375;0.1025390625;0.013671875;0.001953125;0.09423828125;0.8
87;87;87.46;0.171875;0.25;0.53125;0.12109375;0.06640625;0.40625;0.515625;0.11328125;0.46875;0.53125;0.09765625;0.3828125;0.59375;0.11328125;0.142578125;0.2890625;0.6015625;0.130859375;0.375;0.5234375;0.10546875;0.3984375;0.5546875;0.10546875;0.32421875;0.25390625;0.017578125;0.05859375;0.01953125;0.0;0.0;0.01171875;0.0;0.0;0.0078125;0.0;0.0;0.03125;0.0;0.0;0.03125;0.0;0.0;0.021484375;0.009765625;0.001953125;0.00341796875;0.01171875;0.00390625;0.08837890625;0.013671875;0.001953125;0.07666015625;0.8;0.171875;0.234375;0.515625;0.12109375;0.0703125;0.40625;0.515625;0.11328125;0.46875;0.53125;0.109375;0.375;0.59375;0.11328125;0.140625;0.2890625;0.59375;0.130859375;0.3671875;0.5234375;0.107421875;0.390625;0.5546875;0.10546875;0.328125;0.26171875;0.0166015625;0.064453125;0.0234375;0.0;0.0;0.01171875;0.0;0.0;0.0078125;0.0;0.0;0.03125;0.0;0.0;0.03125;0.0;0.0;0.021484375;0.009765625;0.001953125;0.00341796875;0.01171875;0.00390625;0.10302734375;0.013671875;0.001953125;0.0986328125;0.8
88;88;87.87;0.171875;0.25;0.53125;0.12109375;0.06640625;0.40625;0.53125;0.11328125;0.484375;0.53125;0.09765625;0.3828125;0.59375;0.11328125;0.14453125;0.296875;0.609375;0.130859375;0.375;0.53125;0.107421875;0.3984375;0.5625;0.107421875;0.33203125;0.26171875;0.0166015625;0.0625;0.01953125;0.0;0.0;0.01171875;0.0;0.0;0.0078125;0.0;0.0;0.03125;0.0;0.0;0.02734375;0.0;0.0;0.021484375;0.01171875;0.001953125;0.0029296875;0.01171875;0.005859375;0.0888671875;0.013671875;0.001953125;0.08740234375;0.8;0.171875;0.234375;0.515625;0.12109375;0.0703125;0.390625;0.515625;0.1171875;0.46875;0.53125;0.109375;0.375;0.59375;0.11328125;0.140625;0.2890625;0.6015625;0.130859375;0.375;0.5234375;0.109375;0.3984375;0.5546875;0.10546875;0.33203125;0.265625;0.0166015625;0.0625;0.0234375;0.0;0.0;0.01171875;0.0;0.0;0.0078125;0.0;0.0;0.02734375;0.0;0.0;0.03125;0.0;0.0;0.021484375;0.01171875;0.001953125;0.0029296875;0.01171875;0.00390625;0.10546875;0.013671875;0.0;0.0966796875;0.8
89;89;87.57;0.171875;0.25;0.546875;0.12109375;0.06640625;0.421875;0.53125;0.11328125;0.484375;0.53125;0.09765625;0.3828125;0.59375;0.11328125;0.14453125;0.296875;0.609375;0.134765625;0.3828125;0.53125;0.107421875;0.3984375;0.5625;0.109375;0.3359375;0.26171875;0.0185546875;0.0634765625;0.01953125;0.0;0.0;0.01171875;0.0;0.0;0.01171875;0.0;0.0;0.03125;0.0;0.0;0.03125;0.0;0.0;0.021484375;0.01171875;0.001953125;0.00341796875;0.01171875;0.001953125;0.083984375;0.013671875;0.001953125;0.0859375;0.8;0.171875;0.234375;0.515625;0.12109375;0.0703125;0.40625;0.53125;0.1171875;0.484375;0.53125;0.11328125;0.375;0.5859375;0.11328125;0.142578125;0.2890625;0.6015625;0.1328125;0.375;0.5234375;0.111328125;0.3984375;0.5625;0.109375;0.3359375;0.265625;0.017578125;0.064453125;0.01953125;0.0;0.0;0.01171875;0.0;0.0;0.0078125;0.0;0.0;0.03125;0.0;0.0;0.02734375;0.0;0.0;0.021484375;0.01171875;0.001953125;0.00341796875;0.01171875;0.005859375;0.10009765625;0.013671875;0.0;0.09765625;0.8
90;90;88.37;0.171875;0.25;0.53125;0.125;0.06640625;0.421875;0.53125;0.11328125;0.484375;0.546875;0.1015625;0.3828125;0.6015625;0.11328125;0.146484375;0.296875;0.609375;0.134765625;0.3828125;0.5390625;0.109375;0.40625;0.5625;0.107421875;0.3359375;0.26171875;0.017578125;0.0615234375;0.01953125;0.0;0.0;0.01171875;0.0;0.0;0.01171875;0.0;0.0;0.03125;0.0;0.0;0.03125;0.0;0.0;0.021484375;0.01171875;0.001953125;0.0029296875;0.01171875;0.0078125;0.0986328125;0.013671875;0.0;0.076171875;0.8;0.171875;0.234375;0.515625;0.12109375;0.0703125;0.40625;0.515625;0.1171875;0.484375;0.546875;0.11328125;0.375;0.59375;0.115234375;0.142578125;0.2890625;0.6015625;0.134765625;0.375;0.53125;0.111328125;0.40625;0.5703125;0.109375;0.33984375;0.26953125;0.017578125;0.064453125;0.0234375;0.0;0.0;0.01171875;0.0;0.0;0.0078125;0.0;0.0;0.03125;0.0;0.0;0.02734375;0.0;0.0;0.021484375;0.01171875;0.001953125;0.00341796875;0.01171875;0.00390625;0.10302734375;0.013671875;0.0;0.09423828125;0.8
91;91;88.45;0.171875;0.25;0.53125;0.125;0.06640625;0.421875;0.53125;0.1171875;0.484375;0.546875;0.1015625;0.3828125;0.6015625;0.115234375;0.1484375;0.296875;0.6171875;0.13671875;0.3828125;0.5390625;0.111328125;0.40625;0.5703125;0.109375;0.34375;0.2734375;0.0185546875;0.0654296875;0.01953125;0.0;0.0;0.01171875;0.0;0.0;0.01171875;0.0;0.0;0.03125;0.0;0.0;0.03125;0.0;0.0;0.021484375;0.01171875;0.001953125;0.00341796875;0.01171875;0.00390625;0.09033203125;0.015625;0.00390625;0.08935546875;0.8;0.171875;0.234375;0.515625;0.125;0.0703125;0.40625;0.53125;0.1171875;0.484375;0.546875;0.11328125;0.375;0.59375;0.11328125;0.14453125;0.2890625;0.6015625;0.134765625;0.3828125;0.53125;0.111328125;0.40625;0.5703125;0.111328125;0.34375;0.2734375;0.017578125;0.0654296875;0.0234375;0.0;0.0;0.01171875;0.0;0.0;0.0078125;0.0;0.0;0.03125;0.0;0.0;0.03125;0.0;0.0;0.021484375;0.01171875;0.001953125;0.00341796875;0.01171875;0.00390625;0.1005859375;0.013671875;0.00390625;0.1025390625;0.8
92;92;88.6;0.171875;0.25;0.546875;0.125;0.06640625;0.421875;0.53125;0.1171875;0.484375;0.546875;0.1015625;0.390625;0.6015625;0.11328125;0.1484375;0.296875;0.609375;0.13671875;0.3828125;0.53125;0.109375;0.40625;0.5703125;0.109375;0.33984375;0.26953125;0.0185546875;0.064453125;0.01953125;0.0;0.0;0.01171875;0.0;0.0;0.01171875;0.0;0.0;0.03125;0.0;0.0;0.03125;0.0;0.0;0.021484375;0.01171875;0.001953125;0.00341796875;0.01171875;0.001953125;0.0810546875;0.013671875;0.001953125;0.0791015625;0.8;0.171875;0.234375;0.515625;0.125;0.0703125;0.40625;0.515625;0.1171875;0.484375;0.546875;0.11328125;0.3828125;0.59375;0.115234375;0.14453125;0.2890625;0.6015625;0.13671875;0.3828125;0.53125;0.111328125;0.40625;0.5703125;0.111328125;0.34765625;0.2734375;0.017578125;0.0654296875;0.0234375;0.0;0.0;0.01171875;0.0;0.0;0.0078125;0.0;0.0;0.03125;0.0;0.0;0.03125;0.0;0.0;0.021484375;0.01171875;0.001953125;0.00341796875;0.01171875;0.00390625;0.10302734375;0.013671875;0.0;0.0859375;0.8
93;93;89.02;0.171875;0.25;0.546875;0.125;0.06640625;0.421875;0.546875;0.1171875;0.484375;0.546875;0.1015625;0.390625;0.6015625;0.11328125;0.1484375;0.3046875;0.6171875;0.138671875;0.3828125;0.5390625;0.111328125;0.4140625;0.5703125;0.11328125;0.34765625;0.26953125;0.0185546875;0.064453125;0.01953125;0.0;0.0;0.01171875;0.0;0.0;0.01171875;0.0;0.0;0.03125;0.0;0.0;0.03125;0.0;0.0;0.021484375;0.01171875;0.001953125;0.00341796875;0.01171875;0.001953125;0.087890625;0.015625;0.001953125;0.07470703125;0.8;0.171875;0.234375;0.515625;0.125;0.0703125;0.40625;0.53125;0.1171875;0.484375;0.546875;0.11328125;0.3828125;0.59375;0.115234375;0.14453125;0.2890625;0.609375;0.13671875;0.3828125;0.53125;0.11328125;0.40625;0.578125;0.11328125;0.3515625;0.28125;0.0185546875;0.0673828125;0.0234375;0.0;0.0;0.01171875;0.0;0.0;0.0078125;0.0;0.0;0.03125;0.0;0.0;0.03125;0.0;0.0;0.021484375;0.01171875;0.001953125;0.00341796875;0.01171875;0.00390625;0.1025390625;0.013671875;0.001953125;0.08642578125;0.8
94;94;89.08;0.171875;0.234375;0.546875;0.125;0.06640625;0.421875;0.546875;0.1171875;0.484375;0.546875;0.1015625;0.3828125;0.6015625;0.115234375;0.1484375;0.296875;0.6171875;0.138671875;0.3828125;0.5390625;0.111328125;0.4140625;0.578125;0.115234375;0.34765625;0.26953125;0.0185546875;0.06640625;0.01953125;0.0;0.0;0.01171875;0.0;0.0;0.01171875;0.0;0.0;0.03125;0.0;0.0;0.03515625;0.0;0.0;0.021484375;0.01171875;0.001953125;0.00341796875;0.01171875;0.00390625;0.08837890625;0.013671875;0.001953125;0.08251953125;0.8;0.171875;0.234375;0.515625;0.125;0.0703125;0.40625;0.53125;0.1171875;0.484375;0.546875;0.11328125;0.3828125;0.59375;0.115234375;0.14453125;0.2890625;0.609375;0.138671875;0.3828125;0.53125;0.11328125;0.4140625;0.578125;0.11328125;0.35546875;0.28125;0.0185546875;0.0673828125;0.0234375;0.0;0.0;0.01171875;0.0;0.0;0.0078125;0.0;0.0;0.03125;0.0;0.0;0.03125;0.0;0.0;0.021484375;0.01171875;0.001953125;0.00341796875;0.01171875;0.001953125;0.099609375;0.013671875;0.0;0.09619140625;0.8
95;95;89.49;0.171875;0.25;0.546875;0.125;0.06640625;0.421875;0.546875;0.1171875;0.484375;0.546875;0.1015625;0.390625;0.59375;0.11328125;0.146484375;0.296875;0.609375;0.138671875;0.390625;0.5390625;0.111328125;0.4140625;0.578125;0.11328125;0.3515625;0.26953125;0.0185546875;0.0673828125;0.01953125;0.0;0.0;0.01171875;0.0;0.0;0.01171875;0.0;0.0;0.03125;0.0;0.0;0.03125;0.0;0.0;0.0234375;0.01171875;0.001953125;0.00341796875;0.01171875;0.00390625;0.08740234375;0.013671875;0.0;0.0869140625;0.8;0.171875;0.234375;0.515625;0.125;0.0703125;0.40625;0.53125;0.12109375;0.484375;0.546875;0.11328125;0.3828125;0.59375;0.115234375;0.14453125;0.2890625;0.609375;0.138671875;0.390625;0.5390625;0.11328125;0.40625;0.578125;0.115234375;0.35546875;0.28125;0.0185546875;0.068359375;0.0234375;0.0;0.0;0.01171875;0.0;0.0;0.0078125;0.0;0.0;0.03125;0.0;0.0;0.03125;0.0;0.0;0.021484375;0.01171875;0.001953125;0.00341796875;0.01171875;0.005859375;0.1015625;0.013671875;0.0;0.095703125;0.8
96;96;89.4;0.171875;0.25;0.546875;0.125;0.06640625;0.421875;0.53125;0.1171875;0.5;0.546875;0.1015625;0.390625;0.6015625;0.115234375;0.150390625;0.296875;0.6171875;0.138671875;0.390625;0.5390625;0.11328125;0.4140625;0.578125;0.115234375;0.3515625;0.28125;0.0185546875;0.0654296875;0.01953125;0.0;0.0;0.01171875;0.0;0.0;0.0078125;0.0;0.0;0.03125;0.0;0.0;0.03515625;0.0;0.0;0.0234375;0.013671875;0.001953125;0.00341796875;0.01171875;0.001953125;0.0859375;0.013671875;0.0;0.0830078125;0.8;0.171875;0.234375;0.515625;0.125;0.0703125;0.40625;0.53125;0.12109375;0.484375;0.546875;0.11328125;0.3828125;0.59375;0.115234375;0.14453125;0.2890625;0.609375;0.138671875;0.390625;0.5390625;0.11328125;0.40625;0.578125;0.115234375;0.35546875;0.28125;0.0185546875;0.068359375;0.0234375;0.0;0.0;0.01171875;0.0;0.0;0.0078125;0.0;0.0;0.03125;0.0;0.0;0.03125;0.0;0.0;0.021484375;0.01171875;0.001953125;0.00341796875;0.01171875;0.001953125;0.10205078125;0.013671875;0.0;0.09033203125;0.8
97;97;89.35;0.171875;0.25;0.546875;0.125;0.06640625;0.421875;0.546875;0.1171875;0.484375;0.546875;0.1015625;0.390625;0.6015625;0.115234375;0.1484375;0.296875;0.6171875;0.140625;0.390625;0.5390625;0.11328125;0.4140625;0.578125;0.115234375;0.35546875;0.28125;0.0185546875;0.0654296875;0.01953125;0.0;0.0;0.01171875;0.0;0.0;0.01171875;0.0;0.0;0.03125;0.0;0.0;0.03125;0.0;0.0;0.0234375;0.01171875;0.001953125;0.00341796875;0.01171875;0.001953125;0.087890625;0.013671875;0.001953125;0.08544921875;0.8;0.171875;0.234375;0.515625;0.125;0.0703125;0.40625;0.53125;0.12109375;0.484375;0.546875;0.11328125;0.3828125;0.59375;0.115234375;0.14453125;0.2890625;0.609375;0.138671875;0.390625;0.5390625;0.11328125;0.4140625;0.578125;0.115234375;0.35546875;0.28125;0.0185546875;0.068359375;0.0234375;0.0;0.0;0.01171875;0.0;0.0;0.0078125;0.0;0.0;0.03125;0.0;0.0;0.03125;0.0;0.0;0.021484375;0.01171875;0.001953125;0.00341796875;0.01171875;0.00390625;0.10693359375;0.013671875;0.001953125;0.09521484375;0.8
98;98;89.51;0.171875;0.25;0.546875;0.125;0.06640625;0.421875;0.53125;0.1171875;0.484375;0.546875;0.1015625;0.390625;0.6015625;0.115234375;0.150390625;0.3046875;0.6171875;0.138671875;0.390625;0.5390625;0.11328125;0.4140625;0.578125;0.115234375;0.35546875;0.2734375;0.0185546875;0.0673828125;0.01953125;0.0;0.0;0.01171875;0.0;0.0;0.01171875;0.0;0.0;0.03125;0.0;0.0;0.03125;0.0;0.0;0.021484375;0.01171875;0.001953125;0.00341796875;0.01171875;0.005859375;0.0830078125;0.013671875;0.001953125;0.08447265625;0.8;0.171875;0.234375;0.515625;0.125;0.0703125;0.40625;0.53125;0.12109375;0.484375;0.546875;0.11328125;0.3828125;0.59375;0.115234375;0.14453125;0.2890625;0.609375;0.138671875;0.390625;0.5390625;0.11328125;0.4140625;0.578125;0.115234375;0.35546875;0.28125;0.0185546875;0.068359375;0.0234375;0.0;0.0;0.01171875;0.0;0.0;0.0078125;0.0;0.0;0.03125;0.0;0.0;0.03125;0.0;0.0;0.021484375;0.01171875;0.001953125;0.00341796875;0.01171875;0.00390625;0.10107421875;0.013671875;0.00390625;0.09033203125;0.8
99;99;89.48;0.171875;0.25;0.546875;0.125;0.06640625;0.421875;0.53125;0.1171875;0.5;0.546875;0.1015625;0.390625;0.6015625;0.115234375;0.1484375;0.296875;0.6171875;0.138671875;0.390625;0.5390625;0.11328125;0.4140625;0.578125;0.115234375;0.35546875;0.28125;0.01953125;0.068359375;0.01953125;0.0;0.0;0.01171875;0.0;0.0;0.01171875;0.0;0.0;0.03125;0.0;0.0;0.03125;0.0;0.0;0.0234375;0.01171875;0.001953125;0.00341796875;0.01171875;0.005859375;0.08642578125;0.013671875;0.0;0.0908203125;0.8;0.171875;0.234375;0.515625;0.125;0.0703125;0.40625;0.53125;0.12109375;0.484375;0.546875;0.11328125;0.3828125;0.59375;0.115234375;0.14453125;0.296875;0.609375;0.138671875;0.390625;0.5390625;0.11328125;0.4140625;0.578125;0.115234375;0.359375;0.28125;0.0185546875;0.068359375;0.0234375;0.0;0.0;0.01171875;0.0;0.0;0.0078125;0.0;0.0;0.03125;0.0;0.0;0.03125;0.0;0.0;0.021484375;0.01171875;0.001953125;0.00341796875;0.01171875;0.005859375;0.0986328125;0.013671875;0.0;0.10205078125;0.8
