;Epoch;test_accuracy;train-saturation_conv1;train-saturation_layer1-0-conv1;train-saturation_layer1-0-conv2;train-saturation_layer1-0-conv3;train-saturation_layer1-0-shortcut-0;train-saturation_layer1-1-conv1;train-saturation_layer1-1-conv2;train-saturation_layer1-1-conv3;train-saturation_layer1-2-conv1;train-saturation_layer1-2-conv2;train-saturation_layer1-2-conv3;train-saturation_layer2-0-conv1;train-saturation_layer2-0-conv2;train-saturation_layer2-0-conv3;train-saturation_layer2-0-shortcut-0;train-saturation_layer2-1-conv1;train-saturation_layer2-1-conv2;train-saturation_layer2-1-conv3;train-saturation_layer2-2-conv1;train-saturation_layer2-2-conv2;train-saturation_layer2-2-conv3;train-saturation_layer2-3-conv1;train-saturation_layer2-3-conv2;train-saturation_layer2-3-conv3;train-saturation_layer3-0-conv1;train-saturation_layer3-0-conv2;train-saturation_layer3-0-conv3;train-saturation_layer3-0-shortcut-0;train-saturation_layer3-1-conv1;train-saturation_layer3-1-conv2;train-saturation_layer3-1-conv3;train-saturation_layer3-2-conv1;train-saturation_layer3-2-conv2;train-saturation_layer3-2-conv3;train-saturation_layer3-3-conv1;train-saturation_layer3-3-conv2;train-saturation_layer3-3-conv3;train-saturation_layer3-4-conv1;train-saturation_layer3-4-conv2;train-saturation_layer3-4-conv3;train-saturation_layer3-5-conv1;train-saturation_layer3-5-conv2;train-saturation_layer3-5-conv3;train-saturation_layer4-0-conv1;train-saturation_layer4-0-conv2;train-saturation_layer4-0-conv3;train-saturation_layer4-0-shortcut-0;train-saturation_layer4-1-conv1;train-saturation_layer4-1-conv2;train-saturation_layer4-1-conv3;train-saturation_layer4-2-conv1;train-saturation_layer4-2-conv2;train-saturation_layer4-2-conv3;train-saturation_linear;eval-saturation_conv1;eval-saturation_layer1-0-conv1;eval-saturation_layer1-0-conv2;eval-saturation_layer1-0-conv3;eval-saturation_layer1-0-shortcut-0;eval-saturation_layer1-1-conv1;eval-saturation_layer1-1-conv2;eval-saturation_layer1-1-conv3;eval-saturation_layer1-2-conv1;eval-saturation_layer1-2-conv2;eval-saturation_layer1-2-conv3;eval-saturation_layer2-0-conv1;eval-saturation_layer2-0-conv2;eval-saturation_layer2-0-conv3;eval-saturation_layer2-0-shortcut-0;eval-saturation_layer2-1-conv1;eval-saturation_layer2-1-conv2;eval-saturation_layer2-1-conv3;eval-saturation_layer2-2-conv1;eval-saturation_layer2-2-conv2;eval-saturation_layer2-2-conv3;eval-saturation_layer2-3-conv1;eval-saturation_layer2-3-conv2;eval-saturation_layer2-3-conv3;eval-saturation_layer3-0-conv1;eval-saturation_layer3-0-conv2;eval-saturation_layer3-0-conv3;eval-saturation_layer3-0-shortcut-0;eval-saturation_layer3-1-conv1;eval-saturation_layer3-1-conv2;eval-saturation_layer3-1-conv3;eval-saturation_layer3-2-conv1;eval-saturation_layer3-2-conv2;eval-saturation_layer3-2-conv3;eval-saturation_layer3-3-conv1;eval-saturation_layer3-3-conv2;eval-saturation_layer3-3-conv3;eval-saturation_layer3-4-conv1;eval-saturation_layer3-4-conv2;eval-saturation_layer3-4-conv3;eval-saturation_layer3-5-conv1;eval-saturation_layer3-5-conv2;eval-saturation_layer3-5-conv3;eval-saturation_layer4-0-conv1;eval-saturation_layer4-0-conv2;eval-saturation_layer4-0-conv3;eval-saturation_layer4-0-shortcut-0;eval-saturation_layer4-1-conv1;eval-saturation_layer4-1-conv2;eval-saturation_layer4-1-conv3;eval-saturation_layer4-2-conv1;eval-saturation_layer4-2-conv2;eval-saturation_layer4-2-conv3;eval-saturation_linear
0;0;15.82;0.03125;0.015625;0.140625;0.046875;0.00390625;0.125;0.25;0.03515625;0.109375;0.109375;0.01953125;0.0859375;0.1015625;0.009765625;0.017578125;0.03125;0.125;0.015625;0.0390625;0.1015625;0.01171875;0.03125;0.0625;0.0078125;0.0078125;0.015625;0.0029296875;0.0009765625;0.00390625;0.01953125;0.0029296875;0.0;0.01171875;0.001953125;0.0;0.01171875;0.001953125;0.0;0.01171875;0.0009765625;0.0;0.01171875;0.0009765625;0.0;0.0;0.0;0.0;0.0;0.0;0.0;0.0;0.0;0.0;0.1;0.03125;0.015625;0.140625;0.04296875;0.00390625;0.125;0.234375;0.03515625;0.109375;0.109375;0.01953125;0.0859375;0.109375;0.01171875;0.017578125;0.046875;0.1328125;0.017578125;0.0546875;0.125;0.021484375;0.0546875;0.1328125;0.0234375;0.0234375;0.03125;0.0029296875;0.0029296875;0.015625;0.015625;0.0029296875;0.015625;0.01171875;0.001953125;0.015625;0.01171875;0.001953125;0.01171875;0.01171875;0.001953125;0.01171875;0.0078125;0.0029296875;0.005859375;0.001953125;0.00048828125;0.00048828125;0.001953125;0.001953125;0.00048828125;0.001953125;0.001953125;0.00048828125;0.0
1;1;23.6;0.03125;0.03125;0.171875;0.05078125;0.0078125;0.203125;0.296875;0.03515625;0.171875;0.140625;0.0234375;0.1328125;0.171875;0.01953125;0.029296875;0.0859375;0.2109375;0.029296875;0.1015625;0.203125;0.01953125;0.0625;0.078125;0.01171875;0.01953125;0.015625;0.0029296875;0.001953125;0.0078125;0.02734375;0.00390625;0.00390625;0.01953125;0.001953125;0.0;0.01171875;0.001953125;0.0;0.01171875;0.001953125;0.0;0.01171875;0.0009765625;0.0;0.0;0.0;0.0;0.0;0.0;0.0;0.0;0.0;0.0;0.1;0.03125;0.03125;0.15625;0.046875;0.0078125;0.1875;0.296875;0.03515625;0.171875;0.140625;0.0234375;0.140625;0.1796875;0.01953125;0.029296875;0.09375;0.1875;0.025390625;0.1171875;0.1953125;0.025390625;0.0859375;0.15625;0.02734375;0.0390625;0.02734375;0.001953125;0.00390625;0.01171875;0.0234375;0.0029296875;0.01171875;0.0234375;0.00390625;0.01171875;0.01171875;0.0029296875;0.0078125;0.015625;0.00390625;0.0078125;0.015625;0.00390625;0.005859375;0.001953125;0.0;0.0;0.0;0.0;0.00048828125;0.001953125;0.001953125;0.00048828125;0.1
2;2;31.47;0.03125;0.046875;0.1875;0.05078125;0.015625;0.28125;0.421875;0.05078125;0.28125;0.25;0.02734375;0.2109375;0.2421875;0.02734375;0.052734375;0.1328125;0.2265625;0.029296875;0.1328125;0.1953125;0.015625;0.078125;0.078125;0.0078125;0.03125;0.02734375;0.00390625;0.00390625;0.01171875;0.03125;0.00390625;0.0078125;0.015625;0.001953125;0.00390625;0.01171875;0.001953125;0.0;0.01171875;0.001953125;0.0;0.01171875;0.001953125;0.0;0.0;0.0;0.0;0.0;0.001953125;0.0;0.0;0.0;0.0;0.3;0.03125;0.03125;0.171875;0.05078125;0.015625;0.28125;0.4375;0.0625;0.3125;0.296875;0.0390625;0.2578125;0.2734375;0.044921875;0.060546875;0.1953125;0.2421875;0.0390625;0.25;0.2265625;0.0390625;0.2578125;0.2578125;0.02734375;0.1171875;0.02734375;0.0029296875;0.0126953125;0.015625;0.02734375;0.00390625;0.015625;0.02734375;0.0029296875;0.01171875;0.015625;0.0029296875;0.0078125;0.015625;0.00390625;0.01171875;0.015625;0.00390625;0.005859375;0.001953125;0.00048828125;0.00048828125;0.001953125;0.001953125;0.00048828125;0.001953125;0.00390625;0.00048828125;0.2
3;3;42.23;0.03125;0.078125;0.265625;0.05859375;0.02734375;0.296875;0.484375;0.08203125;0.40625;0.4375;0.0546875;0.28125;0.3203125;0.056640625;0.06640625;0.21875;0.2421875;0.033203125;0.265625;0.2578125;0.029296875;0.2265625;0.265625;0.0234375;0.09765625;0.0546875;0.005859375;0.0107421875;0.0234375;0.04296875;0.00390625;0.0234375;0.0234375;0.0029296875;0.01171875;0.01171875;0.001953125;0.00390625;0.01171875;0.001953125;0.00390625;0.01171875;0.001953125;0.001953125;0.0;0.00048828125;0.0;0.0;0.001953125;0.0;0.0;0.0;0.0;0.3;0.03125;0.078125;0.25;0.05859375;0.0234375;0.296875;0.46875;0.08203125;0.40625;0.4375;0.05859375;0.2734375;0.296875;0.056640625;0.060546875;0.203125;0.2421875;0.03515625;0.234375;0.2109375;0.0234375;0.171875;0.21875;0.017578125;0.07421875;0.05078125;0.005859375;0.0087890625;0.0234375;0.04296875;0.00390625;0.0234375;0.02734375;0.00390625;0.015625;0.015625;0.001953125;0.0078125;0.01171875;0.001953125;0.0078125;0.01171875;0.001953125;0.00390625;0.0;0.0009765625;0.0;0.001953125;0.001953125;0.00048828125;0.0;0.0;0.0;0.3
4;4;50.95;0.046875;0.09375;0.359375;0.0625;0.03125;0.34375;0.546875;0.1015625;0.4375;0.5;0.06640625;0.234375;0.328125;0.052734375;0.048828125;0.2109375;0.3125;0.037109375;0.1875;0.234375;0.02734375;0.2109375;0.2265625;0.013671875;0.078125;0.0859375;0.0087890625;0.01171875;0.03125;0.0390625;0.00390625;0.03125;0.02734375;0.00390625;0.02734375;0.01953125;0.00390625;0.015625;0.015625;0.0029296875;0.01171875;0.015625;0.001953125;0.005859375;0.0;0.00146484375;0.0;0.001953125;0.001953125;0.0;0.0;0.0;0.0;0.4;0.03125;0.09375;0.3125;0.05859375;0.03125;0.3125;0.53125;0.09765625;0.40625;0.40625;0.05859375;0.234375;0.3046875;0.05078125;0.044921875;0.1875;0.3125;0.0390625;0.1640625;0.1875;0.025390625;0.1875;0.2109375;0.013671875;0.07421875;0.078125;0.0078125;0.0107421875;0.02734375;0.04296875;0.00390625;0.02734375;0.02734375;0.00390625;0.02734375;0.01953125;0.00390625;0.01953125;0.015625;0.0029296875;0.015625;0.015625;0.0029296875;0.0078125;0.00390625;0.00146484375;0.00048828125;0.005859375;0.00390625;0.00146484375;0.00390625;0.001953125;0.00048828125;0.4
5;5;45.14;0.0625;0.109375;0.359375;0.0625;0.03125;0.3125;0.53125;0.0859375;0.40625;0.484375;0.05078125;0.203125;0.34375;0.048828125;0.044921875;0.1875;0.3125;0.037109375;0.1875;0.2734375;0.03125;0.203125;0.296875;0.017578125;0.078125;0.10546875;0.0087890625;0.0166015625;0.03125;0.03515625;0.00390625;0.02734375;0.03515625;0.00390625;0.02734375;0.0234375;0.00390625;0.0234375;0.015625;0.0029296875;0.01953125;0.015625;0.0029296875;0.009765625;0.00390625;0.00146484375;0.00048828125;0.001953125;0.001953125;0.0;0.0;0.0;0.0;0.5;0.046875;0.109375;0.34375;0.0625;0.03125;0.28125;0.5;0.08203125;0.375;0.375;0.046875;0.1953125;0.328125;0.046875;0.041015625;0.1640625;0.3359375;0.041015625;0.1640625;0.2421875;0.029296875;0.1796875;0.2890625;0.017578125;0.0703125;0.09765625;0.0087890625;0.015625;0.02734375;0.03125;0.00390625;0.02734375;0.03125;0.00390625;0.02734375;0.0234375;0.00390625;0.01953125;0.015625;0.0029296875;0.01953125;0.015625;0.0029296875;0.009765625;0.00390625;0.00146484375;0.00048828125;0.00390625;0.00390625;0.00048828125;0.001953125;0.0;0.0;0.5
6;6;50.49;0.0625;0.125;0.359375;0.0546875;0.03515625;0.265625;0.515625;0.07421875;0.375;0.453125;0.046875;0.1640625;0.3125;0.044921875;0.041015625;0.1484375;0.2578125;0.029296875;0.171875;0.265625;0.02734375;0.1796875;0.25;0.015625;0.07421875;0.109375;0.0107421875;0.017578125;0.03125;0.03515625;0.00390625;0.03515625;0.03515625;0.00390625;0.03515625;0.0234375;0.00390625;0.02734375;0.01953125;0.0029296875;0.02734375;0.015625;0.0029296875;0.013671875;0.0078125;0.001953125;0.0009765625;0.005859375;0.001953125;0.00048828125;0.001953125;0.0;0.0;0.5;0.0625;0.125;0.34375;0.0546875;0.03515625;0.265625;0.5;0.07421875;0.359375;0.453125;0.046875;0.1640625;0.3046875;0.04296875;0.0390625;0.140625;0.28125;0.03125;0.15625;0.265625;0.029296875;0.171875;0.265625;0.017578125;0.0703125;0.09375;0.0087890625;0.0166015625;0.03125;0.0390625;0.0048828125;0.03125;0.03515625;0.00390625;0.03125;0.0234375;0.0029296875;0.0234375;0.015625;0.001953125;0.01953125;0.01171875;0.001953125;0.0078125;0.001953125;0.00146484375;0.0;0.0;0.0;0.0;0.0;0.0;0.0;0.5
7;7;45.65;0.078125;0.125;0.359375;0.05078125;0.03515625;0.234375;0.5;0.0625;0.296875;0.375;0.0390625;0.1484375;0.28125;0.041015625;0.041015625;0.1328125;0.296875;0.037109375;0.1484375;0.2265625;0.02734375;0.171875;0.2421875;0.015625;0.078125;0.1328125;0.01171875;0.0185546875;0.03125;0.0390625;0.00390625;0.0390625;0.03515625;0.0029296875;0.0390625;0.02734375;0.0029296875;0.03515625;0.01953125;0.0029296875;0.03515625;0.01953125;0.0029296875;0.015625;0.009765625;0.00244140625;0.00146484375;0.0078125;0.001953125;0.0;0.00390625;0.0;0.0;0.5;0.078125;0.125;0.328125;0.046875;0.03515625;0.203125;0.453125;0.05859375;0.265625;0.359375;0.03515625;0.140625;0.265625;0.041015625;0.037109375;0.125;0.296875;0.037109375;0.1328125;0.2109375;0.02734375;0.15625;0.2421875;0.015625;0.07421875;0.12109375;0.0107421875;0.017578125;0.03125;0.0390625;0.00390625;0.03515625;0.03515625;0.0029296875;0.03125;0.02734375;0.0029296875;0.02734375;0.015625;0.001953125;0.0234375;0.015625;0.001953125;0.01171875;0.0078125;0.001953125;0.00048828125;0.001953125;0.0;0.0;0.0;0.0;0.0;0.5
8;8;61.09;0.09375;0.140625;0.359375;0.046875;0.0390625;0.21875;0.453125;0.0546875;0.265625;0.328125;0.04296875;0.1484375;0.2734375;0.041015625;0.04296875;0.1328125;0.2578125;0.03125;0.140625;0.25;0.02734375;0.15625;0.203125;0.013671875;0.078125;0.1328125;0.0126953125;0.0185546875;0.03515625;0.03515625;0.00390625;0.03515625;0.03515625;0.0029296875;0.0390625;0.02734375;0.0029296875;0.0390625;0.01953125;0.001953125;0.03515625;0.015625;0.001953125;0.017578125;0.009765625;0.001953125;0.001953125;0.01171875;0.001953125;0.00048828125;0.009765625;0.0;0.0;0.5;0.09375;0.140625;0.328125;0.04296875;0.0390625;0.203125;0.453125;0.0546875;0.25;0.34375;0.04296875;0.140625;0.265625;0.041015625;0.041015625;0.125;0.265625;0.03125;0.1328125;0.25;0.02734375;0.1484375;0.2109375;0.015625;0.07421875;0.125;0.0126953125;0.0185546875;0.03515625;0.03515625;0.00390625;0.03515625;0.03125;0.0029296875;0.03515625;0.0234375;0.001953125;0.03515625;0.01953125;0.001953125;0.03515625;0.015625;0.001953125;0.017578125;0.009765625;0.00244140625;0.001953125;0.009765625;0.001953125;0.0;0.0078125;0.0;0.0;0.6
9;9;58.09;0.109375;0.140625;0.328125;0.046875;0.0390625;0.203125;0.4375;0.0546875;0.234375;0.296875;0.04296875;0.1484375;0.2734375;0.04296875;0.044921875;0.125;0.2578125;0.033203125;0.140625;0.2421875;0.033203125;0.1484375;0.203125;0.015625;0.0859375;0.140625;0.013671875;0.0205078125;0.03125;0.03125;0.00390625;0.0390625;0.02734375;0.001953125;0.03515625;0.0234375;0.001953125;0.0390625;0.01953125;0.001953125;0.03515625;0.015625;0.001953125;0.017578125;0.009765625;0.00244140625;0.00244140625;0.01171875;0.00390625;0.00048828125;0.013671875;0.001953125;0.0;0.6;0.109375;0.140625;0.328125;0.046875;0.0390625;0.1875;0.4375;0.05859375;0.21875;0.28125;0.04296875;0.1484375;0.265625;0.041015625;0.04296875;0.1171875;0.2734375;0.033203125;0.140625;0.25;0.033203125;0.140625;0.203125;0.015625;0.08203125;0.1328125;0.0126953125;0.01953125;0.03125;0.03125;0.0029296875;0.03515625;0.0234375;0.001953125;0.03125;0.0234375;0.001953125;0.03515625;0.01953125;0.001953125;0.03515625;0.015625;0.001953125;0.017578125;0.009765625;0.00244140625;0.0029296875;0.01171875;0.001953125;0.00048828125;0.01171875;0.0;0.0;0.5
10;10;50.48;0.109375;0.140625;0.296875;0.046875;0.04296875;0.1875;0.40625;0.05859375;0.21875;0.265625;0.046875;0.15625;0.2734375;0.044921875;0.046875;0.125;0.2734375;0.037109375;0.140625;0.2265625;0.03125;0.15625;0.1953125;0.015625;0.08984375;0.15234375;0.013671875;0.01953125;0.02734375;0.02734375;0.0029296875;0.03515625;0.01953125;0.001953125;0.03125;0.01953125;0.001953125;0.0390625;0.01953125;0.001953125;0.03515625;0.015625;0.001953125;0.017578125;0.01171875;0.00244140625;0.0029296875;0.013671875;0.005859375;0.0;0.015625;0.001953125;0.0;0.6;0.109375;0.140625;0.28125;0.0390625;0.04296875;0.1875;0.40625;0.05859375;0.21875;0.265625;0.046875;0.1484375;0.265625;0.04296875;0.04296875;0.125;0.28125;0.03515625;0.1328125;0.2109375;0.03125;0.1484375;0.1953125;0.017578125;0.08984375;0.13671875;0.0126953125;0.01953125;0.0234375;0.02734375;0.0029296875;0.03515625;0.0234375;0.001953125;0.03125;0.0234375;0.001953125;0.0390625;0.0234375;0.001953125;0.03125;0.01171875;0.001953125;0.017578125;0.01171875;0.00244140625;0.0029296875;0.013671875;0.005859375;0.0;0.013671875;0.001953125;0.0;0.6
11;11;50.67;0.109375;0.140625;0.296875;0.046875;0.04296875;0.1875;0.375;0.0625;0.234375;0.265625;0.046875;0.1640625;0.296875;0.046875;0.05078125;0.140625;0.28125;0.037109375;0.1484375;0.265625;0.029296875;0.15625;0.1953125;0.017578125;0.09375;0.15234375;0.013671875;0.0205078125;0.03125;0.0234375;0.0029296875;0.03125;0.015625;0.001953125;0.03125;0.015625;0.001953125;0.04296875;0.01953125;0.001953125;0.03125;0.01171875;0.0009765625;0.01953125;0.01171875;0.00244140625;0.0029296875;0.013671875;0.0078125;0.0009765625;0.013671875;0.00390625;0.0;0.6;0.125;0.15625;0.28125;0.04296875;0.04296875;0.1875;0.359375;0.0625;0.234375;0.265625;0.04296875;0.1640625;0.2890625;0.046875;0.048828125;0.1328125;0.2734375;0.03515625;0.1328125;0.2265625;0.02734375;0.15625;0.1953125;0.017578125;0.08984375;0.14453125;0.0126953125;0.01953125;0.03125;0.02734375;0.0029296875;0.02734375;0.01171875;0.001953125;0.03125;0.015625;0.001953125;0.04296875;0.01171875;0.001953125;0.03125;0.01171875;0.0009765625;0.01953125;0.013671875;0.00244140625;0.0029296875;0.013671875;0.00390625;0.00048828125;0.013671875;0.00390625;0.0;0.6
12;12;50.55;0.125;0.15625;0.3125;0.046875;0.04296875;0.1875;0.375;0.0625;0.234375;0.265625;0.046875;0.1640625;0.3046875;0.048828125;0.052734375;0.140625;0.296875;0.0390625;0.15625;0.2734375;0.033203125;0.15625;0.1875;0.017578125;0.1015625;0.16015625;0.0126953125;0.0224609375;0.02734375;0.0234375;0.0029296875;0.03125;0.015625;0.001953125;0.02734375;0.015625;0.0009765625;0.03515625;0.01171875;0.001953125;0.02734375;0.01171875;0.0;0.01953125;0.01171875;0.00244140625;0.0029296875;0.013671875;0.0078125;0.00048828125;0.009765625;0.001953125;0.00048828125;0.6;0.125;0.15625;0.3125;0.046875;0.04296875;0.171875;0.359375;0.0625;0.234375;0.25;0.046875;0.1640625;0.3125;0.046875;0.05078125;0.1328125;0.28125;0.037109375;0.1484375;0.2734375;0.033203125;0.1484375;0.1796875;0.017578125;0.09765625;0.15234375;0.0126953125;0.021484375;0.03125;0.0234375;0.0029296875;0.03125;0.01171875;0.001953125;0.02734375;0.01953125;0.0009765625;0.03515625;0.01171875;0.001953125;0.02734375;0.01171875;0.0;0.01953125;0.01171875;0.001953125;0.0029296875;0.01171875;0.0078125;0.0009765625;0.009765625;0.001953125;0.00048828125;0.6
13;13;67.14;0.125;0.140625;0.296875;0.046875;0.04296875;0.171875;0.359375;0.0625;0.25;0.265625;0.05078125;0.1796875;0.3203125;0.052734375;0.052734375;0.15625;0.3046875;0.041015625;0.171875;0.2890625;0.033203125;0.171875;0.1953125;0.017578125;0.10546875;0.16796875;0.013671875;0.0234375;0.0234375;0.01953125;0.0029296875;0.02734375;0.015625;0.0009765625;0.02734375;0.01171875;0.0009765625;0.03515625;0.015625;0.001953125;0.02734375;0.01171875;0.0;0.017578125;0.01171875;0.00244140625;0.0029296875;0.01171875;0.0078125;0.00048828125;0.009765625;0.001953125;0.00048828125;0.6;0.125;0.140625;0.296875;0.046875;0.04296875;0.171875;0.359375;0.06640625;0.234375;0.25;0.05078125;0.171875;0.3203125;0.05078125;0.05078125;0.1484375;0.3125;0.041015625;0.1640625;0.28125;0.033203125;0.1640625;0.1875;0.017578125;0.1015625;0.15625;0.0126953125;0.0224609375;0.02734375;0.0234375;0.0029296875;0.02734375;0.015625;0.0009765625;0.01953125;0.01171875;0.0009765625;0.03515625;0.015625;0.001953125;0.01953125;0.01171875;0.0;0.017578125;0.01171875;0.00244140625;0.0029296875;0.01171875;0.0078125;0.00048828125;0.009765625;0.001953125;0.00048828125;0.6
14;14;63.1;0.125;0.15625;0.296875;0.04296875;0.04296875;0.171875;0.359375;0.0625;0.25;0.28125;0.05078125;0.1875;0.328125;0.052734375;0.0546875;0.15625;0.328125;0.04296875;0.171875;0.3203125;0.041015625;0.171875;0.2109375;0.017578125;0.10546875;0.171875;0.013671875;0.0234375;0.02734375;0.01953125;0.0029296875;0.0234375;0.015625;0.0009765625;0.02734375;0.01171875;0.0;0.03515625;0.01953125;0.0009765625;0.015625;0.0078125;0.0;0.01953125;0.01171875;0.00244140625;0.0029296875;0.013671875;0.0078125;0.0;0.01171875;0.001953125;0.0;0.6;0.125;0.15625;0.296875;0.04296875;0.04296875;0.171875;0.34375;0.06640625;0.25;0.265625;0.046875;0.1796875;0.3203125;0.05078125;0.052734375;0.1484375;0.3203125;0.04296875;0.1640625;0.3125;0.0390625;0.1640625;0.203125;0.017578125;0.10546875;0.171875;0.0126953125;0.0224609375;0.02734375;0.01953125;0.0029296875;0.0234375;0.01171875;0.0009765625;0.02734375;0.01171875;0.0;0.0390625;0.015625;0.0009765625;0.01953125;0.0078125;0.0;0.01953125;0.01171875;0.00244140625;0.0029296875;0.013671875;0.005859375;0.0;0.01171875;0.001953125;0.0;0.7
15;15;65.71;0.125;0.15625;0.296875;0.046875;0.04296875;0.171875;0.375;0.06640625;0.25;0.265625;0.05078125;0.1875;0.34375;0.056640625;0.05859375;0.1640625;0.3359375;0.046875;0.171875;0.296875;0.037109375;0.1640625;0.2109375;0.021484375;0.109375;0.16796875;0.013671875;0.0224609375;0.02734375;0.01953125;0.0029296875;0.02734375;0.015625;0.0009765625;0.02734375;0.0078125;0.0;0.02734375;0.01171875;0.0009765625;0.01171875;0.00390625;0.0;0.01953125;0.01171875;0.00244140625;0.0029296875;0.013671875;0.0078125;0.00048828125;0.01171875;0.001953125;0.0;0.7;0.140625;0.15625;0.265625;0.04296875;0.046875;0.171875;0.359375;0.06640625;0.25;0.265625;0.05078125;0.1796875;0.3359375;0.0546875;0.0546875;0.15625;0.3359375;0.046875;0.1640625;0.2890625;0.037109375;0.15625;0.1953125;0.01953125;0.10546875;0.16796875;0.0126953125;0.021484375;0.02734375;0.01953125;0.0029296875;0.03125;0.01953125;0.0009765625;0.02734375;0.01171875;0.0;0.02734375;0.01171875;0.0009765625;0.01171875;0.00390625;0.0;0.01953125;0.009765625;0.00244140625;0.0029296875;0.013671875;0.0078125;0.0;0.01171875;0.001953125;0.0;0.7
16;16;64.21;0.125;0.15625;0.296875;0.04296875;0.046875;0.1875;0.359375;0.06640625;0.25;0.28125;0.0546875;0.1953125;0.359375;0.05859375;0.05859375;0.1640625;0.3515625;0.044921875;0.1796875;0.3203125;0.041015625;0.171875;0.2109375;0.01953125;0.11328125;0.17578125;0.0146484375;0.0244140625;0.02734375;0.015625;0.0029296875;0.03125;0.015625;0.0009765625;0.02734375;0.0078125;0.0;0.03515625;0.01171875;0.0;0.01171875;0.0;0.0;0.017578125;0.009765625;0.00244140625;0.0029296875;0.013671875;0.005859375;0.00048828125;0.01171875;0.001953125;0.0;0.6;0.140625;0.15625;0.296875;0.046875;0.046875;0.171875;0.34375;0.0703125;0.25;0.28125;0.0546875;0.1875;0.34375;0.05859375;0.0546875;0.15625;0.359375;0.044921875;0.171875;0.3046875;0.0390625;0.1640625;0.21875;0.01953125;0.109375;0.16796875;0.013671875;0.0234375;0.02734375;0.015625;0.0029296875;0.02734375;0.01171875;0.0009765625;0.0234375;0.01171875;0.0;0.03515625;0.01171875;0.0;0.01171875;0.0;0.0;0.017578125;0.009765625;0.00244140625;0.0029296875;0.01171875;0.0078125;0.00048828125;0.009765625;0.001953125;0.0;0.6
17;17;66.92;0.125;0.15625;0.28125;0.04296875;0.046875;0.1875;0.390625;0.07421875;0.25;0.3125;0.05859375;0.203125;0.375;0.0625;0.05859375;0.171875;0.359375;0.048828125;0.1796875;0.3203125;0.041015625;0.1796875;0.21875;0.01953125;0.1171875;0.18359375;0.013671875;0.025390625;0.02734375;0.01953125;0.0029296875;0.02734375;0.015625;0.0;0.02734375;0.00390625;0.0;0.02734375;0.0078125;0.0;0.0078125;0.0;0.0;0.017578125;0.009765625;0.00244140625;0.0029296875;0.013671875;0.0078125;0.0009765625;0.01171875;0.001953125;0.0;0.7;0.140625;0.15625;0.28125;0.04296875;0.046875;0.171875;0.375;0.07421875;0.25;0.296875;0.05859375;0.1953125;0.3671875;0.0625;0.056640625;0.1640625;0.359375;0.048828125;0.171875;0.3125;0.0390625;0.171875;0.21875;0.021484375;0.11328125;0.1796875;0.013671875;0.0244140625;0.02734375;0.01953125;0.0029296875;0.02734375;0.015625;0.0;0.02734375;0.00390625;0.0;0.02734375;0.0078125;0.0;0.01171875;0.0;0.0;0.017578125;0.009765625;0.001953125;0.0029296875;0.013671875;0.0078125;0.0009765625;0.01171875;0.001953125;0.0;0.7
18;18;64.49;0.125;0.15625;0.28125;0.046875;0.046875;0.203125;0.375;0.06640625;0.265625;0.28125;0.0546875;0.2109375;0.375;0.0625;0.0625;0.1640625;0.359375;0.05078125;0.1796875;0.3203125;0.041015625;0.1796875;0.203125;0.01953125;0.1171875;0.1796875;0.013671875;0.025390625;0.02734375;0.01953125;0.001953125;0.02734375;0.01171875;0.0;0.02734375;0.00390625;0.0;0.02734375;0.0078125;0.0;0.00390625;0.0;0.0;0.01953125;0.01171875;0.00244140625;0.0029296875;0.013671875;0.005859375;0.001953125;0.01171875;0.001953125;0.0;0.6;0.140625;0.15625;0.28125;0.046875;0.046875;0.171875;0.359375;0.0703125;0.25;0.28125;0.0546875;0.203125;0.359375;0.060546875;0.060546875;0.1640625;0.359375;0.05078125;0.171875;0.3046875;0.041015625;0.171875;0.203125;0.01953125;0.11328125;0.16796875;0.0126953125;0.0244140625;0.0234375;0.01953125;0.001953125;0.0234375;0.01171875;0.0;0.0234375;0.00390625;0.0;0.02734375;0.0078125;0.0;0.00390625;0.0;0.0;0.017578125;0.009765625;0.00244140625;0.0029296875;0.013671875;0.005859375;0.00146484375;0.009765625;0.001953125;0.0;0.6
19;19;61.08;0.140625;0.15625;0.28125;0.04296875;0.046875;0.1875;0.375;0.07421875;0.25;0.3125;0.0546875;0.203125;0.375;0.0625;0.0625;0.1640625;0.3515625;0.05078125;0.1875;0.3359375;0.044921875;0.1796875;0.1953125;0.01953125;0.12109375;0.1875;0.013671875;0.0244140625;0.0234375;0.015625;0.0029296875;0.01953125;0.0078125;0.0;0.0234375;0.00390625;0.0;0.0234375;0.00390625;0.0;0.0078125;0.0;0.0;0.01953125;0.009765625;0.00244140625;0.0029296875;0.013671875;0.005859375;0.0009765625;0.01171875;0.001953125;0.0;0.7;0.140625;0.15625;0.296875;0.046875;0.046875;0.171875;0.359375;0.07421875;0.25;0.3125;0.05078125;0.1953125;0.3671875;0.0625;0.05859375;0.15625;0.3515625;0.052734375;0.171875;0.3203125;0.04296875;0.171875;0.1953125;0.01953125;0.11328125;0.171875;0.013671875;0.0234375;0.02734375;0.015625;0.0029296875;0.01953125;0.0078125;0.0;0.0234375;0.00390625;0.0;0.0234375;0.0078125;0.0;0.0078125;0.0;0.0;0.017578125;0.009765625;0.001953125;0.0029296875;0.013671875;0.005859375;0.00146484375;0.009765625;0.001953125;0.0;0.7
20;20;59.38;0.140625;0.15625;0.28125;0.04296875;0.046875;0.203125;0.375;0.078125;0.28125;0.3125;0.05859375;0.2109375;0.3828125;0.064453125;0.064453125;0.171875;0.3671875;0.0546875;0.1875;0.3359375;0.044921875;0.171875;0.203125;0.01953125;0.12109375;0.17578125;0.013671875;0.0244140625;0.02734375;0.01953125;0.001953125;0.0234375;0.0078125;0.0009765625;0.01953125;0.0;0.0;0.02734375;0.00390625;0.0;0.00390625;0.0;0.0;0.017578125;0.009765625;0.001953125;0.0029296875;0.013671875;0.005859375;0.0009765625;0.01171875;0.001953125;0.0;0.7;0.140625;0.15625;0.28125;0.046875;0.046875;0.1875;0.359375;0.078125;0.265625;0.3125;0.05859375;0.203125;0.3828125;0.064453125;0.0625;0.1640625;0.375;0.0546875;0.1796875;0.3359375;0.04296875;0.171875;0.203125;0.017578125;0.1171875;0.17578125;0.013671875;0.0234375;0.02734375;0.015625;0.001953125;0.02734375;0.0078125;0.0009765625;0.01953125;0.0;0.0;0.02734375;0.00390625;0.0;0.00390625;0.0;0.0;0.01953125;0.009765625;0.001953125;0.0029296875;0.013671875;0.005859375;0.00146484375;0.009765625;0.001953125;0.0;0.6
21;21;66.83;0.125;0.15625;0.296875;0.046875;0.046875;0.1875;0.390625;0.07421875;0.265625;0.3125;0.05859375;0.2109375;0.390625;0.064453125;0.064453125;0.1796875;0.375;0.056640625;0.1875;0.3359375;0.046875;0.1796875;0.203125;0.017578125;0.125;0.18359375;0.013671875;0.025390625;0.0234375;0.015625;0.001953125;0.0234375;0.0078125;0.0;0.01953125;0.00390625;0.0;0.0234375;0.00390625;0.0;0.00390625;0.0;0.0;0.01953125;0.009765625;0.001953125;0.0029296875;0.01171875;0.005859375;0.00048828125;0.01171875;0.001953125;0.0;0.7;0.140625;0.171875;0.296875;0.05078125;0.046875;0.1875;0.375;0.078125;0.25;0.296875;0.05859375;0.1953125;0.390625;0.0625;0.060546875;0.1640625;0.3671875;0.0546875;0.1796875;0.3359375;0.046875;0.171875;0.203125;0.017578125;0.12109375;0.1875;0.013671875;0.0244140625;0.02734375;0.01953125;0.0029296875;0.0234375;0.0078125;0.0;0.01953125;0.00390625;0.0;0.02734375;0.00390625;0.0;0.00390625;0.0;0.0;0.01953125;0.01171875;0.001953125;0.0029296875;0.01171875;0.005859375;0.00048828125;0.01171875;0.001953125;0.00048828125;0.7
22;22;60.76;0.140625;0.15625;0.28125;0.046875;0.046875;0.203125;0.390625;0.078125;0.28125;0.328125;0.0546875;0.2109375;0.40625;0.068359375;0.06640625;0.1796875;0.375;0.056640625;0.1953125;0.359375;0.05078125;0.1875;0.1953125;0.021484375;0.12890625;0.17578125;0.0126953125;0.0263671875;0.0234375;0.015625;0.001953125;0.0234375;0.00390625;0.0;0.0234375;0.0;0.0;0.0234375;0.0;0.0;0.0;0.0;0.0;0.01953125;0.01171875;0.001953125;0.0029296875;0.01171875;0.005859375;0.0;0.01171875;0.001953125;0.00048828125;0.7;0.140625;0.15625;0.28125;0.05078125;0.046875;0.1875;0.375;0.078125;0.265625;0.328125;0.0546875;0.203125;0.390625;0.064453125;0.0625;0.171875;0.3828125;0.0546875;0.1796875;0.34375;0.048828125;0.1796875;0.1953125;0.021484375;0.12109375;0.171875;0.0126953125;0.0244140625;0.02734375;0.01953125;0.001953125;0.01953125;0.00390625;0.0;0.01953125;0.0;0.0;0.0234375;0.0;0.0;0.0;0.0;0.0;0.01953125;0.01171875;0.00244140625;0.0029296875;0.01171875;0.005859375;0.0;0.009765625;0.001953125;0.0009765625;0.6
23;23;66.8;0.125;0.15625;0.296875;0.046875;0.046875;0.1875;0.390625;0.07421875;0.28125;0.328125;0.0625;0.21875;0.390625;0.06640625;0.06640625;0.1796875;0.3828125;0.05859375;0.1953125;0.3515625;0.052734375;0.1953125;0.1953125;0.021484375;0.12890625;0.1796875;0.013671875;0.02734375;0.02734375;0.015625;0.001953125;0.0234375;0.00390625;0.0;0.0234375;0.0;0.0;0.0234375;0.00390625;0.0;0.00390625;0.0;0.0;0.01953125;0.009765625;0.001953125;0.0029296875;0.01171875;0.00390625;0.0009765625;0.01171875;0.001953125;0.00146484375;0.7;0.125;0.15625;0.28125;0.046875;0.046875;0.171875;0.375;0.078125;0.265625;0.328125;0.06640625;0.2109375;0.3828125;0.064453125;0.0625;0.171875;0.375;0.056640625;0.1875;0.3515625;0.052734375;0.1796875;0.1953125;0.021484375;0.12109375;0.1640625;0.0126953125;0.0244140625;0.02734375;0.015625;0.001953125;0.01953125;0.0;0.0;0.0234375;0.0;0.0;0.0234375;0.00390625;0.0;0.0;0.0;0.0;0.017578125;0.009765625;0.00244140625;0.0029296875;0.01171875;0.00390625;0.0;0.009765625;0.001953125;0.0009765625;0.7
24;24;66.56;0.125;0.171875;0.28125;0.05078125;0.046875;0.203125;0.390625;0.07421875;0.28125;0.328125;0.0625;0.21875;0.40625;0.068359375;0.068359375;0.1796875;0.390625;0.060546875;0.2109375;0.375;0.048828125;0.1875;0.1953125;0.021484375;0.1328125;0.1796875;0.013671875;0.0263671875;0.02734375;0.015625;0.001953125;0.0234375;0.0;0.0;0.0234375;0.0;0.0;0.0234375;0.0078125;0.0;0.00390625;0.0;0.0;0.01953125;0.009765625;0.001953125;0.0029296875;0.01171875;0.00390625;0.1181640625;0.01171875;0.001953125;0.00146484375;0.7;0.140625;0.171875;0.265625;0.046875;0.046875;0.203125;0.390625;0.078125;0.265625;0.3125;0.0625;0.2109375;0.390625;0.068359375;0.064453125;0.171875;0.3828125;0.05859375;0.203125;0.375;0.05078125;0.1796875;0.203125;0.021484375;0.12890625;0.17578125;0.013671875;0.025390625;0.02734375;0.015625;0.001953125;0.01953125;0.0;0.0;0.01953125;0.0;0.0;0.0234375;0.00390625;0.0;0.0;0.0;0.0;0.01953125;0.0078125;0.001953125;0.0029296875;0.01171875;0.00390625;0.0;0.009765625;0.001953125;0.0009765625;0.7
25;25;67.32;0.125;0.15625;0.296875;0.05078125;0.046875;0.203125;0.390625;0.08203125;0.28125;0.328125;0.06640625;0.2265625;0.4140625;0.0703125;0.068359375;0.1875;0.390625;0.060546875;0.203125;0.3671875;0.05078125;0.1953125;0.1953125;0.021484375;0.13671875;0.18359375;0.013671875;0.02734375;0.01953125;0.01171875;0.001953125;0.0234375;0.0;0.0;0.0234375;0.0;0.0;0.0234375;0.0;0.0;0.00390625;0.0;0.0;0.01953125;0.009765625;0.001953125;0.0029296875;0.01171875;0.00390625;0.11865234375;0.009765625;0.001953125;0.0009765625;0.6;0.140625;0.15625;0.296875;0.0546875;0.046875;0.1875;0.375;0.08203125;0.265625;0.328125;0.0625;0.21875;0.4140625;0.072265625;0.06640625;0.1796875;0.390625;0.060546875;0.1953125;0.3515625;0.048828125;0.1953125;0.1875;0.021484375;0.1328125;0.1796875;0.0126953125;0.0263671875;0.02734375;0.015625;0.001953125;0.015625;0.0;0.0;0.0234375;0.0;0.0;0.0234375;0.0;0.0;0.00390625;0.0;0.0;0.01953125;0.0078125;0.001953125;0.0029296875;0.01171875;0.00390625;0.1337890625;0.009765625;0.001953125;0.00146484375;0.6
26;26;64.63;0.140625;0.171875;0.28125;0.05078125;0.046875;0.203125;0.375;0.08203125;0.296875;0.328125;0.06640625;0.234375;0.421875;0.072265625;0.0703125;0.1875;0.3984375;0.0625;0.2109375;0.375;0.052734375;0.1953125;0.1875;0.017578125;0.13671875;0.17578125;0.013671875;0.02734375;0.02734375;0.015625;0.001953125;0.0234375;0.0;0.0;0.0234375;0.0;0.0;0.0234375;0.0;0.0;0.00390625;0.0;0.0;0.01953125;0.009765625;0.001953125;0.00341796875;0.013671875;0.00390625;0.1171875;0.009765625;0.001953125;0.0;0.7;0.140625;0.171875;0.28125;0.05078125;0.046875;0.1875;0.359375;0.08203125;0.28125;0.328125;0.06640625;0.2265625;0.4140625;0.0703125;0.068359375;0.1796875;0.390625;0.064453125;0.203125;0.3671875;0.052734375;0.1796875;0.1796875;0.015625;0.12890625;0.1796875;0.013671875;0.0244140625;0.02734375;0.015625;0.001953125;0.0234375;0.0;0.0;0.0234375;0.0;0.0;0.0234375;0.0078125;0.0;0.00390625;0.0;0.0;0.01953125;0.009765625;0.001953125;0.0029296875;0.01171875;0.00390625;0.13037109375;0.0078125;0.001953125;0.13916015625;0.7
27;27;65.95;0.125;0.171875;0.296875;0.05078125;0.046875;0.203125;0.375;0.078125;0.28125;0.34375;0.06640625;0.234375;0.421875;0.072265625;0.072265625;0.1875;0.40625;0.064453125;0.203125;0.359375;0.048828125;0.1953125;0.1875;0.017578125;0.13671875;0.17578125;0.013671875;0.02734375;0.0234375;0.01171875;0.001953125;0.0234375;0.0;0.0;0.01953125;0.0;0.0;0.0234375;0.0;0.0;0.00390625;0.0;0.0;0.017578125;0.009765625;0.001953125;0.0029296875;0.013671875;0.00390625;0.11181640625;0.009765625;0.001953125;0.11865234375;0.7;0.140625;0.171875;0.28125;0.05078125;0.046875;0.1875;0.359375;0.08203125;0.28125;0.34375;0.06640625;0.2265625;0.421875;0.0703125;0.06640625;0.1796875;0.3984375;0.064453125;0.1953125;0.359375;0.048828125;0.1875;0.1875;0.017578125;0.1328125;0.17578125;0.0126953125;0.0263671875;0.02734375;0.015625;0.001953125;0.0234375;0.0;0.0;0.01953125;0.0;0.0;0.0234375;0.0;0.0;0.0;0.0;0.0;0.017578125;0.0078125;0.001953125;0.0029296875;0.01171875;0.00390625;0.13232421875;0.009765625;0.001953125;0.13720703125;0.6
28;28;65.47;0.125;0.171875;0.28125;0.05078125;0.046875;0.203125;0.390625;0.08203125;0.296875;0.359375;0.06640625;0.2421875;0.4296875;0.07421875;0.072265625;0.1875;0.4296875;0.0703125;0.21875;0.3828125;0.05078125;0.203125;0.1796875;0.01953125;0.13671875;0.171875;0.013671875;0.02734375;0.0234375;0.01171875;0.001953125;0.01953125;0.0;0.0;0.0234375;0.0;0.0;0.0234375;0.0;0.0;0.0;0.0;0.0;0.01953125;0.009765625;0.00244140625;0.0029296875;0.01171875;0.00390625;0.10693359375;0.01171875;0.001953125;0.1201171875;0.7;0.140625;0.171875;0.28125;0.046875;0.046875;0.203125;0.375;0.08203125;0.296875;0.359375;0.06640625;0.234375;0.4296875;0.0703125;0.0703125;0.1875;0.421875;0.068359375;0.2109375;0.3828125;0.05078125;0.1953125;0.1875;0.01953125;0.13671875;0.17578125;0.013671875;0.02734375;0.02734375;0.01171875;0.001953125;0.015625;0.0;0.0;0.01953125;0.0;0.0;0.0234375;0.0;0.0;0.00390625;0.0;0.0;0.01953125;0.009765625;0.001953125;0.00341796875;0.01171875;0.00390625;0.130859375;0.009765625;0.001953125;0.1416015625;0.7
29;29;63.39;0.140625;0.15625;0.296875;0.05078125;0.046875;0.21875;0.375;0.08203125;0.296875;0.34375;0.06640625;0.2421875;0.421875;0.07421875;0.072265625;0.1875;0.40625;0.068359375;0.21875;0.3671875;0.052734375;0.203125;0.1796875;0.017578125;0.140625;0.18359375;0.013671875;0.0283203125;0.01953125;0.01171875;0.001953125;0.0234375;0.0;0.0;0.0234375;0.0;0.0;0.0234375;0.0;0.0;0.00390625;0.0;0.0;0.01953125;0.009765625;0.001953125;0.0029296875;0.013671875;0.00390625;0.11376953125;0.01171875;0.001953125;0.1240234375;0.7;0.140625;0.171875;0.28125;0.05078125;0.046875;0.203125;0.359375;0.08203125;0.28125;0.34375;0.06640625;0.2265625;0.40625;0.072265625;0.068359375;0.1796875;0.390625;0.064453125;0.203125;0.359375;0.05078125;0.1953125;0.1796875;0.017578125;0.1328125;0.171875;0.0126953125;0.0244140625;0.0234375;0.01171875;0.001953125;0.015625;0.0;0.0;0.01953125;0.0;0.0;0.0234375;0.0;0.0;0.00390625;0.0;0.0;0.01953125;0.0078125;0.001953125;0.0029296875;0.01171875;0.00390625;0.126953125;0.009765625;0.001953125;0.0;0.6
30;30;61.71;0.140625;0.15625;0.296875;0.05078125;0.046875;0.21875;0.40625;0.0859375;0.296875;0.359375;0.0703125;0.25;0.4375;0.07421875;0.076171875;0.1953125;0.4140625;0.064453125;0.21875;0.3828125;0.052734375;0.203125;0.1953125;0.017578125;0.140625;0.18359375;0.0126953125;0.0283203125;0.01953125;0.01171875;0.001953125;0.0234375;0.0;0.0;0.01953125;0.0;0.0;0.0234375;0.0;0.0;0.00390625;0.0;0.0;0.01953125;0.01171875;0.00244140625;0.00341796875;0.01171875;0.001953125;0.1171875;0.01171875;0.001953125;0.1201171875;0.7;0.140625;0.15625;0.296875;0.0546875;0.05078125;0.203125;0.390625;0.08984375;0.296875;0.34375;0.0703125;0.234375;0.421875;0.072265625;0.072265625;0.1875;0.40625;0.06640625;0.2109375;0.3671875;0.05078125;0.1953125;0.1953125;0.017578125;0.13671875;0.17578125;0.0126953125;0.02734375;0.015625;0.01171875;0.001953125;0.015625;0.0;0.0;0.01953125;0.0;0.0;0.01953125;0.0;0.0;0.00390625;0.0;0.0;0.021484375;0.01171875;0.001953125;0.0029296875;0.01171875;0.00390625;0.12646484375;0.009765625;0.001953125;0.13671875;0.7
31;31;70.23;0.140625;0.171875;0.3125;0.05078125;0.05078125;0.203125;0.390625;0.0859375;0.3125;0.34375;0.0703125;0.2421875;0.4296875;0.076171875;0.076171875;0.1953125;0.421875;0.068359375;0.21875;0.375;0.0546875;0.1953125;0.1796875;0.017578125;0.140625;0.1796875;0.013671875;0.0283203125;0.0234375;0.01171875;0.0009765625;0.03125;0.0;0.0;0.01953125;0.0;0.0;0.01953125;0.0;0.0;0.00390625;0.0;0.0;0.01953125;0.009765625;0.001953125;0.00341796875;0.01171875;0.00390625;0.1201171875;0.01171875;0.001953125;0.11572265625;0.7;0.140625;0.171875;0.3125;0.0546875;0.05078125;0.1875;0.390625;0.08984375;0.296875;0.34375;0.0703125;0.234375;0.421875;0.07421875;0.07421875;0.1875;0.4140625;0.0703125;0.2109375;0.359375;0.0546875;0.1953125;0.1875;0.017578125;0.13671875;0.1796875;0.013671875;0.0263671875;0.0234375;0.01171875;0.001953125;0.02734375;0.0;0.0;0.01953125;0.0;0.0;0.01953125;0.0;0.0;0.00390625;0.0;0.0;0.01953125;0.009765625;0.001953125;0.00341796875;0.01171875;0.00390625;0.1337890625;0.009765625;0.001953125;0.1416015625;0.7
32;32;71.43;0.140625;0.171875;0.296875;0.0546875;0.05078125;0.234375;0.40625;0.0859375;0.3125;0.359375;0.07421875;0.25;0.4375;0.076171875;0.076171875;0.1953125;0.4296875;0.072265625;0.21875;0.3828125;0.052734375;0.1953125;0.1875;0.017578125;0.140625;0.18359375;0.0126953125;0.029296875;0.0234375;0.01171875;0.001953125;0.01953125;0.0;0.0;0.01953125;0.0;0.0;0.01953125;0.0;0.0;0.00390625;0.0;0.0;0.01953125;0.009765625;0.00244140625;0.00341796875;0.01171875;0.001953125;0.11279296875;0.01171875;0.001953125;0.1181640625;0.7;0.140625;0.171875;0.28125;0.05859375;0.05078125;0.203125;0.375;0.0859375;0.296875;0.359375;0.07421875;0.234375;0.4296875;0.07421875;0.0703125;0.1875;0.40625;0.0703125;0.2109375;0.3671875;0.052734375;0.1953125;0.1875;0.017578125;0.13671875;0.18359375;0.0126953125;0.02734375;0.0234375;0.01171875;0.001953125;0.015625;0.0;0.0;0.015625;0.0;0.0;0.01953125;0.0;0.0;0.00390625;0.0;0.0;0.017578125;0.009765625;0.00244140625;0.0029296875;0.01171875;0.001953125;0.12841796875;0.009765625;0.001953125;0.14453125;0.7
33;33;68.45;0.140625;0.171875;0.296875;0.0546875;0.046875;0.21875;0.40625;0.08203125;0.3125;0.359375;0.07421875;0.2421875;0.4453125;0.076171875;0.076171875;0.1953125;0.4296875;0.072265625;0.21875;0.390625;0.05859375;0.203125;0.1875;0.01953125;0.140625;0.16796875;0.0126953125;0.02734375;0.01953125;0.0078125;0.0009765625;0.01953125;0.0;0.0;0.01953125;0.0;0.0;0.01953125;0.0;0.0;0.00390625;0.0;0.0;0.01953125;0.009765625;0.001953125;0.00341796875;0.01171875;0.001953125;0.11669921875;0.01171875;0.001953125;0.1171875;0.7;0.140625;0.171875;0.296875;0.0546875;0.05078125;0.203125;0.390625;0.08984375;0.296875;0.359375;0.078125;0.234375;0.4375;0.07421875;0.07421875;0.1875;0.4140625;0.0703125;0.2109375;0.3828125;0.05859375;0.203125;0.1875;0.01953125;0.13671875;0.1640625;0.01171875;0.0263671875;0.0234375;0.0078125;0.0009765625;0.01171875;0.0;0.0;0.01953125;0.0;0.0;0.015625;0.0;0.0;0.00390625;0.0;0.0;0.01953125;0.0078125;0.001953125;0.0029296875;0.01171875;0.00390625;0.1298828125;0.0078125;0.001953125;0.146484375;0.6
34;34;72.92;0.140625;0.171875;0.3125;0.05078125;0.05078125;0.21875;0.421875;0.0859375;0.3125;0.359375;0.0703125;0.25;0.4375;0.076171875;0.078125;0.1953125;0.4375;0.076171875;0.21875;0.390625;0.056640625;0.203125;0.1875;0.017578125;0.14453125;0.17578125;0.013671875;0.029296875;0.01953125;0.01171875;0.0009765625;0.01953125;0.0;0.0;0.01953125;0.0;0.0;0.01953125;0.0;0.0;0.00390625;0.0;0.0;0.01953125;0.009765625;0.00244140625;0.00341796875;0.013671875;0.001953125;0.11474609375;0.01171875;0.001953125;0.1240234375;0.7;0.140625;0.171875;0.296875;0.046875;0.05078125;0.203125;0.40625;0.0859375;0.296875;0.359375;0.07421875;0.2421875;0.4375;0.076171875;0.07421875;0.1875;0.421875;0.07421875;0.2109375;0.3828125;0.056640625;0.203125;0.1875;0.017578125;0.140625;0.171875;0.013671875;0.02734375;0.01953125;0.01171875;0.0009765625;0.01953125;0.0;0.0;0.01953125;0.0;0.0;0.01953125;0.0;0.0;0.0;0.0;0.0;0.01953125;0.009765625;0.001953125;0.00341796875;0.01171875;0.001953125;0.13037109375;0.009765625;0.001953125;0.1416015625;0.7
35;35;70.13;0.140625;0.15625;0.296875;0.0546875;0.05078125;0.234375;0.421875;0.0859375;0.328125;0.359375;0.07421875;0.25;0.4453125;0.080078125;0.080078125;0.203125;0.4453125;0.076171875;0.234375;0.3984375;0.05859375;0.203125;0.1875;0.01953125;0.14453125;0.1875;0.0126953125;0.029296875;0.01953125;0.0078125;0.0009765625;0.01953125;0.0;0.0;0.0234375;0.0;0.0;0.01953125;0.0;0.0;0.00390625;0.0;0.0;0.01953125;0.0078125;0.001953125;0.00341796875;0.01171875;0.001953125;0.11328125;0.01171875;0.001953125;0.12353515625;0.7;0.140625;0.171875;0.28125;0.0546875;0.05078125;0.203125;0.390625;0.0859375;0.328125;0.359375;0.078125;0.25;0.4375;0.078125;0.078125;0.1953125;0.4296875;0.07421875;0.2265625;0.3828125;0.05859375;0.203125;0.1875;0.01953125;0.14453125;0.1796875;0.0126953125;0.0283203125;0.0234375;0.0078125;0.0009765625;0.01953125;0.0;0.0;0.0234375;0.0;0.0;0.01953125;0.0;0.0;0.00390625;0.0;0.0;0.01953125;0.0078125;0.001953125;0.00341796875;0.01171875;0.001953125;0.13232421875;0.009765625;0.001953125;0.138671875;0.7
36;36;71.38;0.140625;0.171875;0.3125;0.0546875;0.05078125;0.234375;0.40625;0.0859375;0.3125;0.359375;0.07421875;0.2578125;0.4453125;0.080078125;0.078125;0.1953125;0.4375;0.076171875;0.2265625;0.3984375;0.05859375;0.2109375;0.1875;0.015625;0.15234375;0.1796875;0.013671875;0.029296875;0.01953125;0.0078125;0.0009765625;0.0234375;0.0;0.0;0.0234375;0.0;0.0;0.01953125;0.0;0.0;0.0;0.0;0.0;0.01953125;0.009765625;0.001953125;0.00341796875;0.01171875;0.001953125;0.1162109375;0.01171875;0.001953125;0.13134765625;0.7;0.140625;0.171875;0.296875;0.0546875;0.05078125;0.203125;0.40625;0.0859375;0.3125;0.359375;0.07421875;0.2421875;0.4453125;0.080078125;0.076171875;0.1953125;0.4375;0.07421875;0.2265625;0.390625;0.056640625;0.203125;0.1875;0.015625;0.14453125;0.1796875;0.013671875;0.0283203125;0.0234375;0.0078125;0.0009765625;0.0234375;0.0;0.0;0.02734375;0.0;0.0;0.0234375;0.0;0.0;0.0;0.0;0.0;0.017578125;0.009765625;0.001953125;0.00341796875;0.01171875;0.001953125;0.13427734375;0.01171875;0.001953125;0.14013671875;0.7
37;37;68.17;0.140625;0.171875;0.296875;0.0546875;0.05078125;0.234375;0.421875;0.0859375;0.3125;0.375;0.07421875;0.265625;0.453125;0.08203125;0.080078125;0.203125;0.4453125;0.078125;0.234375;0.3828125;0.0546875;0.21875;0.1796875;0.021484375;0.15234375;0.1875;0.013671875;0.03125;0.01953125;0.01171875;0.0009765625;0.01953125;0.0;0.0;0.0234375;0.0;0.0;0.01953125;0.0;0.0;0.0;0.0;0.0;0.01953125;0.009765625;0.00244140625;0.00341796875;0.01171875;0.001953125;0.10986328125;0.01171875;0.001953125;0.1162109375;0.7;0.140625;0.171875;0.296875;0.0546875;0.05078125;0.203125;0.40625;0.08984375;0.3125;0.359375;0.07421875;0.2578125;0.453125;0.080078125;0.078125;0.203125;0.4375;0.076171875;0.2265625;0.375;0.0546875;0.21875;0.171875;0.01953125;0.1484375;0.1796875;0.0126953125;0.0283203125;0.01953125;0.01171875;0.0009765625;0.015625;0.0;0.0;0.01953125;0.0;0.0;0.01953125;0.0;0.0;0.0;0.0;0.0;0.01953125;0.0078125;0.001953125;0.0029296875;0.01171875;0.001953125;0.1376953125;0.009765625;0.001953125;0.1357421875;0.7
38;38;71.16;0.140625;0.171875;0.3125;0.05078125;0.046875;0.21875;0.421875;0.0859375;0.328125;0.375;0.07421875;0.2578125;0.453125;0.080078125;0.080078125;0.203125;0.453125;0.080078125;0.2421875;0.3984375;0.060546875;0.2109375;0.1796875;0.01953125;0.15234375;0.1875;0.013671875;0.029296875;0.01953125;0.01171875;0.0009765625;0.01953125;0.0;0.0;0.0234375;0.0;0.0;0.0234375;0.0;0.0;0.00390625;0.0;0.0;0.01953125;0.009765625;0.001953125;0.00341796875;0.013671875;0.001953125;0.107421875;0.01171875;0.001953125;0.12158203125;0.7;0.140625;0.171875;0.3125;0.05078125;0.05078125;0.203125;0.40625;0.08984375;0.3125;0.375;0.078125;0.25;0.4453125;0.078125;0.076171875;0.1953125;0.4453125;0.078125;0.234375;0.390625;0.060546875;0.203125;0.1640625;0.01953125;0.14453125;0.1796875;0.013671875;0.0283203125;0.015625;0.01171875;0.0009765625;0.01953125;0.0;0.0;0.0234375;0.0;0.0;0.0234375;0.0;0.0;0.00390625;0.0;0.0;0.01953125;0.009765625;0.001953125;0.00341796875;0.01171875;0.001953125;0.1318359375;0.01171875;0.001953125;0.1328125;0.7
39;39;65.64;0.140625;0.171875;0.3125;0.0546875;0.05078125;0.234375;0.40625;0.08984375;0.3125;0.359375;0.07421875;0.265625;0.453125;0.08203125;0.08203125;0.203125;0.4609375;0.080078125;0.2421875;0.3984375;0.05859375;0.2109375;0.1796875;0.017578125;0.15234375;0.18359375;0.013671875;0.029296875;0.01953125;0.0078125;0.0009765625;0.01953125;0.0;0.0;0.01953125;0.0;0.0;0.0234375;0.0;0.0;0.00390625;0.0;0.0;0.01953125;0.0078125;0.001953125;0.00341796875;0.01171875;0.001953125;0.11669921875;0.009765625;0.001953125;0.1220703125;0.7;0.140625;0.171875;0.296875;0.0546875;0.05078125;0.203125;0.40625;0.08984375;0.296875;0.359375;0.07421875;0.25;0.4453125;0.080078125;0.076171875;0.1953125;0.453125;0.080078125;0.234375;0.3984375;0.05859375;0.2109375;0.1796875;0.015625;0.1484375;0.18359375;0.0126953125;0.029296875;0.01953125;0.01171875;0.0009765625;0.01953125;0.0;0.0;0.015625;0.0;0.0;0.0234375;0.0;0.0;0.0;0.0;0.0;0.01953125;0.009765625;0.001953125;0.0029296875;0.01171875;0.001953125;0.13525390625;0.009765625;0.001953125;0.14111328125;0.7
40;40;67.75;0.140625;0.171875;0.3125;0.0546875;0.05078125;0.234375;0.421875;0.08984375;0.328125;0.375;0.078125;0.265625;0.453125;0.08203125;0.08203125;0.203125;0.4609375;0.08203125;0.2421875;0.4140625;0.060546875;0.2265625;0.1796875;0.021484375;0.15625;0.18359375;0.0126953125;0.03125;0.01953125;0.01171875;0.0009765625;0.01953125;0.0;0.0;0.01953125;0.0;0.0;0.01953125;0.0;0.0;0.0;0.0;0.0;0.01953125;0.009765625;0.001953125;0.00341796875;0.013671875;0.001953125;0.11572265625;0.01171875;0.001953125;0.11767578125;0.7;0.140625;0.171875;0.296875;0.0546875;0.05078125;0.203125;0.40625;0.09375;0.3125;0.359375;0.078125;0.25;0.4375;0.08203125;0.078125;0.1953125;0.453125;0.08203125;0.234375;0.40625;0.0625;0.21875;0.1796875;0.021484375;0.15234375;0.17578125;0.01171875;0.029296875;0.01953125;0.01171875;0.0009765625;0.01171875;0.0;0.0;0.01953125;0.0;0.0;0.015625;0.0;0.0;0.0;0.0;0.0;0.017578125;0.009765625;0.001953125;0.0029296875;0.01171875;0.001953125;0.12890625;0.009765625;0.001953125;0.13916015625;0.7
41;41;68.67;0.140625;0.171875;0.3125;0.0546875;0.05078125;0.234375;0.40625;0.08984375;0.328125;0.375;0.07421875;0.265625;0.46875;0.08203125;0.08203125;0.203125;0.4609375;0.08203125;0.2421875;0.40625;0.064453125;0.2265625;0.1796875;0.021484375;0.16015625;0.18359375;0.013671875;0.0302734375;0.01953125;0.0078125;0.0009765625;0.01953125;0.0;0.0;0.01953125;0.0;0.0;0.0234375;0.0;0.0;0.0;0.0;0.0;0.01953125;0.0078125;0.001953125;0.00341796875;0.01171875;0.001953125;0.11669921875;0.01171875;0.001953125;0.1201171875;0.7;0.140625;0.171875;0.296875;0.0546875;0.0546875;0.21875;0.390625;0.08984375;0.3125;0.375;0.07421875;0.2578125;0.4609375;0.08203125;0.080078125;0.1953125;0.4453125;0.08203125;0.234375;0.40625;0.06640625;0.21875;0.1796875;0.021484375;0.15234375;0.18359375;0.0126953125;0.0302734375;0.0234375;0.0078125;0.0009765625;0.01953125;0.0;0.0;0.01953125;0.0;0.0;0.01953125;0.0;0.0;0.0;0.0;0.0;0.017578125;0.0078125;0.001953125;0.00341796875;0.01171875;0.00390625;0.13134765625;0.009765625;0.001953125;0.142578125;0.7
42;42;68.35;0.140625;0.171875;0.328125;0.0546875;0.05078125;0.25;0.421875;0.0859375;0.34375;0.375;0.07421875;0.265625;0.4609375;0.083984375;0.0859375;0.21875;0.46875;0.083984375;0.25;0.40625;0.064453125;0.234375;0.1875;0.017578125;0.1640625;0.19140625;0.013671875;0.0322265625;0.01953125;0.01171875;0.0009765625;0.0234375;0.0;0.0;0.0234375;0.0;0.0;0.01953125;0.0;0.0;0.0;0.0;0.0;0.01953125;0.0078125;0.001953125;0.00341796875;0.013671875;0.001953125;0.11376953125;0.01171875;0.001953125;0.12109375;0.7;0.140625;0.171875;0.3125;0.0546875;0.05078125;0.234375;0.40625;0.08984375;0.328125;0.375;0.078125;0.2578125;0.4453125;0.08203125;0.08203125;0.2109375;0.453125;0.083984375;0.2421875;0.390625;0.0625;0.2265625;0.1875;0.017578125;0.15625;0.18359375;0.0126953125;0.0302734375;0.0234375;0.01171875;0.0009765625;0.0234375;0.0;0.0;0.01953125;0.0;0.0;0.01953125;0.0;0.0;0.0;0.0;0.0;0.01953125;0.0078125;0.001953125;0.00341796875;0.01171875;0.001953125;0.12744140625;0.01171875;0.001953125;0.14501953125;0.7
43;43;72.67;0.140625;0.171875;0.3125;0.0546875;0.05078125;0.25;0.4375;0.08984375;0.34375;0.390625;0.07421875;0.2734375;0.46875;0.08203125;0.0859375;0.2109375;0.4609375;0.0859375;0.25;0.4140625;0.0625;0.2265625;0.171875;0.01953125;0.16015625;0.1796875;0.013671875;0.0302734375;0.01953125;0.0078125;0.0009765625;0.0234375;0.0;0.0;0.0234375;0.0;0.0;0.0234375;0.0;0.0;0.0;0.0;0.0;0.01953125;0.0078125;0.001953125;0.0029296875;0.01171875;0.00390625;0.11572265625;0.01171875;0.001953125;0.12646484375;0.7;0.140625;0.171875;0.296875;0.0546875;0.0546875;0.234375;0.421875;0.09375;0.328125;0.390625;0.078125;0.265625;0.46875;0.08203125;0.083984375;0.2109375;0.453125;0.087890625;0.2421875;0.4140625;0.0625;0.2265625;0.1796875;0.01953125;0.16015625;0.18359375;0.013671875;0.0302734375;0.01953125;0.0078125;0.0009765625;0.01953125;0.0;0.0;0.0234375;0.0;0.0;0.01953125;0.0;0.0;0.0;0.0;0.0;0.017578125;0.0078125;0.001953125;0.00341796875;0.01171875;0.001953125;0.12890625;0.009765625;0.001953125;0.14306640625;0.7
44;44;70.2;0.140625;0.171875;0.3125;0.0546875;0.05078125;0.25;0.421875;0.08984375;0.34375;0.390625;0.07421875;0.28125;0.46875;0.0859375;0.087890625;0.2109375;0.4609375;0.083984375;0.25;0.4140625;0.06640625;0.2265625;0.171875;0.017578125;0.16015625;0.18359375;0.013671875;0.03125;0.015625;0.0078125;0.0009765625;0.0234375;0.0;0.0;0.0234375;0.0;0.0;0.01953125;0.0;0.0;0.0;0.0;0.0;0.01953125;0.0078125;0.001953125;0.00341796875;0.013671875;0.005859375;0.1103515625;0.01171875;0.001953125;0.11669921875;0.7;0.140625;0.171875;0.3125;0.0546875;0.0546875;0.21875;0.421875;0.09375;0.328125;0.375;0.078125;0.2734375;0.4609375;0.0859375;0.083984375;0.2109375;0.453125;0.08203125;0.2421875;0.40625;0.064453125;0.21875;0.1640625;0.017578125;0.15625;0.1875;0.0126953125;0.0302734375;0.015625;0.0078125;0.0009765625;0.0234375;0.0;0.0;0.01953125;0.0;0.0;0.01953125;0.0;0.0;0.0;0.0;0.0;0.01953125;0.0078125;0.001953125;0.00341796875;0.01171875;0.00390625;0.130859375;0.009765625;0.001953125;0.1357421875;0.7
45;45;72.69;0.140625;0.171875;0.3125;0.0546875;0.0546875;0.25;0.453125;0.08984375;0.359375;0.390625;0.078125;0.28125;0.4765625;0.0859375;0.08984375;0.21875;0.46875;0.083984375;0.25;0.40625;0.0625;0.234375;0.171875;0.021484375;0.171875;0.1953125;0.013671875;0.0322265625;0.01953125;0.0078125;0.0009765625;0.01953125;0.0;0.0;0.01953125;0.0;0.0;0.01953125;0.0;0.0;0.0;0.0;0.0;0.01953125;0.0078125;0.001953125;0.00341796875;0.013671875;0.001953125;0.1083984375;0.01171875;0.001953125;0.11474609375;0.7;0.140625;0.171875;0.3125;0.0546875;0.0546875;0.21875;0.4375;0.09375;0.34375;0.375;0.078125;0.265625;0.46875;0.083984375;0.0859375;0.2109375;0.4609375;0.08203125;0.2421875;0.40625;0.0625;0.2265625;0.171875;0.01953125;0.1640625;0.19140625;0.013671875;0.0302734375;0.0234375;0.0078125;0.0009765625;0.015625;0.0;0.0;0.01953125;0.0;0.0;0.015625;0.0;0.0;0.0;0.0;0.0;0.01953125;0.0078125;0.001953125;0.00341796875;0.01171875;0.00390625;0.13427734375;0.009765625;0.001953125;0.146484375;0.7
46;46;67.53;0.140625;0.171875;0.328125;0.05859375;0.0546875;0.25;0.453125;0.09375;0.359375;0.40625;0.078125;0.2734375;0.4765625;0.0859375;0.08984375;0.21875;0.484375;0.087890625;0.2578125;0.421875;0.0625;0.2265625;0.171875;0.017578125;0.16796875;0.1875;0.013671875;0.033203125;0.015625;0.0078125;0.0009765625;0.0234375;0.0;0.0;0.0234375;0.0;0.0;0.01953125;0.0;0.0;0.0;0.0;0.0;0.01953125;0.0078125;0.001953125;0.00341796875;0.013671875;0.00390625;0.11474609375;0.01171875;0.001953125;0.12353515625;0.7;0.140625;0.171875;0.3125;0.05859375;0.0546875;0.21875;0.4375;0.09765625;0.34375;0.390625;0.08203125;0.265625;0.4765625;0.083984375;0.0859375;0.2109375;0.4765625;0.087890625;0.25;0.421875;0.0625;0.2265625;0.171875;0.017578125;0.16015625;0.18359375;0.0126953125;0.0302734375;0.0234375;0.0078125;0.0009765625;0.01953125;0.0;0.0;0.0234375;0.0;0.0;0.015625;0.0;0.0;0.0;0.0;0.0;0.017578125;0.0078125;0.001953125;0.00341796875;0.01171875;0.00390625;0.12939453125;0.009765625;0.001953125;0.1416015625;0.7
47;47;73.61;0.140625;0.15625;0.328125;0.05859375;0.05078125;0.25;0.453125;0.08984375;0.34375;0.390625;0.08203125;0.28125;0.484375;0.087890625;0.08984375;0.2265625;0.484375;0.0859375;0.2578125;0.421875;0.060546875;0.2265625;0.171875;0.01953125;0.1640625;0.19140625;0.013671875;0.0322265625;0.015625;0.0078125;0.0009765625;0.0234375;0.0;0.0;0.0234375;0.0;0.0;0.015625;0.0;0.0;0.0;0.0;0.0;0.01953125;0.0078125;0.001953125;0.00341796875;0.013671875;0.00390625;0.1103515625;0.01171875;0.001953125;0.11669921875;0.7;0.140625;0.171875;0.3125;0.05859375;0.0546875;0.21875;0.4375;0.09375;0.328125;0.375;0.0859375;0.2734375;0.4765625;0.087890625;0.087890625;0.2265625;0.4765625;0.083984375;0.2578125;0.421875;0.060546875;0.2265625;0.171875;0.01953125;0.1640625;0.1953125;0.0126953125;0.0322265625;0.01953125;0.0078125;0.0009765625;0.01953125;0.0;0.0;0.01953125;0.0;0.0;0.015625;0.0;0.0;0.0;0.0;0.0;0.017578125;0.0078125;0.001953125;0.0029296875;0.01171875;0.00390625;0.12841796875;0.009765625;0.001953125;0.13818359375;0.7
48;48;71.58;0.140625;0.1875;0.328125;0.05859375;0.0546875;0.25;0.4375;0.08984375;0.34375;0.390625;0.08203125;0.2890625;0.484375;0.087890625;0.091796875;0.2265625;0.484375;0.087890625;0.265625;0.4140625;0.0625;0.2265625;0.1796875;0.021484375;0.171875;0.1953125;0.013671875;0.0341796875;0.015625;0.0078125;0.0009765625;0.0234375;0.0;0.0;0.0234375;0.0;0.0;0.015625;0.0;0.0;0.0;0.0;0.0;0.01953125;0.0078125;0.001953125;0.00341796875;0.013671875;0.00390625;0.11083984375;0.01171875;0.001953125;0.12451171875;0.7;0.15625;0.1875;0.3125;0.05859375;0.0546875;0.234375;0.421875;0.09375;0.34375;0.390625;0.08203125;0.28125;0.46875;0.087890625;0.08984375;0.21875;0.46875;0.0859375;0.265625;0.421875;0.064453125;0.2265625;0.171875;0.021484375;0.16796875;0.1875;0.013671875;0.03125;0.015625;0.0078125;0.0009765625;0.0234375;0.0;0.0;0.01953125;0.0;0.0;0.015625;0.0;0.0;0.0;0.0;0.0;0.01953125;0.0078125;0.001953125;0.00341796875;0.01171875;0.00390625;0.1318359375;0.009765625;0.001953125;0.14208984375;0.7
49;49;74.56;0.140625;0.171875;0.328125;0.05859375;0.05078125;0.265625;0.453125;0.08984375;0.359375;0.390625;0.08203125;0.296875;0.484375;0.087890625;0.09375;0.2265625;0.4921875;0.08984375;0.265625;0.4296875;0.064453125;0.234375;0.171875;0.01953125;0.16796875;0.19140625;0.013671875;0.03125;0.015625;0.0078125;0.0009765625;0.0234375;0.0;0.0;0.01953125;0.0;0.0;0.01953125;0.0;0.0;0.0;0.0;0.0;0.01953125;0.0078125;0.001953125;0.00341796875;0.01171875;0.005859375;0.11083984375;0.009765625;0.001953125;0.11962890625;0.7;0.140625;0.1875;0.3125;0.05859375;0.0546875;0.234375;0.421875;0.09375;0.359375;0.390625;0.0859375;0.28125;0.4765625;0.087890625;0.091796875;0.21875;0.484375;0.08984375;0.2578125;0.421875;0.064453125;0.234375;0.171875;0.017578125;0.1640625;0.19140625;0.013671875;0.0302734375;0.015625;0.0078125;0.0009765625;0.01953125;0.0;0.0;0.01953125;0.0;0.0;0.01953125;0.0;0.0;0.0;0.0;0.0;0.01953125;0.0078125;0.001953125;0.00341796875;0.01171875;0.00390625;0.12646484375;0.009765625;0.001953125;0.13818359375;0.7
50;50;69.42;0.140625;0.171875;0.328125;0.05859375;0.05078125;0.265625;0.46875;0.09375;0.359375;0.40625;0.0859375;0.2890625;0.5;0.087890625;0.095703125;0.2265625;0.5;0.08984375;0.265625;0.4296875;0.06640625;0.2421875;0.1796875;0.021484375;0.17578125;0.19140625;0.013671875;0.033203125;0.015625;0.0078125;0.0009765625;0.0234375;0.0;0.0;0.01953125;0.0;0.0;0.01953125;0.0;0.0;0.0;0.0;0.0;0.01953125;0.0078125;0.001953125;0.00341796875;0.013671875;0.00390625;0.10986328125;0.01171875;0.001953125;0.11669921875;0.7;0.140625;0.1875;0.3125;0.05859375;0.0546875;0.234375;0.453125;0.09765625;0.34375;0.390625;0.0859375;0.2734375;0.4921875;0.087890625;0.091796875;0.21875;0.484375;0.087890625;0.2578125;0.40625;0.064453125;0.2421875;0.1796875;0.021484375;0.171875;0.1953125;0.013671875;0.0322265625;0.01953125;0.0078125;0.0009765625;0.0234375;0.0;0.0;0.01953125;0.0;0.0;0.015625;0.0;0.0;0.0;0.0;0.0;0.01953125;0.0078125;0.001953125;0.0029296875;0.01171875;0.001953125;0.13134765625;0.01171875;0.001953125;0.14404296875;0.7
51;51;74.27;0.140625;0.171875;0.328125;0.0625;0.05078125;0.265625;0.453125;0.09375;0.359375;0.40625;0.0859375;0.2890625;0.4921875;0.087890625;0.09375;0.2265625;0.484375;0.09375;0.265625;0.4375;0.06640625;0.2421875;0.171875;0.021484375;0.17578125;0.18359375;0.013671875;0.033203125;0.01953125;0.00390625;0.0009765625;0.0234375;0.0;0.0;0.0234375;0.0;0.0;0.015625;0.0;0.0;0.0;0.0;0.0;0.017578125;0.0078125;0.001953125;0.00341796875;0.013671875;0.00390625;0.109375;0.01171875;0.001953125;0.1181640625;0.7;0.140625;0.1875;0.3125;0.05859375;0.0546875;0.25;0.453125;0.09765625;0.34375;0.40625;0.0859375;0.28125;0.4765625;0.087890625;0.091796875;0.21875;0.46875;0.08984375;0.2578125;0.4375;0.068359375;0.2421875;0.171875;0.021484375;0.16796875;0.18359375;0.0126953125;0.0322265625;0.01953125;0.0078125;0.0009765625;0.01953125;0.0;0.0;0.0234375;0.0;0.0;0.015625;0.0;0.0;0.0;0.0;0.0;0.017578125;0.0078125;0.001953125;0.00341796875;0.01171875;0.00390625;0.12841796875;0.009765625;0.001953125;0.138671875;0.7
52;52;76.24;0.140625;0.1875;0.34375;0.0625;0.0546875;0.265625;0.46875;0.08984375;0.375;0.40625;0.0859375;0.296875;0.5;0.08984375;0.09765625;0.234375;0.4921875;0.09375;0.2734375;0.453125;0.072265625;0.25;0.1875;0.021484375;0.18359375;0.203125;0.013671875;0.03515625;0.015625;0.00390625;0.0009765625;0.0234375;0.0;0.0;0.0234375;0.0;0.0;0.015625;0.0;0.0;0.0;0.0;0.0;0.01953125;0.009765625;0.001953125;0.00341796875;0.013671875;0.005859375;0.10791015625;0.01171875;0.001953125;0.12060546875;0.7;0.15625;0.1875;0.328125;0.0625;0.0546875;0.234375;0.453125;0.09765625;0.359375;0.40625;0.0859375;0.28125;0.4921875;0.087890625;0.09375;0.2265625;0.4921875;0.091796875;0.2734375;0.4453125;0.072265625;0.25;0.1875;0.0234375;0.1796875;0.203125;0.0126953125;0.0341796875;0.01953125;0.0078125;0.0009765625;0.0234375;0.0;0.0;0.0234375;0.0;0.0;0.015625;0.0;0.0;0.0;0.0;0.0;0.01953125;0.0078125;0.001953125;0.00341796875;0.013671875;0.00390625;0.130859375;0.009765625;0.001953125;0.1318359375;0.7
53;53;70.2;0.140625;0.171875;0.328125;0.05859375;0.05078125;0.265625;0.46875;0.09375;0.375;0.40625;0.08203125;0.296875;0.5;0.08984375;0.1015625;0.234375;0.5;0.09375;0.2734375;0.4453125;0.072265625;0.25;0.1796875;0.021484375;0.19140625;0.1953125;0.013671875;0.03515625;0.01953125;0.00390625;0.0009765625;0.01953125;0.0;0.0;0.0234375;0.0;0.0;0.015625;0.0;0.0;0.0;0.0;0.0;0.01953125;0.0078125;0.001953125;0.00341796875;0.013671875;0.005859375;0.11376953125;0.01171875;0.001953125;0.123046875;0.7;0.15625;0.1875;0.3125;0.05859375;0.0546875;0.234375;0.453125;0.09765625;0.359375;0.40625;0.0859375;0.2890625;0.484375;0.08984375;0.09765625;0.2265625;0.484375;0.09375;0.265625;0.4375;0.07421875;0.25;0.1796875;0.021484375;0.1875;0.203125;0.013671875;0.03515625;0.01953125;0.00390625;0.0009765625;0.01953125;0.0;0.0;0.0234375;0.0;0.0;0.015625;0.0;0.0;0.0;0.0;0.0;0.01953125;0.0078125;0.001953125;0.00341796875;0.013671875;0.00390625;0.13134765625;0.01171875;0.001953125;0.13720703125;0.7
54;54;77.58;0.140625;0.1875;0.34375;0.0625;0.0546875;0.265625;0.453125;0.09375;0.375;0.40625;0.0859375;0.3046875;0.5;0.08984375;0.099609375;0.2421875;0.5078125;0.095703125;0.28125;0.4453125;0.068359375;0.25;0.1796875;0.021484375;0.1875;0.1953125;0.013671875;0.03515625;0.015625;0.00390625;0.0009765625;0.01953125;0.0;0.0;0.0234375;0.0;0.0;0.015625;0.0;0.0;0.0;0.0;0.0;0.01953125;0.0078125;0.001953125;0.00341796875;0.01171875;0.0078125;0.111328125;0.009765625;0.001953125;0.1220703125;0.7;0.15625;0.1875;0.328125;0.0625;0.0546875;0.25;0.4375;0.09765625;0.375;0.40625;0.0859375;0.296875;0.484375;0.08984375;0.09765625;0.234375;0.4921875;0.095703125;0.2734375;0.4375;0.068359375;0.2421875;0.1796875;0.021484375;0.18359375;0.203125;0.013671875;0.0341796875;0.01953125;0.00390625;0.0009765625;0.01953125;0.0;0.0;0.0234375;0.0;0.0;0.015625;0.0;0.0;0.0;0.0;0.0;0.01953125;0.0078125;0.001953125;0.00341796875;0.01171875;0.00390625;0.13330078125;0.009765625;0.001953125;0.134765625;0.7
55;55;75.2;0.140625;0.1875;0.34375;0.0625;0.05859375;0.265625;0.46875;0.08984375;0.375;0.421875;0.08984375;0.296875;0.5;0.08984375;0.1015625;0.234375;0.5078125;0.095703125;0.28125;0.4453125;0.068359375;0.25;0.1796875;0.0234375;0.1875;0.203125;0.0146484375;0.0380859375;0.01953125;0.0078125;0.0009765625;0.01953125;0.0;0.0;0.0234375;0.0;0.0;0.015625;0.0;0.0;0.0;0.0;0.0;0.01953125;0.0078125;0.001953125;0.00341796875;0.01171875;0.00390625;0.1083984375;0.009765625;0.001953125;0.12158203125;0.7;0.15625;0.1875;0.34375;0.0625;0.05859375;0.25;0.453125;0.09765625;0.359375;0.421875;0.09375;0.2890625;0.484375;0.08984375;0.099609375;0.234375;0.5;0.09375;0.2734375;0.4375;0.06640625;0.25;0.1875;0.021484375;0.18359375;0.203125;0.013671875;0.03515625;0.0234375;0.0078125;0.0009765625;0.015625;0.0;0.0;0.01953125;0.0;0.0;0.015625;0.0;0.0;0.0;0.0;0.0;0.017578125;0.0078125;0.001953125;0.00341796875;0.01171875;0.00390625;0.12548828125;0.009765625;0.001953125;0.14013671875;0.7
56;56;78.14;0.140625;0.1875;0.359375;0.0625;0.0546875;0.28125;0.46875;0.09375;0.375;0.421875;0.08984375;0.3125;0.5078125;0.091796875;0.103515625;0.2421875;0.515625;0.095703125;0.2890625;0.4453125;0.0703125;0.2578125;0.1796875;0.021484375;0.19140625;0.203125;0.013671875;0.0361328125;0.015625;0.00390625;0.0009765625;0.01953125;0.0;0.0;0.01953125;0.0;0.0;0.015625;0.0;0.0;0.0;0.0;0.0;0.01953125;0.0078125;0.001953125;0.00341796875;0.013671875;0.0;0.1162109375;0.01171875;0.001953125;0.119140625;0.7;0.15625;0.1875;0.328125;0.0625;0.05859375;0.25;0.453125;0.09765625;0.359375;0.40625;0.08984375;0.296875;0.5;0.091796875;0.099609375;0.234375;0.5078125;0.09765625;0.28125;0.4453125;0.072265625;0.2578125;0.1796875;0.01953125;0.18359375;0.203125;0.013671875;0.0341796875;0.01953125;0.00390625;0.0009765625;0.01171875;0.0;0.0;0.01953125;0.0;0.0;0.015625;0.0;0.0;0.0;0.0;0.0;0.01953125;0.0078125;0.001953125;0.00341796875;0.01171875;0.0078125;0.13037109375;0.009765625;0.001953125;0.13818359375;0.7
57;57;75.45;0.140625;0.1875;0.34375;0.0625;0.0546875;0.28125;0.46875;0.09765625;0.375;0.421875;0.0859375;0.3125;0.5078125;0.09375;0.103515625;0.2421875;0.5078125;0.095703125;0.2890625;0.46875;0.07421875;0.265625;0.171875;0.0234375;0.1953125;0.19921875;0.013671875;0.0361328125;0.015625;0.00390625;0.0009765625;0.015625;0.0;0.0;0.0234375;0.0;0.0;0.015625;0.0;0.0;0.0;0.0;0.0;0.017578125;0.0078125;0.001953125;0.00341796875;0.013671875;0.01171875;0.1123046875;0.01171875;0.001953125;0.12255859375;0.7;0.15625;0.1875;0.328125;0.0625;0.05859375;0.25;0.453125;0.09765625;0.359375;0.421875;0.08984375;0.296875;0.5;0.091796875;0.1015625;0.234375;0.5078125;0.095703125;0.28125;0.453125;0.07421875;0.265625;0.171875;0.0234375;0.19140625;0.1953125;0.013671875;0.0361328125;0.01953125;0.00390625;0.0009765625;0.01171875;0.0;0.0;0.0234375;0.0;0.0;0.015625;0.0;0.0;0.0;0.0;0.0;0.017578125;0.0078125;0.001953125;0.00341796875;0.01171875;0.00390625;0.130859375;0.009765625;0.001953125;0.1396484375;0.7
58;58;77.14;0.15625;0.1875;0.34375;0.06640625;0.05859375;0.28125;0.46875;0.09765625;0.375;0.421875;0.08984375;0.3125;0.5078125;0.09375;0.103515625;0.25;0.515625;0.09765625;0.2890625;0.453125;0.072265625;0.265625;0.1796875;0.021484375;0.19921875;0.20703125;0.013671875;0.037109375;0.015625;0.00390625;0.0009765625;0.01953125;0.0;0.0;0.01953125;0.0;0.0;0.01953125;0.0;0.0;0.0;0.0;0.0;0.01953125;0.0078125;0.001953125;0.00341796875;0.013671875;0.005859375;0.115234375;0.01171875;0.001953125;0.123046875;0.7;0.15625;0.1875;0.328125;0.06640625;0.05859375;0.25;0.453125;0.1015625;0.359375;0.40625;0.08984375;0.3046875;0.5;0.09375;0.099609375;0.2421875;0.5;0.095703125;0.2890625;0.4453125;0.072265625;0.2578125;0.171875;0.021484375;0.1953125;0.2109375;0.013671875;0.037109375;0.015625;0.00390625;0.0009765625;0.01953125;0.0;0.0;0.0234375;0.0;0.0;0.01953125;0.0;0.0;0.0;0.0;0.0;0.01953125;0.0078125;0.001953125;0.00341796875;0.01171875;0.0078125;0.130859375;0.009765625;0.001953125;0.142578125;0.7
59;59;74.12;0.140625;0.1875;0.34375;0.06640625;0.0546875;0.28125;0.46875;0.09765625;0.390625;0.421875;0.08984375;0.3203125;0.515625;0.09375;0.107421875;0.2578125;0.515625;0.099609375;0.296875;0.46875;0.076171875;0.265625;0.171875;0.021484375;0.19921875;0.2109375;0.0146484375;0.0400390625;0.015625;0.00390625;0.0009765625;0.01953125;0.0;0.0;0.0234375;0.0;0.0;0.015625;0.0;0.0;0.0;0.0;0.0;0.021484375;0.009765625;0.001953125;0.00341796875;0.013671875;0.001953125;0.11279296875;0.01171875;0.001953125;0.12109375;0.7;0.15625;0.1875;0.328125;0.06640625;0.05859375;0.265625;0.453125;0.09765625;0.390625;0.421875;0.08984375;0.3046875;0.5078125;0.09375;0.1015625;0.2421875;0.5;0.095703125;0.2890625;0.453125;0.078125;0.2578125;0.171875;0.021484375;0.19921875;0.20703125;0.013671875;0.0380859375;0.01953125;0.00390625;0.0009765625;0.01171875;0.0;0.0;0.01953125;0.0;0.0;0.015625;0.0;0.0;0.0;0.0;0.0;0.01953125;0.009765625;0.001953125;0.0029296875;0.013671875;0.00390625;0.12890625;0.009765625;0.001953125;0.13720703125;0.7
60;60;77.28;0.15625;0.1875;0.34375;0.0625;0.05859375;0.28125;0.46875;0.09765625;0.40625;0.4375;0.08984375;0.3203125;0.515625;0.095703125;0.107421875;0.2578125;0.515625;0.1015625;0.296875;0.46875;0.076171875;0.265625;0.1796875;0.0234375;0.20703125;0.2109375;0.0146484375;0.0390625;0.015625;0.00390625;0.0009765625;0.01953125;0.0;0.0;0.01953125;0.0;0.0;0.01953125;0.0;0.0;0.0;0.0;0.0;0.01953125;0.009765625;0.001953125;0.00341796875;0.01171875;0.001953125;0.1103515625;0.01171875;0.001953125;0.119140625;0.7;0.15625;0.1875;0.328125;0.0625;0.05859375;0.265625;0.4375;0.1015625;0.390625;0.4375;0.08984375;0.3046875;0.5;0.09375;0.103515625;0.25;0.5078125;0.099609375;0.2890625;0.453125;0.076171875;0.2578125;0.171875;0.021484375;0.203125;0.2109375;0.013671875;0.037109375;0.01953125;0.00390625;0.0009765625;0.015625;0.0;0.0;0.01953125;0.0;0.0;0.015625;0.0;0.0;0.0;0.0;0.0;0.01953125;0.0078125;0.001953125;0.00341796875;0.01171875;0.00390625;0.13037109375;0.009765625;0.001953125;0.14111328125;0.7
61;61;75.46;0.15625;0.1875;0.359375;0.06640625;0.0546875;0.28125;0.46875;0.09765625;0.40625;0.421875;0.09375;0.328125;0.5234375;0.095703125;0.109375;0.2578125;0.5234375;0.1015625;0.296875;0.46875;0.080078125;0.2734375;0.171875;0.021484375;0.20703125;0.2109375;0.0146484375;0.0390625;0.015625;0.00390625;0.0009765625;0.01953125;0.0;0.0;0.0234375;0.0;0.0;0.015625;0.0;0.0;0.0;0.0;0.0;0.01953125;0.0078125;0.001953125;0.00341796875;0.013671875;0.005859375;0.10888671875;0.01171875;0.001953125;0.1201171875;0.7;0.15625;0.1875;0.34375;0.0703125;0.05859375;0.265625;0.46875;0.1015625;0.390625;0.421875;0.09765625;0.3203125;0.515625;0.095703125;0.10546875;0.25;0.5078125;0.099609375;0.296875;0.46875;0.080078125;0.2734375;0.171875;0.021484375;0.20703125;0.21875;0.0146484375;0.0400390625;0.01953125;0.00390625;0.0009765625;0.01953125;0.0;0.0;0.0234375;0.0;0.0;0.015625;0.0;0.0;0.0;0.0;0.0;0.01953125;0.0078125;0.001953125;0.00341796875;0.01171875;0.015625;0.13818359375;0.009765625;0.001953125;0.13916015625;0.7
62;62;77.39;0.15625;0.1875;0.34375;0.06640625;0.05859375;0.28125;0.46875;0.09765625;0.40625;0.4375;0.08984375;0.3203125;0.515625;0.095703125;0.109375;0.2578125;0.5234375;0.103515625;0.296875;0.4765625;0.080078125;0.2734375;0.1875;0.021484375;0.2109375;0.21875;0.015625;0.0390625;0.015625;0.00390625;0.0009765625;0.01953125;0.0;0.0;0.02734375;0.0;0.0;0.015625;0.0;0.0;0.0;0.0;0.0;0.01953125;0.0078125;0.001953125;0.00341796875;0.013671875;0.005859375;0.10888671875;0.01171875;0.001953125;0.123046875;0.8;0.15625;0.203125;0.34375;0.06640625;0.05859375;0.265625;0.46875;0.1015625;0.390625;0.4375;0.09375;0.3125;0.5078125;0.095703125;0.10546875;0.2578125;0.5078125;0.1015625;0.2890625;0.4765625;0.08203125;0.2734375;0.1875;0.0234375;0.2109375;0.2265625;0.015625;0.0380859375;0.01953125;0.00390625;0.0009765625;0.01953125;0.0;0.0;0.02734375;0.0;0.0;0.015625;0.0;0.0;0.0;0.0;0.0;0.01953125;0.0078125;0.001953125;0.00341796875;0.01171875;0.005859375;0.1279296875;0.009765625;0.001953125;0.142578125;0.8
63;63;75.71;0.15625;0.203125;0.359375;0.0703125;0.05859375;0.296875;0.5;0.09765625;0.40625;0.4375;0.09375;0.328125;0.5234375;0.09765625;0.111328125;0.2578125;0.53125;0.10546875;0.3125;0.4765625;0.08203125;0.28125;0.1953125;0.0234375;0.21875;0.21875;0.0146484375;0.041015625;0.015625;0.00390625;0.0009765625;0.01953125;0.0;0.0;0.0234375;0.0;0.0;0.015625;0.0;0.0;0.0;0.0;0.0;0.01953125;0.0078125;0.001953125;0.00341796875;0.013671875;0.001953125;0.11474609375;0.01171875;0.00390625;0.125;0.7;0.15625;0.203125;0.34375;0.0703125;0.05859375;0.265625;0.484375;0.1015625;0.390625;0.4375;0.09375;0.3125;0.515625;0.095703125;0.10546875;0.2578125;0.5234375;0.10546875;0.3125;0.4765625;0.08203125;0.28125;0.1875;0.0234375;0.2109375;0.2109375;0.0146484375;0.0400390625;0.01953125;0.00390625;0.0009765625;0.01953125;0.0;0.0;0.0234375;0.0;0.0;0.015625;0.0;0.0;0.0;0.0;0.0;0.017578125;0.0078125;0.001953125;0.00341796875;0.01171875;0.00390625;0.13134765625;0.009765625;0.001953125;0.140625;0.7
64;64;78.06;0.15625;0.203125;0.359375;0.06640625;0.05859375;0.296875;0.484375;0.1015625;0.40625;0.4375;0.09375;0.328125;0.5234375;0.099609375;0.111328125;0.2578125;0.53125;0.10546875;0.3125;0.4765625;0.08203125;0.2734375;0.1875;0.021484375;0.21484375;0.21875;0.0146484375;0.0390625;0.015625;0.00390625;0.0009765625;0.01953125;0.0;0.0;0.0234375;0.0;0.0;0.015625;0.0;0.0;0.0;0.0;0.0;0.01953125;0.0078125;0.001953125;0.00341796875;0.013671875;0.0;0.11181640625;0.01171875;0.001953125;0.12451171875;0.7;0.15625;0.203125;0.34375;0.0703125;0.05859375;0.28125;0.46875;0.10546875;0.390625;0.4375;0.09375;0.3203125;0.5234375;0.099609375;0.107421875;0.2578125;0.515625;0.10546875;0.3046875;0.4765625;0.08203125;0.28125;0.1875;0.021484375;0.21484375;0.21875;0.0146484375;0.0390625;0.015625;0.00390625;0.0009765625;0.01953125;0.0;0.0;0.0234375;0.0;0.0;0.015625;0.0;0.0;0.0;0.0;0.0;0.01953125;0.0078125;0.001953125;0.00341796875;0.013671875;0.0078125;0.13623046875;0.009765625;0.001953125;0.14013671875;0.7
65;65;80.67;0.15625;0.1875;0.34375;0.06640625;0.05859375;0.3125;0.484375;0.1015625;0.421875;0.453125;0.09375;0.34375;0.53125;0.099609375;0.1171875;0.265625;0.5390625;0.107421875;0.3125;0.4921875;0.083984375;0.2890625;0.1953125;0.0234375;0.22265625;0.22265625;0.0146484375;0.0419921875;0.015625;0.00390625;0.0009765625;0.01953125;0.0;0.0;0.0234375;0.0;0.0;0.015625;0.0;0.0;0.0;0.0;0.0;0.01953125;0.0078125;0.001953125;0.00341796875;0.013671875;0.001953125;0.1171875;0.01171875;0.00390625;0.1162109375;0.7;0.15625;0.203125;0.328125;0.06640625;0.05859375;0.28125;0.46875;0.10546875;0.40625;0.453125;0.09765625;0.328125;0.5234375;0.099609375;0.11328125;0.2578125;0.5234375;0.107421875;0.3125;0.4921875;0.0859375;0.28125;0.1953125;0.0234375;0.22265625;0.21875;0.0146484375;0.0419921875;0.01953125;0.00390625;0.0009765625;0.01953125;0.0;0.0;0.0234375;0.0;0.0;0.015625;0.0;0.0;0.0;0.0;0.0;0.01953125;0.0078125;0.001953125;0.00341796875;0.013671875;0.00390625;0.13330078125;0.009765625;0.00390625;0.13525390625;0.7
66;66;78.15;0.15625;0.203125;0.359375;0.0703125;0.05859375;0.296875;0.5;0.1015625;0.40625;0.4375;0.09375;0.3359375;0.53125;0.1015625;0.115234375;0.265625;0.5390625;0.109375;0.3203125;0.4921875;0.0859375;0.2890625;0.203125;0.0234375;0.2265625;0.2265625;0.015625;0.04296875;0.01171875;0.00390625;0.0009765625;0.015625;0.0;0.0;0.0234375;0.0;0.0;0.015625;0.0;0.0;0.0;0.0;0.0;0.01953125;0.0078125;0.001953125;0.00341796875;0.013671875;0.005859375;0.11865234375;0.01171875;0.001953125;0.1123046875;0.8;0.15625;0.203125;0.34375;0.0703125;0.05859375;0.265625;0.484375;0.10546875;0.40625;0.4375;0.09375;0.3203125;0.5234375;0.1015625;0.111328125;0.2578125;0.53125;0.109375;0.3203125;0.484375;0.0859375;0.28125;0.203125;0.0234375;0.2265625;0.23046875;0.015625;0.0419921875;0.01953125;0.00390625;0.0009765625;0.015625;0.0;0.0;0.0234375;0.0;0.0;0.015625;0.0;0.0;0.0;0.0;0.0;0.01953125;0.0078125;0.001953125;0.00341796875;0.013671875;0.001953125;0.13134765625;0.009765625;0.001953125;0.13720703125;0.8
67;67;81.09;0.15625;0.203125;0.359375;0.0703125;0.05859375;0.3125;0.5;0.1015625;0.40625;0.4375;0.09375;0.3359375;0.53125;0.1015625;0.115234375;0.2734375;0.546875;0.109375;0.328125;0.4921875;0.0859375;0.296875;0.1953125;0.025390625;0.2265625;0.21875;0.015625;0.041015625;0.015625;0.00390625;0.0009765625;0.01953125;0.0;0.0;0.0234375;0.0;0.0;0.015625;0.0;0.0;0.0;0.0;0.0;0.021484375;0.0078125;0.001953125;0.00341796875;0.013671875;0.001953125;0.1083984375;0.01171875;0.001953125;0.1142578125;0.8;0.15625;0.203125;0.34375;0.0703125;0.0625;0.296875;0.484375;0.109375;0.40625;0.453125;0.09765625;0.328125;0.53125;0.1015625;0.111328125;0.265625;0.5390625;0.107421875;0.328125;0.484375;0.083984375;0.2890625;0.1953125;0.0234375;0.2265625;0.22265625;0.015625;0.0400390625;0.01953125;0.00390625;0.0009765625;0.01953125;0.0;0.0;0.0234375;0.0;0.0;0.015625;0.0;0.0;0.0;0.0;0.0;0.021484375;0.0078125;0.001953125;0.00341796875;0.01171875;0.005859375;0.130859375;0.009765625;0.0;0.142578125;0.7
68;68;78.03;0.15625;0.203125;0.359375;0.0703125;0.05859375;0.3125;0.5;0.1015625;0.421875;0.4375;0.09375;0.3359375;0.5390625;0.1015625;0.115234375;0.2734375;0.546875;0.111328125;0.328125;0.4921875;0.083984375;0.2890625;0.1953125;0.025390625;0.23046875;0.21875;0.0146484375;0.0419921875;0.01171875;0.00390625;0.0009765625;0.01953125;0.0;0.0;0.0234375;0.0;0.0;0.015625;0.0;0.0;0.00390625;0.0;0.0;0.021484375;0.0078125;0.001953125;0.00341796875;0.013671875;0.001953125;0.11572265625;0.01171875;0.001953125;0.12255859375;0.7;0.15625;0.203125;0.34375;0.0703125;0.0625;0.296875;0.5;0.10546875;0.40625;0.4375;0.09375;0.3359375;0.53125;0.1015625;0.11328125;0.265625;0.546875;0.11328125;0.328125;0.4921875;0.0859375;0.2890625;0.1953125;0.025390625;0.23046875;0.23046875;0.015625;0.0419921875;0.015625;0.00390625;0.0009765625;0.01953125;0.0;0.0;0.0234375;0.0;0.0;0.015625;0.0;0.0;0.0;0.0;0.0;0.01953125;0.0078125;0.001953125;0.00341796875;0.01171875;0.005859375;0.134765625;0.009765625;0.001953125;0.13623046875;0.7
69;69;79.07;0.15625;0.203125;0.359375;0.0703125;0.0625;0.3125;0.5;0.1015625;0.421875;0.453125;0.09765625;0.34375;0.5390625;0.1015625;0.119140625;0.2734375;0.5546875;0.11328125;0.3359375;0.4921875;0.0859375;0.3046875;0.1953125;0.025390625;0.234375;0.2265625;0.015625;0.04296875;0.015625;0.00390625;0.0009765625;0.01953125;0.0;0.0;0.0234375;0.0;0.0;0.015625;0.0;0.0;0.0;0.0;0.0;0.021484375;0.0078125;0.001953125;0.00341796875;0.013671875;0.00390625;0.11181640625;0.01171875;0.001953125;0.123046875;0.7;0.15625;0.203125;0.34375;0.0703125;0.0625;0.296875;0.484375;0.109375;0.40625;0.453125;0.09765625;0.3359375;0.53125;0.1015625;0.115234375;0.265625;0.546875;0.11328125;0.328125;0.4921875;0.08984375;0.3046875;0.203125;0.025390625;0.23828125;0.234375;0.015625;0.044921875;0.015625;0.00390625;0.0009765625;0.01953125;0.0;0.0;0.0234375;0.0;0.0;0.01171875;0.0;0.0;0.0;0.0;0.0;0.021484375;0.0078125;0.001953125;0.00341796875;0.01171875;0.001953125;0.13330078125;0.009765625;0.001953125;0.14306640625;0.7
70;70;79.89;0.15625;0.203125;0.359375;0.0703125;0.0625;0.3125;0.5;0.1015625;0.421875;0.46875;0.09765625;0.34375;0.53125;0.1015625;0.119140625;0.2734375;0.5546875;0.11328125;0.3359375;0.5;0.087890625;0.3046875;0.1953125;0.025390625;0.24609375;0.23046875;0.015625;0.0439453125;0.01171875;0.00390625;0.0009765625;0.01953125;0.0;0.0;0.02734375;0.0;0.0;0.01953125;0.0;0.0;0.0;0.0;0.0;0.021484375;0.0078125;0.001953125;0.00341796875;0.013671875;0.005859375;0.1123046875;0.01171875;0.00390625;0.11474609375;0.8;0.15625;0.21875;0.34375;0.0703125;0.0625;0.296875;0.484375;0.109375;0.421875;0.453125;0.09765625;0.328125;0.53125;0.1015625;0.1171875;0.265625;0.546875;0.111328125;0.3359375;0.5;0.08984375;0.3046875;0.1953125;0.025390625;0.24609375;0.234375;0.015625;0.044921875;0.015625;0.00390625;0.0009765625;0.01953125;0.0;0.0;0.0234375;0.0;0.0;0.015625;0.0;0.0;0.0;0.0;0.0;0.021484375;0.009765625;0.001953125;0.00341796875;0.01171875;0.00390625;0.12890625;0.009765625;0.00390625;0.142578125;0.8
71;71;82.26;0.15625;0.203125;0.375;0.0703125;0.0625;0.3125;0.5;0.10546875;0.421875;0.46875;0.09765625;0.34375;0.5390625;0.103515625;0.12109375;0.28125;0.5625;0.1171875;0.34375;0.5;0.087890625;0.3125;0.2109375;0.02734375;0.25;0.234375;0.015625;0.0478515625;0.015625;0.00390625;0.0009765625;0.01953125;0.0;0.0;0.02734375;0.0;0.0;0.015625;0.0;0.0;0.0;0.0;0.0;0.021484375;0.0078125;0.001953125;0.00341796875;0.013671875;0.001953125;0.11376953125;0.01171875;0.00390625;0.12353515625;0.8;0.15625;0.21875;0.359375;0.0703125;0.0625;0.296875;0.484375;0.109375;0.421875;0.453125;0.09765625;0.3359375;0.5390625;0.103515625;0.1171875;0.2734375;0.5546875;0.115234375;0.34375;0.5;0.08984375;0.3125;0.2109375;0.02734375;0.25;0.2421875;0.015625;0.048828125;0.015625;0.00390625;0.0009765625;0.01953125;0.0;0.0;0.02734375;0.0;0.0;0.015625;0.0;0.0;0.0;0.0;0.0;0.021484375;0.009765625;0.001953125;0.00341796875;0.013671875;0.044921875;0.1337890625;0.009765625;0.005859375;0.14111328125;0.8
72;72;81.68;0.15625;0.203125;0.359375;0.0703125;0.0625;0.328125;0.5;0.1015625;0.4375;0.484375;0.09765625;0.3515625;0.5390625;0.103515625;0.123046875;0.28125;0.5703125;0.1171875;0.34375;0.5078125;0.08984375;0.3125;0.2109375;0.02734375;0.25;0.234375;0.0166015625;0.0458984375;0.015625;0.00390625;0.0009765625;0.01953125;0.0;0.0;0.02734375;0.0;0.0;0.015625;0.0;0.0;0.00390625;0.0;0.0;0.021484375;0.0078125;0.001953125;0.00341796875;0.013671875;0.0078125;0.1123046875;0.009765625;0.00390625;0.11474609375;0.8;0.15625;0.21875;0.34375;0.0703125;0.0625;0.3125;0.5;0.109375;0.421875;0.46875;0.1015625;0.34375;0.53125;0.103515625;0.119140625;0.2734375;0.5703125;0.115234375;0.34375;0.515625;0.09375;0.3125;0.2109375;0.02734375;0.25;0.23828125;0.0166015625;0.0458984375;0.01953125;0.00390625;0.0009765625;0.01953125;0.0;0.0;0.0234375;0.0;0.0;0.015625;0.0;0.0;0.0;0.0;0.0;0.021484375;0.0078125;0.001953125;0.00341796875;0.013671875;0.001953125;0.12841796875;0.009765625;0.00390625;0.13525390625;0.8
73;73;83.14;0.15625;0.203125;0.359375;0.0703125;0.05859375;0.328125;0.515625;0.10546875;0.453125;0.46875;0.1015625;0.359375;0.5546875;0.10546875;0.125;0.2890625;0.5703125;0.119140625;0.3515625;0.5234375;0.095703125;0.3203125;0.2109375;0.029296875;0.26171875;0.24609375;0.0166015625;0.05078125;0.015625;0.00390625;0.0009765625;0.01953125;0.0;0.0;0.02734375;0.0;0.0;0.01953125;0.0;0.0;0.00390625;0.0;0.0;0.021484375;0.009765625;0.001953125;0.00341796875;0.013671875;0.015625;0.11083984375;0.01171875;0.00390625;0.12548828125;0.8;0.15625;0.21875;0.359375;0.0703125;0.0625;0.3125;0.5;0.11328125;0.4375;0.46875;0.1015625;0.3515625;0.5390625;0.10546875;0.12109375;0.28125;0.5625;0.119140625;0.34375;0.515625;0.095703125;0.3125;0.2109375;0.02734375;0.26171875;0.2421875;0.0166015625;0.046875;0.01953125;0.00390625;0.0009765625;0.015625;0.0;0.0;0.0234375;0.0;0.0;0.01953125;0.0;0.0;0.0;0.0;0.0;0.021484375;0.0078125;0.001953125;0.00341796875;0.01171875;0.0;0.134765625;0.009765625;0.001953125;0.13818359375;0.7
74;74;82.29;0.15625;0.203125;0.375;0.0703125;0.0625;0.34375;0.5;0.109375;0.4375;0.46875;0.09765625;0.359375;0.546875;0.107421875;0.126953125;0.2890625;0.578125;0.12109375;0.359375;0.5234375;0.09375;0.3203125;0.21875;0.029296875;0.2578125;0.234375;0.0166015625;0.0478515625;0.015625;0.00390625;0.0009765625;0.015625;0.0;0.0;0.0234375;0.0;0.0;0.01953125;0.0;0.0;0.00390625;0.0;0.0;0.021484375;0.009765625;0.001953125;0.00341796875;0.013671875;0.009765625;0.10791015625;0.01171875;0.001953125;0.10888671875;0.7;0.15625;0.21875;0.359375;0.07421875;0.0625;0.3125;0.5;0.11328125;0.4375;0.46875;0.09765625;0.3515625;0.546875;0.107421875;0.125;0.28125;0.5703125;0.119140625;0.359375;0.5234375;0.095703125;0.3203125;0.21875;0.029296875;0.265625;0.23828125;0.0166015625;0.05078125;0.01953125;0.00390625;0.0009765625;0.01171875;0.0;0.0;0.0234375;0.0;0.0;0.01953125;0.0;0.0;0.0;0.0;0.0;0.021484375;0.0078125;0.001953125;0.00341796875;0.01171875;0.005859375;0.1357421875;0.009765625;0.001953125;0.1376953125;0.7
75;75;83.15;0.15625;0.21875;0.375;0.07421875;0.0625;0.34375;0.53125;0.109375;0.453125;0.46875;0.1015625;0.3671875;0.5546875;0.107421875;0.12890625;0.296875;0.5859375;0.123046875;0.359375;0.5234375;0.099609375;0.328125;0.2109375;0.02734375;0.265625;0.2421875;0.0166015625;0.046875;0.015625;0.00390625;0.0009765625;0.015625;0.0;0.0;0.02734375;0.0;0.0;0.015625;0.0;0.0;0.00390625;0.0;0.0;0.021484375;0.009765625;0.001953125;0.00341796875;0.013671875;0.017578125;0.10693359375;0.01171875;0.001953125;0.12109375;0.8;0.15625;0.21875;0.359375;0.0703125;0.0625;0.328125;0.53125;0.1171875;0.4375;0.46875;0.1015625;0.3515625;0.5546875;0.107421875;0.125;0.2890625;0.578125;0.12109375;0.359375;0.53125;0.1015625;0.328125;0.2109375;0.02734375;0.265625;0.24609375;0.0166015625;0.048828125;0.01953125;0.00390625;0.0009765625;0.015625;0.0;0.0;0.0234375;0.0;0.0;0.01953125;0.0;0.0;0.0;0.0;0.0;0.021484375;0.0078125;0.001953125;0.00341796875;0.01171875;0.00390625;0.12890625;0.009765625;0.001953125;0.14453125;0.8
76;76;83.43;0.15625;0.21875;0.375;0.07421875;0.0625;0.34375;0.515625;0.109375;0.453125;0.46875;0.09765625;0.3671875;0.5625;0.109375;0.130859375;0.296875;0.578125;0.12109375;0.3671875;0.5390625;0.099609375;0.328125;0.21875;0.02734375;0.26953125;0.25;0.017578125;0.05078125;0.015625;0.00390625;0.0009765625;0.01953125;0.0;0.0;0.0234375;0.0;0.0;0.01953125;0.0;0.0;0.00390625;0.0;0.0;0.0234375;0.009765625;0.001953125;0.00341796875;0.013671875;0.033203125;0.12158203125;0.01171875;0.001953125;0.12109375;0.8;0.15625;0.21875;0.359375;0.07421875;0.0625;0.3125;0.5;0.11328125;0.4375;0.46875;0.09765625;0.3515625;0.5546875;0.109375;0.126953125;0.2890625;0.5703125;0.12109375;0.3671875;0.53125;0.1015625;0.328125;0.21875;0.029296875;0.265625;0.24609375;0.0166015625;0.0498046875;0.015625;0.00390625;0.0009765625;0.015625;0.0;0.0;0.0234375;0.0;0.0;0.01953125;0.0;0.0;0.0;0.0;0.0;0.021484375;0.009765625;0.001953125;0.00341796875;0.013671875;0.005859375;0.134765625;0.009765625;0.00390625;0.138671875;0.8
77;77;85.21;0.15625;0.21875;0.375;0.07421875;0.0625;0.34375;0.53125;0.109375;0.453125;0.484375;0.1015625;0.375;0.5546875;0.109375;0.1328125;0.3046875;0.578125;0.125;0.375;0.5390625;0.1015625;0.3359375;0.21875;0.029296875;0.27734375;0.25;0.017578125;0.0498046875;0.015625;0.00390625;0.0009765625;0.015625;0.0;0.0;0.02734375;0.0;0.0;0.01953125;0.0;0.0;0.00390625;0.0;0.0;0.0234375;0.009765625;0.001953125;0.00341796875;0.01171875;0.001953125;0.11474609375;0.01171875;0.00390625;0.1259765625;0.8;0.15625;0.21875;0.359375;0.0703125;0.0625;0.3125;0.515625;0.1171875;0.4375;0.46875;0.1015625;0.3671875;0.5546875;0.111328125;0.130859375;0.296875;0.5703125;0.125;0.375;0.53125;0.103515625;0.328125;0.21875;0.029296875;0.27734375;0.25;0.017578125;0.0498046875;0.015625;0.00390625;0.0009765625;0.015625;0.0;0.0;0.02734375;0.0;0.0;0.01953125;0.0;0.0;0.00390625;0.0;0.0;0.0234375;0.009765625;0.001953125;0.00341796875;0.01171875;0.01171875;0.13623046875;0.009765625;0.001953125;0.1357421875;0.8
78;78;84.1;0.15625;0.21875;0.375;0.07421875;0.0625;0.34375;0.515625;0.109375;0.453125;0.484375;0.10546875;0.3671875;0.5546875;0.111328125;0.130859375;0.3046875;0.59375;0.12890625;0.375;0.5390625;0.1015625;0.34375;0.2265625;0.03125;0.28515625;0.2578125;0.017578125;0.052734375;0.015625;0.00390625;0.0009765625;0.015625;0.0;0.0;0.02734375;0.0;0.0;0.01953125;0.0;0.0;0.00390625;0.0;0.0;0.0234375;0.01171875;0.001953125;0.00341796875;0.013671875;0.005859375;0.11328125;0.01171875;0.001953125;0.11962890625;0.8;0.15625;0.21875;0.359375;0.07421875;0.06640625;0.3125;0.515625;0.1171875;0.4375;0.484375;0.10546875;0.359375;0.5546875;0.111328125;0.126953125;0.296875;0.5859375;0.12890625;0.375;0.5390625;0.103515625;0.3359375;0.2265625;0.03125;0.28125;0.2578125;0.017578125;0.052734375;0.01953125;0.00390625;0.0009765625;0.015625;0.0;0.0;0.02734375;0.0;0.0;0.01953125;0.0;0.0;0.00390625;0.0;0.0;0.0234375;0.009765625;0.001953125;0.00341796875;0.013671875;0.0;0.134765625;0.009765625;0.00390625;0.13818359375;0.8
79;79;84.34;0.15625;0.21875;0.375;0.07421875;0.0625;0.34375;0.53125;0.109375;0.453125;0.484375;0.10546875;0.375;0.5703125;0.111328125;0.134765625;0.3125;0.59375;0.12890625;0.3828125;0.546875;0.103515625;0.3515625;0.234375;0.03125;0.28515625;0.25;0.017578125;0.0517578125;0.015625;0.00390625;0.0009765625;0.01953125;0.0;0.0;0.02734375;0.0;0.0;0.01953125;0.0;0.0;0.00390625;0.0;0.0;0.0234375;0.009765625;0.001953125;0.00341796875;0.013671875;0.0;0.11181640625;0.01171875;0.001953125;0.12109375;0.8;0.15625;0.21875;0.359375;0.078125;0.06640625;0.328125;0.515625;0.1171875;0.4375;0.46875;0.10546875;0.3671875;0.5625;0.111328125;0.130859375;0.3046875;0.5859375;0.12890625;0.3828125;0.546875;0.10546875;0.34375;0.234375;0.03125;0.2890625;0.26953125;0.0185546875;0.0537109375;0.01953125;0.00390625;0.0009765625;0.015625;0.0;0.0;0.02734375;0.0;0.0;0.015625;0.0;0.0;0.00390625;0.0;0.0;0.0234375;0.01171875;0.001953125;0.00341796875;0.013671875;0.0;0.13232421875;0.009765625;0.001953125;0.14111328125;0.8
80;80;84.3;0.15625;0.21875;0.375;0.07421875;0.0625;0.359375;0.53125;0.109375;0.46875;0.484375;0.10546875;0.375;0.5625;0.11328125;0.134765625;0.3125;0.5859375;0.130859375;0.3828125;0.5390625;0.103515625;0.34375;0.234375;0.03515625;0.2890625;0.2578125;0.0185546875;0.0537109375;0.015625;0.00390625;0.0009765625;0.01953125;0.0;0.0;0.02734375;0.0;0.0;0.01953125;0.0;0.0;0.00390625;0.0;0.0;0.0234375;0.01171875;0.001953125;0.00341796875;0.013671875;0.0;0.111328125;0.01171875;0.001953125;0.1240234375;0.8;0.15625;0.21875;0.359375;0.07421875;0.0625;0.328125;0.53125;0.1171875;0.453125;0.484375;0.109375;0.3671875;0.5625;0.11328125;0.1328125;0.3046875;0.5859375;0.130859375;0.3828125;0.546875;0.107421875;0.34375;0.234375;0.03515625;0.296875;0.2734375;0.0185546875;0.0556640625;0.01953125;0.00390625;0.0009765625;0.01953125;0.0;0.0;0.0234375;0.0;0.0;0.01953125;0.0;0.0;0.00390625;0.0;0.0;0.025390625;0.01171875;0.001953125;0.00341796875;0.013671875;0.001953125;0.13330078125;0.009765625;0.00390625;0.14208984375;0.8
81;81;85.37;0.15625;0.21875;0.390625;0.078125;0.0625;0.34375;0.53125;0.11328125;0.46875;0.484375;0.10546875;0.3828125;0.5703125;0.11328125;0.13671875;0.3125;0.6015625;0.130859375;0.390625;0.546875;0.10546875;0.3515625;0.234375;0.033203125;0.30078125;0.265625;0.0185546875;0.0576171875;0.015625;0.00390625;0.0009765625;0.015625;0.0;0.0;0.02734375;0.0;0.0;0.01953125;0.0;0.0;0.00390625;0.0;0.0;0.0234375;0.013671875;0.001953125;0.00341796875;0.013671875;0.001953125;0.111328125;0.01171875;0.001953125;0.12646484375;0.8;0.15625;0.234375;0.375;0.078125;0.0625;0.328125;0.53125;0.12109375;0.453125;0.484375;0.10546875;0.3671875;0.5625;0.11328125;0.1328125;0.3125;0.59375;0.1328125;0.390625;0.546875;0.109375;0.3515625;0.234375;0.033203125;0.30078125;0.26953125;0.0185546875;0.056640625;0.01953125;0.00390625;0.0009765625;0.015625;0.0;0.0;0.0234375;0.0;0.0;0.01953125;0.0;0.0;0.00390625;0.0;0.0;0.0234375;0.01171875;0.00244140625;0.00341796875;0.013671875;0.00390625;0.1298828125;0.009765625;0.00390625;0.14111328125;0.8
82;82;84.97;0.15625;0.21875;0.375;0.07421875;0.0625;0.359375;0.546875;0.11328125;0.46875;0.484375;0.10546875;0.3828125;0.5703125;0.11328125;0.140625;0.3203125;0.6015625;0.1328125;0.390625;0.5546875;0.107421875;0.359375;0.234375;0.033203125;0.3046875;0.2734375;0.01953125;0.056640625;0.015625;0.00390625;0.0009765625;0.015625;0.0;0.0;0.02734375;0.0;0.0;0.01953125;0.0;0.0;0.00390625;0.0;0.0;0.0234375;0.01171875;0.001953125;0.00341796875;0.013671875;0.0;0.1171875;0.01171875;0.001953125;0.11767578125;0.8;0.15625;0.21875;0.359375;0.078125;0.06640625;0.328125;0.53125;0.12109375;0.46875;0.484375;0.109375;0.375;0.5625;0.11328125;0.13671875;0.3125;0.59375;0.1328125;0.390625;0.546875;0.109375;0.359375;0.234375;0.033203125;0.3046875;0.26953125;0.0185546875;0.056640625;0.01953125;0.00390625;0.0009765625;0.01171875;0.0;0.0;0.0234375;0.0;0.0;0.01953125;0.0;0.0;0.00390625;0.0;0.0;0.0234375;0.01171875;0.001953125;0.00341796875;0.013671875;0.0390625;0.1328125;0.009765625;0.00390625;0.1376953125;0.8
83;83;86.38;0.15625;0.21875;0.375;0.078125;0.0625;0.359375;0.546875;0.11328125;0.46875;0.484375;0.10546875;0.390625;0.5625;0.11328125;0.140625;0.3203125;0.6015625;0.134765625;0.3984375;0.5546875;0.109375;0.359375;0.2421875;0.03515625;0.30859375;0.27734375;0.01953125;0.056640625;0.015625;0.00390625;0.0009765625;0.015625;0.0;0.0;0.0234375;0.0;0.0;0.01953125;0.0;0.0;0.0078125;0.0;0.0;0.025390625;0.01171875;0.00244140625;0.00341796875;0.013671875;0.001953125;0.11328125;0.01171875;0.001953125;0.11767578125;0.8;0.15625;0.234375;0.375;0.078125;0.06640625;0.328125;0.53125;0.12109375;0.453125;0.484375;0.109375;0.375;0.5625;0.11328125;0.13671875;0.3125;0.59375;0.134765625;0.3984375;0.5546875;0.111328125;0.359375;0.2421875;0.03515625;0.30859375;0.28125;0.01953125;0.0576171875;0.01953125;0.00390625;0.0009765625;0.015625;0.0;0.0;0.0234375;0.0;0.0;0.0234375;0.0;0.0;0.00390625;0.0;0.0;0.025390625;0.01171875;0.001953125;0.00341796875;0.013671875;0.009765625;0.12841796875;0.01171875;0.001953125;0.14013671875;0.8
84;84;85.99;0.15625;0.21875;0.390625;0.078125;0.0625;0.359375;0.546875;0.1171875;0.46875;0.484375;0.109375;0.390625;0.5703125;0.115234375;0.142578125;0.328125;0.609375;0.134765625;0.40625;0.5703125;0.11328125;0.375;0.25;0.037109375;0.31640625;0.2890625;0.01953125;0.0615234375;0.015625;0.00390625;0.0009765625;0.015625;0.0;0.0;0.0234375;0.0;0.0;0.01953125;0.0;0.0;0.0078125;0.0;0.0;0.025390625;0.01171875;0.001953125;0.00341796875;0.013671875;0.00390625;0.11083984375;0.01171875;0.0;0.12060546875;0.8;0.15625;0.234375;0.375;0.078125;0.06640625;0.328125;0.53125;0.12109375;0.46875;0.484375;0.109375;0.375;0.5625;0.115234375;0.138671875;0.3203125;0.59375;0.134765625;0.40625;0.5625;0.115234375;0.3671875;0.2421875;0.03515625;0.31640625;0.28515625;0.01953125;0.060546875;0.01953125;0.00390625;0.0009765625;0.015625;0.0;0.0;0.02734375;0.0;0.0;0.01953125;0.0;0.0;0.00390625;0.0;0.0;0.025390625;0.01171875;0.00244140625;0.00341796875;0.013671875;0.0859375;0.13427734375;0.009765625;0.001953125;0.14111328125;0.8
85;85;86.17;0.15625;0.21875;0.390625;0.078125;0.06640625;0.359375;0.5625;0.1171875;0.484375;0.5;0.109375;0.3984375;0.5703125;0.115234375;0.146484375;0.328125;0.609375;0.138671875;0.4140625;0.5625;0.11328125;0.375;0.25;0.0390625;0.3203125;0.28125;0.0205078125;0.05859375;0.015625;0.00390625;0.0009765625;0.01953125;0.0;0.0;0.02734375;0.0;0.0;0.01953125;0.0;0.0;0.0078125;0.0;0.0;0.025390625;0.01171875;0.00244140625;0.00341796875;0.013671875;0.00390625;0.10986328125;0.01171875;0.001953125;0.1220703125;0.8;0.15625;0.234375;0.375;0.078125;0.06640625;0.34375;0.546875;0.125;0.46875;0.484375;0.11328125;0.3828125;0.5703125;0.115234375;0.140625;0.3203125;0.609375;0.13671875;0.4140625;0.5625;0.1171875;0.375;0.25;0.0390625;0.32421875;0.29296875;0.0205078125;0.0615234375;0.01953125;0.00390625;0.0009765625;0.015625;0.0;0.0;0.02734375;0.0;0.0;0.01953125;0.0;0.0;0.00390625;0.0;0.0;0.025390625;0.01171875;0.00244140625;0.00341796875;0.013671875;0.005859375;0.1318359375;0.009765625;0.001953125;0.146484375;0.8
86;86;86.61;0.15625;0.21875;0.390625;0.078125;0.06640625;0.359375;0.5625;0.1171875;0.484375;0.5;0.109375;0.3984375;0.578125;0.1171875;0.14453125;0.328125;0.6171875;0.13671875;0.4140625;0.5703125;0.115234375;0.3828125;0.25;0.037109375;0.3203125;0.28515625;0.0205078125;0.0615234375;0.015625;0.00390625;0.0009765625;0.01953125;0.0;0.0;0.02734375;0.0;0.0;0.01953125;0.0;0.0;0.0078125;0.0;0.0;0.025390625;0.01171875;0.001953125;0.00341796875;0.013671875;0.0;0.11669921875;0.01171875;0.001953125;0.119140625;0.8;0.15625;0.234375;0.375;0.078125;0.06640625;0.34375;0.5625;0.125;0.46875;0.484375;0.11328125;0.3828125;0.5703125;0.115234375;0.140625;0.3203125;0.609375;0.138671875;0.4140625;0.5625;0.1171875;0.3828125;0.25;0.037109375;0.32421875;0.29296875;0.0205078125;0.0615234375;0.01953125;0.00390625;0.0009765625;0.015625;0.0;0.0;0.02734375;0.0;0.0;0.01953125;0.0;0.0;0.00390625;0.0;0.0;0.025390625;0.013671875;0.00244140625;0.00341796875;0.013671875;0.0;0.13134765625;0.009765625;0.001953125;0.14013671875;0.8
87;87;87.22;0.15625;0.21875;0.390625;0.078125;0.06640625;0.359375;0.5625;0.12109375;0.484375;0.5;0.11328125;0.3984375;0.578125;0.1171875;0.146484375;0.3359375;0.6171875;0.138671875;0.4140625;0.5703125;0.115234375;0.390625;0.25;0.0390625;0.328125;0.28125;0.0205078125;0.0595703125;0.015625;0.00390625;0.0009765625;0.01953125;0.0;0.0;0.02734375;0.0;0.0;0.0234375;0.0;0.0;0.0078125;0.0;0.0;0.025390625;0.013671875;0.00244140625;0.00341796875;0.013671875;0.0;0.10888671875;0.01171875;0.00390625;0.12451171875;0.8;0.15625;0.234375;0.375;0.078125;0.06640625;0.34375;0.5625;0.125;0.484375;0.5;0.11328125;0.3828125;0.578125;0.1171875;0.142578125;0.328125;0.609375;0.138671875;0.4140625;0.5625;0.1171875;0.390625;0.25;0.0390625;0.33203125;0.296875;0.021484375;0.0625;0.01953125;0.00390625;0.0009765625;0.015625;0.0;0.0;0.02734375;0.0;0.0;0.01953125;0.0;0.0;0.00390625;0.0;0.0;0.025390625;0.013671875;0.00244140625;0.00341796875;0.013671875;0.00390625;0.13525390625;0.009765625;0.001953125;0.13720703125;0.8
88;88;86.75;0.15625;0.21875;0.390625;0.078125;0.06640625;0.359375;0.5625;0.1171875;0.484375;0.5;0.11328125;0.3984375;0.578125;0.1171875;0.146484375;0.3359375;0.6171875;0.140625;0.421875;0.5703125;0.1171875;0.390625;0.25;0.0390625;0.33203125;0.28125;0.021484375;0.060546875;0.015625;0.00390625;0.0009765625;0.01953125;0.0;0.0;0.02734375;0.0;0.0;0.01953125;0.0;0.0;0.00390625;0.0;0.0;0.025390625;0.013671875;0.00244140625;0.00341796875;0.013671875;0.0;0.1142578125;0.01171875;0.001953125;0.1220703125;0.8;0.15625;0.234375;0.390625;0.08203125;0.06640625;0.34375;0.5625;0.125;0.484375;0.5;0.11328125;0.390625;0.578125;0.1171875;0.142578125;0.3359375;0.609375;0.138671875;0.421875;0.5703125;0.119140625;0.390625;0.25;0.041015625;0.3359375;0.296875;0.021484375;0.0634765625;0.01953125;0.00390625;0.0009765625;0.015625;0.0;0.0;0.02734375;0.0;0.0;0.01953125;0.0;0.0;0.00390625;0.0;0.0;0.025390625;0.013671875;0.00244140625;0.00341796875;0.013671875;0.0;0.1328125;0.009765625;0.001953125;0.14013671875;0.8
89;89;88.28;0.15625;0.234375;0.390625;0.078125;0.06640625;0.375;0.5625;0.12109375;0.484375;0.5;0.11328125;0.3984375;0.5859375;0.1171875;0.1484375;0.3359375;0.6171875;0.138671875;0.421875;0.5703125;0.119140625;0.390625;0.2578125;0.0390625;0.33984375;0.29296875;0.0224609375;0.064453125;0.01953125;0.00390625;0.0009765625;0.01953125;0.0;0.0;0.02734375;0.0;0.0;0.01953125;0.0;0.0;0.00390625;0.0;0.0;0.025390625;0.015625;0.00244140625;0.00341796875;0.013671875;0.009765625;0.1162109375;0.01171875;0.00390625;0.1259765625;0.8;0.15625;0.234375;0.375;0.08203125;0.06640625;0.359375;0.5625;0.125;0.484375;0.5;0.11328125;0.390625;0.578125;0.1171875;0.146484375;0.3359375;0.6171875;0.140625;0.4296875;0.5703125;0.12109375;0.390625;0.2578125;0.041015625;0.33984375;0.30078125;0.021484375;0.064453125;0.01953125;0.00390625;0.0009765625;0.015625;0.0;0.0;0.02734375;0.0;0.0;0.0234375;0.0;0.0;0.00390625;0.0;0.0;0.025390625;0.015625;0.00244140625;0.00341796875;0.013671875;0.005859375;0.13134765625;0.009765625;0.00390625;0.1455078125;0.8
90;90;88.12;0.15625;0.234375;0.390625;0.078125;0.06640625;0.375;0.578125;0.12109375;0.484375;0.5;0.11328125;0.40625;0.5859375;0.119140625;0.150390625;0.34375;0.625;0.142578125;0.4296875;0.578125;0.12109375;0.40625;0.265625;0.041015625;0.34375;0.296875;0.0224609375;0.0654296875;0.015625;0.00390625;0.0009765625;0.01953125;0.0;0.0;0.02734375;0.0;0.0;0.0234375;0.0;0.0;0.0078125;0.0;0.0;0.025390625;0.015625;0.00244140625;0.00341796875;0.013671875;0.001953125;0.111328125;0.01171875;0.0;0.1240234375;0.8;0.15625;0.234375;0.390625;0.08203125;0.06640625;0.359375;0.5625;0.125;0.484375;0.5;0.11328125;0.3984375;0.578125;0.119140625;0.146484375;0.3359375;0.6171875;0.140625;0.4296875;0.578125;0.123046875;0.3984375;0.2578125;0.041015625;0.34765625;0.30078125;0.0224609375;0.064453125;0.01953125;0.00390625;0.0009765625;0.015625;0.0;0.0;0.02734375;0.0;0.0;0.01953125;0.0;0.0;0.00390625;0.0;0.0;0.025390625;0.013671875;0.00244140625;0.00341796875;0.013671875;0.00390625;0.13134765625;0.009765625;0.0;0.1396484375;0.8
91;91;88.25;0.15625;0.234375;0.390625;0.08203125;0.06640625;0.375;0.578125;0.12109375;0.484375;0.5;0.11328125;0.40625;0.5859375;0.119140625;0.150390625;0.34375;0.625;0.142578125;0.4296875;0.578125;0.12109375;0.40625;0.265625;0.041015625;0.34765625;0.30078125;0.0224609375;0.064453125;0.01953125;0.00390625;0.0009765625;0.01953125;0.0;0.0;0.02734375;0.0;0.0;0.0234375;0.0;0.0;0.0078125;0.0;0.0;0.025390625;0.015625;0.00244140625;0.00341796875;0.013671875;0.05078125;0.1103515625;0.01171875;0.001953125;0.1220703125;0.8;0.15625;0.234375;0.390625;0.08203125;0.06640625;0.359375;0.5625;0.125;0.484375;0.5;0.11328125;0.3984375;0.578125;0.119140625;0.146484375;0.3359375;0.6171875;0.142578125;0.4375;0.5859375;0.125;0.40625;0.265625;0.041015625;0.3515625;0.30859375;0.0224609375;0.06640625;0.01953125;0.00390625;0.0009765625;0.015625;0.0;0.0;0.02734375;0.0;0.0;0.01953125;0.0;0.0;0.00390625;0.0;0.0;0.02734375;0.015625;0.00244140625;0.00341796875;0.013671875;0.017578125;0.12841796875;0.01171875;0.001953125;0.1376953125;0.8
92;92;88.41;0.15625;0.234375;0.390625;0.08203125;0.06640625;0.375;0.578125;0.12109375;0.484375;0.5;0.11328125;0.40625;0.5859375;0.119140625;0.150390625;0.34375;0.625;0.142578125;0.4296875;0.578125;0.12109375;0.40625;0.265625;0.041015625;0.34765625;0.29296875;0.021484375;0.0654296875;0.01953125;0.00390625;0.0009765625;0.01953125;0.0;0.0;0.02734375;0.0;0.0;0.01953125;0.0;0.0;0.0078125;0.0;0.0;0.025390625;0.015625;0.00244140625;0.00341796875;0.013671875;0.00390625;0.11474609375;0.01171875;0.0;0.123046875;0.8;0.15625;0.234375;0.390625;0.08203125;0.06640625;0.359375;0.5625;0.12890625;0.484375;0.5;0.11328125;0.3984375;0.578125;0.119140625;0.146484375;0.3359375;0.6171875;0.142578125;0.4375;0.578125;0.123046875;0.40625;0.265625;0.04296875;0.3515625;0.30859375;0.0224609375;0.06640625;0.01953125;0.00390625;0.0009765625;0.015625;0.0;0.0;0.02734375;0.0;0.0;0.01953125;0.0;0.0;0.0078125;0.0;0.0;0.02734375;0.015625;0.00244140625;0.00341796875;0.013671875;0.0078125;0.13427734375;0.009765625;0.0;0.1337890625;0.8
93;93;89.1;0.15625;0.234375;0.390625;0.08203125;0.06640625;0.375;0.578125;0.12109375;0.5;0.5;0.11328125;0.40625;0.5859375;0.119140625;0.15234375;0.34375;0.625;0.14453125;0.4375;0.578125;0.12109375;0.40625;0.2734375;0.041015625;0.34765625;0.30078125;0.0234375;0.0634765625;0.01953125;0.00390625;0.0009765625;0.01953125;0.0;0.0;0.02734375;0.0;0.0;0.0234375;0.0;0.0;0.0078125;0.0;0.0;0.025390625;0.013671875;0.00244140625;0.00341796875;0.013671875;0.0;0.111328125;0.01171875;0.001953125;0.1162109375;0.8;0.15625;0.234375;0.390625;0.08203125;0.06640625;0.359375;0.5625;0.12890625;0.484375;0.5;0.11328125;0.3984375;0.578125;0.119140625;0.1484375;0.3359375;0.6171875;0.14453125;0.4375;0.578125;0.123046875;0.40625;0.265625;0.041015625;0.35546875;0.30859375;0.0234375;0.06640625;0.01953125;0.00390625;0.0009765625;0.015625;0.0;0.0;0.02734375;0.0;0.0;0.0234375;0.0;0.0;0.0078125;0.0;0.0;0.02734375;0.015625;0.00244140625;0.00341796875;0.013671875;0.037109375;0.1318359375;0.01171875;0.001953125;0.1396484375;0.8
94;94;88.99;0.15625;0.234375;0.390625;0.08203125;0.06640625;0.375;0.578125;0.12109375;0.5;0.5;0.11328125;0.40625;0.5859375;0.119140625;0.15234375;0.34375;0.625;0.14453125;0.4375;0.5859375;0.123046875;0.40625;0.2734375;0.04296875;0.35546875;0.3046875;0.0234375;0.0693359375;0.01953125;0.00390625;0.0009765625;0.01953125;0.0;0.0;0.02734375;0.0;0.0;0.01953125;0.0;0.0;0.0078125;0.0;0.0;0.025390625;0.015625;0.00244140625;0.00341796875;0.013671875;0.005859375;0.11572265625;0.01171875;0.001953125;0.115234375;0.8;0.15625;0.234375;0.390625;0.08203125;0.06640625;0.359375;0.578125;0.12890625;0.484375;0.5;0.1171875;0.3984375;0.5859375;0.119140625;0.1484375;0.3359375;0.625;0.14453125;0.4375;0.5859375;0.125;0.40625;0.265625;0.04296875;0.359375;0.3125;0.0234375;0.0673828125;0.01953125;0.00390625;0.0009765625;0.015625;0.0;0.0;0.02734375;0.0;0.0;0.0234375;0.0;0.0;0.0078125;0.0;0.0;0.02734375;0.015625;0.00244140625;0.00341796875;0.013671875;0.00390625;0.1337890625;0.01171875;0.001953125;0.14111328125;0.8
95;95;89.25;0.15625;0.234375;0.390625;0.08203125;0.06640625;0.375;0.578125;0.12109375;0.5;0.5;0.11328125;0.40625;0.5859375;0.119140625;0.15234375;0.3515625;0.6328125;0.14453125;0.4375;0.5859375;0.123046875;0.4140625;0.2734375;0.04296875;0.359375;0.3046875;0.0234375;0.068359375;0.01953125;0.00390625;0.0009765625;0.01953125;0.0;0.0;0.02734375;0.0;0.0;0.01953125;0.0;0.0;0.0078125;0.0;0.0;0.025390625;0.015625;0.00244140625;0.00341796875;0.013671875;0.10546875;0.1103515625;0.01171875;0.001953125;0.11962890625;0.8;0.15625;0.234375;0.390625;0.08203125;0.06640625;0.359375;0.578125;0.12890625;0.484375;0.5;0.1171875;0.3984375;0.5859375;0.119140625;0.1484375;0.34375;0.625;0.14453125;0.4453125;0.5859375;0.125;0.4140625;0.2734375;0.04296875;0.359375;0.3125;0.0234375;0.068359375;0.01953125;0.00390625;0.0009765625;0.015625;0.0;0.0;0.02734375;0.0;0.0;0.0234375;0.0;0.0;0.0078125;0.0;0.0;0.02734375;0.015625;0.00244140625;0.00341796875;0.013671875;0.015625;0.1279296875;0.01171875;0.001953125;0.1337890625;0.8
96;96;89.12;0.15625;0.21875;0.390625;0.08203125;0.06640625;0.375;0.578125;0.12109375;0.5;0.5;0.11328125;0.40625;0.5859375;0.119140625;0.15234375;0.34375;0.625;0.14453125;0.4453125;0.5859375;0.123046875;0.40625;0.2734375;0.04296875;0.35546875;0.3046875;0.0234375;0.0654296875;0.015625;0.00390625;0.0009765625;0.01953125;0.0;0.0;0.02734375;0.0;0.0;0.0234375;0.0;0.0;0.0078125;0.0;0.0;0.025390625;0.013671875;0.00244140625;0.00341796875;0.013671875;0.0078125;0.1103515625;0.01171875;0.0;0.11865234375;0.8;0.15625;0.234375;0.390625;0.08203125;0.06640625;0.359375;0.578125;0.12890625;0.484375;0.5;0.11328125;0.3984375;0.5859375;0.119140625;0.1484375;0.34375;0.625;0.14453125;0.4453125;0.5859375;0.126953125;0.4140625;0.2734375;0.04296875;0.359375;0.3125;0.0234375;0.068359375;0.01953125;0.00390625;0.0009765625;0.015625;0.0;0.0;0.02734375;0.0;0.0;0.0234375;0.0;0.0;0.0078125;0.0;0.0;0.02734375;0.015625;0.00244140625;0.00341796875;0.013671875;0.001953125;0.12548828125;0.01171875;0.0;0.13818359375;0.8
97;97;89.29;0.15625;0.234375;0.390625;0.08203125;0.06640625;0.375;0.578125;0.12109375;0.5;0.5;0.11328125;0.40625;0.5859375;0.119140625;0.15234375;0.34375;0.625;0.14453125;0.4453125;0.5859375;0.123046875;0.4140625;0.2734375;0.04296875;0.35546875;0.3046875;0.0234375;0.06640625;0.01953125;0.00390625;0.0009765625;0.01953125;0.0;0.0;0.02734375;0.0;0.0;0.0234375;0.0;0.0;0.0078125;0.0;0.0;0.02734375;0.015625;0.00244140625;0.00341796875;0.013671875;0.0078125;0.109375;0.01171875;0.00390625;0.11865234375;0.8;0.15625;0.234375;0.390625;0.08203125;0.06640625;0.359375;0.578125;0.12890625;0.484375;0.5;0.1171875;0.3984375;0.5859375;0.119140625;0.1484375;0.34375;0.625;0.14453125;0.4453125;0.5859375;0.126953125;0.4140625;0.2734375;0.04296875;0.359375;0.3125;0.0234375;0.068359375;0.01953125;0.00390625;0.0009765625;0.015625;0.0;0.0;0.02734375;0.0;0.0;0.0234375;0.0;0.0;0.0078125;0.0;0.0;0.02734375;0.015625;0.00244140625;0.00341796875;0.013671875;0.0;0.1279296875;0.01171875;0.00390625;0.1416015625;0.8
98;98;89.16;0.15625;0.234375;0.390625;0.08203125;0.06640625;0.375;0.578125;0.12109375;0.5;0.5;0.11328125;0.40625;0.5859375;0.119140625;0.15234375;0.34375;0.6328125;0.146484375;0.4375;0.5859375;0.125;0.4140625;0.2734375;0.04296875;0.35546875;0.3046875;0.0234375;0.068359375;0.015625;0.00390625;0.0009765625;0.01953125;0.0;0.0;0.02734375;0.0;0.0;0.0234375;0.0;0.0;0.0078125;0.0;0.0;0.025390625;0.013671875;0.00244140625;0.00341796875;0.013671875;0.0;0.111328125;0.01171875;0.001953125;0.11962890625;0.8;0.15625;0.234375;0.390625;0.08203125;0.06640625;0.359375;0.578125;0.12890625;0.484375;0.5;0.1171875;0.3984375;0.5859375;0.119140625;0.1484375;0.34375;0.625;0.14453125;0.4453125;0.5859375;0.126953125;0.4140625;0.2734375;0.04296875;0.359375;0.3125;0.0234375;0.068359375;0.01953125;0.00390625;0.0009765625;0.015625;0.0;0.0;0.02734375;0.0;0.0;0.0234375;0.0;0.0;0.0078125;0.0;0.0;0.02734375;0.015625;0.00244140625;0.00341796875;0.013671875;0.00390625;0.134765625;0.01171875;0.001953125;0.13720703125;0.8
99;99;89.32;0.15625;0.234375;0.390625;0.08203125;0.06640625;0.375;0.578125;0.12109375;0.5;0.5;0.11328125;0.40625;0.5859375;0.119140625;0.15234375;0.34375;0.625;0.14453125;0.4375;0.578125;0.123046875;0.4140625;0.2734375;0.04296875;0.35546875;0.3046875;0.0234375;0.06640625;0.01953125;0.00390625;0.0009765625;0.01953125;0.0;0.0;0.02734375;0.0;0.0;0.0234375;0.0;0.0;0.0078125;0.0;0.0;0.02734375;0.015625;0.00244140625;0.00341796875;0.013671875;0.005859375;0.1064453125;0.01171875;0.001953125;0.11279296875;0.8;0.15625;0.234375;0.390625;0.08203125;0.06640625;0.359375;0.578125;0.12890625;0.484375;0.5;0.1171875;0.3984375;0.5859375;0.119140625;0.1484375;0.34375;0.625;0.14453125;0.4453125;0.5859375;0.126953125;0.4140625;0.2734375;0.04296875;0.359375;0.3125;0.0234375;0.068359375;0.01953125;0.00390625;0.0009765625;0.015625;0.0;0.0;0.02734375;0.0;0.0;0.0234375;0.0;0.0;0.0078125;0.0;0.0;0.02734375;0.015625;0.00244140625;0.00341796875;0.013671875;0.005859375;0.12744140625;0.01171875;0.001953125;0.1318359375;0.8
