;Epoch;test_accuracy;train-saturation_conv1;train-saturation_layer1-0-conv1;train-saturation_layer1-0-conv2;train-saturation_layer1-0-conv3;train-saturation_layer1-0-shortcut-0;train-saturation_layer1-1-conv1;train-saturation_layer1-1-conv2;train-saturation_layer1-1-conv3;train-saturation_layer1-2-conv1;train-saturation_layer1-2-conv2;train-saturation_layer1-2-conv3;train-saturation_layer2-0-conv1;train-saturation_layer2-0-conv2;train-saturation_layer2-0-conv3;train-saturation_layer2-0-shortcut-0;train-saturation_layer2-1-conv1;train-saturation_layer2-1-conv2;train-saturation_layer2-1-conv3;train-saturation_layer2-2-conv1;train-saturation_layer2-2-conv2;train-saturation_layer2-2-conv3;train-saturation_layer2-3-conv1;train-saturation_layer2-3-conv2;train-saturation_layer2-3-conv3;train-saturation_layer3-0-conv1;train-saturation_layer3-0-conv2;train-saturation_layer3-0-conv3;train-saturation_layer3-0-shortcut-0;train-saturation_layer3-1-conv1;train-saturation_layer3-1-conv2;train-saturation_layer3-1-conv3;train-saturation_layer3-2-conv1;train-saturation_layer3-2-conv2;train-saturation_layer3-2-conv3;train-saturation_layer3-3-conv1;train-saturation_layer3-3-conv2;train-saturation_layer3-3-conv3;train-saturation_layer3-4-conv1;train-saturation_layer3-4-conv2;train-saturation_layer3-4-conv3;train-saturation_layer3-5-conv1;train-saturation_layer3-5-conv2;train-saturation_layer3-5-conv3;train-saturation_layer4-0-conv1;train-saturation_layer4-0-conv2;train-saturation_layer4-0-conv3;train-saturation_layer4-0-shortcut-0;train-saturation_layer4-1-conv1;train-saturation_layer4-1-conv2;train-saturation_layer4-1-conv3;train-saturation_layer4-2-conv1;train-saturation_layer4-2-conv2;train-saturation_layer4-2-conv3;train-saturation_linear;eval-saturation_conv1;eval-saturation_layer1-0-conv1;eval-saturation_layer1-0-conv2;eval-saturation_layer1-0-conv3;eval-saturation_layer1-0-shortcut-0;eval-saturation_layer1-1-conv1;eval-saturation_layer1-1-conv2;eval-saturation_layer1-1-conv3;eval-saturation_layer1-2-conv1;eval-saturation_layer1-2-conv2;eval-saturation_layer1-2-conv3;eval-saturation_layer2-0-conv1;eval-saturation_layer2-0-conv2;eval-saturation_layer2-0-conv3;eval-saturation_layer2-0-shortcut-0;eval-saturation_layer2-1-conv1;eval-saturation_layer2-1-conv2;eval-saturation_layer2-1-conv3;eval-saturation_layer2-2-conv1;eval-saturation_layer2-2-conv2;eval-saturation_layer2-2-conv3;eval-saturation_layer2-3-conv1;eval-saturation_layer2-3-conv2;eval-saturation_layer2-3-conv3;eval-saturation_layer3-0-conv1;eval-saturation_layer3-0-conv2;eval-saturation_layer3-0-conv3;eval-saturation_layer3-0-shortcut-0;eval-saturation_layer3-1-conv1;eval-saturation_layer3-1-conv2;eval-saturation_layer3-1-conv3;eval-saturation_layer3-2-conv1;eval-saturation_layer3-2-conv2;eval-saturation_layer3-2-conv3;eval-saturation_layer3-3-conv1;eval-saturation_layer3-3-conv2;eval-saturation_layer3-3-conv3;eval-saturation_layer3-4-conv1;eval-saturation_layer3-4-conv2;eval-saturation_layer3-4-conv3;eval-saturation_layer3-5-conv1;eval-saturation_layer3-5-conv2;eval-saturation_layer3-5-conv3;eval-saturation_layer4-0-conv1;eval-saturation_layer4-0-conv2;eval-saturation_layer4-0-conv3;eval-saturation_layer4-0-shortcut-0;eval-saturation_layer4-1-conv1;eval-saturation_layer4-1-conv2;eval-saturation_layer4-1-conv3;eval-saturation_layer4-2-conv1;eval-saturation_layer4-2-conv2;eval-saturation_layer4-2-conv3;eval-saturation_linear
0;0;50.13;0.109375;0.34375;0.484375;0.1640625;0.109375;0.671875;0.6875;0.19140625;0.734375;0.75;0.1953125;0.671875;0.7421875;0.19140625;0.314453125;0.765625;0.828125;0.20703125;0.8046875;0.84375;0.20703125;0.8203125;0.8359375;0.19921875;0.71484375;0.73828125;0.171875;0.3203125;0.7265625;0.76953125;0.177734375;0.73046875;0.71484375;0.1630859375;0.73046875;0.74609375;0.16796875;0.71875;0.74609375;0.1669921875;0.71875;0.734375;0.16015625;0.599609375;0.44921875;0.1015625;0.19921875;0.580078125;0.60546875;0.13623046875;0.634765625;0.6328125;0.14599609375;0.6;0.109375;0.34375;0.5;0.1640625;0.109375;0.703125;0.75;0.1953125;0.75;0.78125;0.1953125;0.6953125;0.7734375;0.19140625;0.328125;0.78125;0.84375;0.203125;0.8046875;0.84375;0.201171875;0.8125;0.8125;0.1875;0.703125;0.71875;0.1611328125;0.322265625;0.7109375;0.74609375;0.169921875;0.7109375;0.6875;0.1552734375;0.7109375;0.7265625;0.16015625;0.69921875;0.734375;0.1630859375;0.69921875;0.71875;0.1552734375;0.58203125;0.44921875;0.10009765625;0.203125;0.580078125;0.60546875;0.1357421875;0.634765625;0.63671875;0.1455078125;0.5
1;1;58.28;0.109375;0.34375;0.546875;0.17578125;0.11328125;0.703125;0.703125;0.19140625;0.734375;0.765625;0.1953125;0.671875;0.71875;0.185546875;0.31640625;0.75;0.8125;0.203125;0.78125;0.8046875;0.197265625;0.796875;0.8046875;0.189453125;0.69921875;0.69921875;0.1650390625;0.3115234375;0.69921875;0.75;0.173828125;0.7109375;0.70703125;0.1611328125;0.7265625;0.74609375;0.1689453125;0.703125;0.74609375;0.166015625;0.71875;0.73828125;0.1611328125;0.603515625;0.447265625;0.10205078125;0.2001953125;0.609375;0.642578125;0.146484375;0.671875;0.6640625;0.15185546875;0.6;0.125;0.375;0.609375;0.1796875;0.1171875;0.734375;0.765625;0.203125;0.78125;0.8125;0.203125;0.703125;0.765625;0.19140625;0.337890625;0.78125;0.84375;0.20703125;0.8046875;0.8359375;0.19921875;0.8046875;0.8046875;0.189453125;0.69921875;0.703125;0.1630859375;0.3232421875;0.68359375;0.69921875;0.162109375;0.67578125;0.609375;0.140625;0.67578125;0.66796875;0.150390625;0.63671875;0.65234375;0.14453125;0.65234375;0.62890625;0.13671875;0.53125;0.314453125;0.06982421875;0.16943359375;0.49609375;0.46484375;0.1025390625;0.56640625;0.515625;0.1142578125;0.6
2;2;66.29;0.125;0.359375;0.578125;0.1796875;0.1171875;0.703125;0.703125;0.19140625;0.75;0.765625;0.1953125;0.6796875;0.7265625;0.1875;0.322265625;0.7578125;0.8203125;0.208984375;0.796875;0.828125;0.203125;0.8125;0.8359375;0.201171875;0.71875;0.734375;0.17578125;0.326171875;0.73828125;0.77734375;0.185546875;0.7578125;0.734375;0.1689453125;0.75390625;0.75390625;0.1708984375;0.7421875;0.75;0.16796875;0.73828125;0.73046875;0.1591796875;0.62109375;0.41796875;0.0908203125;0.19921875;0.57421875;0.55078125;0.1201171875;0.626953125;0.595703125;0.1318359375;0.6;0.125;0.375;0.609375;0.18359375;0.12109375;0.734375;0.75;0.19921875;0.78125;0.796875;0.203125;0.703125;0.7578125;0.189453125;0.337890625;0.765625;0.8359375;0.208984375;0.8046875;0.8359375;0.203125;0.8046875;0.8125;0.1953125;0.703125;0.703125;0.1669921875;0.328125;0.70703125;0.7265625;0.173828125;0.70703125;0.65625;0.150390625;0.69140625;0.671875;0.15234375;0.671875;0.66796875;0.1484375;0.6640625;0.6328125;0.13671875;0.541015625;0.310546875;0.068359375;0.17431640625;0.5;0.4453125;0.09619140625;0.5625;0.49609375;0.1083984375;0.7
3;3;70.04;0.125;0.34375;0.578125;0.1796875;0.1171875;0.703125;0.71875;0.1953125;0.75;0.765625;0.19921875;0.6875;0.7421875;0.193359375;0.32421875;0.765625;0.8359375;0.212890625;0.8046875;0.8515625;0.212890625;0.8359375;0.875;0.21484375;0.75;0.8125;0.201171875;0.34375;0.79296875;0.8515625;0.212890625;0.82421875;0.83984375;0.2001953125;0.828125;0.84375;0.19921875;0.81640625;0.828125;0.1904296875;0.81640625;0.81640625;0.1845703125;0.703125;0.53125;0.115234375;0.240234375;0.642578125;0.60546875;0.1328125;0.68359375;0.64453125;0.14306640625;0.7;0.125;0.375;0.625;0.18359375;0.125;0.734375;0.78125;0.20703125;0.78125;0.8125;0.20703125;0.71875;0.7734375;0.197265625;0.345703125;0.78125;0.8515625;0.212890625;0.828125;0.875;0.216796875;0.84375;0.890625;0.216796875;0.765625;0.83203125;0.203125;0.3583984375;0.8046875;0.859375;0.2138671875;0.8359375;0.87109375;0.20703125;0.84375;0.87890625;0.208984375;0.84765625;0.875;0.205078125;0.8515625;0.875;0.2021484375;0.75;0.681640625;0.15087890625;0.2861328125;0.71875;0.7265625;0.17041015625;0.75390625;0.75390625;0.17626953125;0.7
4;4;72.74;0.125;0.359375;0.59375;0.18359375;0.12109375;0.71875;0.734375;0.1953125;0.765625;0.78125;0.203125;0.6953125;0.7421875;0.1953125;0.33203125;0.765625;0.8359375;0.212890625;0.8125;0.8515625;0.212890625;0.8359375;0.859375;0.2109375;0.74609375;0.78515625;0.19140625;0.3447265625;0.765625;0.8046875;0.19921875;0.7890625;0.7734375;0.1796875;0.78515625;0.796875;0.185546875;0.7734375;0.78515625;0.1767578125;0.77734375;0.7734375;0.171875;0.65625;0.455078125;0.09716796875;0.21240234375;0.599609375;0.537109375;0.11572265625;0.640625;0.576171875;0.12451171875;0.7;0.140625;0.375;0.640625;0.1875;0.125;0.734375;0.78125;0.203125;0.78125;0.8125;0.20703125;0.7109375;0.765625;0.197265625;0.34375;0.765625;0.8359375;0.212890625;0.8203125;0.8671875;0.21484375;0.8359375;0.859375;0.2109375;0.75;0.79296875;0.1943359375;0.353515625;0.77734375;0.8203125;0.2041015625;0.8046875;0.80859375;0.1904296875;0.8046875;0.828125;0.1943359375;0.80078125;0.82421875;0.189453125;0.8046875;0.81640625;0.185546875;0.69140625;0.55859375;0.12109375;0.24755859375;0.650390625;0.626953125;0.1416015625;0.6953125;0.666015625;0.1494140625;0.7
5;5;77.82;0.140625;0.390625;0.625;0.1875;0.12890625;0.734375;0.75;0.19921875;0.78125;0.796875;0.20703125;0.7109375;0.7421875;0.1953125;0.33984375;0.765625;0.84375;0.21484375;0.8203125;0.859375;0.21484375;0.8359375;0.8671875;0.212890625;0.75390625;0.80078125;0.1982421875;0.3505859375;0.78515625;0.83203125;0.2099609375;0.81640625;0.828125;0.1982421875;0.81640625;0.8359375;0.197265625;0.8125;0.828125;0.1923828125;0.8125;0.8203125;0.1875;0.69921875;0.5390625;0.11669921875;0.236328125;0.6328125;0.587890625;0.13134765625;0.67578125;0.634765625;0.14111328125;0.7;0.140625;0.390625;0.65625;0.19140625;0.12890625;0.75;0.78125;0.203125;0.796875;0.8125;0.2109375;0.71875;0.765625;0.1953125;0.34765625;0.765625;0.84375;0.21484375;0.8203125;0.875;0.21875;0.8359375;0.875;0.216796875;0.76171875;0.828125;0.20703125;0.361328125;0.80078125;0.85546875;0.216796875;0.84375;0.87890625;0.2158203125;0.85546875;0.89453125;0.2177734375;0.8671875;0.90234375;0.216796875;0.87109375;0.90625;0.21484375;0.78125;0.763671875;0.1787109375;0.31005859375;0.7421875;0.755859375;0.18603515625;0.765625;0.76953125;0.185546875;0.7
6;6;77.54;0.140625;0.375;0.609375;0.1875;0.12890625;0.734375;0.75;0.19921875;0.765625;0.78125;0.203125;0.7109375;0.75;0.197265625;0.3359375;0.765625;0.8359375;0.216796875;0.8203125;0.8671875;0.21875;0.84375;0.8828125;0.21875;0.76953125;0.828125;0.208984375;0.359375;0.80859375;0.859375;0.2177734375;0.84765625;0.875;0.2158203125;0.8515625;0.87890625;0.2138671875;0.85546875;0.87890625;0.2099609375;0.8515625;0.859375;0.2001953125;0.74609375;0.611328125;0.1357421875;0.263671875;0.677734375;0.64453125;0.14501953125;0.705078125;0.673828125;0.15087890625;0.7;0.140625;0.390625;0.65625;0.19140625;0.1328125;0.75;0.796875;0.20703125;0.796875;0.8125;0.20703125;0.71875;0.765625;0.197265625;0.345703125;0.7578125;0.8359375;0.21484375;0.8203125;0.875;0.21875;0.84375;0.875;0.21875;0.76171875;0.828125;0.2060546875;0.36328125;0.8046875;0.8515625;0.216796875;0.84375;0.87890625;0.2138671875;0.859375;0.89453125;0.2158203125;0.8671875;0.90234375;0.2158203125;0.87109375;0.90234375;0.212890625;0.78125;0.7578125;0.173828125;0.31103515625;0.73828125;0.75390625;0.18408203125;0.76171875;0.765625;0.18359375;0.7
7;7;77.62;0.140625;0.359375;0.59375;0.18359375;0.125;0.71875;0.75;0.19921875;0.765625;0.78125;0.203125;0.703125;0.734375;0.1953125;0.333984375;0.7578125;0.828125;0.21484375;0.8125;0.8515625;0.212890625;0.828125;0.859375;0.21484375;0.75390625;0.80078125;0.2021484375;0.3515625;0.78515625;0.83984375;0.2158203125;0.828125;0.87109375;0.2158203125;0.8359375;0.87109375;0.212890625;0.84375;0.87890625;0.2119140625;0.84375;0.875;0.20703125;0.736328125;0.63671875;0.1455078125;0.267578125;0.697265625;0.7109375;0.1689453125;0.724609375;0.716796875;0.1669921875;0.7;0.140625;0.390625;0.625;0.1875;0.1328125;0.734375;0.78125;0.203125;0.78125;0.796875;0.20703125;0.7109375;0.7578125;0.1953125;0.341796875;0.75;0.828125;0.21484375;0.8125;0.8671875;0.216796875;0.8359375;0.8671875;0.216796875;0.75390625;0.8203125;0.20703125;0.359375;0.80078125;0.84765625;0.2177734375;0.84375;0.8828125;0.2177734375;0.85546875;0.890625;0.2177734375;0.8671875;0.8984375;0.2177734375;0.87109375;0.8984375;0.2138671875;0.779296875;0.740234375;0.1708984375;0.30712890625;0.728515625;0.728515625;0.17822265625;0.751953125;0.7421875;0.17822265625;0.7
8;8;81.05;0.140625;0.375;0.625;0.1875;0.12890625;0.734375;0.734375;0.19921875;0.765625;0.78125;0.19921875;0.703125;0.7421875;0.1953125;0.3359375;0.7578125;0.828125;0.216796875;0.8125;0.8515625;0.21484375;0.8359375;0.8671875;0.21484375;0.75390625;0.80078125;0.201171875;0.3544921875;0.78515625;0.83203125;0.212890625;0.8203125;0.8359375;0.203125;0.82421875;0.84375;0.2021484375;0.828125;0.83984375;0.1982421875;0.8203125;0.83203125;0.19140625;0.70703125;0.533203125;0.1142578125;0.23779296875;0.62109375;0.5703125;0.12744140625;0.658203125;0.609375;0.13427734375;0.7;0.140625;0.40625;0.65625;0.19140625;0.1328125;0.734375;0.78125;0.20703125;0.78125;0.8125;0.20703125;0.71875;0.7578125;0.197265625;0.34375;0.7578125;0.828125;0.21484375;0.8125;0.859375;0.216796875;0.8359375;0.8671875;0.21484375;0.75390625;0.80859375;0.203125;0.359375;0.7890625;0.8359375;0.21484375;0.828125;0.8515625;0.2080078125;0.83984375;0.8671875;0.2080078125;0.84375;0.86328125;0.2060546875;0.84375;0.86328125;0.201171875;0.73828125;0.62890625;0.13916015625;0.27294921875;0.677734375;0.64453125;0.14892578125;0.71484375;0.681640625;0.15576171875;0.7
9;9;83.19;0.140625;0.375;0.625;0.1875;0.12890625;0.71875;0.734375;0.19921875;0.765625;0.765625;0.19921875;0.703125;0.734375;0.1953125;0.3359375;0.7578125;0.8359375;0.216796875;0.8125;0.8515625;0.216796875;0.8359375;0.8671875;0.216796875;0.75390625;0.8046875;0.203125;0.35546875;0.78515625;0.828125;0.2138671875;0.82421875;0.84765625;0.208984375;0.828125;0.8515625;0.205078125;0.83203125;0.84765625;0.201171875;0.828125;0.84375;0.1953125;0.71484375;0.568359375;0.12451171875;0.240234375;0.642578125;0.62890625;0.14453125;0.677734375;0.646484375;0.14697265625;0.7;0.140625;0.40625;0.65625;0.19140625;0.1328125;0.734375;0.765625;0.20703125;0.78125;0.796875;0.20703125;0.7109375;0.7421875;0.1953125;0.34375;0.7421875;0.828125;0.216796875;0.8125;0.859375;0.21875;0.8359375;0.875;0.21875;0.75390625;0.8125;0.2060546875;0.361328125;0.7890625;0.8359375;0.216796875;0.8359375;0.87109375;0.216796875;0.84765625;0.87890625;0.21484375;0.859375;0.8828125;0.212890625;0.859375;0.8828125;0.208984375;0.76171875;0.689453125;0.15673828125;0.291015625;0.708984375;0.693359375;0.166015625;0.736328125;0.712890625;0.1689453125;0.7
10;10;84.08;0.140625;0.375;0.625;0.1875;0.125;0.71875;0.734375;0.19921875;0.765625;0.78125;0.203125;0.703125;0.734375;0.1953125;0.3359375;0.7578125;0.828125;0.21484375;0.8125;0.8515625;0.21484375;0.828125;0.8671875;0.216796875;0.7578125;0.80859375;0.2060546875;0.3544921875;0.7890625;0.8359375;0.2177734375;0.8359375;0.875;0.2197265625;0.8515625;0.88671875;0.2197265625;0.859375;0.8828125;0.21484375;0.859375;0.87890625;0.2099609375;0.7578125;0.63671875;0.1435546875;0.27392578125;0.68359375;0.630859375;0.142578125;0.705078125;0.654296875;0.146484375;0.7;0.140625;0.40625;0.65625;0.19140625;0.1328125;0.75;0.78125;0.20703125;0.78125;0.8125;0.20703125;0.71875;0.75;0.197265625;0.34765625;0.7578125;0.828125;0.216796875;0.8203125;0.8671875;0.21875;0.8359375;0.8671875;0.21875;0.7578125;0.8125;0.20703125;0.36328125;0.7890625;0.8359375;0.2177734375;0.8359375;0.8671875;0.2158203125;0.84375;0.8671875;0.2109375;0.84375;0.84765625;0.2021484375;0.8359375;0.828125;0.19140625;0.716796875;0.529296875;0.11083984375;0.25341796875;0.623046875;0.505859375;0.10400390625;0.646484375;0.5390625;0.1103515625;0.8
11;11;84.71;0.140625;0.359375;0.609375;0.18359375;0.125;0.703125;0.734375;0.19921875;0.765625;0.765625;0.19921875;0.6953125;0.7265625;0.193359375;0.333984375;0.75;0.8203125;0.21484375;0.8046875;0.8515625;0.21484375;0.828125;0.8671875;0.21875;0.7578125;0.8125;0.208984375;0.35546875;0.7890625;0.83984375;0.2197265625;0.83984375;0.87890625;0.2216796875;0.85546875;0.88671875;0.2216796875;0.86328125;0.88671875;0.216796875;0.86328125;0.8828125;0.2119140625;0.765625;0.642578125;0.14599609375;0.27587890625;0.68359375;0.625;0.14111328125;0.703125;0.642578125;0.1435546875;0.8;0.15625;0.40625;0.640625;0.19140625;0.1328125;0.734375;0.78125;0.20703125;0.78125;0.796875;0.203125;0.7109375;0.75;0.197265625;0.34375;0.75;0.828125;0.216796875;0.8125;0.859375;0.21875;0.8359375;0.8671875;0.21875;0.75390625;0.8046875;0.2060546875;0.361328125;0.78125;0.82421875;0.2158203125;0.82421875;0.8515625;0.2109375;0.83203125;0.8515625;0.20703125;0.828125;0.828125;0.1962890625;0.81640625;0.8125;0.1884765625;0.703125;0.51171875;0.10888671875;0.24072265625;0.6171875;0.537109375;0.1171875;0.65625;0.57421875;0.12353515625;0.8
12;12;83.65;0.140625;0.375;0.640625;0.19140625;0.12890625;0.734375;0.75;0.203125;0.765625;0.78125;0.203125;0.7109375;0.7421875;0.19921875;0.33984375;0.7578125;0.828125;0.216796875;0.8125;0.859375;0.21875;0.8359375;0.8671875;0.21875;0.76171875;0.80078125;0.20703125;0.357421875;0.78515625;0.83203125;0.216796875;0.83203125;0.86328125;0.21484375;0.84375;0.87109375;0.21484375;0.8515625;0.86328125;0.2080078125;0.84765625;0.85546875;0.201171875;0.7421875;0.587890625;0.1298828125;0.2568359375;0.650390625;0.6015625;0.134765625;0.67578125;0.626953125;0.1396484375;0.8;0.15625;0.40625;0.65625;0.1953125;0.1328125;0.734375;0.78125;0.20703125;0.78125;0.796875;0.20703125;0.7109375;0.75;0.19921875;0.34375;0.75;0.828125;0.216796875;0.8125;0.859375;0.21875;0.828125;0.8671875;0.21875;0.75390625;0.80078125;0.20703125;0.3623046875;0.78125;0.82421875;0.2158203125;0.828125;0.8515625;0.212890625;0.8359375;0.859375;0.2109375;0.8359375;0.83203125;0.19921875;0.8203125;0.81640625;0.189453125;0.69921875;0.5;0.10400390625;0.2373046875;0.59765625;0.51171875;0.1083984375;0.630859375;0.55078125;0.115234375;0.8
13;13;84.39;0.15625;0.375;0.640625;0.19140625;0.12890625;0.71875;0.734375;0.203125;0.765625;0.765625;0.19921875;0.703125;0.7265625;0.197265625;0.3359375;0.75;0.8203125;0.216796875;0.8125;0.8515625;0.21875;0.828125;0.8671875;0.21875;0.76171875;0.80078125;0.20703125;0.3583984375;0.78515625;0.828125;0.216796875;0.83203125;0.85546875;0.2138671875;0.83984375;0.86328125;0.2119140625;0.84375;0.85546875;0.205078125;0.8359375;0.84375;0.197265625;0.728515625;0.560546875;0.12451171875;0.25048828125;0.638671875;0.607421875;0.138671875;0.66796875;0.63671875;0.14501953125;0.8;0.15625;0.40625;0.65625;0.19140625;0.1328125;0.734375;0.765625;0.20703125;0.78125;0.796875;0.20703125;0.7109375;0.734375;0.1953125;0.34375;0.7421875;0.8203125;0.216796875;0.8125;0.859375;0.21875;0.828125;0.8671875;0.21875;0.75390625;0.80078125;0.20703125;0.3623046875;0.78125;0.828125;0.216796875;0.828125;0.859375;0.21484375;0.83984375;0.8671875;0.212890625;0.84375;0.85546875;0.2060546875;0.8359375;0.83984375;0.197265625;0.728515625;0.56640625;0.1240234375;0.26171875;0.650390625;0.583984375;0.13134765625;0.681640625;0.615234375;0.13671875;0.8
14;14;85.83;0.15625;0.375;0.625;0.19140625;0.12890625;0.71875;0.75;0.203125;0.765625;0.765625;0.19921875;0.703125;0.7265625;0.1953125;0.337890625;0.75;0.8203125;0.216796875;0.8125;0.8515625;0.21875;0.828125;0.8671875;0.21875;0.76171875;0.8046875;0.208984375;0.359375;0.7890625;0.8359375;0.21875;0.8359375;0.875;0.2216796875;0.85546875;0.88671875;0.2236328125;0.8671875;0.89453125;0.2216796875;0.875;0.8984375;0.2197265625;0.779296875;0.6875;0.1611328125;0.28759765625;0.705078125;0.6640625;0.154296875;0.71875;0.673828125;0.154296875;0.8;0.15625;0.40625;0.65625;0.19140625;0.13671875;0.734375;0.765625;0.20703125;0.78125;0.796875;0.20703125;0.7109375;0.734375;0.1953125;0.34375;0.734375;0.8125;0.216796875;0.8125;0.859375;0.21875;0.828125;0.859375;0.216796875;0.75;0.78515625;0.2041015625;0.3603515625;0.7734375;0.8125;0.2138671875;0.81640625;0.8359375;0.2080078125;0.82421875;0.84375;0.20703125;0.82421875;0.828125;0.1982421875;0.81640625;0.8125;0.1884765625;0.6953125;0.490234375;0.10302734375;0.234375;0.60546875;0.5234375;0.1123046875;0.642578125;0.5546875;0.11865234375;0.8
15;15;86.07;0.140625;0.375;0.640625;0.19140625;0.12890625;0.71875;0.75;0.203125;0.765625;0.765625;0.19921875;0.7109375;0.734375;0.19921875;0.33984375;0.75;0.8203125;0.216796875;0.8125;0.859375;0.21875;0.8359375;0.8671875;0.220703125;0.765625;0.80859375;0.2099609375;0.361328125;0.79296875;0.8359375;0.21875;0.8359375;0.875;0.22265625;0.85546875;0.88671875;0.2236328125;0.87109375;0.8984375;0.2236328125;0.875;0.90234375;0.2216796875;0.78515625;0.70703125;0.17041015625;0.29296875;0.716796875;0.6875;0.16357421875;0.728515625;0.69140625;0.16064453125;0.8;0.15625;0.40625;0.671875;0.1953125;0.13671875;0.734375;0.78125;0.20703125;0.78125;0.78125;0.20703125;0.71875;0.7421875;0.19921875;0.345703125;0.7421875;0.8203125;0.216796875;0.8125;0.8671875;0.220703125;0.8359375;0.875;0.220703125;0.7578125;0.8046875;0.2099609375;0.365234375;0.78515625;0.83203125;0.2177734375;0.83203125;0.8671875;0.21875;0.84375;0.87109375;0.2177734375;0.85546875;0.87109375;0.2109375;0.84765625;0.8515625;0.2001953125;0.740234375;0.587890625;0.12744140625;0.2705078125;0.654296875;0.5859375;0.1298828125;0.67578125;0.6015625;0.130859375;0.8
16;16;82.88;0.15625;0.375;0.640625;0.19140625;0.1328125;0.71875;0.75;0.203125;0.78125;0.78125;0.203125;0.7109375;0.734375;0.197265625;0.341796875;0.75;0.8203125;0.216796875;0.8125;0.8515625;0.21875;0.828125;0.859375;0.21875;0.7578125;0.79296875;0.2060546875;0.3583984375;0.78125;0.82421875;0.216796875;0.82421875;0.8515625;0.21484375;0.8359375;0.859375;0.2119140625;0.84375;0.859375;0.208984375;0.84375;0.84765625;0.2001953125;0.734375;0.578125;0.12890625;0.25146484375;0.638671875;0.611328125;0.14208984375;0.66796875;0.630859375;0.14501953125;0.8;0.15625;0.40625;0.65625;0.19140625;0.13671875;0.71875;0.765625;0.2109375;0.78125;0.796875;0.20703125;0.71875;0.7421875;0.19921875;0.34375;0.734375;0.8125;0.216796875;0.8125;0.859375;0.21875;0.828125;0.859375;0.21875;0.75390625;0.7890625;0.2060546875;0.3623046875;0.77734375;0.81640625;0.21484375;0.8203125;0.83203125;0.2060546875;0.81640625;0.8125;0.1962890625;0.8046875;0.78125;0.1826171875;0.7734375;0.71484375;0.1611328125;0.626953125;0.33203125;0.06494140625;0.1904296875;0.501953125;0.3671875;0.06787109375;0.53125;0.40234375;0.0751953125;0.8
17;17;86.36;0.15625;0.375;0.640625;0.1953125;0.12890625;0.734375;0.75;0.20703125;0.78125;0.78125;0.203125;0.7109375;0.7265625;0.1953125;0.341796875;0.7421875;0.8125;0.216796875;0.8125;0.8515625;0.21875;0.828125;0.859375;0.21875;0.7578125;0.796875;0.208984375;0.3583984375;0.78515625;0.83203125;0.21875;0.83203125;0.8671875;0.220703125;0.8515625;0.87890625;0.220703125;0.859375;0.8828125;0.21875;0.86328125;0.8828125;0.2138671875;0.765625;0.65625;0.1533203125;0.2763671875;0.68359375;0.6484375;0.154296875;0.703125;0.6640625;0.15576171875;0.8;0.15625;0.40625;0.6875;0.1953125;0.13671875;0.734375;0.78125;0.2109375;0.796875;0.796875;0.2109375;0.71875;0.7265625;0.1953125;0.34765625;0.734375;0.8125;0.216796875;0.8046875;0.8515625;0.21875;0.8203125;0.8515625;0.216796875;0.75;0.7890625;0.20703125;0.3603515625;0.77734375;0.8203125;0.2177734375;0.82421875;0.85546875;0.2158203125;0.8359375;0.859375;0.2138671875;0.83984375;0.84765625;0.205078125;0.8359375;0.828125;0.1943359375;0.716796875;0.5390625;0.1162109375;0.25146484375;0.62890625;0.5546875;0.12255859375;0.654296875;0.58203125;0.1279296875;0.8
18;18;84.6;0.15625;0.375;0.640625;0.19140625;0.1328125;0.71875;0.75;0.203125;0.78125;0.765625;0.203125;0.703125;0.71875;0.1953125;0.33984375;0.7421875;0.8125;0.216796875;0.8046875;0.8515625;0.21875;0.828125;0.8515625;0.216796875;0.75390625;0.78125;0.205078125;0.3564453125;0.7734375;0.8125;0.21484375;0.8203125;0.84375;0.212890625;0.83203125;0.85546875;0.2138671875;0.83984375;0.85546875;0.208984375;0.8359375;0.84375;0.19921875;0.73046875;0.59375;0.13427734375;0.25146484375;0.64453125;0.6171875;0.14697265625;0.669921875;0.6328125;0.14892578125;0.8;0.15625;0.40625;0.671875;0.1953125;0.13671875;0.734375;0.765625;0.20703125;0.78125;0.78125;0.20703125;0.7109375;0.7265625;0.1953125;0.34375;0.734375;0.8125;0.216796875;0.8046875;0.859375;0.220703125;0.8203125;0.8515625;0.216796875;0.75;0.78515625;0.20703125;0.3603515625;0.7734375;0.8125;0.2158203125;0.8203125;0.84765625;0.2138671875;0.828125;0.8515625;0.2119140625;0.8359375;0.84375;0.203125;0.82421875;0.80859375;0.1875;0.705078125;0.517578125;0.1103515625;0.24072265625;0.61328125;0.533203125;0.1162109375;0.640625;0.56640625;0.12451171875;0.8
19;19;87.28;0.15625;0.375;0.625;0.1875;0.1328125;0.71875;0.734375;0.203125;0.765625;0.765625;0.203125;0.703125;0.7265625;0.197265625;0.337890625;0.7421875;0.8125;0.21875;0.8125;0.8515625;0.21875;0.828125;0.859375;0.21875;0.7578125;0.79296875;0.208984375;0.359375;0.78125;0.82421875;0.21875;0.83203125;0.8671875;0.2216796875;0.84765625;0.87890625;0.2216796875;0.859375;0.8828125;0.2177734375;0.86328125;0.875;0.2119140625;0.763671875;0.642578125;0.1484375;0.27783203125;0.67578125;0.65234375;0.15478515625;0.69921875;0.669921875;0.15771484375;0.8;0.15625;0.40625;0.65625;0.19140625;0.13671875;0.71875;0.765625;0.20703125;0.78125;0.796875;0.2109375;0.7109375;0.734375;0.1953125;0.34375;0.734375;0.8125;0.21875;0.8046875;0.859375;0.220703125;0.8203125;0.859375;0.21875;0.75;0.78515625;0.20703125;0.3623046875;0.7734375;0.8125;0.2158203125;0.8203125;0.84375;0.212890625;0.82421875;0.83984375;0.2060546875;0.82421875;0.8046875;0.1904296875;0.796875;0.75390625;0.169921875;0.65234375;0.3671875;0.072265625;0.205078125;0.51953125;0.3828125;0.0732421875;0.544921875;0.431640625;0.08447265625;0.8
20;20;85.91;0.15625;0.375;0.625;0.19140625;0.1328125;0.71875;0.75;0.203125;0.78125;0.78125;0.203125;0.7109375;0.7265625;0.197265625;0.33984375;0.7421875;0.8125;0.21875;0.8125;0.8515625;0.220703125;0.828125;0.8671875;0.21875;0.76171875;0.796875;0.2099609375;0.3603515625;0.78515625;0.82421875;0.21875;0.83203125;0.8671875;0.2216796875;0.8515625;0.87890625;0.22265625;0.86328125;0.890625;0.2216796875;0.8671875;0.88671875;0.2177734375;0.775390625;0.6796875;0.16162109375;0.28515625;0.69140625;0.66015625;0.15771484375;0.705078125;0.6640625;0.15771484375;0.8;0.15625;0.40625;0.65625;0.19140625;0.13671875;0.71875;0.765625;0.20703125;0.78125;0.796875;0.2109375;0.7109375;0.734375;0.1953125;0.34375;0.734375;0.8125;0.216796875;0.8046875;0.8515625;0.220703125;0.8203125;0.859375;0.21875;0.75390625;0.7890625;0.2080078125;0.3623046875;0.7734375;0.81640625;0.216796875;0.82421875;0.85546875;0.216796875;0.8359375;0.85546875;0.2138671875;0.84375;0.8515625;0.2060546875;0.83203125;0.82421875;0.193359375;0.716796875;0.5234375;0.1123046875;0.24853515625;0.609375;0.51953125;0.1123046875;0.630859375;0.546875;0.1201171875;0.8
21;21;86.53;0.15625;0.375;0.625;0.19140625;0.1328125;0.71875;0.75;0.20703125;0.765625;0.765625;0.203125;0.7109375;0.7265625;0.197265625;0.341796875;0.7421875;0.8203125;0.21875;0.8125;0.8515625;0.220703125;0.828125;0.859375;0.21875;0.7578125;0.7890625;0.208984375;0.361328125;0.78125;0.8203125;0.21875;0.828125;0.86328125;0.220703125;0.84765625;0.875;0.2216796875;0.859375;0.8828125;0.2197265625;0.86328125;0.87890625;0.2158203125;0.767578125;0.66015625;0.15478515625;0.28125;0.68359375;0.65625;0.15869140625;0.69921875;0.66796875;0.1611328125;0.8;0.15625;0.40625;0.65625;0.19140625;0.13671875;0.734375;0.765625;0.2109375;0.78125;0.796875;0.20703125;0.7109375;0.7265625;0.197265625;0.345703125;0.734375;0.8125;0.21875;0.8046875;0.8515625;0.220703125;0.8203125;0.859375;0.21875;0.75;0.78125;0.20703125;0.3623046875;0.76953125;0.80859375;0.2158203125;0.81640625;0.84375;0.2138671875;0.828125;0.83984375;0.20703125;0.83203125;0.82421875;0.197265625;0.8125;0.7890625;0.1845703125;0.6875;0.45703125;0.09521484375;0.2275390625;0.578125;0.48046875;0.1025390625;0.60546875;0.5234375;0.1142578125;0.8
22;22;87.37;0.15625;0.375;0.640625;0.1953125;0.13671875;0.71875;0.75;0.203125;0.765625;0.765625;0.203125;0.7109375;0.71875;0.197265625;0.33984375;0.7421875;0.8125;0.216796875;0.8046875;0.84375;0.21875;0.828125;0.859375;0.21875;0.7578125;0.78515625;0.2080078125;0.3583984375;0.77734375;0.81640625;0.2177734375;0.828125;0.86328125;0.2216796875;0.84765625;0.875;0.22265625;0.859375;0.88671875;0.2216796875;0.8671875;0.88671875;0.2177734375;0.7734375;0.677734375;0.162109375;0.28515625;0.693359375;0.654296875;0.158203125;0.708984375;0.671875;0.16259765625;0.8;0.15625;0.40625;0.65625;0.1953125;0.13671875;0.734375;0.765625;0.2109375;0.78125;0.796875;0.20703125;0.7109375;0.7265625;0.197265625;0.34375;0.7265625;0.8046875;0.216796875;0.8046875;0.8515625;0.220703125;0.8203125;0.8515625;0.21875;0.75;0.78515625;0.2080078125;0.361328125;0.7734375;0.8125;0.216796875;0.8203125;0.8515625;0.2177734375;0.8359375;0.85546875;0.2138671875;0.84375;0.84765625;0.205078125;0.83203125;0.8125;0.1904296875;0.705078125;0.490234375;0.1005859375;0.2412109375;0.580078125;0.4609375;0.0947265625;0.599609375;0.509765625;0.10791015625;0.8
23;23;87.74;0.15625;0.375;0.625;0.19140625;0.1328125;0.71875;0.734375;0.203125;0.765625;0.765625;0.19921875;0.703125;0.71875;0.197265625;0.3359375;0.734375;0.8125;0.216796875;0.8046875;0.84375;0.21875;0.828125;0.859375;0.21875;0.75390625;0.78125;0.2080078125;0.357421875;0.7734375;0.8125;0.2177734375;0.8203125;0.8515625;0.21875;0.83984375;0.8671875;0.21875;0.8515625;0.87109375;0.2158203125;0.85546875;0.86328125;0.208984375;0.75390625;0.6328125;0.1474609375;0.2685546875;0.662109375;0.634765625;0.15478515625;0.681640625;0.6484375;0.15869140625;0.7;0.15625;0.40625;0.65625;0.19140625;0.13671875;0.71875;0.765625;0.20703125;0.78125;0.78125;0.20703125;0.7109375;0.71875;0.1953125;0.341796875;0.7265625;0.8046875;0.216796875;0.8046875;0.8515625;0.220703125;0.8203125;0.8515625;0.21875;0.74609375;0.77734375;0.2080078125;0.361328125;0.76953125;0.8125;0.2177734375;0.8203125;0.8515625;0.2177734375;0.8359375;0.85546875;0.2138671875;0.83984375;0.83984375;0.203125;0.82421875;0.796875;0.1865234375;0.697265625;0.4765625;0.09814453125;0.2353515625;0.57421875;0.447265625;0.09130859375;0.59375;0.501953125;0.10791015625;0.8
24;24;87.61;0.15625;0.375;0.625;0.19140625;0.12890625;0.71875;0.734375;0.203125;0.765625;0.765625;0.19921875;0.703125;0.71875;0.197265625;0.337890625;0.7421875;0.8125;0.216796875;0.8046875;0.8515625;0.21875;0.8203125;0.859375;0.21875;0.75390625;0.78515625;0.208984375;0.3583984375;0.77734375;0.8203125;0.21875;0.828125;0.86328125;0.220703125;0.84765625;0.875;0.2216796875;0.859375;0.88671875;0.220703125;0.86328125;0.87890625;0.21484375;0.767578125;0.669921875;0.158203125;0.2822265625;0.68359375;0.66015625;0.16357421875;0.701171875;0.677734375;0.1669921875;0.8;0.15625;0.40625;0.65625;0.19140625;0.13671875;0.71875;0.765625;0.20703125;0.78125;0.796875;0.20703125;0.7109375;0.7265625;0.197265625;0.34375;0.7265625;0.8046875;0.21875;0.8046875;0.8515625;0.220703125;0.8203125;0.8515625;0.21875;0.75;0.77734375;0.20703125;0.361328125;0.76953125;0.80859375;0.216796875;0.81640625;0.84375;0.21484375;0.828125;0.84765625;0.2109375;0.83203125;0.828125;0.2001953125;0.81640625;0.7890625;0.1845703125;0.6953125;0.48828125;0.103515625;0.23291015625;0.58984375;0.49609375;0.10888671875;0.619140625;0.5546875;0.12548828125;0.8
25;25;88.53;0.15625;0.359375;0.609375;0.19140625;0.12890625;0.71875;0.734375;0.203125;0.765625;0.765625;0.19921875;0.703125;0.71875;0.197265625;0.337890625;0.7421875;0.8125;0.21875;0.8046875;0.84375;0.21875;0.828125;0.8515625;0.21875;0.75390625;0.77734375;0.20703125;0.3583984375;0.7734375;0.8125;0.2177734375;0.82421875;0.85546875;0.2197265625;0.83984375;0.8671875;0.2197265625;0.85546875;0.875;0.216796875;0.85546875;0.87109375;0.2109375;0.7578125;0.642578125;0.150390625;0.27197265625;0.66796875;0.650390625;0.15966796875;0.689453125;0.6640625;0.1640625;0.8;0.15625;0.40625;0.640625;0.19140625;0.13671875;0.71875;0.765625;0.20703125;0.78125;0.796875;0.2109375;0.7109375;0.71875;0.197265625;0.341796875;0.7265625;0.8125;0.21875;0.8046875;0.8515625;0.220703125;0.8203125;0.8515625;0.21875;0.75;0.77734375;0.20703125;0.3623046875;0.76953125;0.80859375;0.2177734375;0.8203125;0.84765625;0.216796875;0.83203125;0.8515625;0.2138671875;0.83984375;0.83984375;0.203125;0.82421875;0.80859375;0.189453125;0.70703125;0.50390625;0.10693359375;0.24072265625;0.599609375;0.505859375;0.11083984375;0.625;0.5625;0.1279296875;0.8
26;26;88.12;0.15625;0.359375;0.625;0.19140625;0.12890625;0.71875;0.734375;0.203125;0.765625;0.765625;0.19921875;0.703125;0.71875;0.197265625;0.337890625;0.734375;0.8125;0.21875;0.8046875;0.8515625;0.21875;0.828125;0.8515625;0.220703125;0.75390625;0.77734375;0.2080078125;0.3583984375;0.76953125;0.8125;0.2177734375;0.8203125;0.859375;0.2216796875;0.84375;0.87109375;0.2216796875;0.85546875;0.8828125;0.2216796875;0.86328125;0.8828125;0.216796875;0.767578125;0.666015625;0.16015625;0.2841796875;0.68359375;0.662109375;0.16455078125;0.701171875;0.673828125;0.1669921875;0.8;0.15625;0.40625;0.65625;0.1953125;0.13671875;0.734375;0.765625;0.20703125;0.78125;0.796875;0.20703125;0.7109375;0.71875;0.197265625;0.34375;0.7265625;0.8046875;0.21875;0.8046875;0.8515625;0.220703125;0.8203125;0.8515625;0.21875;0.75;0.7734375;0.20703125;0.361328125;0.765625;0.80859375;0.216796875;0.81640625;0.84765625;0.216796875;0.83203125;0.8515625;0.21484375;0.83984375;0.84765625;0.2080078125;0.83203125;0.8203125;0.1943359375;0.716796875;0.525390625;0.11376953125;0.2509765625;0.611328125;0.529296875;0.11962890625;0.63671875;0.58203125;0.13623046875;0.8
27;27;87.94;0.15625;0.375;0.640625;0.19140625;0.1328125;0.71875;0.75;0.203125;0.765625;0.765625;0.19921875;0.703125;0.71875;0.197265625;0.337890625;0.734375;0.8125;0.216796875;0.8046875;0.84375;0.21875;0.8203125;0.8515625;0.21875;0.75;0.77734375;0.20703125;0.3564453125;0.76953125;0.8125;0.2177734375;0.8203125;0.859375;0.220703125;0.84375;0.875;0.22265625;0.85546875;0.8828125;0.220703125;0.859375;0.87890625;0.2158203125;0.765625;0.666015625;0.16015625;0.2841796875;0.685546875;0.666015625;0.16650390625;0.703125;0.677734375;0.1689453125;0.8;0.15625;0.40625;0.65625;0.1953125;0.13671875;0.71875;0.765625;0.20703125;0.78125;0.796875;0.20703125;0.7109375;0.7109375;0.1953125;0.341796875;0.7265625;0.8046875;0.216796875;0.796875;0.8515625;0.21875;0.8203125;0.8515625;0.21875;0.74609375;0.76953125;0.20703125;0.3603515625;0.765625;0.80859375;0.2177734375;0.81640625;0.85546875;0.21875;0.8359375;0.86328125;0.2177734375;0.84765625;0.86328125;0.212890625;0.84375;0.83984375;0.201171875;0.736328125;0.5859375;0.130859375;0.26708984375;0.6484375;0.5859375;0.13623046875;0.673828125;0.630859375;0.1513671875;0.8
28;28;85.69;0.15625;0.359375;0.625;0.19140625;0.12890625;0.71875;0.734375;0.203125;0.765625;0.765625;0.19921875;0.703125;0.7109375;0.197265625;0.3359375;0.7421875;0.8125;0.21875;0.8046875;0.84375;0.21875;0.828125;0.8515625;0.21875;0.75390625;0.77734375;0.2080078125;0.357421875;0.76953125;0.8125;0.2177734375;0.8203125;0.85546875;0.2216796875;0.83984375;0.87109375;0.2216796875;0.85546875;0.8828125;0.220703125;0.859375;0.87890625;0.216796875;0.765625;0.662109375;0.1591796875;0.28125;0.681640625;0.6640625;0.16748046875;0.69921875;0.677734375;0.169921875;0.8;0.15625;0.40625;0.65625;0.19140625;0.13671875;0.734375;0.765625;0.20703125;0.78125;0.796875;0.20703125;0.7109375;0.7265625;0.19921875;0.34375;0.7265625;0.8046875;0.21875;0.8046875;0.8515625;0.220703125;0.8203125;0.8515625;0.21875;0.74609375;0.7734375;0.2080078125;0.361328125;0.765625;0.8046875;0.2177734375;0.81640625;0.8515625;0.2197265625;0.8359375;0.859375;0.216796875;0.84765625;0.85546875;0.2099609375;0.83984375;0.828125;0.1982421875;0.724609375;0.53515625;0.11669921875;0.2578125;0.62109375;0.533203125;0.12060546875;0.640625;0.587890625;0.14013671875;0.8
29;29;87.36;0.15625;0.359375;0.625;0.19140625;0.12890625;0.71875;0.734375;0.203125;0.765625;0.765625;0.19921875;0.703125;0.7109375;0.197265625;0.3359375;0.734375;0.8046875;0.216796875;0.8046875;0.84375;0.21875;0.8203125;0.8515625;0.21875;0.75;0.7734375;0.20703125;0.3564453125;0.76953125;0.8125;0.2177734375;0.8203125;0.859375;0.2216796875;0.84375;0.87109375;0.22265625;0.859375;0.88671875;0.2216796875;0.86328125;0.8828125;0.21875;0.771484375;0.677734375;0.16357421875;0.28759765625;0.689453125;0.6640625;0.16552734375;0.705078125;0.677734375;0.169921875;0.8;0.15625;0.390625;0.65625;0.1953125;0.13671875;0.734375;0.765625;0.20703125;0.78125;0.78125;0.20703125;0.703125;0.71875;0.197265625;0.341796875;0.7265625;0.8046875;0.216796875;0.796875;0.8515625;0.220703125;0.8203125;0.8515625;0.21875;0.74609375;0.76953125;0.20703125;0.3603515625;0.76171875;0.8046875;0.2177734375;0.81640625;0.85546875;0.220703125;0.8359375;0.86328125;0.21875;0.8515625;0.8671875;0.21484375;0.84765625;0.8515625;0.2041015625;0.73828125;0.583984375;0.1298828125;0.26953125;0.64453125;0.576171875;0.1328125;0.66796875;0.626953125;0.14990234375;0.8
30;30;88.16;0.15625;0.375;0.625;0.19140625;0.1328125;0.71875;0.734375;0.203125;0.765625;0.765625;0.203125;0.703125;0.71875;0.19921875;0.33984375;0.7421875;0.8046875;0.21875;0.8046875;0.8515625;0.220703125;0.828125;0.8515625;0.220703125;0.75;0.7734375;0.2080078125;0.3583984375;0.76953125;0.8125;0.21875;0.8203125;0.85546875;0.2216796875;0.84375;0.875;0.224609375;0.859375;0.890625;0.224609375;0.8671875;0.89453125;0.2236328125;0.78125;0.7109375;0.177734375;0.29833984375;0.712890625;0.703125;0.18115234375;0.728515625;0.712890625;0.18017578125;0.8;0.15625;0.40625;0.65625;0.1953125;0.13671875;0.71875;0.75;0.20703125;0.78125;0.796875;0.2109375;0.7109375;0.71875;0.19921875;0.34375;0.7265625;0.796875;0.21875;0.8046875;0.8515625;0.220703125;0.8203125;0.8515625;0.21875;0.74609375;0.76953125;0.20703125;0.361328125;0.765625;0.8046875;0.21875;0.81640625;0.85546875;0.220703125;0.83984375;0.8671875;0.220703125;0.8515625;0.875;0.2177734375;0.85546875;0.8671875;0.2109375;0.751953125;0.62890625;0.14453125;0.2822265625;0.669921875;0.625;0.1494140625;0.689453125;0.658203125;0.16015625;0.8
31;31;87.66;0.15625;0.375;0.625;0.19140625;0.1328125;0.71875;0.75;0.20703125;0.765625;0.765625;0.203125;0.7109375;0.7265625;0.19921875;0.341796875;0.7421875;0.8125;0.21875;0.8046875;0.8515625;0.21875;0.828125;0.8515625;0.21875;0.75390625;0.7734375;0.20703125;0.359375;0.76953125;0.80859375;0.2177734375;0.8203125;0.8515625;0.220703125;0.84375;0.8671875;0.220703125;0.85546875;0.875;0.2177734375;0.85546875;0.87109375;0.2119140625;0.759765625;0.640625;0.15283203125;0.27490234375;0.669921875;0.6328125;0.15673828125;0.6875;0.65234375;0.1650390625;0.8;0.15625;0.40625;0.65625;0.19140625;0.13671875;0.71875;0.75;0.20703125;0.78125;0.78125;0.20703125;0.703125;0.71875;0.197265625;0.33984375;0.7265625;0.8046875;0.21875;0.8046875;0.8515625;0.220703125;0.8203125;0.84375;0.21875;0.74609375;0.765625;0.20703125;0.359375;0.76171875;0.80078125;0.2177734375;0.81640625;0.84765625;0.21875;0.8359375;0.85546875;0.2158203125;0.83984375;0.84375;0.20703125;0.83203125;0.81640625;0.193359375;0.712890625;0.521484375;0.11279296875;0.244140625;0.607421875;0.521484375;0.11572265625;0.626953125;0.58203125;0.138671875;0.8
32;32;88.92;0.15625;0.375;0.625;0.19140625;0.1328125;0.703125;0.734375;0.203125;0.765625;0.75;0.19921875;0.6953125;0.703125;0.1953125;0.3359375;0.734375;0.8046875;0.21875;0.8046875;0.84375;0.21875;0.8203125;0.8515625;0.21875;0.75;0.7734375;0.2080078125;0.357421875;0.765625;0.80859375;0.2177734375;0.8203125;0.85546875;0.2216796875;0.84375;0.875;0.2236328125;0.85546875;0.8828125;0.22265625;0.86328125;0.88671875;0.2197265625;0.7734375;0.68359375;0.16650390625;0.28955078125;0.69140625;0.66796875;0.16845703125;0.705078125;0.677734375;0.17138671875;0.8;0.15625;0.390625;0.640625;0.19140625;0.13671875;0.71875;0.765625;0.20703125;0.765625;0.78125;0.20703125;0.703125;0.703125;0.1953125;0.33984375;0.71875;0.796875;0.216796875;0.796875;0.84375;0.220703125;0.8125;0.84375;0.21875;0.7421875;0.765625;0.20703125;0.359375;0.7578125;0.80078125;0.2177734375;0.8125;0.8515625;0.2197265625;0.8359375;0.86328125;0.2197265625;0.84765625;0.86328125;0.2138671875;0.84375;0.84765625;0.2041015625;0.73828125;0.58984375;0.1337890625;0.26904296875;0.646484375;0.587890625;0.13916015625;0.669921875;0.634765625;0.15625;0.8
33;33;89.22;0.15625;0.359375;0.625;0.19140625;0.12890625;0.71875;0.75;0.203125;0.765625;0.765625;0.19921875;0.703125;0.71875;0.19921875;0.337890625;0.734375;0.8046875;0.21875;0.8046875;0.84375;0.220703125;0.8203125;0.8515625;0.21875;0.75390625;0.7734375;0.2080078125;0.357421875;0.765625;0.80859375;0.21875;0.8203125;0.8515625;0.2216796875;0.83984375;0.87109375;0.2216796875;0.8515625;0.875;0.21875;0.859375;0.875;0.21484375;0.763671875;0.654296875;0.15673828125;0.27880859375;0.67578125;0.646484375;0.1630859375;0.689453125;0.65625;0.16796875;0.8;0.15625;0.40625;0.65625;0.19140625;0.13671875;0.71875;0.75;0.20703125;0.765625;0.78125;0.20703125;0.7109375;0.7109375;0.197265625;0.341796875;0.7265625;0.8046875;0.21875;0.8046875;0.8515625;0.220703125;0.8203125;0.84375;0.21875;0.74609375;0.76953125;0.2080078125;0.361328125;0.76171875;0.80078125;0.21875;0.81640625;0.8515625;0.220703125;0.8359375;0.8671875;0.220703125;0.8515625;0.87109375;0.216796875;0.8515625;0.86328125;0.208984375;0.751953125;0.630859375;0.146484375;0.28173828125;0.671875;0.62890625;0.1533203125;0.689453125;0.65625;0.16455078125;0.8
34;34;89.93;0.15625;0.359375;0.625;0.19140625;0.12890625;0.71875;0.734375;0.203125;0.765625;0.75;0.19921875;0.703125;0.7109375;0.197265625;0.3359375;0.734375;0.8046875;0.216796875;0.8046875;0.84375;0.21875;0.8203125;0.84375;0.21875;0.75;0.76953125;0.20703125;0.3564453125;0.765625;0.8046875;0.21875;0.81640625;0.85546875;0.22265625;0.83984375;0.875;0.2236328125;0.85546875;0.88671875;0.2236328125;0.8671875;0.88671875;0.220703125;0.77734375;0.69140625;0.171875;0.294921875;0.701171875;0.6796875;0.173828125;0.712890625;0.6875;0.17529296875;0.8;0.15625;0.390625;0.65625;0.1953125;0.13671875;0.71875;0.75;0.20703125;0.765625;0.78125;0.20703125;0.7109375;0.7109375;0.197265625;0.341796875;0.71875;0.796875;0.216796875;0.796875;0.84375;0.220703125;0.8203125;0.84375;0.21875;0.74609375;0.765625;0.2080078125;0.359375;0.7578125;0.80078125;0.21875;0.81640625;0.85546875;0.2216796875;0.83984375;0.8671875;0.2216796875;0.8515625;0.875;0.2177734375;0.85546875;0.8671875;0.212890625;0.759765625;0.658203125;0.15625;0.29052734375;0.6875;0.65625;0.1640625;0.705078125;0.6796875;0.17138671875;0.8
35;35;89.73;0.15625;0.359375;0.625;0.19140625;0.1328125;0.71875;0.734375;0.203125;0.75;0.75;0.19921875;0.703125;0.7109375;0.197265625;0.3359375;0.734375;0.796875;0.21875;0.8046875;0.84375;0.21875;0.8203125;0.8515625;0.21875;0.75;0.76953125;0.20703125;0.35546875;0.76171875;0.8046875;0.2177734375;0.81640625;0.8515625;0.2216796875;0.83984375;0.87109375;0.2236328125;0.85546875;0.88671875;0.2236328125;0.86328125;0.88671875;0.2216796875;0.775390625;0.69140625;0.1728515625;0.29345703125;0.697265625;0.67578125;0.173828125;0.70703125;0.68359375;0.17431640625;0.8;0.15625;0.390625;0.640625;0.19140625;0.13671875;0.71875;0.75;0.20703125;0.765625;0.78125;0.20703125;0.703125;0.7109375;0.197265625;0.33984375;0.71875;0.796875;0.21875;0.796875;0.8515625;0.220703125;0.8203125;0.8515625;0.21875;0.74609375;0.76953125;0.2080078125;0.3603515625;0.7578125;0.80078125;0.2177734375;0.81640625;0.8515625;0.220703125;0.8359375;0.8671875;0.2216796875;0.8515625;0.87109375;0.2177734375;0.85546875;0.8671875;0.212890625;0.7578125;0.6484375;0.15283203125;0.2900390625;0.677734375;0.640625;0.1591796875;0.6953125;0.669921875;0.16943359375;0.8
36;36;89.57;0.15625;0.359375;0.625;0.19140625;0.12890625;0.703125;0.734375;0.203125;0.75;0.75;0.1953125;0.703125;0.703125;0.197265625;0.333984375;0.7265625;0.796875;0.21875;0.796875;0.84375;0.21875;0.8203125;0.8515625;0.21875;0.74609375;0.765625;0.2060546875;0.3544921875;0.7578125;0.796875;0.216796875;0.8125;0.84375;0.21875;0.8359375;0.85546875;0.2177734375;0.84765625;0.86328125;0.21484375;0.84765625;0.86328125;0.2109375;0.751953125;0.638671875;0.154296875;0.26611328125;0.66796875;0.654296875;0.16796875;0.6875;0.671875;0.17236328125;0.8;0.15625;0.390625;0.65625;0.1953125;0.13671875;0.71875;0.75;0.20703125;0.765625;0.78125;0.20703125;0.703125;0.703125;0.197265625;0.341796875;0.71875;0.796875;0.216796875;0.796875;0.84375;0.220703125;0.8203125;0.8515625;0.21875;0.74609375;0.76953125;0.2080078125;0.3603515625;0.76171875;0.80078125;0.2177734375;0.81640625;0.8515625;0.220703125;0.8359375;0.86328125;0.220703125;0.8515625;0.87109375;0.2177734375;0.8515625;0.8671875;0.212890625;0.7578125;0.66015625;0.158203125;0.2890625;0.685546875;0.66015625;0.1669921875;0.705078125;0.68359375;0.1748046875;0.8
37;37;90.06;0.15625;0.375;0.625;0.19140625;0.1328125;0.71875;0.734375;0.20703125;0.765625;0.765625;0.19921875;0.7109375;0.7109375;0.197265625;0.337890625;0.734375;0.8046875;0.21875;0.8046875;0.84375;0.21875;0.8203125;0.8515625;0.21875;0.75;0.76953125;0.20703125;0.3564453125;0.76171875;0.80078125;0.2177734375;0.81640625;0.8515625;0.220703125;0.83984375;0.8671875;0.2216796875;0.8515625;0.875;0.220703125;0.859375;0.875;0.2158203125;0.763671875;0.66015625;0.16162109375;0.28173828125;0.6796875;0.6640625;0.169921875;0.6953125;0.669921875;0.17138671875;0.8;0.15625;0.390625;0.65625;0.19140625;0.13671875;0.71875;0.75;0.2109375;0.765625;0.78125;0.20703125;0.703125;0.7109375;0.197265625;0.33984375;0.71875;0.796875;0.216796875;0.796875;0.84375;0.220703125;0.8203125;0.84375;0.21875;0.74609375;0.765625;0.2080078125;0.3603515625;0.7578125;0.80078125;0.21875;0.81640625;0.8515625;0.220703125;0.8359375;0.86328125;0.220703125;0.8515625;0.87109375;0.216796875;0.8515625;0.859375;0.208984375;0.75;0.625;0.14697265625;0.28125;0.666015625;0.62890625;0.15576171875;0.685546875;0.662109375;0.16796875;0.8
38;38;90.31;0.15625;0.359375;0.625;0.19140625;0.12890625;0.71875;0.734375;0.20703125;0.765625;0.765625;0.19921875;0.703125;0.7109375;0.19921875;0.337890625;0.7265625;0.8046875;0.21875;0.8046875;0.84375;0.21875;0.8203125;0.8515625;0.21875;0.75;0.76953125;0.2080078125;0.3564453125;0.76171875;0.80078125;0.2177734375;0.81640625;0.85546875;0.2216796875;0.83984375;0.87109375;0.22265625;0.85546875;0.8828125;0.22265625;0.86328125;0.8828125;0.2197265625;0.771484375;0.681640625;0.16845703125;0.28857421875;0.69140625;0.673828125;0.17431640625;0.701171875;0.681640625;0.1748046875;0.8;0.15625;0.390625;0.65625;0.19140625;0.13671875;0.71875;0.75;0.20703125;0.765625;0.78125;0.20703125;0.703125;0.7109375;0.197265625;0.33984375;0.7109375;0.7890625;0.216796875;0.796875;0.84375;0.220703125;0.8203125;0.8515625;0.21875;0.74609375;0.765625;0.2080078125;0.359375;0.7578125;0.796875;0.21875;0.81640625;0.85546875;0.2216796875;0.83984375;0.8671875;0.2216796875;0.8515625;0.875;0.2197265625;0.85546875;0.87109375;0.2138671875;0.76171875;0.662109375;0.1591796875;0.29541015625;0.6875;0.66015625;0.16650390625;0.705078125;0.6796875;0.173828125;0.8
39;39;90.13;0.15625;0.359375;0.625;0.19140625;0.12890625;0.71875;0.734375;0.203125;0.765625;0.75;0.19921875;0.703125;0.7109375;0.197265625;0.3359375;0.7265625;0.796875;0.21875;0.796875;0.8359375;0.21875;0.8203125;0.8515625;0.21875;0.74609375;0.76171875;0.2060546875;0.35546875;0.7578125;0.796875;0.2177734375;0.8125;0.8515625;0.2216796875;0.83984375;0.87109375;0.2236328125;0.85546875;0.8828125;0.2236328125;0.86328125;0.88671875;0.22265625;0.775390625;0.6953125;0.17529296875;0.294921875;0.697265625;0.6875;0.1796875;0.7109375;0.6875;0.1767578125;0.8;0.15625;0.390625;0.65625;0.19140625;0.13671875;0.71875;0.765625;0.2109375;0.765625;0.78125;0.20703125;0.703125;0.703125;0.197265625;0.33984375;0.7109375;0.7890625;0.216796875;0.796875;0.84375;0.220703125;0.8203125;0.84375;0.220703125;0.7421875;0.7578125;0.20703125;0.359375;0.75;0.796875;0.21875;0.8125;0.85546875;0.2216796875;0.83984375;0.8671875;0.22265625;0.85546875;0.87890625;0.2216796875;0.859375;0.87890625;0.2177734375;0.767578125;0.6796875;0.1650390625;0.3017578125;0.6953125;0.666015625;0.16796875;0.708984375;0.6796875;0.173828125;0.8
40;40;90.5;0.15625;0.359375;0.625;0.19140625;0.1328125;0.71875;0.734375;0.203125;0.765625;0.765625;0.19921875;0.703125;0.7109375;0.197265625;0.337890625;0.7265625;0.8046875;0.21875;0.8046875;0.84375;0.21875;0.8203125;0.8515625;0.220703125;0.74609375;0.765625;0.20703125;0.35546875;0.7578125;0.80078125;0.21875;0.81640625;0.8515625;0.2216796875;0.83984375;0.87109375;0.2236328125;0.85546875;0.8828125;0.2236328125;0.86328125;0.88671875;0.22265625;0.77734375;0.69921875;0.1767578125;0.29638671875;0.703125;0.693359375;0.181640625;0.716796875;0.69921875;0.17919921875;0.8;0.15625;0.390625;0.65625;0.1953125;0.13671875;0.71875;0.75;0.20703125;0.765625;0.78125;0.20703125;0.703125;0.703125;0.1953125;0.33984375;0.7109375;0.796875;0.21875;0.796875;0.84375;0.220703125;0.8125;0.84375;0.220703125;0.7421875;0.7578125;0.20703125;0.3583984375;0.75;0.796875;0.2177734375;0.8125;0.84765625;0.2197265625;0.83203125;0.85546875;0.21875;0.84375;0.859375;0.2138671875;0.84375;0.84375;0.205078125;0.736328125;0.5859375;0.13525390625;0.2685546875;0.646484375;0.59375;0.1435546875;0.666015625;0.64453125;0.16455078125;0.8
41;41;90.16;0.15625;0.359375;0.625;0.19140625;0.1328125;0.71875;0.734375;0.203125;0.765625;0.765625;0.203125;0.7109375;0.7109375;0.19921875;0.337890625;0.734375;0.8046875;0.21875;0.8046875;0.84375;0.21875;0.8203125;0.8515625;0.21875;0.75;0.765625;0.20703125;0.357421875;0.76171875;0.80078125;0.21875;0.81640625;0.8515625;0.2216796875;0.83984375;0.87109375;0.22265625;0.85546875;0.87890625;0.220703125;0.86328125;0.8828125;0.21875;0.76953125;0.67578125;0.1669921875;0.28759765625;0.6875;0.67578125;0.1767578125;0.703125;0.681640625;0.17626953125;0.8;0.15625;0.390625;0.65625;0.19140625;0.13671875;0.71875;0.75;0.20703125;0.78125;0.78125;0.20703125;0.703125;0.703125;0.197265625;0.33984375;0.71875;0.796875;0.21875;0.796875;0.84375;0.220703125;0.8203125;0.84375;0.21875;0.7421875;0.7578125;0.20703125;0.359375;0.75390625;0.796875;0.2177734375;0.8125;0.84765625;0.220703125;0.8359375;0.86328125;0.2197265625;0.84765625;0.86328125;0.2158203125;0.84765625;0.859375;0.2099609375;0.74609375;0.625;0.1484375;0.27880859375;0.666015625;0.634765625;0.16064453125;0.685546875;0.666015625;0.17236328125;0.8
42;42;90.55;0.15625;0.359375;0.640625;0.19140625;0.1328125;0.71875;0.734375;0.203125;0.765625;0.765625;0.203125;0.703125;0.7109375;0.19921875;0.337890625;0.734375;0.8046875;0.21875;0.8046875;0.84375;0.21875;0.8203125;0.8515625;0.220703125;0.75;0.765625;0.20703125;0.3564453125;0.76171875;0.80078125;0.21875;0.81640625;0.8515625;0.2216796875;0.83984375;0.87109375;0.2236328125;0.85546875;0.8828125;0.22265625;0.86328125;0.88671875;0.220703125;0.775390625;0.69140625;0.17333984375;0.29296875;0.693359375;0.6796875;0.17724609375;0.70703125;0.681640625;0.17529296875;0.8;0.15625;0.40625;0.65625;0.1953125;0.13671875;0.71875;0.75;0.20703125;0.78125;0.78125;0.20703125;0.7109375;0.7109375;0.19921875;0.341796875;0.71875;0.796875;0.21875;0.796875;0.84375;0.220703125;0.8203125;0.84375;0.220703125;0.7421875;0.7578125;0.20703125;0.359375;0.75390625;0.796875;0.21875;0.8125;0.8515625;0.2216796875;0.8359375;0.8671875;0.2216796875;0.8515625;0.87109375;0.21875;0.85546875;0.8671875;0.2138671875;0.7578125;0.654296875;0.15673828125;0.291015625;0.6796875;0.65234375;0.1650390625;0.697265625;0.67578125;0.173828125;0.8
43;43;90.27;0.15625;0.359375;0.640625;0.19140625;0.1328125;0.71875;0.75;0.20703125;0.765625;0.765625;0.203125;0.703125;0.7109375;0.197265625;0.33984375;0.734375;0.8046875;0.21875;0.796875;0.8359375;0.21875;0.8203125;0.8515625;0.21875;0.75;0.76171875;0.20703125;0.3564453125;0.7578125;0.80078125;0.21875;0.8125;0.8515625;0.2216796875;0.8359375;0.86328125;0.2216796875;0.8515625;0.875;0.220703125;0.859375;0.87890625;0.2177734375;0.767578125;0.669921875;0.16552734375;0.2841796875;0.6796875;0.666015625;0.17529296875;0.69140625;0.66796875;0.173828125;0.8;0.15625;0.40625;0.671875;0.1953125;0.13671875;0.71875;0.765625;0.2109375;0.78125;0.78125;0.2109375;0.7109375;0.7109375;0.197265625;0.341796875;0.71875;0.796875;0.21875;0.796875;0.84375;0.220703125;0.8203125;0.8515625;0.220703125;0.7421875;0.7578125;0.20703125;0.3603515625;0.75390625;0.796875;0.21875;0.8125;0.8515625;0.220703125;0.8359375;0.86328125;0.220703125;0.8515625;0.87109375;0.21875;0.85546875;0.87109375;0.21484375;0.759765625;0.6640625;0.1611328125;0.29296875;0.6875;0.666015625;0.171875;0.705078125;0.68359375;0.1767578125;0.8
44;44;90.04;0.15625;0.359375;0.640625;0.19140625;0.12890625;0.71875;0.734375;0.203125;0.765625;0.765625;0.203125;0.703125;0.7109375;0.19921875;0.337890625;0.734375;0.8046875;0.21875;0.8046875;0.84375;0.220703125;0.8203125;0.8515625;0.220703125;0.75;0.76953125;0.2080078125;0.357421875;0.76171875;0.8046875;0.21875;0.81640625;0.85546875;0.22265625;0.83984375;0.87109375;0.2236328125;0.859375;0.88671875;0.2236328125;0.86328125;0.88671875;0.2216796875;0.779296875;0.703125;0.1767578125;0.294921875;0.701171875;0.693359375;0.18115234375;0.7109375;0.685546875;0.17724609375;0.8;0.15625;0.390625;0.65625;0.1953125;0.13671875;0.71875;0.75;0.2109375;0.78125;0.78125;0.2109375;0.703125;0.703125;0.197265625;0.341796875;0.71875;0.796875;0.21875;0.796875;0.84375;0.220703125;0.8203125;0.84375;0.21875;0.7421875;0.76171875;0.20703125;0.3583984375;0.7578125;0.796875;0.21875;0.8125;0.8515625;0.2216796875;0.8359375;0.86328125;0.220703125;0.8515625;0.87109375;0.2177734375;0.85546875;0.8671875;0.2138671875;0.7578125;0.658203125;0.15869140625;0.287109375;0.685546875;0.66015625;0.16748046875;0.701171875;0.6796875;0.17626953125;0.8
45;45;90.47;0.15625;0.359375;0.625;0.19140625;0.12890625;0.703125;0.734375;0.203125;0.765625;0.75;0.19921875;0.6953125;0.703125;0.197265625;0.3359375;0.7265625;0.796875;0.216796875;0.796875;0.8359375;0.21875;0.8203125;0.84375;0.21875;0.74609375;0.76171875;0.2060546875;0.3544921875;0.7578125;0.796875;0.2177734375;0.8125;0.84765625;0.2216796875;0.8359375;0.8671875;0.22265625;0.8515625;0.8828125;0.22265625;0.859375;0.8828125;0.220703125;0.771484375;0.69140625;0.173828125;0.29052734375;0.69140625;0.685546875;0.18115234375;0.70703125;0.68359375;0.1767578125;0.8;0.15625;0.390625;0.65625;0.1953125;0.13671875;0.71875;0.75;0.2109375;0.78125;0.78125;0.20703125;0.703125;0.703125;0.197265625;0.33984375;0.7109375;0.7890625;0.216796875;0.796875;0.84375;0.220703125;0.8125;0.84375;0.21875;0.7421875;0.76171875;0.20703125;0.3583984375;0.75390625;0.796875;0.21875;0.8125;0.8515625;0.2216796875;0.8359375;0.86328125;0.2216796875;0.8515625;0.875;0.2197265625;0.85546875;0.875;0.216796875;0.763671875;0.6796875;0.16650390625;0.29638671875;0.693359375;0.671875;0.1748046875;0.708984375;0.68359375;0.17822265625;0.8
46;46;90.84;0.15625;0.34375;0.625;0.19140625;0.125;0.703125;0.734375;0.203125;0.765625;0.765625;0.19921875;0.703125;0.703125;0.197265625;0.3359375;0.7265625;0.796875;0.21875;0.796875;0.8359375;0.21875;0.8203125;0.84375;0.21875;0.74609375;0.76171875;0.20703125;0.353515625;0.7578125;0.80078125;0.21875;0.8125;0.8515625;0.22265625;0.83984375;0.87109375;0.224609375;0.85546875;0.88671875;0.224609375;0.8671875;0.89453125;0.224609375;0.78125;0.71484375;0.18310546875;0.30029296875;0.7109375;0.703125;0.18701171875;0.720703125;0.6953125;0.1787109375;0.8;0.15625;0.390625;0.671875;0.1953125;0.13671875;0.71875;0.75;0.2109375;0.78125;0.78125;0.2109375;0.703125;0.703125;0.197265625;0.341796875;0.71875;0.796875;0.21875;0.796875;0.84375;0.220703125;0.8203125;0.84375;0.220703125;0.7421875;0.76171875;0.20703125;0.359375;0.75390625;0.796875;0.21875;0.8125;0.8515625;0.2216796875;0.8359375;0.86328125;0.2216796875;0.8515625;0.875;0.220703125;0.859375;0.875;0.2177734375;0.765625;0.681640625;0.1669921875;0.29736328125;0.6953125;0.66796875;0.173828125;0.708984375;0.6875;0.17919921875;0.8
47;47;90.49;0.15625;0.375;0.65625;0.1953125;0.13671875;0.71875;0.75;0.20703125;0.765625;0.765625;0.203125;0.7109375;0.7109375;0.197265625;0.341796875;0.734375;0.8046875;0.21875;0.8046875;0.84375;0.21875;0.8203125;0.84375;0.21875;0.75;0.765625;0.2080078125;0.357421875;0.76171875;0.80078125;0.21875;0.81640625;0.8515625;0.2216796875;0.83984375;0.87109375;0.2236328125;0.85546875;0.8828125;0.2236328125;0.86328125;0.88671875;0.2216796875;0.775390625;0.701171875;0.17724609375;0.294921875;0.701171875;0.69140625;0.1826171875;0.7109375;0.6875;0.17822265625;0.8;0.171875;0.40625;0.671875;0.1953125;0.13671875;0.71875;0.765625;0.2109375;0.78125;0.78125;0.2109375;0.703125;0.703125;0.197265625;0.341796875;0.71875;0.796875;0.21875;0.796875;0.84375;0.220703125;0.8125;0.84375;0.21875;0.7421875;0.76171875;0.20703125;0.359375;0.75390625;0.796875;0.21875;0.8125;0.8515625;0.2216796875;0.83984375;0.8671875;0.22265625;0.8515625;0.87890625;0.220703125;0.859375;0.87890625;0.2177734375;0.767578125;0.69140625;0.17041015625;0.2998046875;0.701171875;0.68359375;0.177734375;0.71484375;0.693359375;0.18017578125;0.8
48;48;90.74;0.15625;0.375;0.640625;0.1953125;0.1328125;0.71875;0.734375;0.20703125;0.765625;0.765625;0.203125;0.7109375;0.7109375;0.19921875;0.33984375;0.7265625;0.796875;0.21875;0.8046875;0.84375;0.220703125;0.8203125;0.84375;0.220703125;0.75;0.76171875;0.20703125;0.3564453125;0.7578125;0.796875;0.2177734375;0.8125;0.84765625;0.2216796875;0.8359375;0.86328125;0.2216796875;0.8515625;0.875;0.220703125;0.859375;0.875;0.2177734375;0.767578125;0.681640625;0.16943359375;0.28369140625;0.68359375;0.67578125;0.1796875;0.697265625;0.67578125;0.17626953125;0.8;0.171875;0.390625;0.65625;0.1953125;0.13671875;0.71875;0.75;0.2109375;0.78125;0.78125;0.2109375;0.703125;0.703125;0.197265625;0.33984375;0.7109375;0.7890625;0.216796875;0.796875;0.84375;0.220703125;0.8125;0.84375;0.21875;0.7421875;0.7578125;0.20703125;0.3583984375;0.75390625;0.79296875;0.21875;0.8125;0.8515625;0.2216796875;0.8359375;0.86328125;0.2216796875;0.8515625;0.875;0.2197265625;0.85546875;0.87109375;0.2158203125;0.763671875;0.677734375;0.166015625;0.29541015625;0.6953125;0.677734375;0.17724609375;0.7109375;0.689453125;0.18017578125;0.8
49;49;90.97;0.15625;0.359375;0.640625;0.1953125;0.1328125;0.71875;0.734375;0.203125;0.765625;0.765625;0.203125;0.703125;0.7109375;0.19921875;0.337890625;0.734375;0.8046875;0.21875;0.8046875;0.84375;0.220703125;0.8203125;0.8515625;0.21875;0.75;0.765625;0.20703125;0.3564453125;0.7578125;0.796875;0.21875;0.8125;0.84765625;0.2216796875;0.8359375;0.86328125;0.22265625;0.8515625;0.87890625;0.2216796875;0.859375;0.87890625;0.21875;0.76953125;0.68359375;0.171875;0.287109375;0.685546875;0.681640625;0.181640625;0.701171875;0.6796875;0.1767578125;0.8;0.171875;0.40625;0.671875;0.1953125;0.13671875;0.71875;0.75;0.2109375;0.78125;0.78125;0.20703125;0.703125;0.703125;0.197265625;0.33984375;0.7109375;0.796875;0.21875;0.796875;0.84375;0.220703125;0.8203125;0.84375;0.220703125;0.7421875;0.7578125;0.20703125;0.359375;0.75390625;0.79296875;0.2177734375;0.8125;0.8515625;0.2216796875;0.8359375;0.86328125;0.2216796875;0.8515625;0.875;0.2197265625;0.85546875;0.87109375;0.21484375;0.76171875;0.673828125;0.1650390625;0.2919921875;0.69140625;0.673828125;0.17529296875;0.70703125;0.6875;0.1796875;0.8
50;50;90.33;0.15625;0.375;0.640625;0.19140625;0.13671875;0.71875;0.734375;0.203125;0.765625;0.765625;0.19921875;0.703125;0.703125;0.197265625;0.3359375;0.7265625;0.796875;0.21875;0.796875;0.84375;0.21875;0.8203125;0.8515625;0.21875;0.75;0.765625;0.20703125;0.35546875;0.7578125;0.796875;0.21875;0.8125;0.8515625;0.2216796875;0.83984375;0.8671875;0.22265625;0.85546875;0.87890625;0.22265625;0.859375;0.87890625;0.21875;0.771484375;0.685546875;0.17138671875;0.2861328125;0.685546875;0.677734375;0.1796875;0.69921875;0.681640625;0.177734375;0.8;0.171875;0.40625;0.65625;0.1953125;0.13671875;0.71875;0.765625;0.2109375;0.78125;0.78125;0.20703125;0.703125;0.703125;0.197265625;0.33984375;0.71875;0.796875;0.21875;0.796875;0.8515625;0.220703125;0.8203125;0.84375;0.220703125;0.7421875;0.76171875;0.20703125;0.359375;0.75390625;0.79296875;0.21875;0.8125;0.8515625;0.2216796875;0.8359375;0.86328125;0.22265625;0.85546875;0.87890625;0.220703125;0.859375;0.87890625;0.2177734375;0.767578125;0.69140625;0.17138671875;0.30029296875;0.697265625;0.685546875;0.18115234375;0.716796875;0.6953125;0.18212890625;0.8
51;51;91.17;0.15625;0.359375;0.625;0.19140625;0.12890625;0.703125;0.734375;0.203125;0.765625;0.765625;0.19921875;0.703125;0.703125;0.197265625;0.333984375;0.7265625;0.796875;0.21875;0.8046875;0.84375;0.21875;0.8203125;0.8515625;0.220703125;0.75;0.76171875;0.20703125;0.3564453125;0.7578125;0.796875;0.21875;0.81640625;0.85546875;0.22265625;0.83984375;0.87109375;0.2236328125;0.859375;0.88671875;0.224609375;0.8671875;0.890625;0.2236328125;0.779296875;0.7109375;0.18017578125;0.29833984375;0.705078125;0.6953125;0.18603515625;0.71875;0.697265625;0.18017578125;0.8;0.171875;0.40625;0.65625;0.1953125;0.140625;0.71875;0.765625;0.2109375;0.78125;0.796875;0.2109375;0.703125;0.703125;0.197265625;0.341796875;0.71875;0.796875;0.21875;0.796875;0.84375;0.220703125;0.8203125;0.84375;0.220703125;0.7421875;0.76171875;0.2080078125;0.3603515625;0.75390625;0.79296875;0.21875;0.8125;0.8515625;0.2216796875;0.83984375;0.8671875;0.2216796875;0.85546875;0.87890625;0.220703125;0.85546875;0.875;0.2158203125;0.765625;0.68359375;0.16796875;0.29638671875;0.697265625;0.68359375;0.17919921875;0.712890625;0.693359375;0.18115234375;0.8
52;52;90.98;0.15625;0.359375;0.625;0.19140625;0.1328125;0.703125;0.734375;0.203125;0.765625;0.765625;0.19921875;0.703125;0.703125;0.197265625;0.333984375;0.7265625;0.796875;0.21875;0.796875;0.84375;0.21875;0.8203125;0.8515625;0.21875;0.74609375;0.765625;0.20703125;0.35546875;0.7578125;0.796875;0.21875;0.8125;0.85546875;0.22265625;0.83984375;0.87109375;0.224609375;0.859375;0.890625;0.2255859375;0.8671875;0.89453125;0.2255859375;0.783203125;0.72265625;0.185546875;0.3037109375;0.716796875;0.712890625;0.18994140625;0.728515625;0.70703125;0.1826171875;0.8;0.171875;0.40625;0.65625;0.1953125;0.13671875;0.71875;0.75;0.2109375;0.78125;0.796875;0.2109375;0.703125;0.7109375;0.197265625;0.33984375;0.71875;0.7890625;0.21875;0.796875;0.84375;0.220703125;0.8203125;0.84375;0.220703125;0.7421875;0.7578125;0.20703125;0.3603515625;0.75390625;0.79296875;0.21875;0.8125;0.8515625;0.2216796875;0.8359375;0.86328125;0.22265625;0.85546875;0.87890625;0.2216796875;0.859375;0.875;0.216796875;0.767578125;0.689453125;0.169921875;0.29833984375;0.697265625;0.68359375;0.18017578125;0.71484375;0.6953125;0.18212890625;0.8
53;53;90.86;0.15625;0.359375;0.640625;0.19140625;0.12890625;0.703125;0.734375;0.203125;0.765625;0.765625;0.19921875;0.703125;0.703125;0.197265625;0.333984375;0.7265625;0.796875;0.21875;0.796875;0.84375;0.21875;0.8203125;0.84375;0.21875;0.74609375;0.7578125;0.20703125;0.353515625;0.75390625;0.79296875;0.2177734375;0.8125;0.8515625;0.2216796875;0.83984375;0.8671875;0.2236328125;0.85546875;0.8828125;0.2236328125;0.86328125;0.88671875;0.2216796875;0.775390625;0.697265625;0.1767578125;0.29150390625;0.6953125;0.6875;0.18408203125;0.70703125;0.685546875;0.17822265625;0.8;0.171875;0.390625;0.65625;0.1953125;0.13671875;0.71875;0.75;0.20703125;0.765625;0.78125;0.20703125;0.703125;0.6953125;0.1953125;0.337890625;0.7109375;0.7890625;0.216796875;0.796875;0.84375;0.220703125;0.8125;0.84375;0.21875;0.73828125;0.7578125;0.20703125;0.357421875;0.75390625;0.79296875;0.21875;0.8125;0.8515625;0.2216796875;0.83984375;0.8671875;0.22265625;0.85546875;0.87890625;0.2216796875;0.859375;0.8828125;0.21875;0.771484375;0.69921875;0.17333984375;0.302734375;0.703125;0.69140625;0.1826171875;0.720703125;0.69921875;0.18310546875;0.8
54;54;90.97;0.15625;0.359375;0.625;0.19140625;0.12890625;0.703125;0.734375;0.203125;0.765625;0.75;0.19921875;0.6953125;0.703125;0.1953125;0.333984375;0.7265625;0.796875;0.21875;0.796875;0.8359375;0.21875;0.8203125;0.84375;0.21875;0.74609375;0.7578125;0.20703125;0.353515625;0.75390625;0.79296875;0.2177734375;0.8125;0.8515625;0.2216796875;0.83984375;0.8671875;0.22265625;0.85546875;0.8828125;0.22265625;0.86328125;0.88671875;0.220703125;0.7734375;0.6953125;0.17578125;0.28857421875;0.69140625;0.685546875;0.18310546875;0.70703125;0.685546875;0.17822265625;0.8;0.171875;0.390625;0.65625;0.1953125;0.13671875;0.71875;0.75;0.20703125;0.78125;0.78125;0.20703125;0.703125;0.703125;0.197265625;0.33984375;0.7109375;0.796875;0.21875;0.796875;0.84375;0.220703125;0.8203125;0.84375;0.220703125;0.7421875;0.7578125;0.20703125;0.359375;0.75;0.79296875;0.21875;0.8125;0.8515625;0.2216796875;0.8359375;0.8671875;0.22265625;0.85546875;0.87890625;0.2216796875;0.859375;0.87890625;0.2177734375;0.76953125;0.6953125;0.17236328125;0.30126953125;0.701171875;0.6875;0.18212890625;0.716796875;0.693359375;0.181640625;0.8
55;55;90.95;0.15625;0.359375;0.625;0.19140625;0.1328125;0.71875;0.734375;0.203125;0.765625;0.765625;0.19921875;0.703125;0.703125;0.197265625;0.3359375;0.7265625;0.796875;0.21875;0.8046875;0.84375;0.21875;0.8203125;0.8515625;0.21875;0.74609375;0.76171875;0.20703125;0.3544921875;0.7578125;0.796875;0.21875;0.81640625;0.85546875;0.22265625;0.83984375;0.87109375;0.224609375;0.859375;0.88671875;0.2255859375;0.8671875;0.89453125;0.224609375;0.783203125;0.716796875;0.18359375;0.302734375;0.708984375;0.69921875;0.18701171875;0.71875;0.6953125;0.1806640625;0.8;0.171875;0.390625;0.65625;0.1953125;0.13671875;0.71875;0.75;0.20703125;0.78125;0.78125;0.20703125;0.703125;0.703125;0.197265625;0.33984375;0.7109375;0.796875;0.21875;0.796875;0.84375;0.220703125;0.8203125;0.84375;0.220703125;0.7421875;0.7578125;0.20703125;0.359375;0.75390625;0.79296875;0.21875;0.8125;0.8515625;0.2216796875;0.8359375;0.8671875;0.22265625;0.85546875;0.87890625;0.2216796875;0.859375;0.87890625;0.21875;0.76953125;0.69921875;0.1748046875;0.3037109375;0.701171875;0.689453125;0.18408203125;0.71875;0.6953125;0.1826171875;0.8
56;56;91.25;0.15625;0.359375;0.640625;0.19140625;0.1328125;0.71875;0.734375;0.203125;0.765625;0.765625;0.19921875;0.703125;0.7109375;0.197265625;0.3359375;0.7265625;0.796875;0.21875;0.8046875;0.84375;0.220703125;0.8203125;0.8515625;0.220703125;0.75;0.76171875;0.20703125;0.3564453125;0.7578125;0.796875;0.21875;0.81640625;0.8515625;0.2216796875;0.83984375;0.87109375;0.2236328125;0.85546875;0.8828125;0.2236328125;0.86328125;0.8828125;0.220703125;0.775390625;0.6953125;0.17529296875;0.29052734375;0.693359375;0.6875;0.18359375;0.70703125;0.685546875;0.17919921875;0.8;0.171875;0.390625;0.65625;0.1953125;0.13671875;0.71875;0.75;0.2109375;0.78125;0.78125;0.20703125;0.703125;0.703125;0.197265625;0.33984375;0.7109375;0.7890625;0.21875;0.796875;0.84375;0.220703125;0.8203125;0.84375;0.220703125;0.7421875;0.7578125;0.20703125;0.359375;0.75390625;0.79296875;0.21875;0.8125;0.8515625;0.22265625;0.83984375;0.8671875;0.2236328125;0.85546875;0.8828125;0.22265625;0.86328125;0.8828125;0.2197265625;0.775390625;0.7109375;0.1787109375;0.30908203125;0.708984375;0.697265625;0.1865234375;0.724609375;0.69921875;0.18310546875;0.8
57;57;91.38;0.15625;0.375;0.640625;0.1953125;0.1328125;0.71875;0.734375;0.203125;0.765625;0.765625;0.203125;0.703125;0.703125;0.197265625;0.337890625;0.7265625;0.8046875;0.21875;0.8046875;0.84375;0.220703125;0.8203125;0.8515625;0.220703125;0.75;0.765625;0.2080078125;0.35546875;0.76171875;0.796875;0.21875;0.81640625;0.85546875;0.22265625;0.83984375;0.87109375;0.224609375;0.859375;0.88671875;0.224609375;0.8671875;0.890625;0.22265625;0.78125;0.7109375;0.18115234375;0.2978515625;0.705078125;0.6953125;0.18603515625;0.716796875;0.6953125;0.1806640625;0.8;0.171875;0.40625;0.671875;0.1953125;0.13671875;0.71875;0.765625;0.2109375;0.78125;0.78125;0.2109375;0.703125;0.703125;0.1953125;0.341796875;0.7109375;0.796875;0.21875;0.796875;0.84375;0.220703125;0.8203125;0.84375;0.220703125;0.7421875;0.76171875;0.2080078125;0.359375;0.75390625;0.796875;0.21875;0.8125;0.8515625;0.22265625;0.83984375;0.8671875;0.2236328125;0.85546875;0.8828125;0.22265625;0.86328125;0.8828125;0.21875;0.7734375;0.705078125;0.17626953125;0.3046875;0.70703125;0.6953125;0.185546875;0.72265625;0.69921875;0.18310546875;0.8
58;58;91.57;0.15625;0.359375;0.640625;0.19140625;0.12890625;0.71875;0.734375;0.203125;0.765625;0.765625;0.203125;0.703125;0.7109375;0.19921875;0.337890625;0.734375;0.8046875;0.21875;0.8046875;0.84375;0.21875;0.8203125;0.8515625;0.21875;0.75;0.76171875;0.20703125;0.35546875;0.76171875;0.796875;0.21875;0.81640625;0.85546875;0.22265625;0.83984375;0.87109375;0.224609375;0.859375;0.88671875;0.224609375;0.8671875;0.890625;0.2236328125;0.779296875;0.708984375;0.1806640625;0.298828125;0.701171875;0.693359375;0.18603515625;0.71484375;0.689453125;0.1787109375;0.8;0.171875;0.40625;0.65625;0.1953125;0.13671875;0.71875;0.75;0.20703125;0.78125;0.78125;0.2109375;0.703125;0.703125;0.197265625;0.33984375;0.71875;0.796875;0.21875;0.796875;0.84375;0.220703125;0.8203125;0.84375;0.220703125;0.7421875;0.76171875;0.20703125;0.359375;0.75390625;0.796875;0.21875;0.81640625;0.85546875;0.22265625;0.83984375;0.87109375;0.2236328125;0.859375;0.8828125;0.22265625;0.86328125;0.8828125;0.2197265625;0.775390625;0.7109375;0.17822265625;0.30810546875;0.708984375;0.69921875;0.1865234375;0.72265625;0.697265625;0.18310546875;0.8
59;59;91.67;0.15625;0.375;0.640625;0.1953125;0.1328125;0.71875;0.734375;0.203125;0.765625;0.765625;0.19921875;0.703125;0.703125;0.197265625;0.3359375;0.7265625;0.796875;0.21875;0.796875;0.84375;0.220703125;0.8203125;0.8515625;0.220703125;0.75;0.76171875;0.2080078125;0.35546875;0.76171875;0.796875;0.21875;0.81640625;0.85546875;0.22265625;0.83984375;0.87109375;0.2236328125;0.859375;0.88671875;0.224609375;0.8671875;0.890625;0.22265625;0.779296875;0.705078125;0.1796875;0.296875;0.69921875;0.689453125;0.1845703125;0.7109375;0.6875;0.17919921875;0.8;0.171875;0.40625;0.65625;0.1953125;0.13671875;0.71875;0.75;0.20703125;0.78125;0.78125;0.2109375;0.703125;0.703125;0.197265625;0.33984375;0.7109375;0.7890625;0.21875;0.796875;0.84375;0.220703125;0.8203125;0.84375;0.220703125;0.7421875;0.7578125;0.20703125;0.359375;0.75390625;0.79296875;0.21875;0.8125;0.8515625;0.22265625;0.83984375;0.8671875;0.2236328125;0.85546875;0.8828125;0.22265625;0.86328125;0.8828125;0.2197265625;0.7734375;0.705078125;0.17578125;0.3056640625;0.70703125;0.693359375;0.1845703125;0.720703125;0.697265625;0.18310546875;0.8
60;60;91.31;0.15625;0.375;0.640625;0.1953125;0.1328125;0.71875;0.734375;0.203125;0.765625;0.765625;0.203125;0.7109375;0.7109375;0.19921875;0.337890625;0.734375;0.796875;0.21875;0.8046875;0.84375;0.220703125;0.828125;0.8515625;0.220703125;0.75;0.765625;0.2080078125;0.3564453125;0.76171875;0.796875;0.21875;0.81640625;0.85546875;0.22265625;0.83984375;0.87109375;0.2236328125;0.859375;0.88671875;0.224609375;0.86328125;0.890625;0.22265625;0.779296875;0.70703125;0.1787109375;0.296875;0.703125;0.697265625;0.1865234375;0.716796875;0.6953125;0.18115234375;0.8;0.171875;0.40625;0.671875;0.1953125;0.13671875;0.71875;0.765625;0.2109375;0.78125;0.78125;0.20703125;0.703125;0.703125;0.197265625;0.341796875;0.7109375;0.7890625;0.21875;0.796875;0.8515625;0.220703125;0.8203125;0.84375;0.220703125;0.7421875;0.7578125;0.20703125;0.359375;0.75390625;0.79296875;0.21875;0.8125;0.8515625;0.2216796875;0.83984375;0.8671875;0.2236328125;0.85546875;0.8828125;0.2216796875;0.86328125;0.8828125;0.21875;0.771484375;0.703125;0.1748046875;0.3037109375;0.705078125;0.6953125;0.185546875;0.720703125;0.697265625;0.18310546875;0.8
61;61;91.58;0.15625;0.359375;0.625;0.19140625;0.12890625;0.71875;0.734375;0.203125;0.765625;0.765625;0.19921875;0.703125;0.7109375;0.19921875;0.3359375;0.7265625;0.8046875;0.21875;0.8046875;0.84375;0.220703125;0.8203125;0.8515625;0.220703125;0.75;0.765625;0.2080078125;0.3564453125;0.76171875;0.80078125;0.21875;0.81640625;0.85546875;0.2236328125;0.84375;0.87109375;0.224609375;0.859375;0.890625;0.224609375;0.8671875;0.89453125;0.2236328125;0.783203125;0.7109375;0.18017578125;0.30029296875;0.705078125;0.693359375;0.185546875;0.71484375;0.6875;0.1787109375;0.8;0.171875;0.40625;0.65625;0.1953125;0.13671875;0.71875;0.75;0.2109375;0.78125;0.78125;0.2109375;0.703125;0.703125;0.197265625;0.33984375;0.71875;0.7890625;0.21875;0.796875;0.84375;0.220703125;0.8203125;0.84375;0.220703125;0.7421875;0.7578125;0.20703125;0.359375;0.75390625;0.79296875;0.21875;0.8125;0.8515625;0.22265625;0.83984375;0.8671875;0.2236328125;0.85546875;0.8828125;0.22265625;0.86328125;0.8828125;0.2197265625;0.7734375;0.708984375;0.1767578125;0.30615234375;0.708984375;0.69921875;0.1865234375;0.724609375;0.703125;0.18408203125;0.8
62;62;91.49;0.15625;0.375;0.640625;0.19140625;0.1328125;0.71875;0.734375;0.203125;0.765625;0.75;0.19921875;0.703125;0.703125;0.197265625;0.3359375;0.7265625;0.796875;0.21875;0.8046875;0.84375;0.21875;0.8203125;0.8515625;0.220703125;0.74609375;0.76171875;0.20703125;0.3544921875;0.7578125;0.796875;0.2177734375;0.8125;0.8515625;0.2216796875;0.83984375;0.8671875;0.2236328125;0.85546875;0.8828125;0.22265625;0.86328125;0.8828125;0.220703125;0.7734375;0.6953125;0.17626953125;0.29052734375;0.693359375;0.685546875;0.18408203125;0.70703125;0.68359375;0.1787109375;0.8;0.171875;0.40625;0.65625;0.1953125;0.13671875;0.71875;0.765625;0.2109375;0.78125;0.78125;0.20703125;0.703125;0.7109375;0.197265625;0.341796875;0.71875;0.796875;0.21875;0.796875;0.8515625;0.220703125;0.8203125;0.8515625;0.220703125;0.7421875;0.7578125;0.20703125;0.3603515625;0.75390625;0.79296875;0.21875;0.8125;0.8515625;0.2216796875;0.83984375;0.8671875;0.2236328125;0.85546875;0.8828125;0.22265625;0.86328125;0.8828125;0.2197265625;0.7734375;0.70703125;0.17626953125;0.30517578125;0.708984375;0.697265625;0.18603515625;0.72265625;0.69921875;0.18359375;0.8
63;63;91.7;0.15625;0.375;0.640625;0.1953125;0.13671875;0.71875;0.75;0.203125;0.765625;0.765625;0.203125;0.703125;0.7109375;0.19921875;0.337890625;0.734375;0.796875;0.21875;0.8046875;0.84375;0.220703125;0.8203125;0.8515625;0.220703125;0.75;0.76171875;0.20703125;0.3564453125;0.76171875;0.796875;0.21875;0.81640625;0.8515625;0.22265625;0.83984375;0.87109375;0.2236328125;0.859375;0.8828125;0.2236328125;0.86328125;0.88671875;0.220703125;0.775390625;0.6953125;0.17578125;0.29248046875;0.693359375;0.6796875;0.1826171875;0.703125;0.6796875;0.1767578125;0.8;0.171875;0.40625;0.65625;0.1953125;0.13671875;0.71875;0.765625;0.2109375;0.78125;0.78125;0.2109375;0.703125;0.703125;0.197265625;0.341796875;0.71875;0.796875;0.21875;0.796875;0.84375;0.220703125;0.8203125;0.84375;0.220703125;0.7421875;0.7578125;0.20703125;0.359375;0.75390625;0.796875;0.21875;0.8125;0.8515625;0.2216796875;0.83984375;0.8671875;0.2236328125;0.85546875;0.8828125;0.22265625;0.86328125;0.8828125;0.2197265625;0.7734375;0.70703125;0.17626953125;0.30419921875;0.708984375;0.69921875;0.1865234375;0.724609375;0.69921875;0.18408203125;0.8
64;64;91.44;0.15625;0.359375;0.640625;0.19140625;0.1328125;0.71875;0.734375;0.203125;0.765625;0.765625;0.203125;0.703125;0.7109375;0.19921875;0.337890625;0.734375;0.796875;0.21875;0.8046875;0.84375;0.220703125;0.8203125;0.8515625;0.220703125;0.75;0.765625;0.2080078125;0.35546875;0.76171875;0.80078125;0.21875;0.81640625;0.85546875;0.22265625;0.84375;0.875;0.224609375;0.859375;0.890625;0.2255859375;0.8671875;0.89453125;0.224609375;0.783203125;0.71875;0.18359375;0.302734375;0.712890625;0.703125;0.1875;0.720703125;0.6953125;0.1796875;0.8;0.171875;0.40625;0.671875;0.1953125;0.13671875;0.71875;0.765625;0.2109375;0.78125;0.78125;0.20703125;0.703125;0.7109375;0.197265625;0.341796875;0.71875;0.796875;0.21875;0.8046875;0.8515625;0.220703125;0.8203125;0.8515625;0.220703125;0.74609375;0.76171875;0.2080078125;0.3603515625;0.7578125;0.796875;0.21875;0.8125;0.85546875;0.22265625;0.83984375;0.87109375;0.2236328125;0.859375;0.8828125;0.22265625;0.86328125;0.8828125;0.2197265625;0.7734375;0.70703125;0.1767578125;0.3046875;0.708984375;0.69921875;0.1865234375;0.724609375;0.701171875;0.1845703125;0.8
65;65;91.89;0.15625;0.375;0.640625;0.1953125;0.13671875;0.71875;0.75;0.203125;0.765625;0.765625;0.203125;0.703125;0.7109375;0.19921875;0.337890625;0.7265625;0.8046875;0.21875;0.8046875;0.84375;0.220703125;0.8203125;0.8515625;0.220703125;0.75;0.765625;0.2080078125;0.3564453125;0.76171875;0.80078125;0.21875;0.81640625;0.85546875;0.22265625;0.83984375;0.875;0.224609375;0.859375;0.890625;0.224609375;0.8671875;0.890625;0.2236328125;0.783203125;0.71484375;0.18212890625;0.29931640625;0.70703125;0.69921875;0.18701171875;0.720703125;0.69921875;0.18115234375;0.8;0.171875;0.40625;0.65625;0.1953125;0.13671875;0.71875;0.75;0.2109375;0.78125;0.78125;0.2109375;0.703125;0.703125;0.197265625;0.33984375;0.71875;0.7890625;0.21875;0.796875;0.84375;0.220703125;0.8203125;0.84375;0.220703125;0.7421875;0.7578125;0.20703125;0.359375;0.75390625;0.796875;0.21875;0.8125;0.8515625;0.2216796875;0.83984375;0.8671875;0.22265625;0.85546875;0.8828125;0.2216796875;0.86328125;0.8828125;0.21875;0.771484375;0.703125;0.17529296875;0.302734375;0.70703125;0.6953125;0.18603515625;0.72265625;0.701171875;0.18408203125;0.8
66;66;91.9;0.15625;0.375;0.640625;0.1953125;0.1328125;0.71875;0.734375;0.203125;0.765625;0.765625;0.203125;0.703125;0.7109375;0.19921875;0.337890625;0.7265625;0.796875;0.21875;0.8046875;0.84375;0.220703125;0.8203125;0.8515625;0.220703125;0.75;0.765625;0.2080078125;0.35546875;0.7578125;0.796875;0.21875;0.8125;0.8515625;0.22265625;0.83984375;0.87109375;0.224609375;0.859375;0.88671875;0.224609375;0.8671875;0.890625;0.22265625;0.779296875;0.708984375;0.18017578125;0.2958984375;0.701171875;0.69140625;0.185546875;0.7109375;0.6875;0.1787109375;0.8;0.171875;0.40625;0.65625;0.1953125;0.13671875;0.71875;0.75;0.20703125;0.78125;0.78125;0.2109375;0.703125;0.703125;0.197265625;0.33984375;0.7109375;0.7890625;0.216796875;0.796875;0.84375;0.220703125;0.8203125;0.84375;0.21875;0.7421875;0.7578125;0.20703125;0.3583984375;0.75390625;0.796875;0.21875;0.8125;0.8515625;0.22265625;0.83984375;0.87109375;0.2236328125;0.85546875;0.8828125;0.22265625;0.86328125;0.8828125;0.2197265625;0.7734375;0.70703125;0.1767578125;0.3046875;0.708984375;0.697265625;0.1865234375;0.724609375;0.701171875;0.18408203125;0.8
67;67;91.83;0.15625;0.375;0.640625;0.1953125;0.1328125;0.71875;0.734375;0.203125;0.765625;0.765625;0.203125;0.703125;0.7109375;0.19921875;0.337890625;0.734375;0.796875;0.21875;0.8046875;0.84375;0.220703125;0.828125;0.8515625;0.220703125;0.75;0.76171875;0.20703125;0.35546875;0.76171875;0.796875;0.21875;0.81640625;0.8515625;0.22265625;0.83984375;0.87109375;0.2236328125;0.859375;0.88671875;0.224609375;0.86328125;0.88671875;0.22265625;0.779296875;0.705078125;0.1796875;0.2958984375;0.701171875;0.689453125;0.185546875;0.7109375;0.685546875;0.17822265625;0.8;0.171875;0.40625;0.65625;0.1953125;0.13671875;0.71875;0.765625;0.2109375;0.78125;0.78125;0.2109375;0.7109375;0.7109375;0.197265625;0.341796875;0.71875;0.796875;0.21875;0.796875;0.8515625;0.220703125;0.8203125;0.84375;0.220703125;0.74609375;0.76171875;0.2080078125;0.3603515625;0.75390625;0.796875;0.21875;0.81640625;0.85546875;0.22265625;0.83984375;0.87109375;0.2236328125;0.859375;0.8828125;0.22265625;0.86328125;0.8828125;0.2197265625;0.7734375;0.708984375;0.17724609375;0.306640625;0.7109375;0.697265625;0.1865234375;0.724609375;0.701171875;0.18408203125;0.8
68;68;91.88;0.15625;0.359375;0.640625;0.1953125;0.1328125;0.71875;0.734375;0.203125;0.765625;0.765625;0.203125;0.703125;0.7109375;0.197265625;0.337890625;0.7265625;0.796875;0.21875;0.8046875;0.84375;0.220703125;0.8203125;0.8515625;0.220703125;0.75;0.765625;0.2080078125;0.3564453125;0.76171875;0.80078125;0.21875;0.81640625;0.85546875;0.22265625;0.84375;0.875;0.224609375;0.859375;0.88671875;0.224609375;0.8671875;0.890625;0.22265625;0.779296875;0.712890625;0.18115234375;0.29638671875;0.70703125;0.701171875;0.1875;0.71875;0.6953125;0.18115234375;0.8;0.171875;0.40625;0.65625;0.1953125;0.13671875;0.71875;0.75;0.20703125;0.78125;0.78125;0.2109375;0.703125;0.703125;0.197265625;0.33984375;0.71875;0.7890625;0.216796875;0.796875;0.84375;0.220703125;0.8203125;0.84375;0.220703125;0.7421875;0.76171875;0.20703125;0.359375;0.75390625;0.796875;0.21875;0.81640625;0.85546875;0.22265625;0.83984375;0.87109375;0.2236328125;0.859375;0.8828125;0.22265625;0.86328125;0.88671875;0.2197265625;0.775390625;0.712890625;0.17822265625;0.30712890625;0.7109375;0.69921875;0.1875;0.7265625;0.703125;0.1845703125;0.8
69;69;91.89;0.15625;0.375;0.640625;0.1953125;0.13671875;0.71875;0.75;0.203125;0.765625;0.765625;0.203125;0.703125;0.7109375;0.197265625;0.337890625;0.7265625;0.796875;0.21875;0.8046875;0.84375;0.220703125;0.8203125;0.8515625;0.220703125;0.75;0.765625;0.2080078125;0.35546875;0.76171875;0.80078125;0.21875;0.81640625;0.8515625;0.22265625;0.83984375;0.87109375;0.2236328125;0.859375;0.88671875;0.2236328125;0.8671875;0.890625;0.2216796875;0.779296875;0.708984375;0.1796875;0.29638671875;0.703125;0.693359375;0.1865234375;0.712890625;0.689453125;0.17919921875;0.8;0.171875;0.40625;0.65625;0.1953125;0.13671875;0.71875;0.765625;0.2109375;0.78125;0.78125;0.2109375;0.703125;0.703125;0.197265625;0.341796875;0.71875;0.7890625;0.216796875;0.796875;0.84375;0.220703125;0.8203125;0.84375;0.220703125;0.7421875;0.76171875;0.20703125;0.359375;0.75390625;0.796875;0.21875;0.8125;0.8515625;0.22265625;0.83984375;0.87109375;0.2236328125;0.859375;0.8828125;0.22265625;0.86328125;0.88671875;0.2197265625;0.7734375;0.712890625;0.17822265625;0.306640625;0.7109375;0.701171875;0.1875;0.7265625;0.701171875;0.18408203125;0.8
70;70;91.88;0.15625;0.375;0.640625;0.1953125;0.13671875;0.71875;0.734375;0.203125;0.765625;0.765625;0.203125;0.703125;0.703125;0.197265625;0.337890625;0.7265625;0.796875;0.21875;0.8046875;0.84375;0.21875;0.8203125;0.8515625;0.21875;0.75;0.765625;0.2080078125;0.3544921875;0.76171875;0.796875;0.21875;0.81640625;0.85546875;0.22265625;0.84375;0.87109375;0.224609375;0.859375;0.88671875;0.224609375;0.8671875;0.890625;0.22265625;0.779296875;0.708984375;0.1796875;0.29736328125;0.701171875;0.689453125;0.1845703125;0.7109375;0.681640625;0.17822265625;0.8;0.171875;0.40625;0.65625;0.1953125;0.13671875;0.71875;0.765625;0.2109375;0.78125;0.78125;0.2109375;0.7109375;0.7109375;0.197265625;0.341796875;0.71875;0.796875;0.21875;0.796875;0.84375;0.220703125;0.8203125;0.84375;0.220703125;0.74609375;0.76171875;0.20703125;0.3603515625;0.75390625;0.796875;0.21875;0.8125;0.8515625;0.22265625;0.83984375;0.87109375;0.2236328125;0.859375;0.8828125;0.22265625;0.86328125;0.88671875;0.220703125;0.775390625;0.71484375;0.17919921875;0.3076171875;0.712890625;0.703125;0.1884765625;0.728515625;0.705078125;0.18505859375;0.8
71;71;92.02;0.15625;0.375;0.640625;0.1953125;0.1328125;0.71875;0.734375;0.203125;0.765625;0.765625;0.19921875;0.703125;0.703125;0.197265625;0.337890625;0.7265625;0.796875;0.21875;0.796875;0.84375;0.21875;0.8203125;0.8515625;0.21875;0.75;0.765625;0.20703125;0.35546875;0.76171875;0.80078125;0.21875;0.81640625;0.85546875;0.22265625;0.83984375;0.87109375;0.2236328125;0.859375;0.890625;0.224609375;0.8671875;0.890625;0.22265625;0.779296875;0.708984375;0.1796875;0.29638671875;0.701171875;0.69140625;0.185546875;0.7109375;0.68359375;0.17724609375;0.8;0.171875;0.40625;0.65625;0.1953125;0.13671875;0.71875;0.765625;0.2109375;0.78125;0.78125;0.2109375;0.703125;0.7109375;0.197265625;0.341796875;0.71875;0.796875;0.21875;0.796875;0.84375;0.220703125;0.8203125;0.84375;0.220703125;0.7421875;0.7578125;0.20703125;0.359375;0.75390625;0.79296875;0.21875;0.8125;0.8515625;0.22265625;0.83984375;0.87109375;0.2236328125;0.859375;0.88671875;0.2236328125;0.8671875;0.88671875;0.220703125;0.77734375;0.720703125;0.18115234375;0.310546875;0.71484375;0.703125;0.18896484375;0.728515625;0.703125;0.1845703125;0.8
72;72;91.95;0.15625;0.359375;0.640625;0.1953125;0.1328125;0.71875;0.734375;0.203125;0.765625;0.765625;0.203125;0.703125;0.703125;0.197265625;0.337890625;0.7265625;0.796875;0.21875;0.8046875;0.84375;0.21875;0.8203125;0.8515625;0.21875;0.74609375;0.76171875;0.20703125;0.3544921875;0.7578125;0.80078125;0.21875;0.81640625;0.85546875;0.22265625;0.83984375;0.87109375;0.224609375;0.859375;0.890625;0.2255859375;0.8671875;0.89453125;0.224609375;0.783203125;0.71875;0.18408203125;0.302734375;0.708984375;0.6953125;0.1865234375;0.71875;0.69140625;0.1787109375;0.8;0.171875;0.40625;0.65625;0.1953125;0.13671875;0.71875;0.765625;0.2109375;0.78125;0.78125;0.2109375;0.703125;0.7109375;0.197265625;0.341796875;0.71875;0.7890625;0.216796875;0.796875;0.84375;0.220703125;0.8203125;0.84375;0.220703125;0.7421875;0.7578125;0.20703125;0.359375;0.75390625;0.796875;0.21875;0.8125;0.8515625;0.22265625;0.83984375;0.87109375;0.2236328125;0.859375;0.88671875;0.2236328125;0.8671875;0.88671875;0.220703125;0.77734375;0.71875;0.1806640625;0.31005859375;0.71484375;0.703125;0.18896484375;0.73046875;0.705078125;0.1845703125;0.8
73;73;91.84;0.15625;0.375;0.640625;0.1953125;0.13671875;0.71875;0.75;0.203125;0.765625;0.765625;0.203125;0.7109375;0.7109375;0.19921875;0.33984375;0.734375;0.8046875;0.21875;0.8046875;0.84375;0.220703125;0.8203125;0.8515625;0.21875;0.75;0.76171875;0.20703125;0.3564453125;0.7578125;0.796875;0.2177734375;0.8125;0.8515625;0.22265625;0.83984375;0.87109375;0.2236328125;0.859375;0.88671875;0.2236328125;0.8671875;0.88671875;0.2216796875;0.77734375;0.70703125;0.1796875;0.29345703125;0.701171875;0.693359375;0.18603515625;0.712890625;0.6875;0.1787109375;0.8;0.171875;0.40625;0.65625;0.1953125;0.13671875;0.71875;0.75;0.20703125;0.78125;0.796875;0.2109375;0.7109375;0.7109375;0.197265625;0.341796875;0.71875;0.796875;0.21875;0.796875;0.84375;0.220703125;0.8203125;0.84375;0.220703125;0.7421875;0.7578125;0.20703125;0.359375;0.75390625;0.796875;0.21875;0.8125;0.8515625;0.22265625;0.83984375;0.87109375;0.2236328125;0.859375;0.88671875;0.2236328125;0.86328125;0.88671875;0.220703125;0.77734375;0.716796875;0.18017578125;0.30908203125;0.71484375;0.703125;0.1884765625;0.728515625;0.703125;0.18505859375;0.8
74;74;91.94;0.171875;0.375;0.640625;0.1953125;0.13671875;0.71875;0.734375;0.203125;0.765625;0.765625;0.203125;0.703125;0.7109375;0.19921875;0.337890625;0.734375;0.8046875;0.21875;0.8046875;0.84375;0.220703125;0.8203125;0.8515625;0.220703125;0.75;0.765625;0.2080078125;0.3564453125;0.76171875;0.80078125;0.21875;0.81640625;0.85546875;0.22265625;0.84375;0.875;0.224609375;0.859375;0.890625;0.224609375;0.8671875;0.890625;0.2236328125;0.78125;0.7109375;0.18115234375;0.29931640625;0.703125;0.689453125;0.1845703125;0.712890625;0.68359375;0.17822265625;0.8;0.171875;0.40625;0.65625;0.1953125;0.13671875;0.71875;0.765625;0.2109375;0.78125;0.78125;0.2109375;0.703125;0.7109375;0.197265625;0.341796875;0.71875;0.796875;0.21875;0.796875;0.84375;0.220703125;0.8203125;0.84375;0.220703125;0.74609375;0.76171875;0.2080078125;0.359375;0.75390625;0.796875;0.21875;0.8125;0.85546875;0.22265625;0.83984375;0.87109375;0.2236328125;0.859375;0.88671875;0.2236328125;0.8671875;0.88671875;0.220703125;0.77734375;0.720703125;0.18115234375;0.31005859375;0.71484375;0.705078125;0.18896484375;0.73046875;0.705078125;0.18505859375;0.8
75;75;91.62;0.15625;0.375;0.640625;0.1953125;0.1328125;0.71875;0.75;0.203125;0.765625;0.765625;0.203125;0.7109375;0.7109375;0.19921875;0.33984375;0.734375;0.8046875;0.21875;0.8046875;0.84375;0.220703125;0.828125;0.8515625;0.220703125;0.75;0.76953125;0.2080078125;0.3564453125;0.76171875;0.80078125;0.21875;0.81640625;0.8515625;0.22265625;0.84375;0.87109375;0.2236328125;0.859375;0.88671875;0.2236328125;0.8671875;0.890625;0.2216796875;0.77734375;0.705078125;0.17822265625;0.29248046875;0.69921875;0.689453125;0.18505859375;0.708984375;0.685546875;0.17822265625;0.8;0.171875;0.40625;0.65625;0.1953125;0.13671875;0.71875;0.765625;0.2109375;0.78125;0.78125;0.2109375;0.703125;0.7109375;0.197265625;0.341796875;0.71875;0.796875;0.21875;0.796875;0.84375;0.220703125;0.8203125;0.84375;0.220703125;0.7421875;0.76171875;0.2080078125;0.359375;0.75390625;0.796875;0.21875;0.8125;0.85546875;0.22265625;0.83984375;0.87109375;0.2236328125;0.859375;0.88671875;0.2236328125;0.8671875;0.88671875;0.220703125;0.77734375;0.71875;0.1806640625;0.3095703125;0.712890625;0.703125;0.1884765625;0.728515625;0.703125;0.1845703125;0.8
76;76;92.06;0.15625;0.375;0.640625;0.1953125;0.1328125;0.71875;0.75;0.203125;0.765625;0.765625;0.203125;0.7109375;0.71875;0.19921875;0.33984375;0.734375;0.8046875;0.21875;0.8046875;0.84375;0.220703125;0.828125;0.8515625;0.220703125;0.75;0.765625;0.2080078125;0.3564453125;0.76171875;0.796875;0.21875;0.81640625;0.85546875;0.22265625;0.83984375;0.87109375;0.2236328125;0.859375;0.88671875;0.2236328125;0.8671875;0.88671875;0.2216796875;0.77734375;0.703125;0.1787109375;0.29296875;0.69921875;0.689453125;0.18505859375;0.708984375;0.685546875;0.17822265625;0.8;0.171875;0.40625;0.65625;0.1953125;0.13671875;0.71875;0.765625;0.2109375;0.78125;0.78125;0.2109375;0.7109375;0.7109375;0.197265625;0.341796875;0.71875;0.796875;0.21875;0.796875;0.84375;0.220703125;0.8203125;0.84375;0.220703125;0.7421875;0.7578125;0.20703125;0.359375;0.75390625;0.796875;0.21875;0.8125;0.8515625;0.22265625;0.83984375;0.87109375;0.2236328125;0.859375;0.88671875;0.2236328125;0.8671875;0.88671875;0.220703125;0.77734375;0.720703125;0.181640625;0.310546875;0.712890625;0.703125;0.18896484375;0.728515625;0.701171875;0.1845703125;0.8
77;77;91.91;0.15625;0.359375;0.640625;0.19140625;0.1328125;0.71875;0.734375;0.203125;0.765625;0.765625;0.203125;0.703125;0.7109375;0.197265625;0.337890625;0.734375;0.796875;0.21875;0.8046875;0.84375;0.21875;0.8203125;0.8515625;0.220703125;0.75;0.765625;0.2080078125;0.3544921875;0.7578125;0.796875;0.21875;0.8125;0.8515625;0.2216796875;0.83984375;0.87109375;0.2236328125;0.859375;0.88671875;0.2236328125;0.86328125;0.890625;0.2216796875;0.775390625;0.70703125;0.1787109375;0.29248046875;0.69921875;0.69140625;0.185546875;0.7109375;0.6875;0.17919921875;0.8;0.171875;0.40625;0.65625;0.1953125;0.13671875;0.71875;0.765625;0.2109375;0.78125;0.78125;0.2109375;0.703125;0.7109375;0.197265625;0.341796875;0.71875;0.796875;0.21875;0.796875;0.84375;0.220703125;0.8203125;0.84375;0.220703125;0.74609375;0.76171875;0.2080078125;0.359375;0.75390625;0.796875;0.21875;0.8125;0.85546875;0.22265625;0.83984375;0.87109375;0.2236328125;0.859375;0.88671875;0.2236328125;0.86328125;0.88671875;0.220703125;0.77734375;0.71875;0.1806640625;0.30908203125;0.71484375;0.703125;0.1884765625;0.728515625;0.703125;0.1845703125;0.8
78;78;92.03;0.15625;0.359375;0.640625;0.1953125;0.1328125;0.71875;0.734375;0.203125;0.765625;0.765625;0.203125;0.703125;0.7109375;0.19921875;0.3359375;0.734375;0.8046875;0.21875;0.8046875;0.84375;0.21875;0.8203125;0.8515625;0.220703125;0.75;0.765625;0.20703125;0.35546875;0.76171875;0.80078125;0.21875;0.81640625;0.85546875;0.2236328125;0.84375;0.875;0.224609375;0.859375;0.890625;0.2255859375;0.87109375;0.8984375;0.2255859375;0.787109375;0.7265625;0.18603515625;0.30419921875;0.71484375;0.701171875;0.18798828125;0.7265625;0.69921875;0.181640625;0.8;0.171875;0.40625;0.65625;0.1953125;0.13671875;0.71875;0.765625;0.2109375;0.78125;0.78125;0.2109375;0.7109375;0.7109375;0.197265625;0.341796875;0.71875;0.796875;0.21875;0.796875;0.84375;0.220703125;0.8203125;0.84375;0.220703125;0.74609375;0.76171875;0.2080078125;0.359375;0.75390625;0.796875;0.21875;0.8125;0.85546875;0.22265625;0.83984375;0.87109375;0.2236328125;0.859375;0.88671875;0.2236328125;0.86328125;0.88671875;0.220703125;0.77734375;0.716796875;0.18017578125;0.30859375;0.71484375;0.703125;0.18798828125;0.728515625;0.703125;0.1845703125;0.8
79;79;92.27;0.15625;0.375;0.640625;0.1953125;0.1328125;0.71875;0.75;0.203125;0.765625;0.765625;0.203125;0.703125;0.7109375;0.19921875;0.337890625;0.734375;0.8046875;0.21875;0.8046875;0.84375;0.220703125;0.8203125;0.8515625;0.220703125;0.75;0.765625;0.2080078125;0.3564453125;0.76171875;0.80078125;0.21875;0.81640625;0.85546875;0.22265625;0.84375;0.87109375;0.224609375;0.859375;0.890625;0.224609375;0.8671875;0.89453125;0.224609375;0.783203125;0.716796875;0.1826171875;0.30029296875;0.70703125;0.693359375;0.18603515625;0.71484375;0.6875;0.1787109375;0.8;0.171875;0.40625;0.65625;0.1953125;0.13671875;0.71875;0.765625;0.2109375;0.78125;0.78125;0.2109375;0.7109375;0.7109375;0.197265625;0.341796875;0.71875;0.796875;0.21875;0.796875;0.84375;0.220703125;0.8203125;0.84375;0.220703125;0.7421875;0.76171875;0.20703125;0.359375;0.75390625;0.796875;0.21875;0.8125;0.85546875;0.22265625;0.83984375;0.87109375;0.2236328125;0.859375;0.88671875;0.2236328125;0.86328125;0.88671875;0.220703125;0.775390625;0.716796875;0.18017578125;0.30859375;0.712890625;0.703125;0.1884765625;0.728515625;0.701171875;0.18408203125;0.8
80;80;92.07;0.15625;0.359375;0.640625;0.19140625;0.12890625;0.71875;0.734375;0.203125;0.765625;0.765625;0.203125;0.703125;0.7109375;0.19921875;0.3359375;0.734375;0.796875;0.21875;0.8046875;0.84375;0.21875;0.8203125;0.8515625;0.220703125;0.75;0.765625;0.2080078125;0.35546875;0.76171875;0.80078125;0.21875;0.81640625;0.85546875;0.22265625;0.84375;0.875;0.224609375;0.86328125;0.890625;0.2255859375;0.8671875;0.89453125;0.224609375;0.78515625;0.720703125;0.1845703125;0.30322265625;0.708984375;0.693359375;0.18603515625;0.71875;0.69140625;0.1796875;0.8;0.171875;0.40625;0.65625;0.1953125;0.13671875;0.71875;0.765625;0.2109375;0.78125;0.78125;0.2109375;0.7109375;0.7109375;0.197265625;0.341796875;0.71875;0.796875;0.21875;0.796875;0.84375;0.220703125;0.8203125;0.84375;0.220703125;0.7421875;0.76171875;0.20703125;0.359375;0.75390625;0.796875;0.21875;0.8125;0.85546875;0.22265625;0.83984375;0.87109375;0.2236328125;0.859375;0.88671875;0.2236328125;0.8671875;0.88671875;0.220703125;0.77734375;0.71875;0.1806640625;0.3095703125;0.712890625;0.701171875;0.1884765625;0.728515625;0.701171875;0.18408203125;0.8
81;81;92.15;0.15625;0.375;0.640625;0.1953125;0.13671875;0.71875;0.734375;0.203125;0.765625;0.765625;0.203125;0.703125;0.703125;0.197265625;0.337890625;0.7265625;0.796875;0.21875;0.8046875;0.84375;0.21875;0.8203125;0.8515625;0.21875;0.75;0.765625;0.2080078125;0.3544921875;0.76171875;0.80078125;0.21875;0.81640625;0.85546875;0.22265625;0.84375;0.875;0.224609375;0.859375;0.890625;0.224609375;0.8671875;0.890625;0.22265625;0.78125;0.708984375;0.1796875;0.29638671875;0.703125;0.697265625;0.18603515625;0.71484375;0.6875;0.1787109375;0.8;0.171875;0.40625;0.65625;0.1953125;0.13671875;0.71875;0.765625;0.2109375;0.78125;0.78125;0.2109375;0.7109375;0.703125;0.197265625;0.341796875;0.71875;0.7890625;0.216796875;0.796875;0.84375;0.220703125;0.8203125;0.84375;0.220703125;0.74609375;0.76171875;0.2080078125;0.359375;0.75390625;0.796875;0.21875;0.81640625;0.85546875;0.22265625;0.83984375;0.87109375;0.2236328125;0.859375;0.88671875;0.2236328125;0.8671875;0.88671875;0.220703125;0.77734375;0.720703125;0.18115234375;0.3095703125;0.71484375;0.701171875;0.1884765625;0.728515625;0.701171875;0.18408203125;0.8
82;82;92.1;0.15625;0.375;0.640625;0.19140625;0.1328125;0.71875;0.734375;0.203125;0.765625;0.765625;0.19921875;0.703125;0.703125;0.197265625;0.3359375;0.7265625;0.796875;0.21875;0.8046875;0.84375;0.21875;0.8203125;0.8515625;0.21875;0.74609375;0.76171875;0.20703125;0.353515625;0.7578125;0.796875;0.21875;0.8125;0.8515625;0.22265625;0.83984375;0.87109375;0.2236328125;0.859375;0.88671875;0.224609375;0.8671875;0.890625;0.22265625;0.779296875;0.7109375;0.1806640625;0.29638671875;0.703125;0.69140625;0.185546875;0.712890625;0.6875;0.1787109375;0.8;0.171875;0.40625;0.65625;0.1953125;0.13671875;0.71875;0.765625;0.2109375;0.78125;0.78125;0.2109375;0.7109375;0.7109375;0.197265625;0.341796875;0.71875;0.796875;0.21875;0.796875;0.84375;0.220703125;0.8203125;0.84375;0.220703125;0.74609375;0.76171875;0.2080078125;0.359375;0.75390625;0.796875;0.21875;0.8125;0.85546875;0.22265625;0.83984375;0.87109375;0.2236328125;0.859375;0.88671875;0.2236328125;0.8671875;0.88671875;0.220703125;0.77734375;0.71875;0.1806640625;0.3095703125;0.712890625;0.701171875;0.1884765625;0.7265625;0.701171875;0.1845703125;0.8
83;83;91.98;0.15625;0.359375;0.640625;0.1953125;0.12890625;0.71875;0.734375;0.203125;0.765625;0.765625;0.203125;0.703125;0.7109375;0.19921875;0.3359375;0.7265625;0.796875;0.21875;0.8046875;0.84375;0.220703125;0.828125;0.8515625;0.220703125;0.75;0.765625;0.2080078125;0.3564453125;0.76171875;0.796875;0.21875;0.81640625;0.85546875;0.22265625;0.83984375;0.87109375;0.2236328125;0.859375;0.88671875;0.2236328125;0.8671875;0.890625;0.22265625;0.779296875;0.705078125;0.1796875;0.29345703125;0.69921875;0.693359375;0.1865234375;0.7109375;0.685546875;0.1787109375;0.8;0.171875;0.40625;0.65625;0.1953125;0.13671875;0.71875;0.765625;0.2109375;0.78125;0.78125;0.2109375;0.7109375;0.7109375;0.197265625;0.341796875;0.71875;0.796875;0.21875;0.796875;0.84375;0.220703125;0.8203125;0.84375;0.220703125;0.74609375;0.76171875;0.2080078125;0.359375;0.75390625;0.796875;0.21875;0.81640625;0.85546875;0.22265625;0.83984375;0.87109375;0.2236328125;0.859375;0.88671875;0.2236328125;0.8671875;0.88671875;0.2216796875;0.77734375;0.720703125;0.181640625;0.31103515625;0.71484375;0.703125;0.1884765625;0.728515625;0.701171875;0.1845703125;0.8
84;84;92.14;0.15625;0.375;0.640625;0.1953125;0.1328125;0.71875;0.734375;0.203125;0.765625;0.765625;0.19921875;0.703125;0.703125;0.197265625;0.3359375;0.7265625;0.796875;0.21875;0.796875;0.84375;0.21875;0.8203125;0.8515625;0.21875;0.74609375;0.76171875;0.20703125;0.353515625;0.7578125;0.796875;0.21875;0.81640625;0.85546875;0.22265625;0.83984375;0.87109375;0.224609375;0.859375;0.890625;0.2255859375;0.8671875;0.89453125;0.224609375;0.783203125;0.720703125;0.1845703125;0.3017578125;0.712890625;0.703125;0.1884765625;0.724609375;0.69921875;0.181640625;0.8;0.171875;0.40625;0.65625;0.1953125;0.13671875;0.71875;0.765625;0.2109375;0.78125;0.78125;0.2109375;0.7109375;0.7109375;0.197265625;0.341796875;0.71875;0.796875;0.21875;0.796875;0.84375;0.220703125;0.8203125;0.84375;0.220703125;0.74609375;0.76171875;0.2080078125;0.359375;0.75390625;0.796875;0.21875;0.81640625;0.85546875;0.22265625;0.83984375;0.87109375;0.2236328125;0.859375;0.88671875;0.2236328125;0.8671875;0.890625;0.2216796875;0.779296875;0.72265625;0.1826171875;0.31201171875;0.716796875;0.703125;0.18896484375;0.728515625;0.703125;0.1845703125;0.8
85;85;92.07;0.15625;0.359375;0.640625;0.1953125;0.12890625;0.71875;0.75;0.20703125;0.765625;0.765625;0.203125;0.703125;0.7109375;0.19921875;0.337890625;0.734375;0.8046875;0.21875;0.8046875;0.84375;0.220703125;0.828125;0.8515625;0.220703125;0.75;0.765625;0.2080078125;0.3564453125;0.76171875;0.80078125;0.21875;0.81640625;0.85546875;0.2216796875;0.83984375;0.87109375;0.2236328125;0.859375;0.88671875;0.2236328125;0.86328125;0.88671875;0.2216796875;0.77734375;0.703125;0.17822265625;0.2900390625;0.6953125;0.689453125;0.18505859375;0.70703125;0.681640625;0.177734375;0.8;0.171875;0.40625;0.65625;0.1953125;0.13671875;0.71875;0.765625;0.2109375;0.78125;0.78125;0.2109375;0.7109375;0.7109375;0.197265625;0.341796875;0.71875;0.796875;0.21875;0.796875;0.84375;0.220703125;0.8203125;0.84375;0.220703125;0.74609375;0.76171875;0.2080078125;0.3603515625;0.75390625;0.796875;0.21875;0.81640625;0.85546875;0.22265625;0.83984375;0.87109375;0.2236328125;0.859375;0.88671875;0.2236328125;0.8671875;0.88671875;0.2216796875;0.77734375;0.720703125;0.181640625;0.310546875;0.71484375;0.703125;0.18896484375;0.728515625;0.703125;0.1845703125;0.8
86;86;92.04;0.15625;0.375;0.640625;0.1953125;0.1328125;0.71875;0.75;0.20703125;0.765625;0.765625;0.203125;0.7109375;0.7109375;0.19921875;0.337890625;0.734375;0.8046875;0.21875;0.8046875;0.84375;0.220703125;0.8203125;0.8515625;0.220703125;0.75;0.765625;0.2080078125;0.357421875;0.76171875;0.80078125;0.21875;0.81640625;0.85546875;0.22265625;0.84375;0.87109375;0.224609375;0.859375;0.890625;0.224609375;0.8671875;0.89453125;0.2236328125;0.783203125;0.716796875;0.1826171875;0.29931640625;0.70703125;0.693359375;0.18603515625;0.716796875;0.6875;0.17822265625;0.8;0.171875;0.40625;0.65625;0.1953125;0.13671875;0.71875;0.765625;0.2109375;0.78125;0.78125;0.2109375;0.7109375;0.7109375;0.197265625;0.341796875;0.71875;0.796875;0.21875;0.796875;0.84375;0.220703125;0.8203125;0.84375;0.220703125;0.74609375;0.76171875;0.2080078125;0.359375;0.75390625;0.796875;0.21875;0.81640625;0.85546875;0.22265625;0.83984375;0.87109375;0.2236328125;0.859375;0.88671875;0.2236328125;0.8671875;0.88671875;0.220703125;0.77734375;0.720703125;0.18115234375;0.3095703125;0.71484375;0.703125;0.1884765625;0.728515625;0.703125;0.1845703125;0.8
87;87;92.0;0.15625;0.375;0.640625;0.1953125;0.13671875;0.71875;0.75;0.20703125;0.765625;0.765625;0.203125;0.7109375;0.7109375;0.19921875;0.33984375;0.734375;0.8046875;0.21875;0.8046875;0.84375;0.220703125;0.828125;0.8515625;0.220703125;0.75;0.765625;0.2080078125;0.3564453125;0.76171875;0.80078125;0.21875;0.81640625;0.85546875;0.22265625;0.84375;0.875;0.224609375;0.859375;0.890625;0.224609375;0.8671875;0.890625;0.22265625;0.779296875;0.7109375;0.18017578125;0.29736328125;0.703125;0.689453125;0.18505859375;0.7109375;0.681640625;0.17724609375;0.8;0.171875;0.40625;0.65625;0.1953125;0.13671875;0.71875;0.765625;0.2109375;0.78125;0.78125;0.2109375;0.7109375;0.7109375;0.197265625;0.341796875;0.71875;0.796875;0.21875;0.796875;0.84375;0.220703125;0.8203125;0.84375;0.220703125;0.74609375;0.76171875;0.2080078125;0.359375;0.75390625;0.796875;0.21875;0.81640625;0.85546875;0.22265625;0.83984375;0.87109375;0.2236328125;0.859375;0.88671875;0.2236328125;0.8671875;0.88671875;0.220703125;0.77734375;0.71875;0.1806640625;0.30859375;0.71484375;0.703125;0.1884765625;0.728515625;0.703125;0.1845703125;0.8
88;88;92.15;0.15625;0.375;0.640625;0.1953125;0.13671875;0.71875;0.75;0.20703125;0.765625;0.765625;0.203125;0.7109375;0.7109375;0.19921875;0.33984375;0.734375;0.8046875;0.21875;0.8046875;0.84375;0.220703125;0.8203125;0.8515625;0.220703125;0.75;0.765625;0.2080078125;0.3564453125;0.76171875;0.80078125;0.21875;0.81640625;0.85546875;0.22265625;0.83984375;0.87109375;0.2236328125;0.859375;0.88671875;0.224609375;0.8671875;0.890625;0.22265625;0.779296875;0.708984375;0.18017578125;0.29541015625;0.701171875;0.69140625;0.185546875;0.7109375;0.685546875;0.177734375;0.8;0.171875;0.40625;0.65625;0.1953125;0.13671875;0.71875;0.765625;0.2109375;0.78125;0.78125;0.2109375;0.7109375;0.7109375;0.197265625;0.341796875;0.71875;0.796875;0.21875;0.796875;0.84375;0.220703125;0.8203125;0.84375;0.220703125;0.74609375;0.76171875;0.2080078125;0.3603515625;0.7578125;0.796875;0.21875;0.81640625;0.85546875;0.22265625;0.83984375;0.87109375;0.2236328125;0.859375;0.88671875;0.2236328125;0.8671875;0.88671875;0.2216796875;0.77734375;0.720703125;0.181640625;0.310546875;0.71484375;0.703125;0.18896484375;0.728515625;0.703125;0.1845703125;0.8
89;89;92.11;0.15625;0.375;0.640625;0.1953125;0.1328125;0.71875;0.734375;0.203125;0.765625;0.765625;0.19921875;0.703125;0.703125;0.197265625;0.3359375;0.7265625;0.796875;0.21875;0.8046875;0.84375;0.21875;0.8203125;0.8515625;0.220703125;0.75;0.76171875;0.20703125;0.35546875;0.76171875;0.80078125;0.21875;0.81640625;0.85546875;0.22265625;0.84375;0.875;0.224609375;0.859375;0.890625;0.2255859375;0.8671875;0.89453125;0.224609375;0.783203125;0.72265625;0.1845703125;0.3037109375;0.708984375;0.6953125;0.1865234375;0.720703125;0.69140625;0.17919921875;0.8;0.171875;0.40625;0.65625;0.1953125;0.13671875;0.71875;0.765625;0.2109375;0.78125;0.78125;0.2109375;0.7109375;0.7109375;0.197265625;0.341796875;0.71875;0.796875;0.21875;0.796875;0.8515625;0.220703125;0.8203125;0.8515625;0.220703125;0.74609375;0.76171875;0.2080078125;0.3603515625;0.7578125;0.796875;0.21875;0.81640625;0.85546875;0.22265625;0.83984375;0.87109375;0.2236328125;0.859375;0.88671875;0.2236328125;0.8671875;0.88671875;0.220703125;0.77734375;0.71875;0.1806640625;0.30908203125;0.71484375;0.703125;0.1884765625;0.728515625;0.703125;0.1845703125;0.8
90;90;92.08;0.15625;0.359375;0.625;0.19140625;0.12890625;0.71875;0.734375;0.203125;0.765625;0.765625;0.203125;0.703125;0.703125;0.197265625;0.3359375;0.7265625;0.796875;0.21875;0.8046875;0.84375;0.21875;0.8203125;0.8515625;0.21875;0.74609375;0.76171875;0.20703125;0.353515625;0.7578125;0.796875;0.2177734375;0.8125;0.8515625;0.2216796875;0.83984375;0.8671875;0.2236328125;0.85546875;0.8828125;0.22265625;0.86328125;0.88671875;0.220703125;0.7734375;0.69921875;0.1767578125;0.28955078125;0.693359375;0.681640625;0.18359375;0.70703125;0.677734375;0.17724609375;0.8;0.171875;0.40625;0.65625;0.1953125;0.13671875;0.71875;0.765625;0.2109375;0.78125;0.78125;0.2109375;0.7109375;0.7109375;0.197265625;0.341796875;0.71875;0.796875;0.21875;0.796875;0.84375;0.220703125;0.8203125;0.84375;0.220703125;0.74609375;0.76171875;0.2080078125;0.359375;0.75390625;0.796875;0.21875;0.81640625;0.85546875;0.22265625;0.83984375;0.87109375;0.2236328125;0.859375;0.88671875;0.2236328125;0.8671875;0.890625;0.2216796875;0.779296875;0.724609375;0.1826171875;0.3125;0.71484375;0.703125;0.189453125;0.728515625;0.701171875;0.18408203125;0.8
91;91;92.01;0.15625;0.359375;0.625;0.19140625;0.12890625;0.71875;0.734375;0.203125;0.765625;0.765625;0.19921875;0.703125;0.703125;0.197265625;0.3359375;0.7265625;0.796875;0.21875;0.796875;0.84375;0.21875;0.8203125;0.8515625;0.220703125;0.74609375;0.76171875;0.20703125;0.3544921875;0.7578125;0.80078125;0.21875;0.81640625;0.85546875;0.22265625;0.84375;0.875;0.224609375;0.86328125;0.890625;0.2255859375;0.87109375;0.89453125;0.224609375;0.78515625;0.72265625;0.185546875;0.3037109375;0.712890625;0.69921875;0.18701171875;0.71875;0.69140625;0.1787109375;0.8;0.171875;0.40625;0.65625;0.1953125;0.13671875;0.71875;0.765625;0.2109375;0.78125;0.78125;0.2109375;0.7109375;0.7109375;0.197265625;0.341796875;0.71875;0.796875;0.21875;0.796875;0.84375;0.220703125;0.8203125;0.84375;0.220703125;0.74609375;0.76171875;0.2080078125;0.359375;0.75390625;0.796875;0.21875;0.81640625;0.85546875;0.22265625;0.83984375;0.87109375;0.2236328125;0.859375;0.88671875;0.2236328125;0.8671875;0.890625;0.2216796875;0.779296875;0.72265625;0.18212890625;0.31103515625;0.716796875;0.705078125;0.18896484375;0.73046875;0.703125;0.1845703125;0.8
92;92;92.07;0.15625;0.375;0.640625;0.1953125;0.1328125;0.71875;0.75;0.203125;0.765625;0.765625;0.203125;0.703125;0.7109375;0.197265625;0.337890625;0.7265625;0.796875;0.21875;0.8046875;0.84375;0.21875;0.8203125;0.8515625;0.220703125;0.74609375;0.765625;0.2080078125;0.35546875;0.76171875;0.80078125;0.21875;0.81640625;0.85546875;0.22265625;0.84375;0.875;0.224609375;0.86328125;0.890625;0.2255859375;0.87109375;0.8984375;0.224609375;0.787109375;0.728515625;0.18603515625;0.30419921875;0.716796875;0.70703125;0.18896484375;0.724609375;0.69921875;0.18017578125;0.8;0.171875;0.40625;0.65625;0.1953125;0.13671875;0.71875;0.765625;0.2109375;0.78125;0.78125;0.2109375;0.7109375;0.7109375;0.197265625;0.341796875;0.71875;0.796875;0.21875;0.796875;0.84375;0.220703125;0.8203125;0.84375;0.220703125;0.74609375;0.76171875;0.2080078125;0.359375;0.75390625;0.796875;0.21875;0.81640625;0.85546875;0.22265625;0.83984375;0.87109375;0.2236328125;0.859375;0.88671875;0.2236328125;0.8671875;0.890625;0.2216796875;0.77734375;0.72265625;0.181640625;0.31103515625;0.71484375;0.703125;0.18896484375;0.728515625;0.703125;0.1845703125;0.8
93;93;92.11;0.15625;0.359375;0.640625;0.1953125;0.1328125;0.71875;0.734375;0.203125;0.765625;0.765625;0.19921875;0.703125;0.703125;0.197265625;0.337890625;0.7265625;0.796875;0.21875;0.8046875;0.84375;0.21875;0.8203125;0.8515625;0.220703125;0.75;0.765625;0.2080078125;0.3544921875;0.7578125;0.796875;0.21875;0.81640625;0.85546875;0.22265625;0.84375;0.87109375;0.224609375;0.859375;0.890625;0.2255859375;0.8671875;0.89453125;0.224609375;0.783203125;0.716796875;0.18310546875;0.3017578125;0.70703125;0.69140625;0.185546875;0.71484375;0.68359375;0.177734375;0.8;0.171875;0.40625;0.65625;0.1953125;0.13671875;0.71875;0.765625;0.2109375;0.78125;0.78125;0.2109375;0.7109375;0.7109375;0.197265625;0.341796875;0.71875;0.796875;0.21875;0.796875;0.84375;0.220703125;0.8203125;0.84375;0.220703125;0.74609375;0.76171875;0.2080078125;0.359375;0.75390625;0.796875;0.21875;0.81640625;0.85546875;0.22265625;0.83984375;0.87109375;0.2236328125;0.859375;0.88671875;0.2236328125;0.8671875;0.88671875;0.220703125;0.77734375;0.71875;0.1806640625;0.30908203125;0.71484375;0.703125;0.1884765625;0.728515625;0.703125;0.1845703125;0.8
94;94;92.06;0.15625;0.375;0.640625;0.1953125;0.13671875;0.71875;0.75;0.20703125;0.765625;0.765625;0.203125;0.7109375;0.7109375;0.19921875;0.33984375;0.734375;0.796875;0.21875;0.8046875;0.84375;0.220703125;0.8203125;0.8515625;0.220703125;0.75;0.765625;0.2080078125;0.3564453125;0.76171875;0.80078125;0.21875;0.81640625;0.85546875;0.22265625;0.84375;0.875;0.224609375;0.86328125;0.890625;0.2255859375;0.87109375;0.89453125;0.224609375;0.783203125;0.72265625;0.1845703125;0.3017578125;0.7109375;0.697265625;0.1865234375;0.71875;0.69140625;0.1787109375;0.8;0.171875;0.40625;0.65625;0.1953125;0.13671875;0.71875;0.765625;0.2109375;0.78125;0.78125;0.2109375;0.7109375;0.703125;0.197265625;0.341796875;0.71875;0.7890625;0.216796875;0.796875;0.84375;0.220703125;0.8203125;0.84375;0.220703125;0.7421875;0.76171875;0.2080078125;0.359375;0.75390625;0.796875;0.21875;0.81640625;0.85546875;0.22265625;0.83984375;0.87109375;0.2236328125;0.859375;0.88671875;0.2236328125;0.8671875;0.88671875;0.2216796875;0.77734375;0.720703125;0.18115234375;0.31005859375;0.71484375;0.703125;0.1884765625;0.728515625;0.703125;0.1845703125;0.8
95;95;92.08;0.15625;0.375;0.640625;0.1953125;0.1328125;0.71875;0.734375;0.203125;0.765625;0.765625;0.19921875;0.703125;0.703125;0.197265625;0.3359375;0.7265625;0.796875;0.21875;0.796875;0.84375;0.21875;0.8203125;0.8515625;0.21875;0.74609375;0.76171875;0.20703125;0.35546875;0.7578125;0.80078125;0.21875;0.81640625;0.85546875;0.22265625;0.83984375;0.87109375;0.224609375;0.859375;0.88671875;0.224609375;0.8671875;0.890625;0.2236328125;0.78125;0.712890625;0.181640625;0.2978515625;0.703125;0.693359375;0.18603515625;0.71484375;0.69140625;0.17919921875;0.8;0.171875;0.40625;0.65625;0.1953125;0.13671875;0.71875;0.765625;0.2109375;0.78125;0.78125;0.2109375;0.7109375;0.7109375;0.197265625;0.341796875;0.71875;0.796875;0.21875;0.796875;0.84375;0.220703125;0.8203125;0.84375;0.220703125;0.74609375;0.76171875;0.2080078125;0.359375;0.7578125;0.796875;0.21875;0.81640625;0.85546875;0.22265625;0.83984375;0.87109375;0.2236328125;0.859375;0.88671875;0.2236328125;0.8671875;0.88671875;0.220703125;0.77734375;0.720703125;0.18115234375;0.31005859375;0.71484375;0.703125;0.18896484375;0.728515625;0.703125;0.1845703125;0.8
96;96;92.05;0.15625;0.359375;0.640625;0.1953125;0.12890625;0.71875;0.734375;0.203125;0.765625;0.765625;0.203125;0.703125;0.7109375;0.19921875;0.337890625;0.734375;0.8046875;0.21875;0.8046875;0.84375;0.220703125;0.828125;0.8515625;0.220703125;0.75390625;0.76953125;0.2080078125;0.357421875;0.76171875;0.80078125;0.21875;0.81640625;0.85546875;0.22265625;0.84375;0.875;0.224609375;0.86328125;0.890625;0.2255859375;0.87109375;0.89453125;0.224609375;0.78515625;0.72265625;0.1845703125;0.302734375;0.712890625;0.701171875;0.18701171875;0.720703125;0.693359375;0.18017578125;0.8;0.171875;0.40625;0.65625;0.1953125;0.13671875;0.71875;0.765625;0.2109375;0.78125;0.796875;0.2109375;0.7109375;0.7109375;0.197265625;0.341796875;0.71875;0.796875;0.21875;0.796875;0.84375;0.220703125;0.8203125;0.84375;0.220703125;0.74609375;0.76171875;0.2080078125;0.359375;0.7578125;0.796875;0.21875;0.81640625;0.85546875;0.22265625;0.83984375;0.87109375;0.2236328125;0.859375;0.88671875;0.2236328125;0.8671875;0.88671875;0.220703125;0.77734375;0.71875;0.1806640625;0.30908203125;0.71484375;0.703125;0.1884765625;0.728515625;0.703125;0.1845703125;0.8
97;97;92.07;0.15625;0.359375;0.640625;0.19140625;0.1328125;0.71875;0.734375;0.203125;0.765625;0.765625;0.203125;0.703125;0.7109375;0.19921875;0.337890625;0.734375;0.8046875;0.21875;0.8046875;0.84375;0.21875;0.8203125;0.8515625;0.220703125;0.75;0.765625;0.2080078125;0.3564453125;0.76171875;0.80078125;0.2197265625;0.81640625;0.85546875;0.22265625;0.84375;0.875;0.224609375;0.86328125;0.890625;0.2255859375;0.8671875;0.89453125;0.2236328125;0.78515625;0.720703125;0.18359375;0.302734375;0.7109375;0.6953125;0.1865234375;0.71875;0.689453125;0.1787109375;0.8;0.171875;0.40625;0.65625;0.1953125;0.13671875;0.71875;0.765625;0.2109375;0.78125;0.78125;0.2109375;0.7109375;0.7109375;0.197265625;0.341796875;0.71875;0.796875;0.21875;0.796875;0.84375;0.220703125;0.8203125;0.84375;0.220703125;0.74609375;0.76171875;0.2080078125;0.359375;0.75390625;0.796875;0.21875;0.81640625;0.85546875;0.22265625;0.83984375;0.87109375;0.2236328125;0.859375;0.88671875;0.2236328125;0.8671875;0.88671875;0.220703125;0.77734375;0.71875;0.1806640625;0.30908203125;0.71484375;0.703125;0.1884765625;0.728515625;0.703125;0.1845703125;0.8
98;98;92.06;0.15625;0.375;0.640625;0.1953125;0.1328125;0.71875;0.734375;0.203125;0.765625;0.765625;0.203125;0.703125;0.7109375;0.197265625;0.337890625;0.7265625;0.796875;0.21875;0.8046875;0.84375;0.21875;0.8203125;0.8515625;0.220703125;0.75;0.76171875;0.20703125;0.35546875;0.76171875;0.80078125;0.21875;0.81640625;0.85546875;0.22265625;0.84375;0.87109375;0.224609375;0.859375;0.890625;0.224609375;0.87109375;0.89453125;0.224609375;0.783203125;0.72265625;0.1845703125;0.3017578125;0.712890625;0.701171875;0.1875;0.720703125;0.697265625;0.1806640625;0.8;0.171875;0.40625;0.65625;0.1953125;0.13671875;0.71875;0.765625;0.2109375;0.78125;0.78125;0.2109375;0.7109375;0.7109375;0.197265625;0.341796875;0.71875;0.796875;0.21875;0.796875;0.84375;0.220703125;0.8203125;0.84375;0.220703125;0.74609375;0.76171875;0.2080078125;0.359375;0.75390625;0.796875;0.21875;0.81640625;0.85546875;0.22265625;0.83984375;0.87109375;0.2236328125;0.859375;0.88671875;0.2236328125;0.8671875;0.890625;0.2216796875;0.77734375;0.72265625;0.18212890625;0.31103515625;0.71484375;0.703125;0.18896484375;0.728515625;0.701171875;0.1845703125;0.8
99;99;92.07;0.15625;0.359375;0.625;0.19140625;0.12890625;0.71875;0.734375;0.203125;0.765625;0.765625;0.19921875;0.703125;0.703125;0.197265625;0.3359375;0.7265625;0.796875;0.21875;0.796875;0.84375;0.21875;0.8203125;0.8515625;0.21875;0.74609375;0.765625;0.20703125;0.3544921875;0.76171875;0.80078125;0.21875;0.81640625;0.85546875;0.22265625;0.83984375;0.87109375;0.224609375;0.859375;0.890625;0.2255859375;0.8671875;0.890625;0.2236328125;0.78125;0.71484375;0.1826171875;0.29931640625;0.705078125;0.6953125;0.18603515625;0.716796875;0.689453125;0.17919921875;0.8;0.171875;0.40625;0.65625;0.1953125;0.13671875;0.71875;0.765625;0.2109375;0.78125;0.78125;0.2109375;0.7109375;0.7109375;0.197265625;0.341796875;0.71875;0.796875;0.21875;0.796875;0.84375;0.220703125;0.8203125;0.84375;0.220703125;0.74609375;0.76171875;0.2080078125;0.359375;0.75390625;0.796875;0.21875;0.81640625;0.85546875;0.22265625;0.83984375;0.87109375;0.2236328125;0.859375;0.88671875;0.2236328125;0.8671875;0.88671875;0.2216796875;0.77734375;0.72265625;0.181640625;0.310546875;0.71484375;0.703125;0.18896484375;0.728515625;0.701171875;0.1845703125;0.8
