;Epoch;test_accuracy;train-saturation_conv1;train-saturation_layer1-0-conv1;train-saturation_layer1-0-conv2;train-saturation_layer1-0-conv3;train-saturation_layer1-0-shortcut-0;train-saturation_layer1-1-conv1;train-saturation_layer1-1-conv2;train-saturation_layer1-1-conv3;train-saturation_layer1-2-conv1;train-saturation_layer1-2-conv2;train-saturation_layer1-2-conv3;train-saturation_layer2-0-conv1;train-saturation_layer2-0-conv2;train-saturation_layer2-0-conv3;train-saturation_layer2-0-shortcut-0;train-saturation_layer2-1-conv1;train-saturation_layer2-1-conv2;train-saturation_layer2-1-conv3;train-saturation_layer2-2-conv1;train-saturation_layer2-2-conv2;train-saturation_layer2-2-conv3;train-saturation_layer2-3-conv1;train-saturation_layer2-3-conv2;train-saturation_layer2-3-conv3;train-saturation_layer3-0-conv1;train-saturation_layer3-0-conv2;train-saturation_layer3-0-conv3;train-saturation_layer3-0-shortcut-0;train-saturation_layer3-1-conv1;train-saturation_layer3-1-conv2;train-saturation_layer3-1-conv3;train-saturation_layer3-2-conv1;train-saturation_layer3-2-conv2;train-saturation_layer3-2-conv3;train-saturation_layer3-3-conv1;train-saturation_layer3-3-conv2;train-saturation_layer3-3-conv3;train-saturation_layer3-4-conv1;train-saturation_layer3-4-conv2;train-saturation_layer3-4-conv3;train-saturation_layer3-5-conv1;train-saturation_layer3-5-conv2;train-saturation_layer3-5-conv3;train-saturation_layer4-0-conv1;train-saturation_layer4-0-conv2;train-saturation_layer4-0-conv3;train-saturation_layer4-0-shortcut-0;train-saturation_layer4-1-conv1;train-saturation_layer4-1-conv2;train-saturation_layer4-1-conv3;train-saturation_layer4-2-conv1;train-saturation_layer4-2-conv2;train-saturation_layer4-2-conv3;train-saturation_linear;eval-saturation_conv1;eval-saturation_layer1-0-conv1;eval-saturation_layer1-0-conv2;eval-saturation_layer1-0-conv3;eval-saturation_layer1-0-shortcut-0;eval-saturation_layer1-1-conv1;eval-saturation_layer1-1-conv2;eval-saturation_layer1-1-conv3;eval-saturation_layer1-2-conv1;eval-saturation_layer1-2-conv2;eval-saturation_layer1-2-conv3;eval-saturation_layer2-0-conv1;eval-saturation_layer2-0-conv2;eval-saturation_layer2-0-conv3;eval-saturation_layer2-0-shortcut-0;eval-saturation_layer2-1-conv1;eval-saturation_layer2-1-conv2;eval-saturation_layer2-1-conv3;eval-saturation_layer2-2-conv1;eval-saturation_layer2-2-conv2;eval-saturation_layer2-2-conv3;eval-saturation_layer2-3-conv1;eval-saturation_layer2-3-conv2;eval-saturation_layer2-3-conv3;eval-saturation_layer3-0-conv1;eval-saturation_layer3-0-conv2;eval-saturation_layer3-0-conv3;eval-saturation_layer3-0-shortcut-0;eval-saturation_layer3-1-conv1;eval-saturation_layer3-1-conv2;eval-saturation_layer3-1-conv3;eval-saturation_layer3-2-conv1;eval-saturation_layer3-2-conv2;eval-saturation_layer3-2-conv3;eval-saturation_layer3-3-conv1;eval-saturation_layer3-3-conv2;eval-saturation_layer3-3-conv3;eval-saturation_layer3-4-conv1;eval-saturation_layer3-4-conv2;eval-saturation_layer3-4-conv3;eval-saturation_layer3-5-conv1;eval-saturation_layer3-5-conv2;eval-saturation_layer3-5-conv3;eval-saturation_layer4-0-conv1;eval-saturation_layer4-0-conv2;eval-saturation_layer4-0-conv3;eval-saturation_layer4-0-shortcut-0;eval-saturation_layer4-1-conv1;eval-saturation_layer4-1-conv2;eval-saturation_layer4-1-conv3;eval-saturation_layer4-2-conv1;eval-saturation_layer4-2-conv2;eval-saturation_layer4-2-conv3;eval-saturation_linear
0;0;24.52;0.0;0.03125;0.03125;0.00390625;0.00390625;0.015625;0.015625;0.00390625;0.015625;0.015625;0.0;0.0078125;0.0078125;0.0;0.001953125;0.0;0.0078125;0.001953125;0.0078125;0.0234375;0.001953125;0.0078125;0.0234375;0.00390625;0.00390625;0.01171875;0.0009765625;0.0009765625;0.00390625;0.02734375;0.0029296875;0.00390625;0.01953125;0.001953125;0.00390625;0.01171875;0.0009765625;0.00390625;0.0078125;0.0;0.0;0.0078125;0.0009765625;0.0;0.00390625;0.0;0.00048828125;0.00390625;0.0078125;0.00048828125;0.0;0.00390625;0.00048828125;0.2;0.0;0.03125;0.03125;0.00390625;0.0078125;0.015625;0.015625;0.00390625;0.0;0.015625;0.0;0.0;0.0078125;0.0;0.001953125;0.0;0.0078125;0.001953125;0.0078125;0.0234375;0.001953125;0.0078125;0.0234375;0.005859375;0.00390625;0.01171875;0.0009765625;0.0009765625;0.00390625;0.02734375;0.00390625;0.0078125;0.03125;0.0048828125;0.01171875;0.0234375;0.0029296875;0.01171875;0.01953125;0.0029296875;0.0078125;0.01953125;0.00390625;0.001953125;0.005859375;0.00048828125;0.00146484375;0.005859375;0.013671875;0.00146484375;0.00390625;0.0078125;0.00048828125;0.1
1;1;34.62;0.0;0.03125;0.046875;0.00390625;0.0078125;0.015625;0.015625;0.00390625;0.0;0.015625;0.00390625;0.0078125;0.015625;0.0;0.00390625;0.0078125;0.015625;0.001953125;0.0078125;0.0234375;0.001953125;0.0078125;0.0234375;0.00390625;0.00390625;0.015625;0.001953125;0.001953125;0.0078125;0.04296875;0.005859375;0.0078125;0.03515625;0.00390625;0.0078125;0.015625;0.0009765625;0.00390625;0.0078125;0.0009765625;0.0;0.0078125;0.0009765625;0.0;0.00390625;0.0;0.00048828125;0.00390625;0.01171875;0.00048828125;0.001953125;0.005859375;0.00048828125;0.3;0.0;0.03125;0.046875;0.00390625;0.0078125;0.015625;0.015625;0.00390625;0.0;0.015625;0.0;0.0078125;0.0078125;0.0;0.001953125;0.0078125;0.015625;0.001953125;0.0078125;0.0234375;0.001953125;0.0078125;0.0234375;0.005859375;0.00390625;0.015625;0.0029296875;0.001953125;0.0078125;0.03515625;0.005859375;0.01171875;0.03515625;0.0068359375;0.015625;0.03125;0.009765625;0.01953125;0.03125;0.013671875;0.015625;0.03515625;0.009765625;0.0078125;0.009765625;0.00146484375;0.0029296875;0.0078125;0.01953125;0.00244140625;0.0078125;0.021484375;0.00146484375;0.3
2;2;38.75;0.0;0.03125;0.0625;0.00390625;0.0078125;0.015625;0.015625;0.00390625;0.015625;0.015625;0.00390625;0.0078125;0.015625;0.0;0.0078125;0.0078125;0.015625;0.001953125;0.0078125;0.0234375;0.001953125;0.0078125;0.03125;0.00390625;0.0078125;0.01953125;0.0029296875;0.0029296875;0.0078125;0.05078125;0.0078125;0.015625;0.04296875;0.00390625;0.01171875;0.01171875;0.0009765625;0.00390625;0.0078125;0.0;0.0;0.0078125;0.0009765625;0.0;0.00390625;0.0;0.0009765625;0.005859375;0.01171875;0.0009765625;0.0078125;0.0078125;0.00048828125;0.3;0.0;0.03125;0.0625;0.00390625;0.0078125;0.015625;0.015625;0.00390625;0.015625;0.015625;0.00390625;0.0078125;0.015625;0.0;0.0078125;0.0078125;0.015625;0.001953125;0.0078125;0.03125;0.001953125;0.0078125;0.0390625;0.0078125;0.0078125;0.0234375;0.005859375;0.0029296875;0.015625;0.046875;0.0078125;0.0234375;0.05859375;0.0146484375;0.02734375;0.0390625;0.0087890625;0.02734375;0.02734375;0.0107421875;0.0234375;0.03125;0.005859375;0.009765625;0.013671875;0.00244140625;0.00390625;0.009765625;0.021484375;0.0029296875;0.01171875;0.0234375;0.00244140625;0.3
3;3;45.54;0.0;0.046875;0.078125;0.0078125;0.01171875;0.015625;0.015625;0.00390625;0.015625;0.03125;0.00390625;0.015625;0.015625;0.0;0.01171875;0.0078125;0.015625;0.00390625;0.015625;0.03125;0.001953125;0.0078125;0.0390625;0.00390625;0.015625;0.03125;0.0048828125;0.005859375;0.01953125;0.06640625;0.0126953125;0.03515625;0.078125;0.009765625;0.03125;0.03515625;0.001953125;0.01171875;0.0078125;0.0009765625;0.00390625;0.0078125;0.0009765625;0.0;0.00390625;0.0;0.00244140625;0.01171875;0.01953125;0.00146484375;0.01171875;0.01171875;0.00048828125;0.4;0.0;0.046875;0.078125;0.00390625;0.01171875;0.015625;0.015625;0.00390625;0.015625;0.03125;0.00390625;0.015625;0.015625;0.0;0.01171875;0.0078125;0.015625;0.00390625;0.0234375;0.0390625;0.00390625;0.015625;0.0546875;0.0078125;0.01953125;0.03125;0.0068359375;0.0068359375;0.01953125;0.0625;0.01171875;0.03515625;0.08203125;0.0146484375;0.0390625;0.0546875;0.0107421875;0.0390625;0.03515625;0.0078125;0.03125;0.03515625;0.005859375;0.013671875;0.01171875;0.00146484375;0.0048828125;0.013671875;0.03125;0.00390625;0.015625;0.02734375;0.00244140625;0.4
4;4;47.57;0.015625;0.078125;0.109375;0.0078125;0.015625;0.046875;0.015625;0.00390625;0.015625;0.015625;0.00390625;0.03125;0.0234375;0.001953125;0.017578125;0.0234375;0.03125;0.0078125;0.03125;0.0546875;0.00390625;0.0234375;0.0703125;0.005859375;0.0234375;0.046875;0.0078125;0.009765625;0.03125;0.0859375;0.017578125;0.046875;0.10546875;0.0146484375;0.04296875;0.05078125;0.0048828125;0.02734375;0.01953125;0.001953125;0.015625;0.015625;0.001953125;0.001953125;0.00390625;0.0;0.00341796875;0.013671875;0.03125;0.0029296875;0.015625;0.01953125;0.0009765625;0.5;0.0;0.0625;0.09375;0.0078125;0.015625;0.03125;0.015625;0.00390625;0.015625;0.015625;0.00390625;0.03125;0.03125;0.00390625;0.015625;0.03125;0.0390625;0.009765625;0.046875;0.078125;0.009765625;0.0390625;0.09375;0.013671875;0.03125;0.05078125;0.0087890625;0.01171875;0.03125;0.08203125;0.0166015625;0.046875;0.1015625;0.0166015625;0.04296875;0.0625;0.0087890625;0.046875;0.046875;0.0087890625;0.0390625;0.046875;0.005859375;0.017578125;0.017578125;0.0029296875;0.005859375;0.013671875;0.0390625;0.0048828125;0.015625;0.03125;0.00244140625;0.5
5;5;53.58;0.015625;0.09375;0.140625;0.0078125;0.01953125;0.078125;0.015625;0.00390625;0.03125;0.03125;0.00390625;0.0625;0.046875;0.0078125;0.021484375;0.046875;0.046875;0.009765625;0.0546875;0.078125;0.005859375;0.0390625;0.1015625;0.0078125;0.03125;0.0625;0.009765625;0.0126953125;0.0390625;0.1015625;0.0205078125;0.05859375;0.12109375;0.0185546875;0.05078125;0.06640625;0.0068359375;0.04296875;0.0390625;0.00390625;0.02734375;0.0234375;0.0029296875;0.0078125;0.00390625;0.0;0.005859375;0.01953125;0.04296875;0.00390625;0.01953125;0.02734375;0.00146484375;0.6;0.0;0.09375;0.109375;0.0078125;0.01953125;0.0625;0.015625;0.00390625;0.03125;0.03125;0.00390625;0.0546875;0.0546875;0.009765625;0.021484375;0.0546875;0.0625;0.013671875;0.0703125;0.1171875;0.013671875;0.0703125;0.1328125;0.01953125;0.03515625;0.0625;0.009765625;0.013671875;0.03515625;0.09765625;0.0205078125;0.0546875;0.11328125;0.0185546875;0.05078125;0.06640625;0.0078125;0.05078125;0.046875;0.0078125;0.04296875;0.046875;0.0048828125;0.01953125;0.015625;0.001953125;0.0068359375;0.017578125;0.04296875;0.00537109375;0.017578125;0.03515625;0.0029296875;0.6
6;6;57.61;0.03125;0.09375;0.171875;0.01171875;0.0234375;0.09375;0.03125;0.0078125;0.03125;0.03125;0.00390625;0.0625;0.046875;0.01171875;0.021484375;0.0546875;0.0546875;0.01171875;0.0703125;0.1171875;0.01171875;0.0625;0.1328125;0.01171875;0.03515625;0.0703125;0.0126953125;0.0146484375;0.04296875;0.12109375;0.0224609375;0.06640625;0.14453125;0.01953125;0.0546875;0.08203125;0.0068359375;0.05078125;0.05078125;0.0048828125;0.0390625;0.03515625;0.0029296875;0.015625;0.005859375;0.00048828125;0.0078125;0.021484375;0.052734375;0.005859375;0.021484375;0.037109375;0.001953125;0.6;0.015625;0.09375;0.15625;0.01171875;0.0234375;0.0625;0.015625;0.0078125;0.015625;0.03125;0.00390625;0.0546875;0.0390625;0.009765625;0.01953125;0.046875;0.0390625;0.009765625;0.0625;0.109375;0.0078125;0.0546875;0.1328125;0.0078125;0.0390625;0.07421875;0.013671875;0.013671875;0.04296875;0.1171875;0.0224609375;0.0625;0.13671875;0.01953125;0.0546875;0.078125;0.0068359375;0.05078125;0.0546875;0.005859375;0.046875;0.0546875;0.0048828125;0.021484375;0.013671875;0.00146484375;0.0078125;0.021484375;0.052734375;0.00634765625;0.01953125;0.037109375;0.0029296875;0.6
7;7;63.32;0.046875;0.09375;0.15625;0.015625;0.02734375;0.109375;0.046875;0.0078125;0.0625;0.046875;0.0078125;0.0703125;0.0703125;0.017578125;0.021484375;0.0625;0.078125;0.015625;0.078125;0.125;0.015625;0.0859375;0.15625;0.013671875;0.04296875;0.0859375;0.015625;0.0166015625;0.046875;0.140625;0.025390625;0.07421875;0.16796875;0.0224609375;0.0625;0.09375;0.009765625;0.05859375;0.0703125;0.005859375;0.0546875;0.05859375;0.00390625;0.02734375;0.013671875;0.0009765625;0.00927734375;0.0234375;0.06640625;0.0068359375;0.025390625;0.04296875;0.0029296875;0.6;0.03125;0.09375;0.140625;0.01171875;0.02734375;0.09375;0.046875;0.0078125;0.0625;0.046875;0.01171875;0.0625;0.078125;0.017578125;0.021484375;0.0625;0.078125;0.015625;0.078125;0.1171875;0.017578125;0.0859375;0.171875;0.017578125;0.0390625;0.08203125;0.0146484375;0.015625;0.046875;0.13671875;0.025390625;0.07421875;0.16015625;0.021484375;0.0625;0.08984375;0.0107421875;0.0546875;0.06640625;0.0068359375;0.05859375;0.06640625;0.005859375;0.029296875;0.021484375;0.001953125;0.00927734375;0.0234375;0.0625;0.0078125;0.0234375;0.0390625;0.00341796875;0.6
8;8;59.14;0.0625;0.09375;0.15625;0.015625;0.03125;0.109375;0.046875;0.0078125;0.046875;0.046875;0.0078125;0.078125;0.0859375;0.017578125;0.021484375;0.0703125;0.09375;0.017578125;0.0859375;0.125;0.01953125;0.09375;0.1796875;0.01953125;0.04296875;0.09765625;0.017578125;0.017578125;0.0546875;0.15234375;0.029296875;0.08203125;0.1796875;0.0234375;0.06640625;0.1015625;0.0107421875;0.0703125;0.078125;0.0078125;0.06640625;0.0703125;0.00390625;0.03125;0.025390625;0.001953125;0.0107421875;0.025390625;0.064453125;0.00830078125;0.02734375;0.044921875;0.00390625;0.7;0.046875;0.09375;0.125;0.015625;0.03125;0.09375;0.046875;0.0078125;0.046875;0.03125;0.0078125;0.0703125;0.078125;0.015625;0.021484375;0.0703125;0.09375;0.015625;0.0859375;0.125;0.01953125;0.09375;0.1953125;0.0234375;0.04296875;0.09375;0.0166015625;0.0166015625;0.0546875;0.14453125;0.0283203125;0.078125;0.171875;0.0224609375;0.06640625;0.09765625;0.009765625;0.06640625;0.078125;0.0078125;0.0625;0.078125;0.005859375;0.029296875;0.025390625;0.00244140625;0.01025390625;0.025390625;0.0625;0.00830078125;0.025390625;0.041015625;0.00341796875;0.7
9;9;47.7;0.078125;0.109375;0.171875;0.01953125;0.03125;0.109375;0.046875;0.0078125;0.0625;0.0625;0.015625;0.078125;0.1015625;0.021484375;0.021484375;0.0703125;0.109375;0.017578125;0.078125;0.1328125;0.01953125;0.1015625;0.171875;0.01953125;0.05078125;0.1015625;0.01953125;0.01953125;0.05859375;0.16796875;0.03125;0.08984375;0.203125;0.0263671875;0.07421875;0.11328125;0.01171875;0.0703125;0.08203125;0.009765625;0.0703125;0.078125;0.0068359375;0.03515625;0.033203125;0.0029296875;0.01123046875;0.02734375;0.068359375;0.0087890625;0.02734375;0.046875;0.00390625;0.7;0.0625;0.109375;0.15625;0.015625;0.03125;0.09375;0.046875;0.00390625;0.03125;0.046875;0.01171875;0.0625;0.0859375;0.01953125;0.01953125;0.0625;0.09375;0.015625;0.078125;0.1328125;0.021484375;0.1015625;0.1796875;0.025390625;0.046875;0.09765625;0.0185546875;0.0185546875;0.05859375;0.16015625;0.0302734375;0.0859375;0.1953125;0.025390625;0.0703125;0.109375;0.0107421875;0.0625;0.07421875;0.0087890625;0.0625;0.07421875;0.0068359375;0.033203125;0.03125;0.0029296875;0.01025390625;0.0234375;0.0625;0.0087890625;0.02734375;0.046875;0.00390625;0.6
10;10;68.59;0.078125;0.109375;0.15625;0.01953125;0.03125;0.125;0.0625;0.01171875;0.078125;0.078125;0.015625;0.0703125;0.09375;0.0234375;0.021484375;0.0703125;0.109375;0.017578125;0.0859375;0.125;0.021484375;0.109375;0.1953125;0.021484375;0.0546875;0.12109375;0.021484375;0.021484375;0.05859375;0.17578125;0.033203125;0.09375;0.22265625;0.0302734375;0.08203125;0.12109375;0.013671875;0.078125;0.09375;0.0107421875;0.078125;0.0859375;0.0078125;0.0390625;0.037109375;0.00341796875;0.0126953125;0.029296875;0.07421875;0.0087890625;0.02734375;0.046875;0.00439453125;0.7;0.078125;0.109375;0.140625;0.01953125;0.03125;0.109375;0.046875;0.0078125;0.0625;0.0625;0.01171875;0.0625;0.0859375;0.0234375;0.021484375;0.0625;0.09375;0.015625;0.0859375;0.125;0.021484375;0.1171875;0.2109375;0.02734375;0.0546875;0.1171875;0.0205078125;0.0205078125;0.05859375;0.171875;0.0322265625;0.09375;0.21875;0.029296875;0.08203125;0.125;0.013671875;0.078125;0.09375;0.0107421875;0.078125;0.08984375;0.0078125;0.037109375;0.037109375;0.0029296875;0.01220703125;0.029296875;0.0703125;0.00830078125;0.02734375;0.046875;0.00439453125;0.7
11;11;65.99;0.09375;0.109375;0.15625;0.0234375;0.03515625;0.125;0.0625;0.01171875;0.109375;0.09375;0.015625;0.0703125;0.1015625;0.025390625;0.0234375;0.0703125;0.109375;0.017578125;0.0859375;0.1328125;0.021484375;0.109375;0.203125;0.01953125;0.0546875;0.125;0.0224609375;0.0224609375;0.0625;0.1796875;0.03515625;0.1015625;0.234375;0.0322265625;0.0859375;0.12890625;0.0146484375;0.08203125;0.09765625;0.009765625;0.078125;0.0859375;0.0068359375;0.0390625;0.037109375;0.00390625;0.01318359375;0.029296875;0.080078125;0.00927734375;0.02734375;0.048828125;0.00390625;0.7;0.09375;0.109375;0.140625;0.01953125;0.03515625;0.109375;0.0625;0.01171875;0.09375;0.09375;0.015625;0.0625;0.09375;0.025390625;0.021484375;0.0703125;0.1015625;0.015625;0.0859375;0.125;0.0234375;0.1171875;0.2265625;0.02734375;0.0546875;0.125;0.0224609375;0.021484375;0.0625;0.17578125;0.0341796875;0.09765625;0.2265625;0.03125;0.0859375;0.12109375;0.0146484375;0.08203125;0.1015625;0.009765625;0.078125;0.08203125;0.0078125;0.037109375;0.03515625;0.00390625;0.01220703125;0.029296875;0.078125;0.00927734375;0.02734375;0.046875;0.00341796875;0.7
12;12;62.43;0.09375;0.109375;0.15625;0.01953125;0.03515625;0.125;0.140625;0.015625;0.125;0.109375;0.015625;0.0703125;0.09375;0.02734375;0.0234375;0.078125;0.109375;0.01953125;0.09375;0.1328125;0.0234375;0.109375;0.2109375;0.0234375;0.05859375;0.1328125;0.0244140625;0.0244140625;0.06640625;0.1875;0.037109375;0.109375;0.25390625;0.0361328125;0.09375;0.1484375;0.017578125;0.08984375;0.109375;0.0107421875;0.08203125;0.09375;0.0078125;0.044921875;0.04296875;0.00439453125;0.01416015625;0.03125;0.083984375;0.00927734375;0.029296875;0.046875;0.00390625;0.7;0.09375;0.109375;0.140625;0.01953125;0.03515625;0.125;0.109375;0.015625;0.125;0.109375;0.015625;0.0625;0.0859375;0.02734375;0.0234375;0.078125;0.109375;0.01953125;0.1015625;0.1328125;0.025390625;0.1171875;0.2265625;0.02734375;0.05859375;0.1328125;0.0234375;0.0234375;0.0703125;0.18359375;0.037109375;0.10546875;0.24609375;0.03515625;0.09375;0.1484375;0.0166015625;0.08984375;0.10546875;0.009765625;0.0859375;0.1015625;0.0087890625;0.04296875;0.04296875;0.00439453125;0.013671875;0.03125;0.08203125;0.00927734375;0.029296875;0.046875;0.00390625;0.7
13;13;70.02;0.09375;0.109375;0.171875;0.0234375;0.0390625;0.125;0.125;0.015625;0.125;0.109375;0.015625;0.0703125;0.1015625;0.029296875;0.025390625;0.078125;0.125;0.021484375;0.1015625;0.1171875;0.0234375;0.1171875;0.21875;0.0234375;0.0625;0.13671875;0.025390625;0.0263671875;0.0703125;0.19921875;0.0390625;0.11328125;0.26953125;0.0390625;0.1015625;0.15234375;0.015625;0.09375;0.10546875;0.009765625;0.08984375;0.0859375;0.0078125;0.04296875;0.04296875;0.00439453125;0.01416015625;0.03125;0.078125;0.0087890625;0.029296875;0.048828125;0.00439453125;0.7;0.09375;0.109375;0.171875;0.0234375;0.03515625;0.125;0.109375;0.015625;0.125;0.109375;0.015625;0.0703125;0.1015625;0.029296875;0.0234375;0.078125;0.125;0.021484375;0.1015625;0.1171875;0.0234375;0.1171875;0.234375;0.03125;0.05859375;0.12890625;0.0244140625;0.0234375;0.0703125;0.1875;0.0380859375;0.109375;0.26953125;0.0380859375;0.09765625;0.1484375;0.015625;0.09375;0.1015625;0.009765625;0.0859375;0.0859375;0.0078125;0.041015625;0.041015625;0.00439453125;0.013671875;0.029296875;0.07421875;0.00830078125;0.02734375;0.044921875;0.00390625;0.6
14;14;72.98;0.109375;0.109375;0.15625;0.0234375;0.0390625;0.125;0.140625;0.015625;0.125;0.109375;0.015625;0.0703125;0.09375;0.03125;0.0234375;0.078125;0.1328125;0.021484375;0.1015625;0.125;0.0234375;0.1171875;0.21875;0.025390625;0.06640625;0.13671875;0.0263671875;0.0263671875;0.07421875;0.203125;0.0400390625;0.1171875;0.2890625;0.044921875;0.10546875;0.16015625;0.0185546875;0.09765625;0.10546875;0.0107421875;0.09765625;0.09765625;0.0087890625;0.044921875;0.04296875;0.00439453125;0.01416015625;0.03125;0.083984375;0.0087890625;0.03125;0.048828125;0.00439453125;0.7;0.109375;0.109375;0.140625;0.0234375;0.03515625;0.125;0.125;0.015625;0.125;0.109375;0.015625;0.0625;0.09375;0.029296875;0.0234375;0.078125;0.125;0.021484375;0.1015625;0.125;0.025390625;0.125;0.2265625;0.033203125;0.0625;0.1328125;0.0263671875;0.025390625;0.0703125;0.1953125;0.0390625;0.11328125;0.28125;0.0439453125;0.10546875;0.16015625;0.0185546875;0.09375;0.09765625;0.009765625;0.09765625;0.1015625;0.009765625;0.046875;0.04296875;0.00439453125;0.013671875;0.03125;0.08203125;0.0087890625;0.03125;0.046875;0.00439453125;0.7
15;15;65.76;0.109375;0.109375;0.171875;0.0234375;0.03515625;0.125;0.140625;0.01953125;0.109375;0.109375;0.015625;0.0625;0.09375;0.029296875;0.0234375;0.0859375;0.125;0.0234375;0.1015625;0.125;0.0234375;0.1171875;0.21875;0.0234375;0.06640625;0.140625;0.02734375;0.02734375;0.07421875;0.1953125;0.041015625;0.12109375;0.29296875;0.0478515625;0.109375;0.1640625;0.0185546875;0.09765625;0.11328125;0.0107421875;0.09765625;0.09765625;0.009765625;0.05078125;0.048828125;0.0048828125;0.01513671875;0.03125;0.0859375;0.00927734375;0.029296875;0.046875;0.00439453125;0.7;0.109375;0.109375;0.15625;0.0234375;0.03515625;0.109375;0.109375;0.01171875;0.109375;0.109375;0.015625;0.0546875;0.09375;0.029296875;0.021484375;0.078125;0.1171875;0.021484375;0.09375;0.125;0.02734375;0.125;0.2265625;0.029296875;0.0625;0.140625;0.0263671875;0.0263671875;0.07421875;0.1953125;0.0400390625;0.1171875;0.2890625;0.046875;0.10546875;0.16015625;0.017578125;0.09375;0.109375;0.0107421875;0.08984375;0.08984375;0.0087890625;0.046875;0.046875;0.0048828125;0.01416015625;0.03125;0.0859375;0.00927734375;0.025390625;0.0390625;0.00390625;0.7
16;16;73.74;0.109375;0.109375;0.171875;0.01953125;0.0390625;0.125;0.15625;0.015625;0.125;0.109375;0.01171875;0.0625;0.09375;0.033203125;0.025390625;0.0859375;0.1328125;0.0234375;0.109375;0.125;0.025390625;0.1328125;0.234375;0.025390625;0.07421875;0.15234375;0.0283203125;0.0302734375;0.07421875;0.20703125;0.0419921875;0.12890625;0.3125;0.048828125;0.11328125;0.17578125;0.01953125;0.109375;0.1171875;0.0107421875;0.10546875;0.09765625;0.009765625;0.052734375;0.046875;0.0048828125;0.015625;0.03125;0.0859375;0.0087890625;0.029296875;0.048828125;0.00439453125;0.7;0.109375;0.125;0.15625;0.01953125;0.0390625;0.140625;0.140625;0.01953125;0.125;0.109375;0.01171875;0.0625;0.09375;0.033203125;0.025390625;0.0859375;0.125;0.0234375;0.1171875;0.125;0.02734375;0.1328125;0.2421875;0.03515625;0.07421875;0.1484375;0.02734375;0.0283203125;0.07421875;0.19921875;0.0419921875;0.125;0.296875;0.0458984375;0.11328125;0.171875;0.01953125;0.1015625;0.109375;0.0107421875;0.09765625;0.08984375;0.0087890625;0.05078125;0.046875;0.0048828125;0.0146484375;0.03125;0.083984375;0.0087890625;0.02734375;0.04296875;0.00439453125;0.7
17;17;65.74;0.109375;0.109375;0.15625;0.01953125;0.03515625;0.125;0.15625;0.01953125;0.125;0.125;0.01171875;0.0625;0.09375;0.033203125;0.025390625;0.0859375;0.140625;0.025390625;0.109375;0.125;0.025390625;0.1328125;0.234375;0.029296875;0.07421875;0.15234375;0.0283203125;0.029296875;0.078125;0.20703125;0.0419921875;0.1328125;0.3203125;0.052734375;0.125;0.1796875;0.01953125;0.11328125;0.1171875;0.0107421875;0.10546875;0.09765625;0.009765625;0.0546875;0.046875;0.0048828125;0.015625;0.03125;0.087890625;0.00927734375;0.029296875;0.048828125;0.00439453125;0.7;0.109375;0.109375;0.140625;0.01953125;0.03515625;0.125;0.15625;0.015625;0.125;0.125;0.01171875;0.0625;0.1015625;0.033203125;0.0234375;0.0859375;0.1328125;0.025390625;0.109375;0.125;0.02734375;0.140625;0.234375;0.037109375;0.0703125;0.1484375;0.02734375;0.0283203125;0.07421875;0.19921875;0.04296875;0.12890625;0.3125;0.05078125;0.12109375;0.1796875;0.01953125;0.109375;0.1171875;0.0107421875;0.09765625;0.09375;0.0087890625;0.0546875;0.046875;0.0048828125;0.01513671875;0.03125;0.0859375;0.00927734375;0.02734375;0.044921875;0.00439453125;0.7
18;18;70.11;0.109375;0.109375;0.171875;0.0234375;0.03515625;0.125;0.15625;0.01953125;0.109375;0.109375;0.015625;0.0546875;0.1015625;0.033203125;0.025390625;0.0859375;0.1328125;0.0234375;0.109375;0.125;0.025390625;0.140625;0.25;0.03125;0.078125;0.15625;0.029296875;0.0322265625;0.08203125;0.2109375;0.04296875;0.13671875;0.328125;0.0546875;0.12890625;0.18359375;0.01953125;0.1171875;0.1171875;0.0107421875;0.1015625;0.09765625;0.009765625;0.05859375;0.046875;0.00537109375;0.015625;0.03125;0.08984375;0.009765625;0.029296875;0.04296875;0.00390625;0.7;0.109375;0.109375;0.171875;0.01953125;0.0390625;0.125;0.140625;0.015625;0.109375;0.125;0.015625;0.0546875;0.1015625;0.033203125;0.0234375;0.0859375;0.125;0.021484375;0.109375;0.125;0.02734375;0.140625;0.25;0.041015625;0.0703125;0.1484375;0.0283203125;0.0302734375;0.078125;0.203125;0.0419921875;0.12890625;0.31640625;0.0537109375;0.125;0.1796875;0.01953125;0.11328125;0.1171875;0.0107421875;0.09765625;0.09375;0.0087890625;0.05859375;0.048828125;0.00537109375;0.015625;0.03125;0.0859375;0.009765625;0.029296875;0.04296875;0.00439453125;0.7
19;19;74.9;0.109375;0.109375;0.171875;0.01953125;0.03515625;0.125;0.15625;0.015625;0.109375;0.125;0.01171875;0.0625;0.1015625;0.033203125;0.02734375;0.0859375;0.140625;0.025390625;0.109375;0.140625;0.025390625;0.140625;0.25;0.029296875;0.078125;0.16015625;0.029296875;0.03125;0.08203125;0.20703125;0.04296875;0.140625;0.33984375;0.0556640625;0.12890625;0.18359375;0.0205078125;0.1171875;0.1171875;0.009765625;0.109375;0.1015625;0.009765625;0.05859375;0.05078125;0.00537109375;0.01611328125;0.03125;0.087890625;0.00927734375;0.029296875;0.041015625;0.00390625;0.7;0.109375;0.109375;0.15625;0.01953125;0.03515625;0.125;0.140625;0.01953125;0.109375;0.125;0.01171875;0.0625;0.1015625;0.033203125;0.025390625;0.0859375;0.140625;0.025390625;0.109375;0.140625;0.02734375;0.1484375;0.25;0.037109375;0.07421875;0.15625;0.0283203125;0.029296875;0.078125;0.1953125;0.0419921875;0.140625;0.33203125;0.0537109375;0.125;0.1796875;0.01953125;0.11328125;0.1171875;0.0107421875;0.1015625;0.09375;0.0087890625;0.05859375;0.05078125;0.00537109375;0.01611328125;0.03125;0.0859375;0.00927734375;0.02734375;0.041015625;0.00390625;0.7
20;20;72.43;0.109375;0.109375;0.1875;0.0234375;0.0390625;0.125;0.171875;0.015625;0.109375;0.125;0.01171875;0.0625;0.109375;0.03515625;0.025390625;0.0859375;0.1328125;0.025390625;0.1171875;0.1328125;0.025390625;0.1484375;0.25;0.033203125;0.078125;0.1640625;0.0302734375;0.033203125;0.08203125;0.21484375;0.04296875;0.14453125;0.34765625;0.0576171875;0.1328125;0.1953125;0.0205078125;0.1171875;0.11328125;0.0107421875;0.11328125;0.10546875;0.0107421875;0.060546875;0.048828125;0.00537109375;0.01611328125;0.03125;0.087890625;0.00927734375;0.02734375;0.04296875;0.00439453125;0.7;0.109375;0.125;0.171875;0.0234375;0.03515625;0.125;0.171875;0.01953125;0.109375;0.125;0.01171875;0.0546875;0.109375;0.03515625;0.025390625;0.078125;0.1328125;0.025390625;0.1171875;0.1328125;0.02734375;0.15625;0.25;0.037109375;0.078125;0.16015625;0.029296875;0.03125;0.08203125;0.21484375;0.04296875;0.140625;0.33984375;0.056640625;0.1328125;0.1953125;0.0205078125;0.1171875;0.1171875;0.0107421875;0.109375;0.10546875;0.009765625;0.060546875;0.046875;0.00537109375;0.015625;0.03125;0.083984375;0.0087890625;0.02734375;0.041015625;0.00439453125;0.7
21;21;68.94;0.109375;0.109375;0.171875;0.01953125;0.0390625;0.140625;0.171875;0.015625;0.109375;0.109375;0.01171875;0.0546875;0.109375;0.03515625;0.02734375;0.09375;0.140625;0.02734375;0.1171875;0.140625;0.025390625;0.1484375;0.265625;0.03515625;0.0859375;0.16015625;0.0302734375;0.03515625;0.0859375;0.21484375;0.044921875;0.1484375;0.359375;0.0625;0.140625;0.20703125;0.021484375;0.125;0.1171875;0.0107421875;0.1171875;0.109375;0.0107421875;0.064453125;0.05078125;0.00537109375;0.01708984375;0.033203125;0.0859375;0.0087890625;0.02734375;0.044921875;0.00439453125;0.7;0.109375;0.125;0.15625;0.01953125;0.03515625;0.125;0.15625;0.015625;0.109375;0.109375;0.01171875;0.0546875;0.109375;0.03515625;0.025390625;0.09375;0.1328125;0.025390625;0.1171875;0.140625;0.029296875;0.15625;0.265625;0.04296875;0.08203125;0.15625;0.029296875;0.033203125;0.08203125;0.2109375;0.0439453125;0.14453125;0.3515625;0.0615234375;0.13671875;0.19921875;0.021484375;0.125;0.1171875;0.009765625;0.11328125;0.109375;0.009765625;0.0625;0.046875;0.00537109375;0.0166015625;0.03125;0.080078125;0.0087890625;0.02734375;0.041015625;0.00439453125;0.7
22;22;62.3;0.109375;0.109375;0.15625;0.01953125;0.03515625;0.140625;0.1875;0.015625;0.109375;0.109375;0.01171875;0.0546875;0.109375;0.033203125;0.025390625;0.0859375;0.140625;0.025390625;0.1171875;0.1328125;0.025390625;0.15625;0.2578125;0.037109375;0.0859375;0.16796875;0.03125;0.0341796875;0.08984375;0.21875;0.044921875;0.15625;0.37109375;0.064453125;0.140625;0.203125;0.021484375;0.125;0.12109375;0.0107421875;0.12109375;0.11328125;0.009765625;0.06640625;0.0546875;0.00537109375;0.01708984375;0.033203125;0.08984375;0.00927734375;0.029296875;0.044921875;0.00439453125;0.7;0.109375;0.125;0.140625;0.01953125;0.03515625;0.125;0.171875;0.01953125;0.109375;0.109375;0.01171875;0.0546875;0.109375;0.033203125;0.0234375;0.0859375;0.1328125;0.025390625;0.1171875;0.125;0.02734375;0.15625;0.2578125;0.041015625;0.08203125;0.1640625;0.03125;0.0322265625;0.0859375;0.21484375;0.044921875;0.15234375;0.36328125;0.0615234375;0.13671875;0.19921875;0.021484375;0.125;0.12109375;0.0107421875;0.12109375;0.1171875;0.009765625;0.064453125;0.05078125;0.00537109375;0.0166015625;0.03125;0.08203125;0.0087890625;0.02734375;0.044921875;0.00439453125;0.7
23;23;74.14;0.109375;0.109375;0.15625;0.01953125;0.0390625;0.125;0.1875;0.015625;0.125;0.109375;0.01171875;0.0625;0.109375;0.03515625;0.02734375;0.09375;0.1328125;0.025390625;0.1171875;0.1328125;0.025390625;0.15625;0.265625;0.03125;0.0859375;0.17578125;0.0322265625;0.0361328125;0.08984375;0.23046875;0.044921875;0.15625;0.375;0.064453125;0.14453125;0.203125;0.0224609375;0.12890625;0.11328125;0.009765625;0.1171875;0.10546875;0.0107421875;0.0703125;0.056640625;0.005859375;0.017578125;0.033203125;0.087890625;0.00927734375;0.02734375;0.04296875;0.00439453125;0.7;0.109375;0.109375;0.140625;0.01953125;0.0390625;0.125;0.171875;0.01953125;0.109375;0.109375;0.01171875;0.0546875;0.109375;0.03515625;0.025390625;0.09375;0.1328125;0.0234375;0.1171875;0.1328125;0.029296875;0.1640625;0.265625;0.037109375;0.0859375;0.171875;0.03125;0.0341796875;0.08984375;0.22265625;0.044921875;0.15234375;0.3671875;0.0625;0.14453125;0.1953125;0.021484375;0.125;0.1171875;0.0107421875;0.11328125;0.10546875;0.0107421875;0.068359375;0.052734375;0.005859375;0.01708984375;0.03125;0.0859375;0.0087890625;0.02734375;0.0390625;0.00439453125;0.7
24;24;78.2;0.109375;0.109375;0.15625;0.01953125;0.0390625;0.125;0.1875;0.015625;0.109375;0.09375;0.0078125;0.0546875;0.109375;0.037109375;0.02734375;0.09375;0.1328125;0.025390625;0.109375;0.140625;0.025390625;0.15625;0.25;0.037109375;0.08984375;0.171875;0.0322265625;0.03515625;0.08984375;0.234375;0.0458984375;0.15625;0.37890625;0.0654296875;0.1484375;0.2109375;0.021484375;0.125;0.1171875;0.009765625;0.12109375;0.11328125;0.0107421875;0.072265625;0.060546875;0.00634765625;0.01806640625;0.033203125;0.087890625;0.00927734375;0.02734375;0.041015625;0.00390625;0.7;0.109375;0.125;0.140625;0.01953125;0.0390625;0.125;0.1875;0.01953125;0.109375;0.09375;0.0078125;0.0546875;0.109375;0.037109375;0.025390625;0.0859375;0.1328125;0.025390625;0.109375;0.1328125;0.029296875;0.15625;0.25;0.04296875;0.0859375;0.1640625;0.03125;0.0341796875;0.08984375;0.23046875;0.0458984375;0.15234375;0.37109375;0.0634765625;0.1484375;0.20703125;0.021484375;0.125;0.109375;0.009765625;0.11328125;0.11328125;0.0107421875;0.0703125;0.0546875;0.005859375;0.01708984375;0.03125;0.083984375;0.00927734375;0.02734375;0.037109375;0.00390625;0.7
25;25;75.47;0.109375;0.109375;0.15625;0.01953125;0.0390625;0.140625;0.203125;0.015625;0.109375;0.109375;0.01171875;0.0625;0.1171875;0.037109375;0.02734375;0.09375;0.140625;0.025390625;0.1171875;0.1328125;0.025390625;0.15625;0.2578125;0.03515625;0.09375;0.1796875;0.0322265625;0.037109375;0.08984375;0.2421875;0.0478515625;0.16015625;0.39453125;0.068359375;0.15625;0.21875;0.0234375;0.1328125;0.125;0.009765625;0.12890625;0.109375;0.0107421875;0.076171875;0.05859375;0.00634765625;0.01806640625;0.033203125;0.08984375;0.00927734375;0.02734375;0.041015625;0.00390625;0.7;0.109375;0.125;0.140625;0.01953125;0.0390625;0.140625;0.203125;0.01953125;0.109375;0.109375;0.01171875;0.0625;0.1171875;0.037109375;0.025390625;0.09375;0.140625;0.025390625;0.1171875;0.1328125;0.02734375;0.15625;0.265625;0.044921875;0.08984375;0.17578125;0.0322265625;0.0361328125;0.08984375;0.234375;0.046875;0.15625;0.3828125;0.068359375;0.15234375;0.2109375;0.0224609375;0.12890625;0.125;0.009765625;0.125;0.10546875;0.009765625;0.07421875;0.056640625;0.00634765625;0.017578125;0.033203125;0.0859375;0.00927734375;0.025390625;0.037109375;0.00390625;0.7
26;26;75.34;0.109375;0.125;0.171875;0.01953125;0.0390625;0.125;0.203125;0.01953125;0.109375;0.109375;0.01171875;0.0546875;0.109375;0.0390625;0.02734375;0.09375;0.1484375;0.025390625;0.1171875;0.140625;0.025390625;0.1640625;0.2734375;0.0390625;0.09375;0.1796875;0.033203125;0.0380859375;0.08984375;0.234375;0.0458984375;0.1640625;0.3984375;0.0703125;0.15625;0.21484375;0.0234375;0.13671875;0.125;0.0107421875;0.12890625;0.1171875;0.01171875;0.076171875;0.05859375;0.00634765625;0.0185546875;0.033203125;0.091796875;0.00927734375;0.02734375;0.0390625;0.00390625;0.7;0.109375;0.125;0.15625;0.01953125;0.0390625;0.125;0.1875;0.01953125;0.109375;0.109375;0.01171875;0.0546875;0.109375;0.037109375;0.025390625;0.09375;0.1484375;0.025390625;0.1171875;0.1328125;0.02734375;0.15625;0.265625;0.044921875;0.08984375;0.171875;0.0322265625;0.0361328125;0.08984375;0.22265625;0.0458984375;0.16015625;0.390625;0.0693359375;0.15234375;0.20703125;0.0224609375;0.1328125;0.12109375;0.0107421875;0.125;0.109375;0.01171875;0.07421875;0.0546875;0.00634765625;0.01806640625;0.033203125;0.087890625;0.00927734375;0.02734375;0.037109375;0.00390625;0.7
27;27;75.94;0.109375;0.125;0.15625;0.01953125;0.0390625;0.140625;0.1875;0.015625;0.109375;0.109375;0.01171875;0.0625;0.109375;0.037109375;0.02734375;0.0859375;0.1328125;0.025390625;0.1171875;0.1328125;0.025390625;0.1640625;0.2734375;0.0390625;0.09375;0.1796875;0.0341796875;0.0380859375;0.09375;0.23828125;0.046875;0.16796875;0.3984375;0.0751953125;0.1640625;0.23046875;0.0263671875;0.14453125;0.1328125;0.0107421875;0.13671875;0.11328125;0.0107421875;0.08203125;0.060546875;0.00634765625;0.01953125;0.033203125;0.08984375;0.00927734375;0.02734375;0.04296875;0.00390625;0.8;0.109375;0.125;0.15625;0.01953125;0.0390625;0.125;0.1875;0.01953125;0.109375;0.109375;0.01171875;0.0625;0.109375;0.037109375;0.025390625;0.0859375;0.1328125;0.025390625;0.1171875;0.1328125;0.029296875;0.171875;0.2734375;0.046875;0.08984375;0.17578125;0.0341796875;0.037109375;0.09375;0.234375;0.046875;0.1640625;0.38671875;0.072265625;0.15625;0.2265625;0.025390625;0.140625;0.125;0.0107421875;0.1328125;0.109375;0.0107421875;0.080078125;0.05859375;0.00634765625;0.01904296875;0.03125;0.0859375;0.00927734375;0.02734375;0.0390625;0.00390625;0.8
28;28;77.51;0.109375;0.109375;0.171875;0.01953125;0.0390625;0.140625;0.171875;0.015625;0.109375;0.109375;0.01171875;0.0546875;0.1171875;0.0390625;0.02734375;0.0859375;0.140625;0.025390625;0.125;0.140625;0.025390625;0.171875;0.2734375;0.0390625;0.09375;0.1875;0.03515625;0.0380859375;0.09375;0.2421875;0.046875;0.171875;0.4140625;0.07421875;0.1640625;0.2265625;0.025390625;0.14453125;0.125;0.0107421875;0.13671875;0.12109375;0.0107421875;0.080078125;0.0625;0.0068359375;0.01904296875;0.033203125;0.083984375;0.00927734375;0.02734375;0.0390625;0.00390625;0.7;0.109375;0.125;0.15625;0.01953125;0.0390625;0.125;0.15625;0.015625;0.109375;0.109375;0.01171875;0.0546875;0.1171875;0.0390625;0.025390625;0.0859375;0.1328125;0.025390625;0.125;0.1328125;0.029296875;0.171875;0.2734375;0.046875;0.09375;0.18359375;0.0341796875;0.0361328125;0.09375;0.234375;0.0458984375;0.16796875;0.41015625;0.07421875;0.1640625;0.22265625;0.025390625;0.140625;0.125;0.009765625;0.1328125;0.11328125;0.009765625;0.080078125;0.060546875;0.0068359375;0.01806640625;0.03125;0.080078125;0.00830078125;0.02734375;0.037109375;0.00390625;0.8
29;29;79.31;0.109375;0.125;0.171875;0.01953125;0.0390625;0.140625;0.171875;0.015625;0.109375;0.109375;0.01171875;0.0625;0.1171875;0.037109375;0.02734375;0.0859375;0.1328125;0.025390625;0.125;0.1328125;0.025390625;0.171875;0.2734375;0.0390625;0.09765625;0.1875;0.0361328125;0.0380859375;0.09765625;0.23828125;0.046875;0.171875;0.41015625;0.0751953125;0.16796875;0.234375;0.0244140625;0.14453125;0.125;0.0107421875;0.13671875;0.1171875;0.01171875;0.083984375;0.0625;0.00634765625;0.01953125;0.033203125;0.087890625;0.00927734375;0.02734375;0.037109375;0.00390625;0.7;0.109375;0.125;0.15625;0.01953125;0.0390625;0.140625;0.15625;0.01953125;0.109375;0.109375;0.01171875;0.0546875;0.109375;0.037109375;0.025390625;0.0859375;0.1328125;0.025390625;0.1328125;0.1328125;0.02734375;0.171875;0.2734375;0.044921875;0.09375;0.18359375;0.03515625;0.037109375;0.09765625;0.23828125;0.046875;0.171875;0.40625;0.0732421875;0.16796875;0.234375;0.0244140625;0.140625;0.12109375;0.009765625;0.1328125;0.1171875;0.01171875;0.08203125;0.060546875;0.0068359375;0.0185546875;0.033203125;0.083984375;0.0087890625;0.025390625;0.03515625;0.00341796875;0.7
30;30;76.94;0.109375;0.125;0.15625;0.01953125;0.0390625;0.140625;0.171875;0.015625;0.109375;0.125;0.01171875;0.0546875;0.109375;0.037109375;0.02734375;0.09375;0.1328125;0.025390625;0.125;0.1484375;0.025390625;0.171875;0.28125;0.041015625;0.09375;0.1875;0.037109375;0.0390625;0.09765625;0.24609375;0.046875;0.17578125;0.41796875;0.0751953125;0.171875;0.234375;0.02734375;0.14453125;0.12890625;0.0107421875;0.140625;0.11328125;0.0107421875;0.083984375;0.064453125;0.0068359375;0.02001953125;0.033203125;0.0859375;0.009765625;0.02734375;0.0390625;0.00390625;0.7;0.109375;0.140625;0.140625;0.01953125;0.0390625;0.140625;0.15625;0.015625;0.109375;0.125;0.01171875;0.0546875;0.109375;0.037109375;0.025390625;0.0859375;0.1328125;0.025390625;0.125;0.140625;0.02734375;0.171875;0.2734375;0.046875;0.08984375;0.1796875;0.0361328125;0.037109375;0.09765625;0.234375;0.0458984375;0.17578125;0.40625;0.0751953125;0.16796875;0.22265625;0.0263671875;0.14453125;0.125;0.0107421875;0.13671875;0.109375;0.0107421875;0.0859375;0.0625;0.0068359375;0.01953125;0.033203125;0.08203125;0.00927734375;0.02734375;0.037109375;0.00390625;0.7
31;31;78.24;0.109375;0.125;0.171875;0.01953125;0.0390625;0.15625;0.1875;0.015625;0.109375;0.109375;0.01171875;0.0546875;0.1171875;0.0390625;0.02734375;0.09375;0.1328125;0.025390625;0.125;0.140625;0.025390625;0.171875;0.2734375;0.04296875;0.09765625;0.19140625;0.037109375;0.0400390625;0.09765625;0.2421875;0.046875;0.17578125;0.421875;0.080078125;0.171875;0.23828125;0.0263671875;0.1484375;0.125;0.0107421875;0.140625;0.11328125;0.01171875;0.0859375;0.064453125;0.0068359375;0.01953125;0.033203125;0.080078125;0.0087890625;0.02734375;0.03515625;0.00390625;0.7;0.125;0.125;0.15625;0.01953125;0.0390625;0.140625;0.171875;0.01953125;0.109375;0.109375;0.01171875;0.0546875;0.1171875;0.0390625;0.025390625;0.0859375;0.125;0.025390625;0.1171875;0.140625;0.029296875;0.1640625;0.2734375;0.048828125;0.09375;0.1875;0.037109375;0.0380859375;0.09765625;0.2421875;0.0478515625;0.17578125;0.41796875;0.0791015625;0.16796875;0.2421875;0.02734375;0.14453125;0.125;0.0107421875;0.140625;0.1171875;0.01171875;0.0859375;0.064453125;0.0068359375;0.01953125;0.033203125;0.08203125;0.00927734375;0.025390625;0.033203125;0.00341796875;0.7
32;32;79.47;0.109375;0.125;0.15625;0.01953125;0.0390625;0.15625;0.1875;0.015625;0.125;0.109375;0.01171875;0.0625;0.1171875;0.0390625;0.02734375;0.0859375;0.140625;0.025390625;0.1328125;0.1484375;0.025390625;0.1796875;0.2890625;0.04296875;0.1015625;0.1953125;0.0380859375;0.041015625;0.1015625;0.25390625;0.0478515625;0.1796875;0.43359375;0.0791015625;0.1796875;0.234375;0.02734375;0.1484375;0.12109375;0.0107421875;0.14453125;0.1171875;0.0107421875;0.08984375;0.064453125;0.00732421875;0.01953125;0.033203125;0.0859375;0.00927734375;0.025390625;0.037109375;0.00390625;0.7;0.125;0.125;0.140625;0.01953125;0.0390625;0.140625;0.1875;0.01953125;0.125;0.109375;0.01171875;0.0625;0.1171875;0.037109375;0.025390625;0.0859375;0.1328125;0.025390625;0.125;0.140625;0.029296875;0.1796875;0.28125;0.052734375;0.09765625;0.1875;0.037109375;0.0380859375;0.1015625;0.24609375;0.046875;0.17578125;0.42578125;0.078125;0.17578125;0.23828125;0.02734375;0.14453125;0.12109375;0.009765625;0.140625;0.11328125;0.0107421875;0.087890625;0.064453125;0.00732421875;0.01953125;0.033203125;0.083984375;0.0087890625;0.025390625;0.03515625;0.00390625;0.7
33;33;72.89;0.109375;0.125;0.15625;0.01953125;0.04296875;0.140625;0.1875;0.01171875;0.109375;0.125;0.01171875;0.0625;0.1171875;0.0390625;0.02734375;0.09375;0.140625;0.02734375;0.1328125;0.140625;0.02734375;0.1796875;0.28125;0.044921875;0.1015625;0.19921875;0.037109375;0.041015625;0.1015625;0.25390625;0.048828125;0.18359375;0.4375;0.080078125;0.1796875;0.2578125;0.029296875;0.15234375;0.12890625;0.01171875;0.140625;0.11328125;0.0107421875;0.091796875;0.068359375;0.00732421875;0.01953125;0.033203125;0.083984375;0.00927734375;0.02734375;0.037109375;0.00390625;0.8;0.125;0.140625;0.15625;0.01953125;0.0390625;0.140625;0.1875;0.015625;0.109375;0.125;0.01171875;0.0546875;0.1171875;0.037109375;0.025390625;0.0859375;0.140625;0.02734375;0.125;0.140625;0.029296875;0.171875;0.265625;0.052734375;0.1015625;0.1875;0.03515625;0.0390625;0.1015625;0.2421875;0.0478515625;0.1796875;0.42578125;0.080078125;0.17578125;0.25390625;0.029296875;0.15234375;0.125;0.01171875;0.140625;0.11328125;0.009765625;0.08984375;0.06640625;0.00732421875;0.01953125;0.03125;0.078125;0.0087890625;0.02734375;0.03515625;0.00390625;0.7
34;34;77.16;0.109375;0.125;0.15625;0.01953125;0.0390625;0.140625;0.1875;0.01171875;0.109375;0.109375;0.01171875;0.0546875;0.1171875;0.037109375;0.02734375;0.09375;0.140625;0.025390625;0.1328125;0.140625;0.025390625;0.1875;0.28125;0.044921875;0.1015625;0.19921875;0.037109375;0.0419921875;0.10546875;0.24609375;0.0478515625;0.18359375;0.44140625;0.0791015625;0.1796875;0.25;0.02734375;0.15234375;0.12890625;0.0107421875;0.14453125;0.10546875;0.009765625;0.09375;0.068359375;0.00732421875;0.0205078125;0.033203125;0.083984375;0.00927734375;0.02734375;0.037109375;0.00390625;0.7;0.125;0.125;0.140625;0.015625;0.0390625;0.140625;0.1875;0.01953125;0.109375;0.109375;0.01171875;0.0546875;0.1171875;0.037109375;0.025390625;0.0859375;0.140625;0.025390625;0.1328125;0.140625;0.029296875;0.1875;0.28125;0.052734375;0.1015625;0.1953125;0.037109375;0.0400390625;0.1015625;0.2421875;0.0478515625;0.1796875;0.43359375;0.0771484375;0.17578125;0.2421875;0.0283203125;0.1484375;0.125;0.0107421875;0.140625;0.1015625;0.0087890625;0.091796875;0.06640625;0.00732421875;0.02001953125;0.033203125;0.08203125;0.00927734375;0.02734375;0.03515625;0.00390625;0.7
35;35;75.08;0.109375;0.125;0.171875;0.01953125;0.0390625;0.140625;0.171875;0.01171875;0.09375;0.109375;0.01171875;0.0625;0.125;0.0390625;0.02734375;0.09375;0.1328125;0.02734375;0.125;0.1484375;0.02734375;0.1796875;0.2890625;0.046875;0.10546875;0.1953125;0.0380859375;0.0419921875;0.1015625;0.2578125;0.048828125;0.18359375;0.44140625;0.0830078125;0.18359375;0.26171875;0.029296875;0.15234375;0.12109375;0.0107421875;0.15234375;0.11328125;0.009765625;0.09765625;0.0703125;0.00732421875;0.0205078125;0.03125;0.08203125;0.0087890625;0.02734375;0.03515625;0.00390625;0.7;0.125;0.125;0.15625;0.015625;0.0390625;0.140625;0.171875;0.01953125;0.09375;0.109375;0.01171875;0.0546875;0.125;0.041015625;0.025390625;0.0859375;0.1328125;0.02734375;0.125;0.1484375;0.03125;0.1796875;0.28125;0.052734375;0.1015625;0.19140625;0.037109375;0.0400390625;0.10546875;0.25390625;0.048828125;0.1796875;0.43359375;0.0810546875;0.18359375;0.25390625;0.029296875;0.15234375;0.11328125;0.0107421875;0.1484375;0.109375;0.009765625;0.095703125;0.06640625;0.00732421875;0.01904296875;0.03125;0.078125;0.00830078125;0.02734375;0.033203125;0.00390625;0.8
36;36;77.42;0.109375;0.125;0.171875;0.01953125;0.0390625;0.140625;0.171875;0.015625;0.109375;0.109375;0.015625;0.0625;0.1171875;0.0390625;0.02734375;0.0859375;0.140625;0.02734375;0.125;0.140625;0.025390625;0.1875;0.2890625;0.046875;0.10546875;0.20703125;0.0390625;0.04296875;0.10546875;0.25;0.048828125;0.1875;0.453125;0.0859375;0.1875;0.265625;0.0322265625;0.16015625;0.1328125;0.01171875;0.15234375;0.10546875;0.009765625;0.1015625;0.0703125;0.00732421875;0.02099609375;0.03125;0.080078125;0.0087890625;0.025390625;0.037109375;0.00390625;0.7;0.125;0.125;0.140625;0.01953125;0.0390625;0.140625;0.15625;0.015625;0.109375;0.109375;0.01171875;0.0625;0.1171875;0.0390625;0.025390625;0.0859375;0.140625;0.02734375;0.125;0.140625;0.029296875;0.1875;0.28125;0.052734375;0.1015625;0.19921875;0.0380859375;0.041015625;0.10546875;0.25;0.0478515625;0.18359375;0.4453125;0.083984375;0.18359375;0.2734375;0.033203125;0.16015625;0.1328125;0.01171875;0.1484375;0.10546875;0.0087890625;0.1015625;0.0703125;0.00732421875;0.0205078125;0.03125;0.080078125;0.0087890625;0.025390625;0.03125;0.00390625;0.8
37;37;80.3;0.109375;0.125;0.140625;0.015625;0.0390625;0.125;0.171875;0.01171875;0.109375;0.125;0.01171875;0.0546875;0.125;0.0390625;0.02734375;0.09375;0.1484375;0.02734375;0.1171875;0.1484375;0.025390625;0.1796875;0.296875;0.046875;0.10546875;0.21484375;0.041015625;0.0419921875;0.10546875;0.25390625;0.048828125;0.19140625;0.45703125;0.083984375;0.19140625;0.26953125;0.0322265625;0.16015625;0.125;0.01171875;0.1484375;0.109375;0.009765625;0.103515625;0.072265625;0.00732421875;0.0205078125;0.03125;0.080078125;0.00830078125;0.025390625;0.033203125;0.00390625;0.7;0.109375;0.140625;0.140625;0.015625;0.04296875;0.125;0.15625;0.01171875;0.09375;0.125;0.01171875;0.0546875;0.125;0.0390625;0.02734375;0.09375;0.1484375;0.02734375;0.125;0.140625;0.029296875;0.1875;0.2890625;0.052734375;0.10546875;0.21484375;0.0400390625;0.041015625;0.10546875;0.25390625;0.0498046875;0.1875;0.453125;0.0849609375;0.19140625;0.265625;0.0322265625;0.1640625;0.125;0.01171875;0.1484375;0.10546875;0.009765625;0.1015625;0.0703125;0.00732421875;0.0205078125;0.03125;0.080078125;0.00830078125;0.025390625;0.033203125;0.00390625;0.8
38;38;78.0;0.109375;0.125;0.171875;0.015625;0.0390625;0.140625;0.171875;0.015625;0.09375;0.109375;0.01171875;0.0546875;0.1171875;0.041015625;0.02734375;0.0859375;0.140625;0.02734375;0.1328125;0.140625;0.025390625;0.1796875;0.296875;0.046875;0.109375;0.21875;0.041015625;0.04296875;0.10546875;0.2578125;0.048828125;0.19140625;0.453125;0.0869140625;0.1953125;0.26953125;0.0322265625;0.16015625;0.12109375;0.0107421875;0.16015625;0.11328125;0.009765625;0.103515625;0.07421875;0.0078125;0.0205078125;0.03125;0.08203125;0.00830078125;0.025390625;0.03515625;0.00390625;0.7;0.125;0.140625;0.15625;0.015625;0.0390625;0.140625;0.171875;0.015625;0.09375;0.125;0.01171875;0.0546875;0.1171875;0.0390625;0.025390625;0.0859375;0.140625;0.025390625;0.125;0.140625;0.029296875;0.1796875;0.296875;0.056640625;0.10546875;0.21484375;0.0419921875;0.041015625;0.10546875;0.25;0.048828125;0.1875;0.44921875;0.0859375;0.19140625;0.26953125;0.033203125;0.15625;0.1171875;0.0107421875;0.15234375;0.109375;0.009765625;0.103515625;0.07421875;0.0078125;0.02001953125;0.03125;0.076171875;0.00830078125;0.0234375;0.03515625;0.00341796875;0.7
39;39;80.69;0.109375;0.125;0.171875;0.015625;0.0390625;0.125;0.1875;0.01171875;0.09375;0.109375;0.01171875;0.0546875;0.125;0.0390625;0.02734375;0.09375;0.1484375;0.029296875;0.125;0.140625;0.025390625;0.1875;0.3046875;0.04296875;0.11328125;0.22265625;0.0419921875;0.0439453125;0.10546875;0.26171875;0.048828125;0.1953125;0.46875;0.08984375;0.19921875;0.27734375;0.033203125;0.171875;0.1328125;0.0126953125;0.1640625;0.11328125;0.0107421875;0.107421875;0.07421875;0.00732421875;0.021484375;0.03125;0.078125;0.00830078125;0.025390625;0.03515625;0.00390625;0.7;0.125;0.125;0.15625;0.015625;0.0390625;0.125;0.1875;0.015625;0.09375;0.109375;0.01171875;0.0546875;0.125;0.0390625;0.025390625;0.0859375;0.1484375;0.029296875;0.125;0.140625;0.029296875;0.1875;0.296875;0.052734375;0.109375;0.2109375;0.041015625;0.0419921875;0.109375;0.2578125;0.0478515625;0.1953125;0.4609375;0.0869140625;0.1953125;0.265625;0.0322265625;0.16796875;0.1328125;0.0126953125;0.16015625;0.109375;0.009765625;0.10546875;0.072265625;0.00732421875;0.02099609375;0.03125;0.07421875;0.0087890625;0.0234375;0.03125;0.00390625;0.7
40;40;79.18;0.109375;0.125;0.171875;0.01953125;0.0390625;0.140625;0.203125;0.01171875;0.09375;0.109375;0.01171875;0.0625;0.125;0.0390625;0.02734375;0.09375;0.1484375;0.02734375;0.125;0.1484375;0.02734375;0.1875;0.3046875;0.046875;0.11328125;0.21875;0.041015625;0.0439453125;0.109375;0.2578125;0.048828125;0.19921875;0.47265625;0.08984375;0.19921875;0.27734375;0.033203125;0.171875;0.1328125;0.01171875;0.16796875;0.1171875;0.009765625;0.107421875;0.07421875;0.0078125;0.02099609375;0.03125;0.080078125;0.00830078125;0.025390625;0.037109375;0.00390625;0.7;0.125;0.125;0.15625;0.01953125;0.0390625;0.140625;0.1875;0.015625;0.09375;0.109375;0.01171875;0.0625;0.125;0.0390625;0.025390625;0.0859375;0.1484375;0.02734375;0.125;0.1484375;0.029296875;0.1875;0.3046875;0.0546875;0.10546875;0.2109375;0.041015625;0.0419921875;0.109375;0.25390625;0.048828125;0.1953125;0.46875;0.0888671875;0.19921875;0.2734375;0.033203125;0.171875;0.125;0.01171875;0.1640625;0.1171875;0.0087890625;0.107421875;0.072265625;0.00732421875;0.0205078125;0.03125;0.078125;0.0078125;0.0234375;0.03515625;0.00390625;0.7
41;41;75.12;0.109375;0.125;0.15625;0.015625;0.0390625;0.140625;0.171875;0.01171875;0.09375;0.109375;0.015625;0.0625;0.125;0.041015625;0.02734375;0.0859375;0.1484375;0.029296875;0.1328125;0.15625;0.025390625;0.1875;0.3125;0.048828125;0.11328125;0.2265625;0.0419921875;0.0439453125;0.109375;0.265625;0.0498046875;0.19921875;0.4765625;0.091796875;0.203125;0.28125;0.03515625;0.17578125;0.1328125;0.0126953125;0.16015625;0.109375;0.009765625;0.11328125;0.078125;0.0078125;0.021484375;0.03125;0.078125;0.00830078125;0.025390625;0.03515625;0.00390625;0.8;0.125;0.125;0.140625;0.015625;0.0390625;0.125;0.171875;0.015625;0.09375;0.109375;0.015625;0.0546875;0.125;0.041015625;0.025390625;0.0859375;0.140625;0.02734375;0.1328125;0.15625;0.029296875;0.1875;0.3046875;0.056640625;0.109375;0.22265625;0.0419921875;0.04296875;0.109375;0.26171875;0.0498046875;0.1953125;0.46875;0.08984375;0.19921875;0.28125;0.0341796875;0.171875;0.12890625;0.01171875;0.15625;0.1015625;0.009765625;0.111328125;0.076171875;0.0078125;0.02099609375;0.029296875;0.07421875;0.00830078125;0.0234375;0.03515625;0.00341796875;0.8
42;42;77.32;0.109375;0.125;0.1875;0.015625;0.04296875;0.125;0.15625;0.01171875;0.09375;0.109375;0.015625;0.0625;0.125;0.041015625;0.02734375;0.0859375;0.1484375;0.029296875;0.1328125;0.15625;0.02734375;0.1953125;0.3046875;0.046875;0.11328125;0.22265625;0.0439453125;0.044921875;0.109375;0.25390625;0.048828125;0.203125;0.484375;0.0947265625;0.20703125;0.2890625;0.0361328125;0.1796875;0.1328125;0.01171875;0.16796875;0.11328125;0.009765625;0.115234375;0.080078125;0.0078125;0.021484375;0.033203125;0.080078125;0.00830078125;0.025390625;0.037109375;0.00341796875;0.7;0.125;0.140625;0.171875;0.015625;0.04296875;0.125;0.15625;0.015625;0.09375;0.109375;0.015625;0.0625;0.125;0.041015625;0.025390625;0.0859375;0.1484375;0.029296875;0.1328125;0.1484375;0.029296875;0.1953125;0.296875;0.056640625;0.109375;0.21875;0.04296875;0.0419921875;0.109375;0.24609375;0.0478515625;0.19921875;0.48046875;0.0927734375;0.20703125;0.28125;0.0361328125;0.17578125;0.1328125;0.01171875;0.1640625;0.11328125;0.009765625;0.115234375;0.078125;0.0078125;0.021484375;0.03125;0.076171875;0.00830078125;0.025390625;0.033203125;0.00341796875;0.8
43;43;78.13;0.109375;0.125;0.140625;0.015625;0.0390625;0.125;0.15625;0.01171875;0.109375;0.109375;0.015625;0.0625;0.125;0.041015625;0.02734375;0.0859375;0.1484375;0.029296875;0.1328125;0.15625;0.02734375;0.1953125;0.3046875;0.048828125;0.11328125;0.22265625;0.044921875;0.044921875;0.109375;0.26171875;0.05078125;0.20703125;0.48046875;0.09375;0.21484375;0.2890625;0.037109375;0.18359375;0.1328125;0.0126953125;0.16796875;0.109375;0.009765625;0.1171875;0.08203125;0.0078125;0.02197265625;0.03125;0.078125;0.00830078125;0.025390625;0.0390625;0.00390625;0.7;0.125;0.125;0.140625;0.015625;0.0390625;0.125;0.15625;0.015625;0.09375;0.109375;0.015625;0.0625;0.125;0.041015625;0.025390625;0.0859375;0.1484375;0.029296875;0.125;0.1484375;0.03125;0.1953125;0.296875;0.05859375;0.109375;0.21484375;0.0439453125;0.0439453125;0.109375;0.25;0.048828125;0.203125;0.4765625;0.09375;0.20703125;0.2890625;0.037109375;0.1796875;0.1328125;0.0126953125;0.16796875;0.10546875;0.009765625;0.119140625;0.08203125;0.0078125;0.021484375;0.03125;0.076171875;0.0078125;0.025390625;0.0390625;0.00390625;0.8
44;44;76.11;0.125;0.125;0.15625;0.015625;0.0390625;0.140625;0.15625;0.01171875;0.109375;0.109375;0.015625;0.0625;0.125;0.041015625;0.02734375;0.09375;0.1484375;0.029296875;0.1328125;0.15625;0.02734375;0.1953125;0.3046875;0.046875;0.1171875;0.2265625;0.04296875;0.0458984375;0.11328125;0.26171875;0.0498046875;0.20703125;0.48828125;0.0947265625;0.21484375;0.29296875;0.037109375;0.1875;0.13671875;0.0126953125;0.171875;0.1015625;0.009765625;0.1171875;0.080078125;0.0078125;0.02197265625;0.03125;0.080078125;0.00830078125;0.025390625;0.037109375;0.00341796875;0.8;0.125;0.125;0.140625;0.015625;0.0390625;0.125;0.140625;0.015625;0.09375;0.109375;0.015625;0.0625;0.125;0.041015625;0.025390625;0.0859375;0.1484375;0.02734375;0.1328125;0.15625;0.03125;0.1953125;0.3125;0.056640625;0.11328125;0.21484375;0.04296875;0.0439453125;0.11328125;0.25390625;0.0498046875;0.203125;0.484375;0.0927734375;0.20703125;0.2890625;0.0361328125;0.18359375;0.140625;0.0126953125;0.16796875;0.09765625;0.0087890625;0.119140625;0.080078125;0.0078125;0.021484375;0.03125;0.078125;0.00830078125;0.0234375;0.033203125;0.00341796875;0.7
45;45;79.22;0.109375;0.125;0.171875;0.01953125;0.0390625;0.140625;0.15625;0.015625;0.078125;0.109375;0.015625;0.0625;0.125;0.041015625;0.02734375;0.0859375;0.1484375;0.029296875;0.1328125;0.1484375;0.02734375;0.1953125;0.3125;0.05078125;0.11328125;0.234375;0.044921875;0.0458984375;0.11328125;0.2734375;0.05078125;0.20703125;0.48828125;0.0966796875;0.21484375;0.29296875;0.0380859375;0.1875;0.13671875;0.0126953125;0.171875;0.1015625;0.0107421875;0.12109375;0.08203125;0.0078125;0.02197265625;0.03125;0.080078125;0.00830078125;0.025390625;0.0390625;0.00341796875;0.7;0.125;0.140625;0.15625;0.01953125;0.0390625;0.125;0.140625;0.015625;0.078125;0.109375;0.015625;0.0546875;0.125;0.041015625;0.025390625;0.0859375;0.1484375;0.029296875;0.1328125;0.1484375;0.029296875;0.1953125;0.3046875;0.05859375;0.109375;0.2265625;0.044921875;0.0439453125;0.109375;0.26171875;0.0498046875;0.20703125;0.484375;0.0947265625;0.21484375;0.29296875;0.0380859375;0.18359375;0.125;0.0126953125;0.1640625;0.09765625;0.0107421875;0.12109375;0.080078125;0.0078125;0.021484375;0.03125;0.080078125;0.0078125;0.0234375;0.03515625;0.00341796875;0.8
46;46;81.98;0.109375;0.125;0.15625;0.015625;0.0390625;0.140625;0.15625;0.01171875;0.09375;0.109375;0.015625;0.0546875;0.125;0.04296875;0.02734375;0.09375;0.15625;0.029296875;0.1328125;0.1484375;0.029296875;0.203125;0.3203125;0.052734375;0.1171875;0.234375;0.0458984375;0.046875;0.1171875;0.265625;0.0517578125;0.2109375;0.4921875;0.0986328125;0.22265625;0.30859375;0.0400390625;0.19140625;0.140625;0.0126953125;0.171875;0.10546875;0.009765625;0.125;0.0859375;0.0078125;0.02294921875;0.03125;0.08203125;0.00830078125;0.0234375;0.037109375;0.00341796875;0.8;0.125;0.125;0.140625;0.015625;0.0390625;0.125;0.15625;0.015625;0.09375;0.109375;0.015625;0.0546875;0.125;0.04296875;0.025390625;0.0859375;0.15625;0.029296875;0.1328125;0.1484375;0.03125;0.203125;0.3125;0.05859375;0.11328125;0.23046875;0.0458984375;0.044921875;0.11328125;0.2578125;0.05078125;0.20703125;0.484375;0.095703125;0.21875;0.3125;0.0400390625;0.1875;0.14453125;0.0126953125;0.16796875;0.1015625;0.0107421875;0.125;0.083984375;0.0078125;0.02294921875;0.03125;0.080078125;0.00830078125;0.0234375;0.03515625;0.00341796875;0.8
47;47;78.63;0.109375;0.109375;0.15625;0.01953125;0.0390625;0.125;0.15625;0.015625;0.09375;0.125;0.01171875;0.0625;0.125;0.04296875;0.02734375;0.09375;0.15625;0.02734375;0.125;0.15625;0.02734375;0.1953125;0.3125;0.05078125;0.1171875;0.23828125;0.0458984375;0.0458984375;0.11328125;0.26953125;0.05078125;0.2109375;0.4921875;0.1005859375;0.22265625;0.30859375;0.0390625;0.1875;0.1328125;0.013671875;0.16796875;0.10546875;0.009765625;0.125;0.083984375;0.0078125;0.02294921875;0.03125;0.08203125;0.00830078125;0.0234375;0.03515625;0.00341796875;0.7;0.125;0.125;0.125;0.01953125;0.0390625;0.125;0.15625;0.01953125;0.09375;0.140625;0.01171875;0.0625;0.125;0.041015625;0.025390625;0.09375;0.1484375;0.025390625;0.125;0.15625;0.03125;0.203125;0.3046875;0.05859375;0.11328125;0.23046875;0.044921875;0.0439453125;0.109375;0.2578125;0.05078125;0.20703125;0.484375;0.0986328125;0.21875;0.3046875;0.0390625;0.1875;0.1328125;0.0126953125;0.1640625;0.1015625;0.009765625;0.125;0.08203125;0.0078125;0.02197265625;0.03125;0.080078125;0.00830078125;0.021484375;0.03125;0.00341796875;0.8
48;48;82.35;0.109375;0.125;0.140625;0.01953125;0.0390625;0.125;0.140625;0.015625;0.09375;0.125;0.01171875;0.0625;0.125;0.04296875;0.029296875;0.09375;0.15625;0.029296875;0.125;0.1640625;0.02734375;0.1953125;0.3125;0.052734375;0.12109375;0.2421875;0.0458984375;0.0478515625;0.1171875;0.26953125;0.052734375;0.21484375;0.5078125;0.103515625;0.2265625;0.3125;0.041015625;0.1953125;0.13671875;0.013671875;0.1796875;0.10546875;0.009765625;0.130859375;0.083984375;0.0078125;0.0224609375;0.03125;0.078125;0.0078125;0.0234375;0.03515625;0.00341796875;0.8;0.125;0.125;0.140625;0.015625;0.0390625;0.125;0.140625;0.015625;0.078125;0.125;0.01171875;0.0625;0.125;0.04296875;0.025390625;0.09375;0.15625;0.02734375;0.1328125;0.1640625;0.03125;0.203125;0.3125;0.060546875;0.1171875;0.234375;0.0458984375;0.0458984375;0.1171875;0.26171875;0.0517578125;0.2109375;0.5;0.1025390625;0.22265625;0.3125;0.0400390625;0.1953125;0.140625;0.013671875;0.17578125;0.09765625;0.009765625;0.130859375;0.08203125;0.0078125;0.0224609375;0.03125;0.076171875;0.0078125;0.025390625;0.033203125;0.00341796875;0.8
49;49;83.53;0.109375;0.109375;0.125;0.01953125;0.0390625;0.140625;0.15625;0.015625;0.09375;0.125;0.015625;0.0625;0.1328125;0.04296875;0.02734375;0.09375;0.1484375;0.029296875;0.1328125;0.1640625;0.02734375;0.2109375;0.328125;0.05078125;0.12109375;0.23828125;0.046875;0.0478515625;0.1171875;0.2734375;0.052734375;0.21875;0.5078125;0.1025390625;0.23046875;0.3203125;0.0419921875;0.19921875;0.1484375;0.013671875;0.1796875;0.10546875;0.0107421875;0.1328125;0.0859375;0.00830078125;0.02294921875;0.03125;0.080078125;0.0078125;0.0234375;0.03515625;0.00341796875;0.7;0.125;0.125;0.109375;0.015625;0.0390625;0.140625;0.140625;0.015625;0.09375;0.125;0.015625;0.0546875;0.1328125;0.04296875;0.025390625;0.09375;0.1484375;0.02734375;0.1328125;0.1640625;0.03125;0.2109375;0.3203125;0.060546875;0.12109375;0.234375;0.0458984375;0.0458984375;0.1171875;0.2734375;0.052734375;0.21875;0.5;0.1025390625;0.23046875;0.31640625;0.041015625;0.19921875;0.140625;0.0126953125;0.17578125;0.10546875;0.009765625;0.1328125;0.08203125;0.0078125;0.02197265625;0.03125;0.076171875;0.0078125;0.021484375;0.033203125;0.00341796875;0.8
50;50;81.42;0.109375;0.109375;0.15625;0.015625;0.0390625;0.140625;0.15625;0.01171875;0.09375;0.125;0.015625;0.0625;0.125;0.04296875;0.02734375;0.1015625;0.1640625;0.03125;0.1328125;0.15625;0.02734375;0.203125;0.3125;0.0546875;0.125;0.24609375;0.0478515625;0.0478515625;0.1171875;0.28125;0.052734375;0.22265625;0.51171875;0.1064453125;0.234375;0.3203125;0.0419921875;0.20703125;0.15234375;0.013671875;0.18359375;0.10546875;0.0107421875;0.13671875;0.087890625;0.0078125;0.0224609375;0.03125;0.078125;0.00830078125;0.0234375;0.03515625;0.00341796875;0.8;0.125;0.125;0.140625;0.015625;0.0390625;0.125;0.15625;0.015625;0.09375;0.125;0.015625;0.0546875;0.125;0.04296875;0.025390625;0.09375;0.1640625;0.029296875;0.1328125;0.15625;0.03125;0.203125;0.3125;0.060546875;0.12109375;0.2421875;0.046875;0.0458984375;0.1171875;0.28125;0.0537109375;0.21875;0.5078125;0.10546875;0.23046875;0.31640625;0.0419921875;0.203125;0.1484375;0.013671875;0.1796875;0.1015625;0.0107421875;0.13671875;0.087890625;0.0078125;0.0224609375;0.03125;0.078125;0.00830078125;0.0234375;0.03515625;0.00341796875;0.8
51;51;83.27;0.109375;0.125;0.140625;0.015625;0.0390625;0.140625;0.15625;0.015625;0.09375;0.125;0.01171875;0.0625;0.1328125;0.04296875;0.02734375;0.09375;0.15625;0.029296875;0.140625;0.15625;0.02734375;0.203125;0.328125;0.052734375;0.12109375;0.24609375;0.046875;0.0478515625;0.12109375;0.27734375;0.052734375;0.22265625;0.51171875;0.1064453125;0.23828125;0.3125;0.041015625;0.20703125;0.15234375;0.0146484375;0.18359375;0.10546875;0.009765625;0.13671875;0.0859375;0.00830078125;0.0224609375;0.03125;0.076171875;0.00830078125;0.021484375;0.033203125;0.00341796875;0.8;0.125;0.125;0.125;0.015625;0.0390625;0.125;0.15625;0.015625;0.09375;0.125;0.01171875;0.0546875;0.125;0.04296875;0.025390625;0.09375;0.1484375;0.02734375;0.140625;0.15625;0.03125;0.1953125;0.3125;0.0625;0.1171875;0.23828125;0.046875;0.0458984375;0.12109375;0.27734375;0.0537109375;0.21875;0.5078125;0.103515625;0.234375;0.3125;0.0419921875;0.20703125;0.15234375;0.0146484375;0.17578125;0.1015625;0.009765625;0.1328125;0.0859375;0.0078125;0.02197265625;0.029296875;0.07421875;0.00830078125;0.021484375;0.03125;0.00341796875;0.8
52;52;82.1;0.109375;0.109375;0.140625;0.015625;0.0390625;0.125;0.15625;0.015625;0.09375;0.125;0.015625;0.0625;0.1328125;0.044921875;0.029296875;0.09375;0.15625;0.029296875;0.140625;0.1640625;0.02734375;0.2109375;0.328125;0.056640625;0.125;0.2421875;0.048828125;0.0498046875;0.12109375;0.2890625;0.0556640625;0.2265625;0.5234375;0.109375;0.24609375;0.3359375;0.0439453125;0.2109375;0.1484375;0.013671875;0.18359375;0.109375;0.009765625;0.140625;0.087890625;0.0078125;0.02294921875;0.03125;0.080078125;0.00830078125;0.021484375;0.033203125;0.00341796875;0.7;0.109375;0.109375;0.125;0.015625;0.0390625;0.125;0.140625;0.015625;0.09375;0.125;0.015625;0.0546875;0.140625;0.044921875;0.025390625;0.0859375;0.1484375;0.025390625;0.140625;0.1640625;0.033203125;0.2109375;0.328125;0.0625;0.12109375;0.234375;0.0478515625;0.0478515625;0.12109375;0.28515625;0.0556640625;0.22265625;0.51953125;0.1103515625;0.2421875;0.33203125;0.0439453125;0.2109375;0.1484375;0.013671875;0.1796875;0.109375;0.009765625;0.140625;0.087890625;0.0078125;0.0224609375;0.029296875;0.076171875;0.00830078125;0.021484375;0.033203125;0.00341796875;0.8
53;53;85.44;0.109375;0.125;0.15625;0.01953125;0.0390625;0.140625;0.15625;0.015625;0.09375;0.125;0.015625;0.0625;0.1328125;0.044921875;0.029296875;0.09375;0.15625;0.03125;0.140625;0.1640625;0.029296875;0.2109375;0.328125;0.05859375;0.12890625;0.25;0.048828125;0.05078125;0.12109375;0.28515625;0.0556640625;0.23046875;0.51953125;0.1083984375;0.24609375;0.33203125;0.0439453125;0.21484375;0.1484375;0.0146484375;0.1875;0.10546875;0.0107421875;0.142578125;0.08984375;0.00830078125;0.02294921875;0.029296875;0.078125;0.00830078125;0.021484375;0.033203125;0.00341796875;0.8;0.125;0.125;0.140625;0.015625;0.0390625;0.140625;0.15625;0.015625;0.09375;0.125;0.015625;0.0546875;0.1328125;0.044921875;0.025390625;0.0859375;0.1484375;0.03125;0.140625;0.1640625;0.033203125;0.2109375;0.328125;0.0625;0.125;0.24609375;0.048828125;0.0498046875;0.12109375;0.28125;0.0556640625;0.2265625;0.515625;0.1064453125;0.2421875;0.328125;0.0439453125;0.2109375;0.14453125;0.013671875;0.1796875;0.1015625;0.0107421875;0.140625;0.087890625;0.00830078125;0.02197265625;0.029296875;0.078125;0.00830078125;0.021484375;0.03125;0.0029296875;0.8
54;54;80.49;0.109375;0.125;0.140625;0.01953125;0.0390625;0.140625;0.15625;0.015625;0.09375;0.125;0.015625;0.0625;0.1328125;0.04296875;0.029296875;0.09375;0.15625;0.029296875;0.1328125;0.171875;0.03125;0.2109375;0.3359375;0.056640625;0.12890625;0.25390625;0.05078125;0.05078125;0.125;0.29296875;0.0576171875;0.23046875;0.53125;0.111328125;0.25;0.34375;0.0458984375;0.21875;0.15234375;0.0146484375;0.19140625;0.10546875;0.0107421875;0.14453125;0.08984375;0.00830078125;0.0234375;0.029296875;0.080078125;0.00830078125;0.021484375;0.033203125;0.00341796875;0.7;0.125;0.125;0.125;0.015625;0.0390625;0.140625;0.15625;0.015625;0.09375;0.125;0.015625;0.0625;0.1328125;0.04296875;0.025390625;0.0859375;0.1484375;0.02734375;0.1328125;0.171875;0.033203125;0.2109375;0.328125;0.0625;0.125;0.24609375;0.05078125;0.048828125;0.125;0.2890625;0.0576171875;0.2265625;0.5234375;0.109375;0.24609375;0.33984375;0.0458984375;0.21875;0.15625;0.0146484375;0.1875;0.10546875;0.009765625;0.142578125;0.08984375;0.00830078125;0.02294921875;0.029296875;0.078125;0.00830078125;0.021484375;0.03125;0.00341796875;0.8
55;55;79.53;0.109375;0.125;0.15625;0.01953125;0.0390625;0.125;0.15625;0.015625;0.09375;0.125;0.015625;0.0625;0.1328125;0.044921875;0.029296875;0.1015625;0.15625;0.029296875;0.140625;0.171875;0.03125;0.2109375;0.328125;0.0546875;0.12890625;0.24609375;0.05078125;0.05078125;0.125;0.29296875;0.056640625;0.234375;0.53125;0.11328125;0.25390625;0.34375;0.046875;0.22265625;0.15234375;0.0146484375;0.1953125;0.109375;0.009765625;0.146484375;0.09375;0.00830078125;0.0234375;0.029296875;0.080078125;0.0078125;0.021484375;0.03515625;0.00341796875;0.7;0.125;0.125;0.140625;0.01953125;0.0390625;0.125;0.15625;0.01953125;0.09375;0.125;0.015625;0.0625;0.1328125;0.044921875;0.02734375;0.09375;0.15625;0.02734375;0.140625;0.1640625;0.033203125;0.2109375;0.328125;0.0625;0.125;0.23828125;0.0498046875;0.0498046875;0.125;0.28125;0.056640625;0.23046875;0.51953125;0.1123046875;0.25;0.34375;0.046875;0.22265625;0.15625;0.0146484375;0.19140625;0.10546875;0.009765625;0.146484375;0.091796875;0.00830078125;0.02294921875;0.029296875;0.078125;0.00732421875;0.021484375;0.03515625;0.00341796875;0.8
56;56;84.04;0.125;0.125;0.140625;0.01953125;0.04296875;0.140625;0.15625;0.015625;0.09375;0.125;0.015625;0.0703125;0.1328125;0.04296875;0.029296875;0.09375;0.1640625;0.03125;0.140625;0.171875;0.029296875;0.2109375;0.328125;0.056640625;0.1328125;0.265625;0.0517578125;0.0517578125;0.125;0.29296875;0.0576171875;0.2421875;0.54296875;0.115234375;0.2578125;0.34765625;0.048828125;0.2265625;0.16015625;0.0146484375;0.19921875;0.109375;0.0107421875;0.150390625;0.095703125;0.00830078125;0.0234375;0.029296875;0.078125;0.0078125;0.0234375;0.03515625;0.00341796875;0.8;0.125;0.125;0.140625;0.015625;0.04296875;0.140625;0.171875;0.015625;0.078125;0.125;0.015625;0.0625;0.1328125;0.04296875;0.025390625;0.09375;0.15625;0.03125;0.1484375;0.171875;0.033203125;0.2109375;0.328125;0.064453125;0.12890625;0.2578125;0.05078125;0.0498046875;0.125;0.28515625;0.0576171875;0.23828125;0.53515625;0.1142578125;0.25390625;0.34375;0.0478515625;0.2265625;0.16015625;0.015625;0.19140625;0.109375;0.0107421875;0.1484375;0.091796875;0.00830078125;0.02294921875;0.029296875;0.076171875;0.00830078125;0.021484375;0.03125;0.00341796875;0.8
57;57;83.16;0.125;0.125;0.140625;0.01953125;0.0390625;0.140625;0.15625;0.015625;0.09375;0.125;0.015625;0.0703125;0.125;0.044921875;0.029296875;0.09375;0.15625;0.029296875;0.140625;0.171875;0.029296875;0.21875;0.3359375;0.056640625;0.1328125;0.26171875;0.052734375;0.052734375;0.125;0.296875;0.056640625;0.23828125;0.53515625;0.115234375;0.26171875;0.3515625;0.0498046875;0.234375;0.16015625;0.0146484375;0.19921875;0.109375;0.0107421875;0.154296875;0.095703125;0.00830078125;0.02392578125;0.029296875;0.078125;0.0078125;0.021484375;0.033203125;0.00390625;0.7;0.125;0.125;0.125;0.015625;0.0390625;0.140625;0.15625;0.015625;0.078125;0.125;0.015625;0.0625;0.1328125;0.044921875;0.02734375;0.09375;0.15625;0.02734375;0.140625;0.1640625;0.033203125;0.21875;0.3359375;0.06640625;0.12890625;0.25390625;0.0517578125;0.0498046875;0.125;0.29296875;0.0576171875;0.23828125;0.52734375;0.1142578125;0.26171875;0.3515625;0.048828125;0.23046875;0.15625;0.0146484375;0.19921875;0.10546875;0.0107421875;0.154296875;0.095703125;0.00830078125;0.02294921875;0.029296875;0.078125;0.0078125;0.021484375;0.03125;0.00341796875;0.8
58;58;83.25;0.125;0.109375;0.125;0.01953125;0.0390625;0.15625;0.171875;0.015625;0.09375;0.140625;0.015625;0.0703125;0.140625;0.046875;0.029296875;0.09375;0.1640625;0.03125;0.140625;0.171875;0.03125;0.21875;0.34375;0.056640625;0.1328125;0.2578125;0.052734375;0.052734375;0.12890625;0.30859375;0.060546875;0.24609375;0.55078125;0.12109375;0.265625;0.36328125;0.0517578125;0.234375;0.16015625;0.015625;0.203125;0.10546875;0.0107421875;0.15625;0.091796875;0.00830078125;0.0234375;0.029296875;0.078125;0.00732421875;0.021484375;0.037109375;0.00341796875;0.8;0.125;0.125;0.125;0.01953125;0.0390625;0.140625;0.15625;0.015625;0.078125;0.125;0.015625;0.0625;0.140625;0.046875;0.02734375;0.09375;0.15625;0.029296875;0.140625;0.171875;0.03515625;0.21875;0.3359375;0.06640625;0.12890625;0.25390625;0.0517578125;0.05078125;0.12890625;0.3046875;0.0595703125;0.2421875;0.546875;0.119140625;0.265625;0.36328125;0.0517578125;0.23046875;0.16015625;0.015625;0.19921875;0.09765625;0.0107421875;0.158203125;0.09375;0.00830078125;0.02294921875;0.029296875;0.076171875;0.0078125;0.021484375;0.03515625;0.00341796875;0.8
59;59;85.2;0.109375;0.109375;0.140625;0.015625;0.0390625;0.140625;0.15625;0.015625;0.09375;0.140625;0.015625;0.0703125;0.1328125;0.044921875;0.029296875;0.09375;0.15625;0.03125;0.1484375;0.1796875;0.03125;0.21875;0.34375;0.05859375;0.1328125;0.265625;0.052734375;0.0537109375;0.125;0.30078125;0.0595703125;0.24609375;0.55078125;0.1171875;0.265625;0.36328125;0.0498046875;0.234375;0.1640625;0.015625;0.20703125;0.11328125;0.0107421875;0.15625;0.09765625;0.00830078125;0.02392578125;0.029296875;0.078125;0.0078125;0.0234375;0.033203125;0.00341796875;0.7;0.125;0.125;0.125;0.015625;0.0390625;0.140625;0.15625;0.015625;0.078125;0.140625;0.015625;0.0625;0.1328125;0.044921875;0.02734375;0.0859375;0.15625;0.029296875;0.1484375;0.171875;0.033203125;0.21875;0.34375;0.06640625;0.12890625;0.2578125;0.052734375;0.052734375;0.125;0.296875;0.05859375;0.2421875;0.54296875;0.115234375;0.265625;0.35546875;0.048828125;0.23046875;0.16015625;0.015625;0.19921875;0.10546875;0.0107421875;0.154296875;0.09375;0.00830078125;0.02294921875;0.029296875;0.076171875;0.0078125;0.0234375;0.033203125;0.00341796875;0.8
60;60;83.25;0.109375;0.125;0.140625;0.015625;0.0390625;0.15625;0.15625;0.015625;0.09375;0.140625;0.015625;0.0703125;0.1328125;0.046875;0.029296875;0.1015625;0.1640625;0.03125;0.1484375;0.1796875;0.03125;0.2265625;0.34375;0.060546875;0.13671875;0.26171875;0.0537109375;0.0546875;0.12890625;0.3046875;0.060546875;0.25;0.5625;0.1201171875;0.26953125;0.37109375;0.052734375;0.23828125;0.16015625;0.015625;0.2109375;0.11328125;0.0107421875;0.158203125;0.09765625;0.00830078125;0.02392578125;0.029296875;0.076171875;0.00732421875;0.021484375;0.037109375;0.00390625;0.8;0.125;0.125;0.125;0.015625;0.0390625;0.140625;0.15625;0.015625;0.09375;0.140625;0.015625;0.0703125;0.1328125;0.046875;0.02734375;0.09375;0.15625;0.029296875;0.1484375;0.1796875;0.033203125;0.2265625;0.3359375;0.06640625;0.1328125;0.25390625;0.052734375;0.052734375;0.12890625;0.296875;0.0595703125;0.24609375;0.55859375;0.1181640625;0.265625;0.3671875;0.0517578125;0.234375;0.16015625;0.015625;0.20703125;0.11328125;0.0107421875;0.158203125;0.095703125;0.00830078125;0.02294921875;0.029296875;0.078125;0.00732421875;0.021484375;0.033203125;0.00341796875;0.8
61;61;86.53;0.125;0.125;0.140625;0.01953125;0.04296875;0.15625;0.15625;0.015625;0.09375;0.140625;0.015625;0.0703125;0.140625;0.046875;0.029296875;0.09375;0.1640625;0.03125;0.1484375;0.1796875;0.03125;0.2265625;0.34375;0.060546875;0.140625;0.265625;0.0537109375;0.0556640625;0.1328125;0.3125;0.0615234375;0.2578125;0.56640625;0.1220703125;0.27734375;0.3671875;0.0537109375;0.24609375;0.16796875;0.015625;0.21875;0.1171875;0.0107421875;0.166015625;0.1015625;0.00830078125;0.02392578125;0.029296875;0.078125;0.00732421875;0.021484375;0.037109375;0.00341796875;0.8;0.125;0.125;0.125;0.015625;0.04296875;0.140625;0.15625;0.015625;0.09375;0.140625;0.015625;0.0625;0.1328125;0.046875;0.025390625;0.0859375;0.1640625;0.029296875;0.1484375;0.171875;0.03515625;0.2265625;0.3359375;0.06640625;0.13671875;0.2578125;0.0537109375;0.0537109375;0.1328125;0.30859375;0.0615234375;0.25;0.5625;0.119140625;0.2734375;0.36328125;0.052734375;0.23828125;0.16796875;0.0166015625;0.20703125;0.11328125;0.0107421875;0.162109375;0.099609375;0.00830078125;0.0234375;0.029296875;0.076171875;0.0068359375;0.021484375;0.03515625;0.00341796875;0.8
62;62;83.19;0.109375;0.125;0.140625;0.015625;0.0390625;0.15625;0.15625;0.015625;0.109375;0.140625;0.01953125;0.078125;0.1328125;0.048828125;0.029296875;0.09375;0.15625;0.03125;0.1484375;0.1796875;0.03125;0.2265625;0.3515625;0.05859375;0.140625;0.2734375;0.0546875;0.0556640625;0.12890625;0.3125;0.0615234375;0.25390625;0.5625;0.125;0.28125;0.375;0.0537109375;0.24609375;0.16015625;0.015625;0.2109375;0.1015625;0.0107421875;0.1640625;0.09765625;0.00830078125;0.0234375;0.029296875;0.080078125;0.0078125;0.021484375;0.03515625;0.00390625;0.8;0.125;0.125;0.125;0.015625;0.0390625;0.15625;0.15625;0.015625;0.09375;0.140625;0.01953125;0.0703125;0.1328125;0.048828125;0.02734375;0.0859375;0.15625;0.02734375;0.1484375;0.1796875;0.037109375;0.2265625;0.34375;0.068359375;0.1328125;0.26171875;0.0537109375;0.0537109375;0.12890625;0.3046875;0.060546875;0.25;0.55859375;0.125;0.27734375;0.375;0.0537109375;0.2421875;0.1640625;0.015625;0.2109375;0.10546875;0.0107421875;0.166015625;0.099609375;0.00830078125;0.0224609375;0.029296875;0.078125;0.00732421875;0.021484375;0.03515625;0.00390625;0.8
63;63;83.98;0.125;0.125;0.140625;0.015625;0.04296875;0.15625;0.140625;0.015625;0.109375;0.140625;0.015625;0.0703125;0.1328125;0.046875;0.029296875;0.09375;0.15625;0.03125;0.1484375;0.1796875;0.03125;0.2265625;0.34375;0.05859375;0.14453125;0.26953125;0.0556640625;0.056640625;0.1328125;0.31640625;0.0625;0.2578125;0.5703125;0.126953125;0.28515625;0.38671875;0.0556640625;0.25;0.1640625;0.015625;0.21484375;0.1171875;0.01171875;0.169921875;0.1015625;0.00830078125;0.02392578125;0.029296875;0.078125;0.00732421875;0.021484375;0.037109375;0.00390625;0.8;0.125;0.125;0.125;0.015625;0.04296875;0.15625;0.140625;0.015625;0.09375;0.140625;0.015625;0.0625;0.1328125;0.046875;0.02734375;0.0859375;0.15625;0.03125;0.1484375;0.1796875;0.03515625;0.2265625;0.34375;0.06640625;0.140625;0.265625;0.0556640625;0.0546875;0.1328125;0.31640625;0.0634765625;0.25390625;0.5703125;0.125;0.28125;0.3828125;0.0556640625;0.24609375;0.16015625;0.015625;0.2109375;0.11328125;0.01171875;0.169921875;0.09765625;0.00830078125;0.02294921875;0.029296875;0.076171875;0.00732421875;0.021484375;0.03515625;0.00390625;0.8
64;64;85.87;0.125;0.125;0.140625;0.015625;0.04296875;0.15625;0.140625;0.015625;0.109375;0.140625;0.015625;0.078125;0.140625;0.046875;0.029296875;0.09375;0.1640625;0.03125;0.15625;0.1796875;0.033203125;0.2265625;0.34375;0.05859375;0.140625;0.27734375;0.0556640625;0.056640625;0.13671875;0.31640625;0.064453125;0.265625;0.578125;0.1279296875;0.2890625;0.3828125;0.056640625;0.2578125;0.171875;0.0166015625;0.22265625;0.11328125;0.0107421875;0.173828125;0.103515625;0.00830078125;0.02392578125;0.02734375;0.078125;0.0078125;0.021484375;0.037109375;0.00390625;0.8;0.125;0.125;0.125;0.015625;0.0390625;0.15625;0.140625;0.015625;0.109375;0.140625;0.015625;0.0703125;0.140625;0.046875;0.02734375;0.0859375;0.1640625;0.029296875;0.15625;0.1796875;0.03515625;0.234375;0.34375;0.06640625;0.140625;0.26953125;0.0546875;0.0556640625;0.13671875;0.31640625;0.0634765625;0.26171875;0.5703125;0.1259765625;0.2890625;0.3828125;0.056640625;0.25390625;0.16796875;0.015625;0.21875;0.11328125;0.01171875;0.173828125;0.1015625;0.00830078125;0.02294921875;0.02734375;0.078125;0.0078125;0.021484375;0.033203125;0.00390625;0.8
65;65;84.21;0.125;0.125;0.140625;0.015625;0.0390625;0.15625;0.15625;0.015625;0.109375;0.140625;0.015625;0.0703125;0.1328125;0.046875;0.029296875;0.09375;0.1640625;0.03125;0.15625;0.1796875;0.033203125;0.234375;0.359375;0.0625;0.1484375;0.28515625;0.0576171875;0.05859375;0.140625;0.3203125;0.0634765625;0.26953125;0.5859375;0.12890625;0.29296875;0.3984375;0.0576171875;0.2578125;0.1640625;0.015625;0.2265625;0.11328125;0.01171875;0.177734375;0.10546875;0.00830078125;0.02392578125;0.029296875;0.080078125;0.00732421875;0.021484375;0.037109375;0.00390625;0.8;0.125;0.125;0.125;0.015625;0.0390625;0.140625;0.140625;0.01953125;0.109375;0.140625;0.015625;0.0625;0.1328125;0.048828125;0.02734375;0.09375;0.1640625;0.03125;0.15625;0.1796875;0.037109375;0.234375;0.3515625;0.068359375;0.14453125;0.27734375;0.056640625;0.0556640625;0.13671875;0.31640625;0.064453125;0.265625;0.5859375;0.12890625;0.29296875;0.39453125;0.0576171875;0.25390625;0.1640625;0.015625;0.22265625;0.109375;0.0107421875;0.177734375;0.1015625;0.00830078125;0.02294921875;0.029296875;0.080078125;0.00732421875;0.021484375;0.03515625;0.00390625;0.8
66;66;87.85;0.125;0.125;0.140625;0.015625;0.0390625;0.140625;0.140625;0.015625;0.09375;0.140625;0.015625;0.0703125;0.1328125;0.048828125;0.029296875;0.09375;0.1640625;0.03125;0.15625;0.1796875;0.033203125;0.234375;0.3515625;0.0625;0.14453125;0.2734375;0.0576171875;0.05859375;0.140625;0.328125;0.0654296875;0.2734375;0.58984375;0.12890625;0.296875;0.40234375;0.0595703125;0.265625;0.17578125;0.0166015625;0.23046875;0.1171875;0.0126953125;0.181640625;0.103515625;0.00830078125;0.02392578125;0.029296875;0.080078125;0.00732421875;0.021484375;0.037109375;0.00341796875;0.8;0.125;0.140625;0.125;0.015625;0.04296875;0.140625;0.140625;0.015625;0.09375;0.140625;0.015625;0.0625;0.1328125;0.048828125;0.02734375;0.0859375;0.1640625;0.03125;0.15625;0.1796875;0.037109375;0.2265625;0.3515625;0.068359375;0.140625;0.26953125;0.056640625;0.056640625;0.13671875;0.32421875;0.06640625;0.26953125;0.5859375;0.12890625;0.296875;0.3984375;0.05859375;0.26171875;0.17578125;0.017578125;0.2265625;0.109375;0.01171875;0.1796875;0.1015625;0.00830078125;0.0234375;0.029296875;0.076171875;0.00732421875;0.021484375;0.03515625;0.00341796875;0.8
67;67;85.5;0.125;0.125;0.140625;0.015625;0.04296875;0.15625;0.15625;0.015625;0.109375;0.140625;0.01953125;0.078125;0.1328125;0.048828125;0.03125;0.09375;0.1640625;0.03125;0.1640625;0.1953125;0.033203125;0.2421875;0.359375;0.064453125;0.1484375;0.28125;0.0576171875;0.0595703125;0.140625;0.328125;0.0673828125;0.2734375;0.5859375;0.1318359375;0.296875;0.3984375;0.060546875;0.2734375;0.1875;0.017578125;0.234375;0.11328125;0.01171875;0.18359375;0.10546875;0.00830078125;0.0234375;0.029296875;0.080078125;0.0078125;0.021484375;0.0390625;0.00341796875;0.8;0.125;0.125;0.125;0.015625;0.04296875;0.140625;0.140625;0.015625;0.09375;0.140625;0.01953125;0.0703125;0.1328125;0.048828125;0.02734375;0.09375;0.1640625;0.029296875;0.1640625;0.1875;0.037109375;0.2421875;0.359375;0.072265625;0.14453125;0.27734375;0.0576171875;0.0576171875;0.140625;0.32421875;0.06640625;0.2734375;0.5859375;0.1318359375;0.296875;0.3984375;0.0595703125;0.26953125;0.19140625;0.017578125;0.2265625;0.11328125;0.01171875;0.18359375;0.107421875;0.00830078125;0.02294921875;0.029296875;0.080078125;0.0078125;0.021484375;0.037109375;0.00390625;0.8
68;68;87.88;0.125;0.125;0.140625;0.015625;0.0390625;0.15625;0.140625;0.015625;0.109375;0.140625;0.01953125;0.0703125;0.140625;0.048828125;0.029296875;0.09375;0.1640625;0.033203125;0.15625;0.1796875;0.03515625;0.234375;0.3671875;0.060546875;0.1484375;0.28515625;0.05859375;0.05859375;0.140625;0.328125;0.0673828125;0.27734375;0.59765625;0.1328125;0.30859375;0.41015625;0.060546875;0.27734375;0.1796875;0.0166015625;0.23828125;0.1171875;0.01171875;0.189453125;0.107421875;0.00830078125;0.02392578125;0.02734375;0.078125;0.00732421875;0.021484375;0.037109375;0.00390625;0.7;0.125;0.125;0.125;0.015625;0.0390625;0.15625;0.15625;0.01953125;0.109375;0.140625;0.01953125;0.0625;0.140625;0.048828125;0.02734375;0.09375;0.1640625;0.03125;0.15625;0.1796875;0.037109375;0.2421875;0.3671875;0.0703125;0.14453125;0.27734375;0.0576171875;0.056640625;0.140625;0.32421875;0.0673828125;0.2734375;0.58984375;0.1318359375;0.30859375;0.41015625;0.060546875;0.2734375;0.1796875;0.0166015625;0.234375;0.109375;0.01171875;0.189453125;0.10546875;0.00830078125;0.02392578125;0.02734375;0.080078125;0.00732421875;0.021484375;0.03515625;0.00390625;0.8
69;69;88.72;0.125;0.125;0.125;0.015625;0.0390625;0.15625;0.140625;0.015625;0.109375;0.140625;0.015625;0.078125;0.140625;0.048828125;0.029296875;0.09375;0.1640625;0.03125;0.15625;0.1953125;0.03515625;0.2421875;0.3671875;0.0625;0.15234375;0.28515625;0.060546875;0.0595703125;0.14453125;0.328125;0.0673828125;0.27734375;0.60546875;0.1357421875;0.30859375;0.41796875;0.0625;0.28125;0.19140625;0.017578125;0.2421875;0.12109375;0.0126953125;0.19140625;0.109375;0.00830078125;0.0244140625;0.02734375;0.08203125;0.00732421875;0.021484375;0.037109375;0.00390625;0.7;0.125;0.125;0.125;0.015625;0.0390625;0.140625;0.140625;0.015625;0.109375;0.140625;0.015625;0.0703125;0.140625;0.048828125;0.02734375;0.09375;0.1640625;0.03125;0.15625;0.1875;0.0390625;0.2421875;0.3671875;0.0703125;0.1484375;0.27734375;0.0595703125;0.05859375;0.14453125;0.328125;0.068359375;0.27734375;0.6015625;0.134765625;0.30859375;0.421875;0.0634765625;0.28125;0.1953125;0.017578125;0.23828125;0.1171875;0.0126953125;0.189453125;0.10546875;0.00830078125;0.02392578125;0.02734375;0.080078125;0.00732421875;0.01953125;0.03515625;0.00390625;0.8
70;70;87.7;0.125;0.125;0.140625;0.015625;0.04296875;0.15625;0.140625;0.01953125;0.109375;0.140625;0.01953125;0.0703125;0.140625;0.048828125;0.029296875;0.09375;0.1640625;0.03125;0.15625;0.1875;0.03515625;0.2421875;0.3671875;0.0625;0.15234375;0.29296875;0.060546875;0.060546875;0.14453125;0.3359375;0.0693359375;0.28515625;0.61328125;0.1376953125;0.3203125;0.41796875;0.0654296875;0.28515625;0.19140625;0.017578125;0.25;0.125;0.0126953125;0.197265625;0.109375;0.00830078125;0.0244140625;0.02734375;0.080078125;0.00732421875;0.021484375;0.037109375;0.00390625;0.8;0.125;0.140625;0.125;0.015625;0.04296875;0.15625;0.140625;0.015625;0.109375;0.140625;0.01953125;0.0625;0.140625;0.048828125;0.02734375;0.09375;0.1640625;0.03125;0.15625;0.1875;0.0390625;0.25;0.3671875;0.0703125;0.1484375;0.2890625;0.060546875;0.05859375;0.14453125;0.3359375;0.0703125;0.28515625;0.609375;0.1357421875;0.31640625;0.41796875;0.064453125;0.28515625;0.1953125;0.017578125;0.24609375;0.125;0.0126953125;0.197265625;0.109375;0.00830078125;0.0244140625;0.02734375;0.080078125;0.00732421875;0.021484375;0.03515625;0.00390625;0.8
71;71;88.86;0.125;0.125;0.140625;0.015625;0.0390625;0.15625;0.140625;0.015625;0.109375;0.140625;0.01953125;0.078125;0.140625;0.048828125;0.029296875;0.1015625;0.1640625;0.03125;0.15625;0.1953125;0.033203125;0.25;0.3671875;0.064453125;0.15625;0.29296875;0.0625;0.0615234375;0.1484375;0.34765625;0.0693359375;0.2890625;0.62109375;0.138671875;0.32421875;0.42578125;0.064453125;0.2890625;0.19140625;0.017578125;0.24609375;0.12109375;0.0126953125;0.19921875;0.111328125;0.00830078125;0.02490234375;0.02734375;0.083984375;0.0078125;0.021484375;0.0390625;0.00390625;0.8;0.125;0.140625;0.125;0.015625;0.0390625;0.15625;0.140625;0.01953125;0.109375;0.140625;0.01953125;0.078125;0.140625;0.048828125;0.02734375;0.09375;0.1640625;0.03125;0.15625;0.1953125;0.037109375;0.25;0.3671875;0.0703125;0.1484375;0.2890625;0.0625;0.05859375;0.1484375;0.34375;0.0693359375;0.2890625;0.62109375;0.138671875;0.32421875;0.4296875;0.0654296875;0.2890625;0.19140625;0.017578125;0.24609375;0.1171875;0.0126953125;0.201171875;0.109375;0.00830078125;0.0244140625;0.02734375;0.08203125;0.0078125;0.021484375;0.037109375;0.00390625;0.8
72;72;87.97;0.125;0.125;0.15625;0.01953125;0.04296875;0.15625;0.140625;0.015625;0.109375;0.140625;0.01953125;0.078125;0.140625;0.048828125;0.03125;0.1015625;0.1640625;0.03125;0.1640625;0.1953125;0.03515625;0.25;0.375;0.0625;0.16015625;0.296875;0.0615234375;0.0625;0.14453125;0.34375;0.0712890625;0.2890625;0.625;0.140625;0.328125;0.4375;0.0673828125;0.296875;0.203125;0.0185546875;0.2578125;0.125;0.013671875;0.203125;0.11328125;0.00830078125;0.0244140625;0.02734375;0.08203125;0.00732421875;0.021484375;0.037109375;0.00390625;0.8;0.125;0.140625;0.140625;0.015625;0.04296875;0.15625;0.15625;0.015625;0.109375;0.140625;0.01953125;0.0703125;0.140625;0.048828125;0.02734375;0.09375;0.1640625;0.03125;0.1640625;0.1875;0.0390625;0.25;0.375;0.072265625;0.15234375;0.28515625;0.060546875;0.0595703125;0.14453125;0.34375;0.072265625;0.2890625;0.62109375;0.138671875;0.32421875;0.43359375;0.0673828125;0.296875;0.203125;0.0185546875;0.25;0.12109375;0.013671875;0.203125;0.111328125;0.00830078125;0.0244140625;0.02734375;0.080078125;0.00732421875;0.01953125;0.03515625;0.00390625;0.8
73;73;89.86;0.125;0.140625;0.140625;0.015625;0.04296875;0.15625;0.140625;0.015625;0.109375;0.140625;0.01953125;0.078125;0.140625;0.048828125;0.03125;0.1015625;0.171875;0.03125;0.1640625;0.1953125;0.03515625;0.2578125;0.375;0.064453125;0.16015625;0.30078125;0.0615234375;0.0625;0.1484375;0.33984375;0.0703125;0.29296875;0.625;0.1435546875;0.33203125;0.43359375;0.0693359375;0.3046875;0.20703125;0.0185546875;0.2578125;0.12109375;0.0126953125;0.205078125;0.11328125;0.00830078125;0.0244140625;0.02734375;0.083984375;0.00732421875;0.021484375;0.0390625;0.00390625;0.8;0.125;0.140625;0.125;0.015625;0.04296875;0.15625;0.140625;0.01953125;0.109375;0.140625;0.01953125;0.0703125;0.140625;0.048828125;0.029296875;0.09375;0.1640625;0.03125;0.1640625;0.1953125;0.0390625;0.2578125;0.375;0.072265625;0.15625;0.29296875;0.0615234375;0.0595703125;0.1484375;0.33984375;0.0712890625;0.29296875;0.62109375;0.140625;0.33203125;0.4375;0.0693359375;0.30078125;0.20703125;0.0185546875;0.2578125;0.12109375;0.0126953125;0.205078125;0.111328125;0.00830078125;0.02392578125;0.02734375;0.08203125;0.00732421875;0.01953125;0.037109375;0.00390625;0.8
74;74;89.15;0.125;0.125;0.140625;0.015625;0.0390625;0.15625;0.15625;0.015625;0.109375;0.140625;0.01953125;0.078125;0.140625;0.048828125;0.029296875;0.1015625;0.1640625;0.03125;0.171875;0.1953125;0.03515625;0.25;0.3828125;0.064453125;0.16015625;0.3046875;0.0634765625;0.0625;0.15234375;0.35546875;0.072265625;0.30078125;0.6328125;0.1435546875;0.33984375;0.4453125;0.0703125;0.3046875;0.20703125;0.0185546875;0.26953125;0.125;0.013671875;0.208984375;0.11328125;0.00830078125;0.02392578125;0.02734375;0.083984375;0.0068359375;0.021484375;0.0390625;0.00390625;0.8;0.125;0.140625;0.125;0.015625;0.0390625;0.140625;0.15625;0.01953125;0.109375;0.140625;0.01953125;0.0703125;0.140625;0.05078125;0.02734375;0.09375;0.1640625;0.03125;0.171875;0.1953125;0.0390625;0.25;0.3828125;0.07421875;0.15625;0.296875;0.0625;0.060546875;0.15234375;0.3515625;0.07421875;0.296875;0.6328125;0.1435546875;0.33984375;0.4453125;0.0703125;0.3046875;0.20703125;0.0185546875;0.26171875;0.125;0.013671875;0.20703125;0.111328125;0.00830078125;0.0234375;0.02734375;0.08203125;0.0068359375;0.021484375;0.037109375;0.00390625;0.8
75;75;88.9;0.125;0.125;0.140625;0.015625;0.04296875;0.15625;0.15625;0.015625;0.109375;0.140625;0.01953125;0.0859375;0.140625;0.048828125;0.03125;0.1015625;0.171875;0.033203125;0.1640625;0.203125;0.037109375;0.25;0.3828125;0.06640625;0.1640625;0.3046875;0.0625;0.0625;0.15234375;0.3515625;0.07421875;0.3046875;0.63671875;0.1455078125;0.33984375;0.44921875;0.0712890625;0.30859375;0.2109375;0.0185546875;0.26953125;0.125;0.013671875;0.212890625;0.115234375;0.00830078125;0.0244140625;0.02734375;0.083984375;0.0068359375;0.021484375;0.041015625;0.00390625;0.8;0.125;0.140625;0.125;0.015625;0.04296875;0.140625;0.140625;0.01953125;0.109375;0.140625;0.01953125;0.078125;0.140625;0.048828125;0.02734375;0.09375;0.1640625;0.03125;0.1640625;0.1953125;0.041015625;0.2578125;0.375;0.076171875;0.15625;0.296875;0.0615234375;0.060546875;0.15234375;0.34765625;0.07421875;0.30078125;0.63671875;0.1435546875;0.33984375;0.44921875;0.072265625;0.3046875;0.20703125;0.0185546875;0.265625;0.1171875;0.013671875;0.2109375;0.11328125;0.00830078125;0.02392578125;0.02734375;0.083984375;0.00732421875;0.021484375;0.037109375;0.00390625;0.8
76;76;89.09;0.125;0.125;0.140625;0.015625;0.04296875;0.140625;0.15625;0.015625;0.109375;0.140625;0.01953125;0.078125;0.140625;0.05078125;0.03125;0.1015625;0.171875;0.03125;0.1640625;0.203125;0.037109375;0.2578125;0.3828125;0.06640625;0.1640625;0.3046875;0.0634765625;0.064453125;0.15234375;0.359375;0.0751953125;0.3046875;0.63671875;0.146484375;0.3515625;0.45703125;0.0732421875;0.31640625;0.21484375;0.01953125;0.28125;0.12890625;0.013671875;0.21875;0.12109375;0.00830078125;0.02490234375;0.02734375;0.087890625;0.00732421875;0.021484375;0.041015625;0.00390625;0.8;0.125;0.140625;0.140625;0.015625;0.04296875;0.140625;0.140625;0.015625;0.109375;0.140625;0.01953125;0.0703125;0.140625;0.05078125;0.02734375;0.09375;0.171875;0.03125;0.1640625;0.1953125;0.041015625;0.2578125;0.3828125;0.07421875;0.16015625;0.29296875;0.0625;0.0615234375;0.15234375;0.3515625;0.0751953125;0.30078125;0.6328125;0.14453125;0.34765625;0.45703125;0.07421875;0.31640625;0.21875;0.0205078125;0.27734375;0.125;0.013671875;0.21875;0.119140625;0.00830078125;0.02490234375;0.02734375;0.083984375;0.00732421875;0.021484375;0.0390625;0.00390625;0.8
77;77;90.12;0.125;0.125;0.140625;0.015625;0.04296875;0.15625;0.15625;0.01953125;0.109375;0.140625;0.01953125;0.078125;0.140625;0.048828125;0.03125;0.1015625;0.171875;0.033203125;0.1640625;0.203125;0.037109375;0.2578125;0.3828125;0.06640625;0.1640625;0.3046875;0.0634765625;0.064453125;0.15625;0.3671875;0.076171875;0.30859375;0.63671875;0.1494140625;0.35546875;0.4609375;0.0732421875;0.31640625;0.21484375;0.0205078125;0.27734375;0.125;0.013671875;0.21875;0.119140625;0.00830078125;0.0244140625;0.02734375;0.087890625;0.0068359375;0.021484375;0.0390625;0.00390625;0.8;0.125;0.140625;0.125;0.015625;0.04296875;0.15625;0.15625;0.01953125;0.109375;0.140625;0.01953125;0.078125;0.140625;0.05078125;0.029296875;0.09375;0.171875;0.03125;0.1640625;0.1953125;0.041015625;0.265625;0.3828125;0.076171875;0.16015625;0.296875;0.0634765625;0.0625;0.15625;0.36328125;0.076171875;0.30859375;0.63671875;0.1494140625;0.3515625;0.45703125;0.07421875;0.31640625;0.21484375;0.01953125;0.2734375;0.125;0.013671875;0.21875;0.119140625;0.00830078125;0.02392578125;0.02734375;0.0859375;0.0068359375;0.021484375;0.037109375;0.00390625;0.8
78;78;90.52;0.125;0.125;0.15625;0.01953125;0.04296875;0.15625;0.15625;0.01953125;0.109375;0.140625;0.01953125;0.078125;0.140625;0.05078125;0.03125;0.1015625;0.171875;0.033203125;0.171875;0.2109375;0.037109375;0.2578125;0.3828125;0.06640625;0.16796875;0.3125;0.064453125;0.0654296875;0.15625;0.3671875;0.0771484375;0.31640625;0.65234375;0.1513671875;0.36328125;0.46875;0.0771484375;0.32421875;0.21875;0.01953125;0.28515625;0.12890625;0.013671875;0.22265625;0.12109375;0.00830078125;0.0244140625;0.02734375;0.087890625;0.0068359375;0.021484375;0.0390625;0.00390625;0.8;0.125;0.140625;0.140625;0.015625;0.04296875;0.15625;0.15625;0.0234375;0.109375;0.140625;0.01953125;0.078125;0.140625;0.05078125;0.029296875;0.09375;0.171875;0.033203125;0.171875;0.203125;0.041015625;0.2578125;0.3828125;0.07421875;0.1640625;0.30078125;0.0634765625;0.0634765625;0.15625;0.36328125;0.0771484375;0.3125;0.6484375;0.1494140625;0.359375;0.46875;0.0771484375;0.32421875;0.21875;0.01953125;0.28515625;0.12890625;0.013671875;0.224609375;0.12109375;0.00830078125;0.02490234375;0.02734375;0.0859375;0.0068359375;0.01953125;0.0390625;0.00341796875;0.8
79;79;91.16;0.125;0.125;0.15625;0.01953125;0.04296875;0.15625;0.15625;0.01953125;0.109375;0.140625;0.01953125;0.078125;0.1484375;0.05078125;0.03125;0.1015625;0.1796875;0.033203125;0.171875;0.2109375;0.037109375;0.2578125;0.3828125;0.06640625;0.16796875;0.30859375;0.064453125;0.0654296875;0.15625;0.37109375;0.078125;0.31640625;0.65625;0.15234375;0.3671875;0.46875;0.0771484375;0.328125;0.2109375;0.01953125;0.2890625;0.1328125;0.013671875;0.224609375;0.1171875;0.00830078125;0.02490234375;0.02734375;0.087890625;0.0068359375;0.021484375;0.0390625;0.00390625;0.8;0.125;0.140625;0.140625;0.015625;0.04296875;0.15625;0.15625;0.0234375;0.109375;0.140625;0.01953125;0.0703125;0.140625;0.05078125;0.029296875;0.09375;0.171875;0.033203125;0.171875;0.2109375;0.041015625;0.265625;0.3828125;0.076171875;0.1640625;0.30078125;0.0634765625;0.0634765625;0.15625;0.3671875;0.078125;0.31640625;0.65234375;0.1513671875;0.3671875;0.47265625;0.0771484375;0.328125;0.21484375;0.0205078125;0.28515625;0.12890625;0.013671875;0.224609375;0.1171875;0.00830078125;0.0244140625;0.02734375;0.0859375;0.0068359375;0.021484375;0.0390625;0.00390625;0.8
80;80;91.3;0.125;0.125;0.140625;0.015625;0.04296875;0.140625;0.15625;0.01953125;0.109375;0.140625;0.01953125;0.078125;0.1484375;0.05078125;0.03125;0.09375;0.171875;0.033203125;0.171875;0.2109375;0.0390625;0.265625;0.390625;0.068359375;0.16796875;0.30859375;0.064453125;0.06640625;0.16015625;0.375;0.0791015625;0.3203125;0.66015625;0.1533203125;0.37109375;0.4765625;0.078125;0.328125;0.21875;0.0205078125;0.2890625;0.12890625;0.013671875;0.23046875;0.12109375;0.00830078125;0.025390625;0.02734375;0.08984375;0.00634765625;0.021484375;0.041015625;0.00390625;0.8;0.125;0.140625;0.125;0.015625;0.04296875;0.140625;0.15625;0.01953125;0.109375;0.140625;0.01953125;0.0703125;0.140625;0.05078125;0.029296875;0.09375;0.171875;0.03125;0.171875;0.2109375;0.041015625;0.265625;0.3828125;0.076171875;0.1640625;0.3046875;0.064453125;0.064453125;0.16015625;0.37109375;0.080078125;0.3203125;0.66015625;0.1533203125;0.37109375;0.4765625;0.080078125;0.33203125;0.2265625;0.0205078125;0.2890625;0.12890625;0.013671875;0.232421875;0.12109375;0.00830078125;0.02490234375;0.02734375;0.087890625;0.0068359375;0.021484375;0.0390625;0.00390625;0.8
81;81;91.82;0.125;0.125;0.15625;0.01953125;0.04296875;0.140625;0.15625;0.01953125;0.125;0.15625;0.01953125;0.078125;0.1484375;0.05078125;0.03125;0.1015625;0.1796875;0.033203125;0.171875;0.2109375;0.0390625;0.265625;0.390625;0.068359375;0.16796875;0.3125;0.0654296875;0.06640625;0.16015625;0.375;0.080078125;0.32421875;0.66015625;0.1552734375;0.37109375;0.48046875;0.080078125;0.3359375;0.23046875;0.021484375;0.296875;0.1328125;0.013671875;0.234375;0.119140625;0.00830078125;0.02490234375;0.02734375;0.08984375;0.00634765625;0.021484375;0.041015625;0.00390625;0.8;0.125;0.140625;0.140625;0.01953125;0.04296875;0.140625;0.15625;0.0234375;0.109375;0.140625;0.01953125;0.078125;0.1484375;0.05078125;0.029296875;0.1015625;0.1796875;0.03125;0.171875;0.203125;0.041015625;0.265625;0.3828125;0.076171875;0.1640625;0.30859375;0.0654296875;0.064453125;0.16015625;0.37890625;0.08203125;0.32421875;0.66015625;0.1552734375;0.375;0.48046875;0.080078125;0.3359375;0.23046875;0.0205078125;0.29296875;0.1328125;0.013671875;0.234375;0.119140625;0.00830078125;0.02490234375;0.02734375;0.087890625;0.00634765625;0.021484375;0.0390625;0.00390625;0.8
82;82;92.06;0.125;0.125;0.15625;0.01953125;0.04296875;0.15625;0.15625;0.01953125;0.109375;0.15625;0.01953125;0.078125;0.1484375;0.05078125;0.03125;0.1015625;0.171875;0.033203125;0.1796875;0.21875;0.0390625;0.2734375;0.3984375;0.068359375;0.171875;0.31640625;0.0654296875;0.0673828125;0.1640625;0.3828125;0.08203125;0.33203125;0.671875;0.1572265625;0.3828125;0.484375;0.08203125;0.34375;0.234375;0.0205078125;0.30078125;0.13671875;0.013671875;0.236328125;0.123046875;0.00830078125;0.0244140625;0.02734375;0.08984375;0.00634765625;0.021484375;0.041015625;0.00390625;0.8;0.125;0.140625;0.140625;0.01953125;0.04296875;0.15625;0.15625;0.01953125;0.109375;0.15625;0.01953125;0.078125;0.140625;0.05078125;0.029296875;0.09375;0.171875;0.03125;0.1796875;0.2109375;0.041015625;0.2734375;0.3984375;0.076171875;0.16796875;0.3125;0.0654296875;0.064453125;0.1640625;0.37890625;0.08203125;0.33203125;0.66796875;0.1572265625;0.3828125;0.484375;0.0810546875;0.34375;0.234375;0.0205078125;0.296875;0.13671875;0.0146484375;0.240234375;0.125;0.00830078125;0.025390625;0.02734375;0.08984375;0.00634765625;0.021484375;0.0390625;0.00341796875;0.8
83;83;92.12;0.125;0.125;0.15625;0.01953125;0.0390625;0.140625;0.15625;0.01953125;0.109375;0.140625;0.01953125;0.078125;0.1484375;0.05078125;0.03125;0.1015625;0.1796875;0.033203125;0.171875;0.21875;0.0390625;0.2734375;0.3984375;0.068359375;0.171875;0.3125;0.0654296875;0.06640625;0.16015625;0.37890625;0.08203125;0.33203125;0.66796875;0.1572265625;0.37890625;0.484375;0.08203125;0.33984375;0.2265625;0.0205078125;0.30078125;0.13671875;0.013671875;0.234375;0.123046875;0.00830078125;0.02392578125;0.025390625;0.08984375;0.00634765625;0.01953125;0.041015625;0.00390625;0.8;0.125;0.140625;0.125;0.01953125;0.04296875;0.15625;0.15625;0.01953125;0.109375;0.140625;0.01953125;0.078125;0.1484375;0.05078125;0.029296875;0.09375;0.171875;0.033203125;0.1796875;0.2109375;0.041015625;0.2734375;0.390625;0.076171875;0.16796875;0.30859375;0.0654296875;0.064453125;0.1640625;0.37890625;0.08203125;0.33203125;0.66796875;0.1572265625;0.3828125;0.4921875;0.0830078125;0.34375;0.23828125;0.021484375;0.30078125;0.13671875;0.013671875;0.23828125;0.123046875;0.00830078125;0.02490234375;0.025390625;0.0859375;0.00634765625;0.01953125;0.0390625;0.00341796875;0.8
84;84;92.25;0.125;0.125;0.140625;0.01953125;0.04296875;0.15625;0.15625;0.01953125;0.109375;0.15625;0.01953125;0.078125;0.1484375;0.05078125;0.03125;0.1015625;0.171875;0.033203125;0.171875;0.21875;0.0390625;0.2734375;0.3984375;0.068359375;0.171875;0.3125;0.0654296875;0.06640625;0.1640625;0.37890625;0.0810546875;0.33203125;0.671875;0.1572265625;0.3828125;0.4921875;0.083984375;0.34765625;0.234375;0.0205078125;0.3046875;0.13671875;0.013671875;0.236328125;0.125;0.00830078125;0.02392578125;0.025390625;0.08984375;0.00634765625;0.01953125;0.04296875;0.00390625;0.8;0.125;0.140625;0.140625;0.01953125;0.04296875;0.140625;0.15625;0.0234375;0.109375;0.15625;0.01953125;0.078125;0.1484375;0.05078125;0.029296875;0.09375;0.171875;0.03125;0.1796875;0.21875;0.04296875;0.2734375;0.3984375;0.076171875;0.16796875;0.30859375;0.0654296875;0.064453125;0.1640625;0.37890625;0.0830078125;0.33203125;0.671875;0.158203125;0.38671875;0.4921875;0.083984375;0.34765625;0.2421875;0.0205078125;0.3046875;0.13671875;0.013671875;0.240234375;0.123046875;0.00830078125;0.02490234375;0.02734375;0.087890625;0.00634765625;0.021484375;0.041015625;0.00390625;0.8
85;85;92.15;0.125;0.125;0.140625;0.01953125;0.04296875;0.15625;0.15625;0.01953125;0.109375;0.15625;0.01953125;0.078125;0.1484375;0.052734375;0.03125;0.1015625;0.1796875;0.033203125;0.1796875;0.21875;0.0390625;0.2734375;0.40625;0.068359375;0.171875;0.31640625;0.06640625;0.0673828125;0.16796875;0.39453125;0.083984375;0.3359375;0.671875;0.158203125;0.390625;0.49609375;0.0859375;0.3515625;0.23828125;0.021484375;0.30859375;0.13671875;0.013671875;0.240234375;0.125;0.00830078125;0.02392578125;0.025390625;0.091796875;0.00634765625;0.021484375;0.04296875;0.00390625;0.8;0.125;0.140625;0.125;0.01953125;0.04296875;0.15625;0.15625;0.0234375;0.109375;0.15625;0.01953125;0.078125;0.1484375;0.052734375;0.029296875;0.1015625;0.1796875;0.03125;0.1796875;0.2109375;0.04296875;0.28125;0.40625;0.078125;0.16796875;0.30859375;0.0654296875;0.0654296875;0.1640625;0.390625;0.0849609375;0.3359375;0.671875;0.158203125;0.390625;0.5;0.0859375;0.3515625;0.23828125;0.021484375;0.3046875;0.13671875;0.013671875;0.240234375;0.123046875;0.00830078125;0.0244140625;0.02734375;0.087890625;0.005859375;0.021484375;0.041015625;0.00390625;0.8
86;86;92.84;0.125;0.125;0.140625;0.01953125;0.04296875;0.15625;0.15625;0.01953125;0.125;0.15625;0.01953125;0.0859375;0.1484375;0.05078125;0.03125;0.1015625;0.1796875;0.033203125;0.1796875;0.2109375;0.041015625;0.28125;0.40625;0.0703125;0.17578125;0.3125;0.0654296875;0.0673828125;0.1640625;0.38671875;0.083984375;0.33984375;0.67578125;0.1591796875;0.390625;0.49609375;0.0849609375;0.3515625;0.23828125;0.021484375;0.30859375;0.13671875;0.0146484375;0.240234375;0.123046875;0.00830078125;0.02392578125;0.025390625;0.08984375;0.005859375;0.01953125;0.041015625;0.00390625;0.8;0.125;0.140625;0.125;0.01953125;0.04296875;0.15625;0.15625;0.01953125;0.125;0.15625;0.01953125;0.078125;0.1484375;0.052734375;0.029296875;0.1015625;0.1796875;0.033203125;0.1796875;0.2109375;0.04296875;0.28125;0.40625;0.078125;0.16796875;0.3046875;0.0654296875;0.0654296875;0.1640625;0.3828125;0.083984375;0.3359375;0.671875;0.1591796875;0.39453125;0.49609375;0.0849609375;0.3515625;0.2421875;0.021484375;0.30859375;0.13671875;0.013671875;0.244140625;0.123046875;0.00830078125;0.02490234375;0.02734375;0.087890625;0.005859375;0.021484375;0.041015625;0.00390625;0.8
87;87;93.74;0.125;0.125;0.140625;0.01953125;0.04296875;0.15625;0.15625;0.01953125;0.109375;0.15625;0.01953125;0.078125;0.1484375;0.052734375;0.03125;0.1015625;0.1796875;0.033203125;0.1796875;0.21875;0.041015625;0.28125;0.40625;0.0703125;0.17578125;0.31640625;0.06640625;0.0673828125;0.16796875;0.390625;0.083984375;0.33984375;0.6796875;0.1611328125;0.39453125;0.5;0.0859375;0.35546875;0.24609375;0.0224609375;0.31640625;0.13671875;0.0146484375;0.2421875;0.126953125;0.00830078125;0.02490234375;0.025390625;0.08984375;0.005859375;0.01953125;0.04296875;0.00390625;0.8;0.125;0.140625;0.125;0.01953125;0.04296875;0.15625;0.15625;0.0234375;0.109375;0.15625;0.01953125;0.078125;0.1484375;0.052734375;0.029296875;0.1015625;0.1796875;0.033203125;0.1796875;0.21875;0.04296875;0.28125;0.40625;0.080078125;0.171875;0.3125;0.06640625;0.06640625;0.16796875;0.390625;0.0849609375;0.33984375;0.6796875;0.1611328125;0.39453125;0.5;0.0859375;0.35546875;0.24609375;0.0224609375;0.3125;0.13671875;0.0146484375;0.24609375;0.123046875;0.00830078125;0.02490234375;0.025390625;0.087890625;0.005859375;0.021484375;0.041015625;0.00390625;0.8
88;88;93.89;0.125;0.125;0.140625;0.01953125;0.04296875;0.15625;0.15625;0.01953125;0.109375;0.15625;0.01953125;0.0859375;0.1484375;0.052734375;0.03125;0.1015625;0.1796875;0.033203125;0.1796875;0.2109375;0.041015625;0.28125;0.40625;0.0703125;0.17578125;0.3203125;0.0673828125;0.068359375;0.16796875;0.39453125;0.0849609375;0.34375;0.6796875;0.1611328125;0.3984375;0.5078125;0.0869140625;0.359375;0.2421875;0.0224609375;0.3125;0.13671875;0.0146484375;0.2421875;0.125;0.00830078125;0.0244140625;0.025390625;0.091796875;0.005859375;0.021484375;0.04296875;0.00390625;0.8;0.125;0.140625;0.125;0.01953125;0.04296875;0.15625;0.15625;0.0234375;0.125;0.15625;0.01953125;0.078125;0.1484375;0.052734375;0.029296875;0.09375;0.1796875;0.033203125;0.1796875;0.2109375;0.04296875;0.28125;0.40625;0.080078125;0.171875;0.3125;0.06640625;0.06640625;0.16796875;0.390625;0.0859375;0.34375;0.6796875;0.1611328125;0.3984375;0.50390625;0.0869140625;0.359375;0.24609375;0.0224609375;0.3125;0.13671875;0.0146484375;0.244140625;0.123046875;0.00830078125;0.02490234375;0.025390625;0.087890625;0.005859375;0.021484375;0.041015625;0.00390625;0.8
89;89;93.8;0.125;0.125;0.140625;0.01953125;0.04296875;0.15625;0.171875;0.01953125;0.125;0.171875;0.01953125;0.0859375;0.15625;0.052734375;0.03125;0.1015625;0.1796875;0.033203125;0.1796875;0.21875;0.041015625;0.28125;0.40625;0.0703125;0.17578125;0.31640625;0.06640625;0.068359375;0.16796875;0.39453125;0.0849609375;0.34375;0.6796875;0.16015625;0.3984375;0.50390625;0.0859375;0.359375;0.2421875;0.021484375;0.3125;0.13671875;0.0146484375;0.240234375;0.123046875;0.00830078125;0.0244140625;0.025390625;0.087890625;0.00537109375;0.01953125;0.041015625;0.00341796875;0.8;0.125;0.140625;0.125;0.01953125;0.04296875;0.15625;0.15625;0.0234375;0.125;0.15625;0.01953125;0.078125;0.1484375;0.052734375;0.029296875;0.1015625;0.1796875;0.033203125;0.1796875;0.2109375;0.04296875;0.28125;0.40625;0.080078125;0.171875;0.3125;0.06640625;0.06640625;0.16796875;0.39453125;0.0859375;0.34375;0.6796875;0.1611328125;0.3984375;0.50390625;0.087890625;0.359375;0.25;0.0224609375;0.3125;0.13671875;0.0146484375;0.24609375;0.123046875;0.00830078125;0.02490234375;0.025390625;0.087890625;0.00537109375;0.021484375;0.041015625;0.00390625;0.8
90;90;93.87;0.125;0.125;0.15625;0.01953125;0.04296875;0.15625;0.171875;0.01953125;0.125;0.15625;0.01953125;0.0859375;0.15625;0.052734375;0.03125;0.1015625;0.1796875;0.033203125;0.1796875;0.21875;0.041015625;0.28125;0.40625;0.0703125;0.1796875;0.31640625;0.06640625;0.068359375;0.16796875;0.39453125;0.0859375;0.34765625;0.6796875;0.16015625;0.3984375;0.50390625;0.0869140625;0.36328125;0.25;0.0224609375;0.3125;0.13671875;0.0146484375;0.240234375;0.123046875;0.00830078125;0.0244140625;0.025390625;0.091796875;0.00537109375;0.021484375;0.04296875;0.00390625;0.8;0.125;0.140625;0.140625;0.01953125;0.04296875;0.15625;0.15625;0.0234375;0.125;0.15625;0.01953125;0.078125;0.1484375;0.052734375;0.029296875;0.09375;0.1796875;0.033203125;0.1796875;0.2109375;0.04296875;0.28125;0.40625;0.080078125;0.17578125;0.3125;0.06640625;0.06640625;0.16796875;0.390625;0.0859375;0.34375;0.6796875;0.1611328125;0.40234375;0.5078125;0.087890625;0.359375;0.25;0.0224609375;0.3125;0.13671875;0.0146484375;0.244140625;0.123046875;0.00830078125;0.0244140625;0.025390625;0.087890625;0.00537109375;0.021484375;0.041015625;0.00390625;0.8
91;91;94.17;0.125;0.125;0.140625;0.01953125;0.04296875;0.15625;0.171875;0.01953125;0.125;0.15625;0.01953125;0.0859375;0.15625;0.052734375;0.03125;0.1015625;0.1796875;0.033203125;0.1796875;0.21875;0.041015625;0.28125;0.4140625;0.0703125;0.1796875;0.3203125;0.0673828125;0.068359375;0.16796875;0.390625;0.0859375;0.34765625;0.68359375;0.1611328125;0.40234375;0.5078125;0.0869140625;0.36328125;0.25;0.0224609375;0.3125;0.13671875;0.0146484375;0.2421875;0.123046875;0.00830078125;0.0244140625;0.025390625;0.091796875;0.00537109375;0.01953125;0.04296875;0.00390625;0.8;0.125;0.140625;0.125;0.01953125;0.04296875;0.15625;0.15625;0.0234375;0.125;0.15625;0.01953125;0.078125;0.1484375;0.052734375;0.029296875;0.1015625;0.1796875;0.033203125;0.1796875;0.21875;0.044921875;0.28125;0.40625;0.080078125;0.17578125;0.3125;0.06640625;0.06640625;0.16796875;0.390625;0.0869140625;0.34765625;0.68359375;0.162109375;0.40234375;0.5078125;0.0869140625;0.36328125;0.25;0.0224609375;0.3125;0.13671875;0.0146484375;0.2421875;0.12109375;0.00830078125;0.0244140625;0.025390625;0.087890625;0.00537109375;0.021484375;0.041015625;0.00390625;0.8
92;92;94.2;0.125;0.125;0.15625;0.01953125;0.04296875;0.15625;0.171875;0.01953125;0.125;0.15625;0.01953125;0.0859375;0.15625;0.052734375;0.03125;0.1015625;0.1796875;0.033203125;0.1796875;0.21875;0.041015625;0.28125;0.40625;0.0703125;0.1796875;0.3203125;0.06640625;0.068359375;0.16796875;0.39453125;0.0859375;0.34765625;0.68359375;0.162109375;0.40234375;0.50390625;0.087890625;0.359375;0.24609375;0.0224609375;0.31640625;0.13671875;0.0146484375;0.240234375;0.123046875;0.00830078125;0.02392578125;0.025390625;0.087890625;0.00537109375;0.01953125;0.04296875;0.00390625;0.8;0.125;0.140625;0.140625;0.01953125;0.04296875;0.15625;0.15625;0.0234375;0.125;0.15625;0.01953125;0.078125;0.1484375;0.052734375;0.029296875;0.09375;0.1796875;0.033203125;0.1796875;0.21875;0.044921875;0.2890625;0.40625;0.080078125;0.17578125;0.3125;0.06640625;0.06640625;0.16796875;0.390625;0.0869140625;0.34765625;0.68359375;0.162109375;0.40234375;0.5078125;0.087890625;0.36328125;0.24609375;0.0224609375;0.3125;0.13671875;0.0146484375;0.2421875;0.12109375;0.00830078125;0.0244140625;0.025390625;0.087890625;0.00537109375;0.01953125;0.041015625;0.00390625;0.8
93;93;94.14;0.125;0.125;0.15625;0.01953125;0.04296875;0.15625;0.15625;0.01953125;0.125;0.15625;0.01953125;0.0859375;0.1484375;0.052734375;0.03125;0.1015625;0.1796875;0.033203125;0.1796875;0.21875;0.041015625;0.28125;0.4140625;0.0703125;0.1796875;0.3203125;0.0673828125;0.068359375;0.16796875;0.39453125;0.0859375;0.34765625;0.6796875;0.1611328125;0.40234375;0.50390625;0.087890625;0.359375;0.24609375;0.0224609375;0.3125;0.13671875;0.0146484375;0.240234375;0.12109375;0.00830078125;0.0244140625;0.025390625;0.08984375;0.005859375;0.01953125;0.04296875;0.00390625;0.8;0.125;0.140625;0.140625;0.01953125;0.04296875;0.15625;0.15625;0.0234375;0.125;0.15625;0.01953125;0.078125;0.1484375;0.052734375;0.029296875;0.1015625;0.1796875;0.033203125;0.1796875;0.21875;0.044921875;0.28125;0.40625;0.080078125;0.17578125;0.3125;0.06640625;0.06640625;0.16796875;0.390625;0.0869140625;0.34765625;0.68359375;0.162109375;0.40234375;0.5078125;0.087890625;0.36328125;0.24609375;0.0224609375;0.3125;0.13671875;0.0146484375;0.2421875;0.12109375;0.00830078125;0.0244140625;0.025390625;0.087890625;0.00537109375;0.01953125;0.041015625;0.00390625;0.8
94;94;94.26;0.125;0.125;0.15625;0.01953125;0.04296875;0.15625;0.171875;0.01953125;0.125;0.15625;0.01953125;0.0859375;0.15625;0.052734375;0.03125;0.1015625;0.1796875;0.033203125;0.1796875;0.21875;0.041015625;0.28125;0.4140625;0.0703125;0.1796875;0.3203125;0.06640625;0.068359375;0.16796875;0.390625;0.0859375;0.34765625;0.6796875;0.162109375;0.40234375;0.50390625;0.0869140625;0.359375;0.23828125;0.021484375;0.31640625;0.140625;0.0146484375;0.240234375;0.12109375;0.00830078125;0.0234375;0.025390625;0.08984375;0.00537109375;0.01953125;0.04296875;0.00390625;0.8;0.125;0.140625;0.140625;0.01953125;0.04296875;0.15625;0.15625;0.0234375;0.125;0.15625;0.01953125;0.078125;0.1484375;0.052734375;0.029296875;0.1015625;0.1796875;0.033203125;0.1796875;0.21875;0.044921875;0.2890625;0.40625;0.080078125;0.17578125;0.3125;0.06640625;0.06640625;0.16796875;0.390625;0.0869140625;0.34765625;0.68359375;0.162109375;0.40234375;0.5078125;0.087890625;0.36328125;0.24609375;0.0224609375;0.3125;0.13671875;0.0146484375;0.2421875;0.12109375;0.00830078125;0.0244140625;0.025390625;0.087890625;0.00537109375;0.01953125;0.041015625;0.00390625;0.8
95;95;94.31;0.125;0.125;0.15625;0.01953125;0.04296875;0.15625;0.171875;0.01953125;0.125;0.15625;0.01953125;0.078125;0.15625;0.052734375;0.03125;0.1015625;0.1875;0.033203125;0.1796875;0.21875;0.041015625;0.28125;0.4140625;0.0703125;0.1796875;0.3203125;0.0673828125;0.068359375;0.16796875;0.390625;0.0859375;0.34765625;0.68359375;0.162109375;0.40234375;0.5078125;0.087890625;0.36328125;0.2421875;0.0224609375;0.31640625;0.140625;0.0146484375;0.240234375;0.12109375;0.00830078125;0.02392578125;0.025390625;0.087890625;0.00537109375;0.021484375;0.04296875;0.00341796875;0.8;0.125;0.140625;0.140625;0.01953125;0.04296875;0.15625;0.15625;0.0234375;0.125;0.15625;0.01953125;0.078125;0.1484375;0.052734375;0.029296875;0.1015625;0.1796875;0.03125;0.1796875;0.21875;0.044921875;0.2890625;0.40625;0.080078125;0.17578125;0.3125;0.06640625;0.06640625;0.16796875;0.390625;0.0869140625;0.34765625;0.68359375;0.162109375;0.40234375;0.5078125;0.087890625;0.36328125;0.24609375;0.0224609375;0.3125;0.13671875;0.0146484375;0.2421875;0.12109375;0.00830078125;0.0244140625;0.025390625;0.087890625;0.00537109375;0.01953125;0.041015625;0.00390625;0.8
96;96;94.33;0.125;0.125;0.15625;0.01953125;0.04296875;0.15625;0.171875;0.01953125;0.125;0.15625;0.01953125;0.0859375;0.15625;0.052734375;0.03125;0.1015625;0.1796875;0.033203125;0.1796875;0.21875;0.041015625;0.28125;0.4140625;0.0703125;0.1796875;0.3203125;0.0673828125;0.068359375;0.16796875;0.390625;0.0859375;0.34765625;0.68359375;0.162109375;0.40234375;0.50390625;0.087890625;0.36328125;0.25;0.0224609375;0.3125;0.13671875;0.0146484375;0.240234375;0.12109375;0.00830078125;0.02392578125;0.025390625;0.091796875;0.00537109375;0.01953125;0.04296875;0.00390625;0.8;0.125;0.140625;0.140625;0.01953125;0.04296875;0.15625;0.15625;0.0234375;0.125;0.15625;0.01953125;0.078125;0.1484375;0.052734375;0.029296875;0.1015625;0.1796875;0.033203125;0.1796875;0.21875;0.044921875;0.2890625;0.40625;0.080078125;0.17578125;0.3125;0.06640625;0.06640625;0.16796875;0.390625;0.0869140625;0.34765625;0.68359375;0.162109375;0.40234375;0.5078125;0.087890625;0.36328125;0.25;0.0224609375;0.3125;0.13671875;0.0146484375;0.2421875;0.12109375;0.00830078125;0.0244140625;0.025390625;0.087890625;0.00537109375;0.01953125;0.041015625;0.00390625;0.8
97;97;94.37;0.125;0.125;0.15625;0.01953125;0.04296875;0.15625;0.171875;0.01953125;0.125;0.15625;0.01953125;0.078125;0.15625;0.052734375;0.03125;0.1015625;0.1796875;0.033203125;0.1796875;0.21875;0.041015625;0.28125;0.4140625;0.0703125;0.1796875;0.3203125;0.06640625;0.068359375;0.16796875;0.39453125;0.0859375;0.34765625;0.68359375;0.162109375;0.40234375;0.50390625;0.0869140625;0.36328125;0.24609375;0.0224609375;0.31640625;0.140625;0.0146484375;0.240234375;0.12109375;0.00830078125;0.02392578125;0.025390625;0.08984375;0.00537109375;0.01953125;0.04296875;0.00390625;0.8;0.125;0.140625;0.140625;0.01953125;0.04296875;0.15625;0.15625;0.0234375;0.125;0.15625;0.01953125;0.078125;0.1484375;0.052734375;0.029296875;0.1015625;0.1796875;0.033203125;0.1796875;0.21875;0.044921875;0.2890625;0.40625;0.080078125;0.17578125;0.3125;0.06640625;0.06640625;0.16796875;0.390625;0.0869140625;0.34765625;0.68359375;0.162109375;0.40625;0.5078125;0.087890625;0.36328125;0.25;0.0224609375;0.3125;0.13671875;0.0146484375;0.2421875;0.119140625;0.00830078125;0.0244140625;0.025390625;0.087890625;0.00537109375;0.01953125;0.041015625;0.00390625;0.8
98;98;94.33;0.125;0.125;0.15625;0.01953125;0.04296875;0.15625;0.171875;0.01953125;0.125;0.15625;0.01953125;0.0859375;0.15625;0.052734375;0.03125;0.1015625;0.1796875;0.033203125;0.1796875;0.21875;0.041015625;0.28125;0.4140625;0.0703125;0.1796875;0.3203125;0.06640625;0.068359375;0.16796875;0.39453125;0.0859375;0.34765625;0.68359375;0.162109375;0.40234375;0.5078125;0.087890625;0.36328125;0.24609375;0.0234375;0.31640625;0.140625;0.0146484375;0.2421875;0.12109375;0.00830078125;0.02392578125;0.025390625;0.08984375;0.00537109375;0.01953125;0.04296875;0.00390625;0.8;0.125;0.140625;0.140625;0.01953125;0.04296875;0.15625;0.15625;0.0234375;0.125;0.15625;0.01953125;0.078125;0.1484375;0.052734375;0.029296875;0.1015625;0.1796875;0.033203125;0.1796875;0.21875;0.044921875;0.2890625;0.40625;0.080078125;0.17578125;0.3125;0.06640625;0.06640625;0.16796875;0.390625;0.0869140625;0.34765625;0.68359375;0.162109375;0.40625;0.5078125;0.087890625;0.36328125;0.25;0.0224609375;0.3125;0.13671875;0.0146484375;0.2421875;0.12109375;0.00830078125;0.0244140625;0.025390625;0.087890625;0.00537109375;0.01953125;0.041015625;0.00390625;0.8
99;99;94.42;0.125;0.125;0.15625;0.01953125;0.04296875;0.15625;0.15625;0.01953125;0.125;0.15625;0.01953125;0.0859375;0.15625;0.052734375;0.03125;0.1015625;0.1796875;0.033203125;0.1796875;0.21875;0.041015625;0.28125;0.40625;0.0703125;0.1796875;0.3203125;0.0673828125;0.068359375;0.16796875;0.39453125;0.0859375;0.34765625;0.68359375;0.162109375;0.40234375;0.50390625;0.087890625;0.36328125;0.24609375;0.0224609375;0.3125;0.13671875;0.0146484375;0.240234375;0.119140625;0.00830078125;0.02392578125;0.025390625;0.08984375;0.00537109375;0.01953125;0.04296875;0.00390625;0.8;0.125;0.140625;0.140625;0.01953125;0.04296875;0.15625;0.15625;0.0234375;0.125;0.15625;0.01953125;0.078125;0.1484375;0.052734375;0.029296875;0.1015625;0.1796875;0.033203125;0.1796875;0.21875;0.044921875;0.2890625;0.40625;0.080078125;0.17578125;0.3125;0.06640625;0.06640625;0.16796875;0.390625;0.0869140625;0.34765625;0.68359375;0.162109375;0.40625;0.5078125;0.087890625;0.36328125;0.25;0.0224609375;0.31640625;0.13671875;0.0146484375;0.2421875;0.12109375;0.00830078125;0.0244140625;0.025390625;0.087890625;0.00537109375;0.01953125;0.041015625;0.00390625;0.8
