;Epoch;test_accuracy;train-saturation_conv1;train-saturation_layer1-0-conv1;train-saturation_layer1-0-conv2;train-saturation_layer1-0-conv3;train-saturation_layer1-0-shortcut-0;train-saturation_layer1-1-conv1;train-saturation_layer1-1-conv2;train-saturation_layer1-1-conv3;train-saturation_layer1-2-conv1;train-saturation_layer1-2-conv2;train-saturation_layer1-2-conv3;train-saturation_layer2-0-conv1;train-saturation_layer2-0-conv2;train-saturation_layer2-0-conv3;train-saturation_layer2-0-shortcut-0;train-saturation_layer2-1-conv1;train-saturation_layer2-1-conv2;train-saturation_layer2-1-conv3;train-saturation_layer2-2-conv1;train-saturation_layer2-2-conv2;train-saturation_layer2-2-conv3;train-saturation_layer2-3-conv1;train-saturation_layer2-3-conv2;train-saturation_layer2-3-conv3;train-saturation_layer3-0-conv1;train-saturation_layer3-0-conv2;train-saturation_layer3-0-conv3;train-saturation_layer3-0-shortcut-0;train-saturation_layer3-1-conv1;train-saturation_layer3-1-conv2;train-saturation_layer3-1-conv3;train-saturation_layer3-2-conv1;train-saturation_layer3-2-conv2;train-saturation_layer3-2-conv3;train-saturation_layer3-3-conv1;train-saturation_layer3-3-conv2;train-saturation_layer3-3-conv3;train-saturation_layer3-4-conv1;train-saturation_layer3-4-conv2;train-saturation_layer3-4-conv3;train-saturation_layer3-5-conv1;train-saturation_layer3-5-conv2;train-saturation_layer3-5-conv3;train-saturation_layer4-0-conv1;train-saturation_layer4-0-conv2;train-saturation_layer4-0-conv3;train-saturation_layer4-0-shortcut-0;train-saturation_layer4-1-conv1;train-saturation_layer4-1-conv2;train-saturation_layer4-1-conv3;train-saturation_layer4-2-conv1;train-saturation_layer4-2-conv2;train-saturation_layer4-2-conv3;train-saturation_linear;eval-saturation_conv1;eval-saturation_layer1-0-conv1;eval-saturation_layer1-0-conv2;eval-saturation_layer1-0-conv3;eval-saturation_layer1-0-shortcut-0;eval-saturation_layer1-1-conv1;eval-saturation_layer1-1-conv2;eval-saturation_layer1-1-conv3;eval-saturation_layer1-2-conv1;eval-saturation_layer1-2-conv2;eval-saturation_layer1-2-conv3;eval-saturation_layer2-0-conv1;eval-saturation_layer2-0-conv2;eval-saturation_layer2-0-conv3;eval-saturation_layer2-0-shortcut-0;eval-saturation_layer2-1-conv1;eval-saturation_layer2-1-conv2;eval-saturation_layer2-1-conv3;eval-saturation_layer2-2-conv1;eval-saturation_layer2-2-conv2;eval-saturation_layer2-2-conv3;eval-saturation_layer2-3-conv1;eval-saturation_layer2-3-conv2;eval-saturation_layer2-3-conv3;eval-saturation_layer3-0-conv1;eval-saturation_layer3-0-conv2;eval-saturation_layer3-0-conv3;eval-saturation_layer3-0-shortcut-0;eval-saturation_layer3-1-conv1;eval-saturation_layer3-1-conv2;eval-saturation_layer3-1-conv3;eval-saturation_layer3-2-conv1;eval-saturation_layer3-2-conv2;eval-saturation_layer3-2-conv3;eval-saturation_layer3-3-conv1;eval-saturation_layer3-3-conv2;eval-saturation_layer3-3-conv3;eval-saturation_layer3-4-conv1;eval-saturation_layer3-4-conv2;eval-saturation_layer3-4-conv3;eval-saturation_layer3-5-conv1;eval-saturation_layer3-5-conv2;eval-saturation_layer3-5-conv3;eval-saturation_layer4-0-conv1;eval-saturation_layer4-0-conv2;eval-saturation_layer4-0-conv3;eval-saturation_layer4-0-shortcut-0;eval-saturation_layer4-1-conv1;eval-saturation_layer4-1-conv2;eval-saturation_layer4-1-conv3;eval-saturation_layer4-2-conv1;eval-saturation_layer4-2-conv2;eval-saturation_layer4-2-conv3;eval-saturation_linear
0;0;44.89;0.125;0.375;0.65625;0.18359375;0.125;0.71875;0.765625;0.19921875;0.765625;0.765625;0.1953125;0.6796875;0.7578125;0.193359375;0.314453125;0.7734375;0.828125;0.203125;0.8046875;0.84375;0.20703125;0.8203125;0.875;0.212890625;0.7265625;0.8046875;0.1962890625;0.328125;0.80078125;0.875;0.2138671875;0.83984375;0.90234375;0.2197265625;0.8515625;0.90625;0.21875;0.859375;0.9140625;0.2197265625;0.87109375;0.921875;0.2236328125;0.787109375;0.8046875;0.1982421875;0.2802734375;0.7890625;0.84375;0.20849609375;0.810546875;0.861328125;0.21142578125;0.5;0.125;0.375;0.671875;0.18359375;0.125;0.734375;0.796875;0.19921875;0.765625;0.78125;0.19921875;0.6875;0.7734375;0.19140625;0.32421875;0.7734375;0.8359375;0.203125;0.796875;0.828125;0.201171875;0.8046875;0.859375;0.20703125;0.703125;0.7734375;0.1875;0.3251953125;0.765625;0.83984375;0.2041015625;0.80859375;0.87109375;0.2109375;0.8125;0.87890625;0.2099609375;0.82421875;0.8828125;0.2099609375;0.8359375;0.89453125;0.21484375;0.74609375;0.78125;0.1923828125;0.27978515625;0.771484375;0.830078125;0.20556640625;0.794921875;0.8515625;0.20849609375;0.5
1;1;54.47;0.125;0.375;0.671875;0.1875;0.12109375;0.734375;0.796875;0.19921875;0.78125;0.78125;0.19921875;0.6875;0.7578125;0.193359375;0.3203125;0.78125;0.8359375;0.20703125;0.8125;0.859375;0.212890625;0.828125;0.875;0.212890625;0.73828125;0.80859375;0.19921875;0.337890625;0.8125;0.87890625;0.216796875;0.84765625;0.90234375;0.2197265625;0.859375;0.91015625;0.2216796875;0.87109375;0.9140625;0.2216796875;0.87890625;0.91796875;0.2236328125;0.794921875;0.8125;0.2001953125;0.29443359375;0.80078125;0.84375;0.208984375;0.8203125;0.865234375;0.212890625;0.6;0.125;0.375;0.703125;0.19140625;0.12890625;0.765625;0.828125;0.20703125;0.796875;0.8125;0.203125;0.7109375;0.7890625;0.197265625;0.337890625;0.8046875;0.859375;0.208984375;0.8203125;0.859375;0.208984375;0.828125;0.875;0.2109375;0.73828125;0.8203125;0.197265625;0.3466796875;0.80859375;0.875;0.21484375;0.84375;0.8984375;0.21875;0.85546875;0.91015625;0.2197265625;0.8671875;0.9140625;0.2216796875;0.875;0.91796875;0.22265625;0.79296875;0.828125;0.203125;0.3115234375;0.8125;0.857421875;0.21142578125;0.830078125;0.875;0.21484375;0.6
2;2;62.0;0.125;0.390625;0.71875;0.1953125;0.12890625;0.765625;0.8125;0.203125;0.796875;0.796875;0.203125;0.7109375;0.78125;0.197265625;0.33203125;0.796875;0.859375;0.2109375;0.8203125;0.8671875;0.212890625;0.8359375;0.8828125;0.21484375;0.75;0.82421875;0.2021484375;0.345703125;0.8203125;0.87890625;0.2177734375;0.8515625;0.90234375;0.2216796875;0.86328125;0.91015625;0.220703125;0.875;0.9140625;0.22265625;0.8828125;0.921875;0.224609375;0.798828125;0.81640625;0.20166015625;0.298828125;0.8046875;0.84765625;0.2099609375;0.82421875;0.8671875;0.21337890625;0.6;0.125;0.390625;0.734375;0.19921875;0.1328125;0.78125;0.828125;0.203125;0.796875;0.8125;0.203125;0.7109375;0.78125;0.1953125;0.33984375;0.7890625;0.8515625;0.205078125;0.8046875;0.8359375;0.203125;0.8125;0.8515625;0.20703125;0.71875;0.7734375;0.1904296875;0.3359375;0.78125;0.84375;0.208984375;0.8203125;0.87109375;0.21484375;0.83203125;0.8828125;0.212890625;0.84375;0.88671875;0.21484375;0.8515625;0.89453125;0.216796875;0.771484375;0.802734375;0.1982421875;0.29931640625;0.80078125;0.8515625;0.2109375;0.826171875;0.876953125;0.21484375;0.6
3;3;64.56;0.125;0.40625;0.734375;0.19921875;0.1328125;0.78125;0.8125;0.20703125;0.8125;0.828125;0.20703125;0.7265625;0.796875;0.201171875;0.341796875;0.8046875;0.859375;0.212890625;0.8359375;0.8828125;0.216796875;0.84375;0.890625;0.21875;0.76171875;0.83984375;0.2060546875;0.3544921875;0.828125;0.8828125;0.2177734375;0.85546875;0.8984375;0.2216796875;0.8671875;0.91015625;0.220703125;0.875;0.91796875;0.2236328125;0.8828125;0.91796875;0.22265625;0.798828125;0.814453125;0.201171875;0.30029296875;0.802734375;0.841796875;0.2080078125;0.818359375;0.861328125;0.2109375;0.7;0.125;0.421875;0.75;0.19921875;0.13671875;0.78125;0.828125;0.20703125;0.8125;0.828125;0.203125;0.71875;0.7890625;0.1953125;0.34375;0.7890625;0.84375;0.205078125;0.8046875;0.828125;0.203125;0.8046875;0.84375;0.20703125;0.71484375;0.765625;0.189453125;0.3359375;0.7734375;0.828125;0.20703125;0.80859375;0.859375;0.2119140625;0.8203125;0.86328125;0.2080078125;0.8359375;0.875;0.2119140625;0.8359375;0.875;0.2109375;0.75390625;0.78515625;0.1953125;0.291015625;0.7890625;0.841796875;0.208984375;0.81640625;0.869140625;0.21337890625;0.7
4;4;67.29;0.140625;0.40625;0.734375;0.19921875;0.13671875;0.765625;0.796875;0.203125;0.8125;0.8125;0.203125;0.71875;0.7890625;0.197265625;0.337890625;0.796875;0.859375;0.2109375;0.8203125;0.859375;0.212890625;0.8359375;0.875;0.21484375;0.75;0.8203125;0.2021484375;0.3466796875;0.81640625;0.87109375;0.216796875;0.84765625;0.89453125;0.220703125;0.859375;0.90625;0.220703125;0.87109375;0.91015625;0.22265625;0.87890625;0.9140625;0.22265625;0.79296875;0.80078125;0.197265625;0.29833984375;0.7890625;0.828125;0.20458984375;0.80859375;0.8515625;0.20849609375;0.7;0.140625;0.421875;0.75;0.203125;0.140625;0.796875;0.828125;0.20703125;0.8125;0.828125;0.20703125;0.734375;0.8125;0.19921875;0.34765625;0.8046875;0.8671875;0.208984375;0.8203125;0.8515625;0.208984375;0.828125;0.8671875;0.2109375;0.7421875;0.8203125;0.19921875;0.3505859375;0.80859375;0.8671875;0.21484375;0.84375;0.890625;0.21875;0.85546875;0.8984375;0.21875;0.8671875;0.90625;0.220703125;0.87109375;0.91015625;0.2216796875;0.787109375;0.814453125;0.20068359375;0.31396484375;0.802734375;0.83984375;0.2080078125;0.822265625;0.861328125;0.21044921875;0.6
5;5;71.62;0.140625;0.40625;0.734375;0.19921875;0.13671875;0.78125;0.796875;0.203125;0.8125;0.8125;0.203125;0.7265625;0.7890625;0.197265625;0.3359375;0.796875;0.8515625;0.2109375;0.828125;0.8671875;0.212890625;0.8359375;0.875;0.21484375;0.75;0.8203125;0.2021484375;0.34765625;0.8125;0.8671875;0.216796875;0.84765625;0.89453125;0.220703125;0.859375;0.90625;0.220703125;0.875;0.91015625;0.22265625;0.87890625;0.91796875;0.2236328125;0.794921875;0.802734375;0.1982421875;0.30029296875;0.791015625;0.828125;0.205078125;0.810546875;0.853515625;0.208984375;0.7;0.140625;0.421875;0.765625;0.203125;0.140625;0.796875;0.828125;0.20703125;0.828125;0.828125;0.20703125;0.734375;0.8046875;0.19921875;0.34765625;0.8046875;0.8671875;0.2109375;0.828125;0.859375;0.208984375;0.8359375;0.875;0.212890625;0.75;0.8203125;0.2001953125;0.353515625;0.8046875;0.859375;0.2138671875;0.83984375;0.890625;0.2197265625;0.85546875;0.90234375;0.21875;0.87109375;0.90625;0.2216796875;0.875;0.9140625;0.22265625;0.7890625;0.81640625;0.201171875;0.31494140625;0.80078125;0.83984375;0.20751953125;0.8203125;0.86328125;0.2119140625;0.7
6;6;72.41;0.140625;0.421875;0.734375;0.19921875;0.13671875;0.78125;0.8125;0.20703125;0.8125;0.828125;0.20703125;0.7265625;0.796875;0.201171875;0.341796875;0.8046875;0.859375;0.212890625;0.828125;0.8671875;0.212890625;0.84375;0.875;0.21484375;0.7578125;0.8203125;0.2021484375;0.3515625;0.80859375;0.8671875;0.216796875;0.84765625;0.89453125;0.220703125;0.86328125;0.90625;0.2216796875;0.875;0.91015625;0.2216796875;0.87890625;0.91796875;0.2236328125;0.794921875;0.798828125;0.197265625;0.30029296875;0.787109375;0.8203125;0.203125;0.806640625;0.84375;0.2060546875;0.7;0.140625;0.4375;0.75;0.203125;0.140625;0.796875;0.84375;0.2109375;0.828125;0.828125;0.20703125;0.7421875;0.8125;0.19921875;0.3515625;0.8046875;0.8671875;0.2109375;0.828125;0.859375;0.208984375;0.8359375;0.8671875;0.2109375;0.75;0.81640625;0.19921875;0.353515625;0.796875;0.8515625;0.2138671875;0.83984375;0.88671875;0.21875;0.85546875;0.90234375;0.220703125;0.8671875;0.90625;0.220703125;0.87109375;0.91015625;0.22265625;0.7890625;0.814453125;0.201171875;0.314453125;0.802734375;0.83984375;0.20751953125;0.822265625;0.86328125;0.21142578125;0.7
7;7;73.41;0.140625;0.40625;0.734375;0.19921875;0.13671875;0.765625;0.796875;0.203125;0.796875;0.8125;0.203125;0.71875;0.7890625;0.19921875;0.3359375;0.796875;0.8515625;0.212890625;0.828125;0.8671875;0.21484375;0.84375;0.875;0.216796875;0.7578125;0.828125;0.205078125;0.3515625;0.81640625;0.8671875;0.2177734375;0.8515625;0.8984375;0.22265625;0.8671875;0.91015625;0.22265625;0.87890625;0.9140625;0.2236328125;0.8828125;0.91796875;0.224609375;0.798828125;0.80078125;0.19775390625;0.30322265625;0.7890625;0.822265625;0.203125;0.8046875;0.84375;0.20654296875;0.7;0.140625;0.4375;0.765625;0.203125;0.14453125;0.796875;0.84375;0.20703125;0.828125;0.828125;0.20703125;0.7421875;0.8125;0.201171875;0.349609375;0.8046875;0.859375;0.208984375;0.8203125;0.84375;0.20703125;0.8359375;0.8671875;0.2109375;0.74609375;0.81640625;0.201171875;0.353515625;0.8046875;0.859375;0.2158203125;0.84375;0.89453125;0.2216796875;0.859375;0.90234375;0.220703125;0.87109375;0.91015625;0.2216796875;0.875;0.9140625;0.2236328125;0.794921875;0.81640625;0.2021484375;0.31884765625;0.8046875;0.841796875;0.20849609375;0.82421875;0.861328125;0.2109375;0.7
8;8;75.99;0.140625;0.40625;0.734375;0.203125;0.13671875;0.78125;0.8125;0.20703125;0.8125;0.8125;0.20703125;0.7265625;0.7890625;0.19921875;0.33984375;0.796875;0.859375;0.212890625;0.828125;0.8671875;0.212890625;0.84375;0.8828125;0.21875;0.76171875;0.828125;0.205078125;0.353515625;0.81640625;0.8671875;0.21875;0.8515625;0.8984375;0.2216796875;0.86328125;0.90625;0.2216796875;0.87890625;0.9140625;0.2236328125;0.8828125;0.91796875;0.2255859375;0.796875;0.798828125;0.197265625;0.302734375;0.78515625;0.818359375;0.20263671875;0.802734375;0.83984375;0.20556640625;0.7;0.140625;0.4375;0.765625;0.203125;0.14453125;0.8125;0.84375;0.2109375;0.828125;0.84375;0.2109375;0.75;0.8203125;0.201171875;0.353515625;0.8046875;0.8671875;0.2109375;0.828125;0.859375;0.208984375;0.8359375;0.875;0.21484375;0.75390625;0.828125;0.2021484375;0.3583984375;0.80859375;0.86328125;0.2158203125;0.84765625;0.8984375;0.2216796875;0.86328125;0.90625;0.220703125;0.875;0.91015625;0.22265625;0.87890625;0.91796875;0.2236328125;0.794921875;0.814453125;0.201171875;0.3193359375;0.802734375;0.8359375;0.20654296875;0.818359375;0.85546875;0.208984375;0.7
9;9;78.28;0.140625;0.421875;0.734375;0.203125;0.13671875;0.78125;0.8125;0.20703125;0.8125;0.828125;0.20703125;0.7265625;0.7890625;0.19921875;0.33984375;0.7890625;0.8515625;0.2109375;0.8203125;0.859375;0.2109375;0.8359375;0.875;0.21484375;0.75;0.8125;0.201171875;0.349609375;0.80078125;0.859375;0.216796875;0.84375;0.890625;0.220703125;0.859375;0.90234375;0.220703125;0.87109375;0.91015625;0.22265625;0.87890625;0.9140625;0.2236328125;0.79296875;0.791015625;0.1962890625;0.30126953125;0.783203125;0.818359375;0.203125;0.802734375;0.83984375;0.20556640625;0.7;0.140625;0.453125;0.765625;0.203125;0.14453125;0.796875;0.828125;0.20703125;0.828125;0.828125;0.20703125;0.734375;0.796875;0.197265625;0.349609375;0.7890625;0.859375;0.208984375;0.8125;0.8359375;0.203125;0.828125;0.8671875;0.2109375;0.73828125;0.80078125;0.1982421875;0.3505859375;0.7890625;0.8515625;0.21484375;0.83984375;0.88671875;0.2197265625;0.85546875;0.8984375;0.2197265625;0.87109375;0.90625;0.2216796875;0.875;0.91015625;0.22265625;0.791015625;0.810546875;0.2001953125;0.31640625;0.798828125;0.833984375;0.20703125;0.818359375;0.85546875;0.20947265625;0.7
10;10;78.87;0.140625;0.421875;0.75;0.203125;0.13671875;0.78125;0.8125;0.20703125;0.8125;0.828125;0.20703125;0.734375;0.796875;0.203125;0.345703125;0.8046875;0.859375;0.21484375;0.8359375;0.875;0.216796875;0.84375;0.8828125;0.21875;0.765625;0.8359375;0.2080078125;0.3583984375;0.81640625;0.87109375;0.2197265625;0.85546875;0.8984375;0.2236328125;0.87109375;0.91015625;0.2236328125;0.87890625;0.91796875;0.224609375;0.88671875;0.921875;0.2255859375;0.802734375;0.802734375;0.19775390625;0.306640625;0.78515625;0.81640625;0.2021484375;0.80078125;0.8359375;0.2041015625;0.7;0.140625;0.453125;0.78125;0.20703125;0.14453125;0.8125;0.84375;0.2109375;0.828125;0.84375;0.2109375;0.75;0.8203125;0.201171875;0.35546875;0.8046875;0.8671875;0.21484375;0.8359375;0.875;0.212890625;0.84375;0.8828125;0.21484375;0.76171875;0.8359375;0.205078125;0.3623046875;0.80859375;0.86328125;0.2177734375;0.84765625;0.89453125;0.2216796875;0.86328125;0.90625;0.22265625;0.87890625;0.9140625;0.224609375;0.8828125;0.91796875;0.2255859375;0.798828125;0.8203125;0.20263671875;0.32275390625;0.802734375;0.833984375;0.20654296875;0.818359375;0.853515625;0.20849609375;0.7
11;11;79.77;0.140625;0.40625;0.734375;0.203125;0.1328125;0.78125;0.8125;0.20703125;0.8125;0.8125;0.20703125;0.7265625;0.7890625;0.201171875;0.341796875;0.796875;0.8515625;0.212890625;0.828125;0.8671875;0.21484375;0.84375;0.875;0.216796875;0.7578125;0.82421875;0.205078125;0.353515625;0.80859375;0.86328125;0.21875;0.8515625;0.89453125;0.22265625;0.8671875;0.90625;0.2236328125;0.87890625;0.9140625;0.224609375;0.8828125;0.921875;0.2265625;0.798828125;0.798828125;0.19775390625;0.3056640625;0.783203125;0.814453125;0.2021484375;0.80078125;0.833984375;0.20458984375;0.7;0.140625;0.453125;0.78125;0.20703125;0.1484375;0.8125;0.84375;0.2109375;0.828125;0.84375;0.2109375;0.7421875;0.8046875;0.19921875;0.353515625;0.7890625;0.859375;0.2109375;0.8203125;0.84375;0.20703125;0.828125;0.859375;0.2109375;0.7421875;0.8046875;0.19921875;0.3525390625;0.7890625;0.84765625;0.21484375;0.8359375;0.88671875;0.220703125;0.85546875;0.8984375;0.220703125;0.87109375;0.90625;0.2216796875;0.875;0.9140625;0.2236328125;0.79296875;0.8125;0.20166015625;0.31787109375;0.798828125;0.833984375;0.20703125;0.818359375;0.853515625;0.208984375;0.7
12;12;80.58;0.140625;0.40625;0.734375;0.203125;0.13671875;0.78125;0.8125;0.20703125;0.8125;0.8125;0.20703125;0.7265625;0.7890625;0.19921875;0.341796875;0.7890625;0.8515625;0.21484375;0.828125;0.8671875;0.21484375;0.8359375;0.875;0.21484375;0.7578125;0.81640625;0.2021484375;0.353515625;0.8046875;0.86328125;0.2197265625;0.8515625;0.89453125;0.22265625;0.8671875;0.90625;0.22265625;0.87890625;0.9140625;0.224609375;0.8828125;0.921875;0.2255859375;0.798828125;0.798828125;0.19775390625;0.30517578125;0.783203125;0.818359375;0.203125;0.802734375;0.83984375;0.20556640625;0.7;0.140625;0.453125;0.765625;0.20703125;0.1484375;0.796875;0.84375;0.2109375;0.828125;0.828125;0.20703125;0.734375;0.796875;0.19921875;0.3515625;0.7890625;0.8515625;0.2109375;0.8125;0.84375;0.20703125;0.828125;0.859375;0.2109375;0.7421875;0.80078125;0.1982421875;0.3515625;0.79296875;0.85546875;0.216796875;0.83984375;0.890625;0.2216796875;0.859375;0.90234375;0.2216796875;0.875;0.91015625;0.2236328125;0.87890625;0.91796875;0.224609375;0.794921875;0.8125;0.201171875;0.32080078125;0.798828125;0.830078125;0.20556640625;0.81640625;0.849609375;0.2080078125;0.7
13;13;81.42;0.15625;0.421875;0.75;0.203125;0.14453125;0.78125;0.8125;0.2109375;0.828125;0.828125;0.20703125;0.734375;0.796875;0.203125;0.34765625;0.796875;0.859375;0.21484375;0.828125;0.8671875;0.21484375;0.84375;0.8828125;0.216796875;0.76171875;0.8203125;0.205078125;0.357421875;0.80859375;0.86328125;0.21875;0.8515625;0.89453125;0.22265625;0.8671875;0.90625;0.2236328125;0.87890625;0.9140625;0.2255859375;0.8828125;0.91796875;0.2255859375;0.798828125;0.796875;0.19677734375;0.30517578125;0.779296875;0.80859375;0.201171875;0.798828125;0.83203125;0.20361328125;0.8;0.15625;0.453125;0.765625;0.20703125;0.1484375;0.796875;0.84375;0.2109375;0.828125;0.828125;0.20703125;0.7421875;0.8046875;0.201171875;0.3515625;0.796875;0.859375;0.2109375;0.8203125;0.859375;0.2109375;0.8359375;0.8671875;0.21484375;0.75;0.8125;0.201171875;0.357421875;0.796875;0.84765625;0.2158203125;0.83984375;0.88671875;0.220703125;0.859375;0.90234375;0.2216796875;0.875;0.91015625;0.2236328125;0.87890625;0.9140625;0.224609375;0.794921875;0.814453125;0.20166015625;0.32080078125;0.796875;0.828125;0.2060546875;0.81640625;0.8515625;0.20849609375;0.8
14;14;82.47;0.140625;0.421875;0.75;0.203125;0.13671875;0.78125;0.8125;0.20703125;0.8125;0.8125;0.203125;0.71875;0.78125;0.19921875;0.33984375;0.78125;0.8515625;0.212890625;0.8203125;0.859375;0.2109375;0.8359375;0.875;0.216796875;0.75;0.80859375;0.2021484375;0.3515625;0.80078125;0.859375;0.2177734375;0.84375;0.890625;0.22265625;0.86328125;0.90625;0.22265625;0.87890625;0.9140625;0.224609375;0.8828125;0.91796875;0.2255859375;0.794921875;0.787109375;0.1953125;0.30419921875;0.775390625;0.806640625;0.20068359375;0.79296875;0.828125;0.203125;0.7;0.15625;0.453125;0.765625;0.20703125;0.14453125;0.796875;0.84375;0.2109375;0.828125;0.828125;0.20703125;0.734375;0.796875;0.19921875;0.349609375;0.7890625;0.8515625;0.2109375;0.8125;0.8359375;0.205078125;0.8203125;0.859375;0.212890625;0.73828125;0.78515625;0.1962890625;0.3505859375;0.78515625;0.84375;0.21484375;0.8359375;0.8828125;0.2197265625;0.85546875;0.8984375;0.2197265625;0.87109375;0.90625;0.22265625;0.875;0.91015625;0.2236328125;0.791015625;0.8046875;0.19970703125;0.31787109375;0.79296875;0.826171875;0.20556640625;0.814453125;0.84765625;0.20751953125;0.8
15;15;82.68;0.15625;0.421875;0.75;0.203125;0.140625;0.78125;0.8125;0.20703125;0.8125;0.8125;0.20703125;0.734375;0.796875;0.203125;0.34765625;0.7890625;0.8515625;0.21484375;0.828125;0.8671875;0.212890625;0.84375;0.875;0.216796875;0.7578125;0.8125;0.2021484375;0.3544921875;0.8046875;0.859375;0.21875;0.84765625;0.89453125;0.2236328125;0.8671875;0.91015625;0.2236328125;0.87890625;0.91796875;0.2255859375;0.8828125;0.921875;0.2265625;0.80078125;0.796875;0.197265625;0.30712890625;0.78125;0.810546875;0.201171875;0.796875;0.830078125;0.203125;0.8;0.15625;0.453125;0.765625;0.20703125;0.1484375;0.8125;0.84375;0.2109375;0.828125;0.828125;0.20703125;0.7421875;0.796875;0.19921875;0.353515625;0.7890625;0.8515625;0.2109375;0.8125;0.84375;0.20703125;0.8203125;0.8515625;0.2109375;0.73828125;0.78125;0.1953125;0.3505859375;0.78515625;0.84375;0.2158203125;0.8359375;0.88671875;0.220703125;0.85546875;0.8984375;0.220703125;0.875;0.91015625;0.22265625;0.875;0.9140625;0.2236328125;0.79296875;0.806640625;0.19970703125;0.31884765625;0.791015625;0.8203125;0.20458984375;0.810546875;0.84375;0.20654296875;0.8
16;16;82.23;0.140625;0.40625;0.75;0.203125;0.140625;0.78125;0.8125;0.20703125;0.8125;0.8125;0.20703125;0.734375;0.796875;0.203125;0.345703125;0.796875;0.8515625;0.21484375;0.828125;0.8671875;0.21484375;0.84375;0.875;0.216796875;0.7578125;0.8125;0.203125;0.3544921875;0.80078125;0.85546875;0.21875;0.84765625;0.890625;0.22265625;0.8671875;0.90625;0.2236328125;0.87890625;0.9140625;0.224609375;0.8828125;0.91796875;0.2255859375;0.798828125;0.791015625;0.1962890625;0.30419921875;0.77734375;0.806640625;0.20068359375;0.794921875;0.828125;0.203125;0.7;0.15625;0.453125;0.765625;0.20703125;0.1484375;0.796875;0.828125;0.2109375;0.828125;0.828125;0.20703125;0.7421875;0.8046875;0.201171875;0.353515625;0.796875;0.859375;0.212890625;0.828125;0.859375;0.2109375;0.8359375;0.875;0.21484375;0.75390625;0.81640625;0.203125;0.359375;0.796875;0.84765625;0.216796875;0.84375;0.890625;0.2216796875;0.86328125;0.90625;0.22265625;0.87890625;0.9140625;0.224609375;0.8828125;0.91796875;0.2255859375;0.798828125;0.8125;0.201171875;0.3232421875;0.796875;0.82421875;0.20556640625;0.814453125;0.84765625;0.20751953125;0.8
17;17;84.19;0.140625;0.421875;0.734375;0.203125;0.140625;0.78125;0.8125;0.20703125;0.8125;0.8125;0.20703125;0.7265625;0.78125;0.201171875;0.341796875;0.7890625;0.8515625;0.212890625;0.8203125;0.859375;0.212890625;0.8359375;0.8671875;0.21484375;0.75390625;0.80859375;0.2021484375;0.3515625;0.80078125;0.85546875;0.2177734375;0.84375;0.890625;0.22265625;0.86328125;0.90625;0.22265625;0.87890625;0.9140625;0.224609375;0.8828125;0.91796875;0.2265625;0.798828125;0.791015625;0.19677734375;0.30419921875;0.77734375;0.80859375;0.201171875;0.796875;0.830078125;0.20361328125;0.7;0.15625;0.453125;0.765625;0.20703125;0.1484375;0.796875;0.828125;0.2109375;0.828125;0.828125;0.2109375;0.734375;0.796875;0.201171875;0.3515625;0.7890625;0.859375;0.212890625;0.8203125;0.8515625;0.2109375;0.8359375;0.859375;0.212890625;0.75;0.8046875;0.201171875;0.3564453125;0.796875;0.8515625;0.216796875;0.84375;0.890625;0.2216796875;0.86328125;0.90625;0.22265625;0.87890625;0.9140625;0.224609375;0.8828125;0.91796875;0.2255859375;0.798828125;0.8125;0.201171875;0.3232421875;0.796875;0.826171875;0.20556640625;0.8125;0.845703125;0.20703125;0.8
18;18;83.22;0.15625;0.421875;0.734375;0.203125;0.140625;0.78125;0.8125;0.20703125;0.8125;0.8125;0.203125;0.7265625;0.78125;0.201171875;0.341796875;0.7890625;0.8515625;0.212890625;0.828125;0.859375;0.21484375;0.8359375;0.8671875;0.21484375;0.75390625;0.80859375;0.203125;0.353515625;0.8046875;0.85546875;0.21875;0.84765625;0.89453125;0.2236328125;0.8671875;0.90625;0.2236328125;0.87890625;0.9140625;0.224609375;0.88671875;0.91796875;0.2265625;0.80078125;0.79296875;0.197265625;0.3056640625;0.78125;0.8125;0.2021484375;0.798828125;0.83203125;0.2041015625;0.8;0.15625;0.453125;0.765625;0.20703125;0.1484375;0.796875;0.828125;0.20703125;0.8125;0.8125;0.203125;0.7265625;0.78125;0.19921875;0.345703125;0.7734375;0.84375;0.208984375;0.8046875;0.8359375;0.20703125;0.8203125;0.84375;0.2109375;0.73046875;0.77734375;0.1962890625;0.3466796875;0.78125;0.83984375;0.2158203125;0.8359375;0.8828125;0.220703125;0.85546875;0.8984375;0.2216796875;0.87109375;0.90625;0.2216796875;0.87890625;0.9140625;0.2236328125;0.79296875;0.80859375;0.201171875;0.3193359375;0.796875;0.830078125;0.20703125;0.81640625;0.8515625;0.20849609375;0.8
19;19;83.37;0.140625;0.421875;0.75;0.203125;0.140625;0.78125;0.796875;0.20703125;0.8125;0.8125;0.20703125;0.7265625;0.78125;0.19921875;0.341796875;0.7890625;0.8515625;0.21484375;0.828125;0.8671875;0.21484375;0.84375;0.875;0.216796875;0.7578125;0.8125;0.2041015625;0.353515625;0.80078125;0.859375;0.21875;0.84765625;0.89453125;0.2236328125;0.8671875;0.90625;0.224609375;0.87890625;0.9140625;0.2255859375;0.88671875;0.91796875;0.2265625;0.80078125;0.79296875;0.19580078125;0.30712890625;0.775390625;0.802734375;0.19921875;0.791015625;0.822265625;0.20166015625;0.8;0.15625;0.453125;0.765625;0.20703125;0.1484375;0.796875;0.828125;0.2109375;0.828125;0.828125;0.2109375;0.7421875;0.796875;0.19921875;0.353515625;0.7890625;0.8515625;0.212890625;0.8203125;0.8515625;0.2109375;0.8359375;0.8671875;0.21484375;0.74609375;0.80078125;0.201171875;0.3564453125;0.79296875;0.8515625;0.2177734375;0.84375;0.890625;0.22265625;0.86328125;0.90625;0.22265625;0.87890625;0.9140625;0.224609375;0.8828125;0.91796875;0.2255859375;0.798828125;0.8125;0.201171875;0.32373046875;0.794921875;0.82421875;0.205078125;0.8125;0.845703125;0.20751953125;0.8
20;20;84.19;0.15625;0.421875;0.734375;0.203125;0.140625;0.78125;0.796875;0.203125;0.8125;0.796875;0.203125;0.7265625;0.78125;0.19921875;0.341796875;0.7890625;0.84375;0.212890625;0.8203125;0.859375;0.21484375;0.8359375;0.8671875;0.21484375;0.75390625;0.8046875;0.203125;0.3515625;0.80078125;0.8515625;0.2177734375;0.84375;0.890625;0.22265625;0.86328125;0.90234375;0.22265625;0.87890625;0.9140625;0.224609375;0.8828125;0.91796875;0.2255859375;0.796875;0.7890625;0.19580078125;0.30517578125;0.7734375;0.8046875;0.2001953125;0.791015625;0.82421875;0.20166015625;0.7;0.15625;0.453125;0.765625;0.20703125;0.1484375;0.796875;0.828125;0.20703125;0.828125;0.8125;0.20703125;0.734375;0.7890625;0.19921875;0.3515625;0.7890625;0.8515625;0.212890625;0.8203125;0.8515625;0.2109375;0.8359375;0.8671875;0.212890625;0.74609375;0.80078125;0.201171875;0.35546875;0.79296875;0.84765625;0.216796875;0.83984375;0.88671875;0.2216796875;0.859375;0.90234375;0.22265625;0.875;0.91015625;0.2236328125;0.8828125;0.91796875;0.224609375;0.796875;0.806640625;0.20068359375;0.32275390625;0.79296875;0.822265625;0.20556640625;0.8125;0.845703125;0.20751953125;0.8
21;21;84.25;0.15625;0.421875;0.75;0.203125;0.140625;0.78125;0.796875;0.20703125;0.8125;0.796875;0.203125;0.7265625;0.78125;0.19921875;0.341796875;0.7890625;0.8515625;0.21484375;0.828125;0.8671875;0.21484375;0.84375;0.875;0.21875;0.76171875;0.8125;0.205078125;0.353515625;0.80078125;0.85546875;0.21875;0.84765625;0.890625;0.2236328125;0.8671875;0.90625;0.2236328125;0.87890625;0.9140625;0.2265625;0.88671875;0.921875;0.2265625;0.80078125;0.787109375;0.19580078125;0.3056640625;0.7734375;0.8046875;0.2001953125;0.791015625;0.822265625;0.20166015625;0.8;0.15625;0.453125;0.765625;0.20703125;0.15234375;0.796875;0.828125;0.2109375;0.828125;0.8125;0.20703125;0.7421875;0.796875;0.201171875;0.3515625;0.7890625;0.8515625;0.21484375;0.8203125;0.859375;0.212890625;0.84375;0.875;0.216796875;0.7578125;0.81640625;0.2041015625;0.3603515625;0.796875;0.8515625;0.2177734375;0.84375;0.890625;0.22265625;0.8671875;0.90625;0.2236328125;0.8828125;0.91796875;0.2255859375;0.88671875;0.921875;0.2265625;0.802734375;0.8125;0.20166015625;0.32666015625;0.796875;0.82421875;0.20556640625;0.814453125;0.845703125;0.2080078125;0.8
22;22;84.55;0.15625;0.421875;0.75;0.203125;0.140625;0.78125;0.796875;0.20703125;0.8125;0.796875;0.203125;0.7265625;0.78125;0.201171875;0.34375;0.7890625;0.8515625;0.21484375;0.8203125;0.859375;0.212890625;0.8359375;0.8671875;0.21484375;0.75390625;0.80078125;0.201171875;0.3505859375;0.796875;0.85546875;0.21875;0.84765625;0.890625;0.2236328125;0.8671875;0.90625;0.2236328125;0.87890625;0.9140625;0.2255859375;0.88671875;0.921875;0.2265625;0.80078125;0.791015625;0.1962890625;0.30712890625;0.77734375;0.80859375;0.20166015625;0.796875;0.826171875;0.203125;0.8;0.15625;0.453125;0.765625;0.20703125;0.1484375;0.796875;0.828125;0.2109375;0.828125;0.8125;0.20703125;0.734375;0.7890625;0.201171875;0.3515625;0.7890625;0.8515625;0.212890625;0.8203125;0.8515625;0.208984375;0.8359375;0.8671875;0.21484375;0.75;0.80078125;0.201171875;0.3564453125;0.79296875;0.84765625;0.2177734375;0.84375;0.890625;0.22265625;0.86328125;0.90625;0.2236328125;0.8828125;0.9140625;0.2255859375;0.88671875;0.921875;0.2255859375;0.80078125;0.8125;0.20166015625;0.326171875;0.796875;0.826171875;0.20654296875;0.814453125;0.845703125;0.2080078125;0.8
23;23;85.33;0.15625;0.421875;0.734375;0.203125;0.140625;0.78125;0.796875;0.20703125;0.8125;0.796875;0.203125;0.7265625;0.78125;0.203125;0.34375;0.7890625;0.8515625;0.21484375;0.828125;0.8671875;0.21484375;0.84375;0.875;0.21875;0.7578125;0.80859375;0.2041015625;0.3544921875;0.80078125;0.85546875;0.21875;0.84765625;0.890625;0.2236328125;0.8671875;0.90625;0.224609375;0.87890625;0.9140625;0.2265625;0.88671875;0.921875;0.2265625;0.80078125;0.787109375;0.1953125;0.30712890625;0.7734375;0.8046875;0.20068359375;0.79296875;0.822265625;0.2021484375;0.8;0.15625;0.453125;0.765625;0.20703125;0.1484375;0.796875;0.828125;0.20703125;0.828125;0.8125;0.20703125;0.7421875;0.796875;0.203125;0.353515625;0.796875;0.859375;0.21484375;0.828125;0.859375;0.2109375;0.8359375;0.8671875;0.216796875;0.75;0.8046875;0.2021484375;0.359375;0.79296875;0.84765625;0.2177734375;0.83984375;0.88671875;0.22265625;0.86328125;0.90234375;0.2236328125;0.87890625;0.9140625;0.2255859375;0.8828125;0.91796875;0.2255859375;0.798828125;0.806640625;0.2001953125;0.3251953125;0.79296875;0.8203125;0.205078125;0.810546875;0.841796875;0.20703125;0.8
24;24;85.82;0.15625;0.421875;0.75;0.20703125;0.140625;0.78125;0.796875;0.20703125;0.8125;0.796875;0.203125;0.7265625;0.7734375;0.201171875;0.34375;0.7890625;0.8515625;0.21484375;0.828125;0.859375;0.21484375;0.84375;0.875;0.216796875;0.7578125;0.8046875;0.2041015625;0.3525390625;0.80078125;0.8515625;0.21875;0.84765625;0.890625;0.2236328125;0.8671875;0.90625;0.2236328125;0.87890625;0.9140625;0.2255859375;0.88671875;0.91796875;0.2265625;0.80078125;0.7890625;0.19580078125;0.3056640625;0.775390625;0.80078125;0.20068359375;0.79296875;0.826171875;0.20361328125;0.8;0.15625;0.453125;0.765625;0.20703125;0.1484375;0.796875;0.828125;0.20703125;0.828125;0.8125;0.20703125;0.7421875;0.7890625;0.201171875;0.353515625;0.7890625;0.8515625;0.212890625;0.8203125;0.8515625;0.2109375;0.8359375;0.8671875;0.21484375;0.75;0.8046875;0.203125;0.357421875;0.79296875;0.84375;0.2177734375;0.84375;0.890625;0.22265625;0.86328125;0.90234375;0.2236328125;0.87890625;0.9140625;0.224609375;0.8828125;0.91796875;0.2255859375;0.798828125;0.8046875;0.2001953125;0.32470703125;0.791015625;0.818359375;0.20458984375;0.80859375;0.841796875;0.20654296875;0.8
25;25;84.83;0.15625;0.421875;0.75;0.20703125;0.140625;0.78125;0.796875;0.20703125;0.8125;0.796875;0.203125;0.7265625;0.78125;0.203125;0.341796875;0.7890625;0.8515625;0.21484375;0.8203125;0.859375;0.21484375;0.84375;0.875;0.216796875;0.75390625;0.8046875;0.203125;0.3525390625;0.796875;0.8515625;0.21875;0.84765625;0.890625;0.2236328125;0.8671875;0.90625;0.224609375;0.8828125;0.9140625;0.2265625;0.88671875;0.921875;0.2265625;0.80078125;0.791015625;0.1962890625;0.3076171875;0.775390625;0.80078125;0.2001953125;0.791015625;0.822265625;0.2021484375;0.8;0.15625;0.453125;0.765625;0.20703125;0.1484375;0.796875;0.828125;0.20703125;0.828125;0.8125;0.20703125;0.734375;0.7890625;0.201171875;0.3515625;0.7890625;0.8515625;0.212890625;0.8125;0.84375;0.2109375;0.8359375;0.8671875;0.21484375;0.75;0.796875;0.201171875;0.3564453125;0.79296875;0.84375;0.2177734375;0.83984375;0.88671875;0.22265625;0.86328125;0.90234375;0.2236328125;0.87890625;0.9140625;0.224609375;0.88671875;0.91796875;0.2255859375;0.80078125;0.80859375;0.20068359375;0.32568359375;0.79296875;0.818359375;0.20458984375;0.810546875;0.841796875;0.20703125;0.8
26;26;85.54;0.15625;0.421875;0.75;0.20703125;0.140625;0.78125;0.8125;0.20703125;0.8125;0.796875;0.203125;0.734375;0.7890625;0.203125;0.34375;0.7890625;0.8515625;0.216796875;0.828125;0.859375;0.21484375;0.84375;0.875;0.216796875;0.7578125;0.80859375;0.2041015625;0.3544921875;0.80078125;0.85546875;0.2197265625;0.84765625;0.890625;0.2236328125;0.8671875;0.90625;0.224609375;0.8828125;0.9140625;0.2255859375;0.88671875;0.921875;0.2265625;0.802734375;0.791015625;0.1962890625;0.30908203125;0.775390625;0.80078125;0.20068359375;0.79296875;0.82421875;0.20263671875;0.8;0.15625;0.453125;0.765625;0.20703125;0.1484375;0.8125;0.828125;0.20703125;0.828125;0.8125;0.20703125;0.7421875;0.7890625;0.201171875;0.3515625;0.7890625;0.8515625;0.21484375;0.8203125;0.8515625;0.2109375;0.8359375;0.8671875;0.21484375;0.75;0.80078125;0.203125;0.357421875;0.79296875;0.84765625;0.2177734375;0.84375;0.890625;0.2236328125;0.86328125;0.90625;0.2236328125;0.87890625;0.9140625;0.2255859375;0.88671875;0.91796875;0.2255859375;0.80078125;0.810546875;0.201171875;0.326171875;0.791015625;0.81640625;0.2041015625;0.80859375;0.837890625;0.20654296875;0.8
27;27;85.21;0.15625;0.4375;0.75;0.203125;0.1484375;0.78125;0.796875;0.20703125;0.8125;0.796875;0.203125;0.7265625;0.78125;0.203125;0.34375;0.7890625;0.8515625;0.216796875;0.828125;0.859375;0.21484375;0.84375;0.875;0.216796875;0.7578125;0.80859375;0.2060546875;0.35546875;0.80078125;0.8515625;0.2197265625;0.84765625;0.890625;0.2236328125;0.87109375;0.90625;0.2255859375;0.8828125;0.91796875;0.2265625;0.890625;0.921875;0.2275390625;0.8046875;0.79296875;0.19677734375;0.3095703125;0.775390625;0.8046875;0.201171875;0.794921875;0.82421875;0.203125;0.8;0.15625;0.453125;0.765625;0.20703125;0.15234375;0.796875;0.8125;0.20703125;0.8125;0.8125;0.203125;0.734375;0.78125;0.201171875;0.349609375;0.7890625;0.8515625;0.212890625;0.8125;0.84375;0.2109375;0.8359375;0.859375;0.21484375;0.74609375;0.79296875;0.2021484375;0.3544921875;0.7890625;0.83984375;0.2177734375;0.83984375;0.88671875;0.22265625;0.86328125;0.90625;0.2236328125;0.87890625;0.9140625;0.2255859375;0.88671875;0.91796875;0.2255859375;0.80078125;0.80859375;0.20068359375;0.3251953125;0.791015625;0.814453125;0.2041015625;0.80859375;0.83984375;0.20654296875;0.8
28;28;85.83;0.15625;0.40625;0.734375;0.203125;0.13671875;0.765625;0.796875;0.203125;0.796875;0.78125;0.203125;0.71875;0.7734375;0.19921875;0.337890625;0.78125;0.84375;0.21484375;0.8203125;0.859375;0.21484375;0.8359375;0.8671875;0.216796875;0.75390625;0.8046875;0.2041015625;0.3505859375;0.796875;0.84765625;0.21875;0.84375;0.890625;0.2236328125;0.8671875;0.90625;0.224609375;0.8828125;0.9140625;0.2265625;0.88671875;0.921875;0.2265625;0.80078125;0.78515625;0.19482421875;0.30615234375;0.76953125;0.798828125;0.19921875;0.787109375;0.818359375;0.201171875;0.8;0.15625;0.453125;0.765625;0.20703125;0.1484375;0.796875;0.828125;0.20703125;0.828125;0.8125;0.20703125;0.7421875;0.7890625;0.201171875;0.3515625;0.7890625;0.8515625;0.21484375;0.8203125;0.8515625;0.212890625;0.8359375;0.8671875;0.216796875;0.75390625;0.8046875;0.2041015625;0.357421875;0.79296875;0.84375;0.2177734375;0.84375;0.890625;0.2236328125;0.86328125;0.90625;0.224609375;0.8828125;0.91796875;0.2255859375;0.88671875;0.921875;0.2265625;0.802734375;0.810546875;0.201171875;0.32763671875;0.79296875;0.818359375;0.20458984375;0.80859375;0.83984375;0.20703125;0.8
29;29;86.31;0.15625;0.421875;0.75;0.203125;0.14453125;0.78125;0.796875;0.20703125;0.8125;0.796875;0.203125;0.734375;0.7890625;0.203125;0.345703125;0.7890625;0.8515625;0.21484375;0.828125;0.8671875;0.216796875;0.84375;0.8671875;0.216796875;0.7578125;0.80859375;0.205078125;0.3544921875;0.80078125;0.85546875;0.2197265625;0.84765625;0.890625;0.224609375;0.8671875;0.90625;0.2255859375;0.8828125;0.91796875;0.2265625;0.890625;0.921875;0.2275390625;0.8046875;0.79296875;0.197265625;0.31005859375;0.77734375;0.802734375;0.20068359375;0.79296875;0.822265625;0.203125;0.8;0.15625;0.453125;0.765625;0.20703125;0.15234375;0.796875;0.828125;0.20703125;0.828125;0.8125;0.20703125;0.734375;0.7890625;0.201171875;0.3515625;0.7890625;0.84375;0.212890625;0.8203125;0.8515625;0.212890625;0.8359375;0.8671875;0.21484375;0.75;0.8046875;0.203125;0.3564453125;0.7890625;0.84375;0.21875;0.84375;0.890625;0.2236328125;0.8671875;0.90625;0.224609375;0.8828125;0.91796875;0.2265625;0.88671875;0.921875;0.2265625;0.8046875;0.8125;0.201171875;0.32861328125;0.79296875;0.814453125;0.2041015625;0.80859375;0.8359375;0.2060546875;0.8
30;30;85.87;0.15625;0.421875;0.734375;0.203125;0.140625;0.765625;0.796875;0.20703125;0.8125;0.78125;0.203125;0.7265625;0.7734375;0.201171875;0.33984375;0.78125;0.84375;0.21484375;0.8203125;0.859375;0.21484375;0.84375;0.8671875;0.216796875;0.75390625;0.80078125;0.2041015625;0.3505859375;0.79296875;0.84765625;0.21875;0.84375;0.890625;0.2236328125;0.8671875;0.90625;0.2255859375;0.8828125;0.9140625;0.2265625;0.88671875;0.921875;0.2265625;0.802734375;0.787109375;0.19580078125;0.30859375;0.7734375;0.796875;0.19921875;0.7890625;0.814453125;0.201171875;0.8;0.15625;0.453125;0.765625;0.20703125;0.15234375;0.796875;0.828125;0.20703125;0.828125;0.8125;0.20703125;0.7421875;0.7890625;0.203125;0.3515625;0.78125;0.84375;0.212890625;0.8203125;0.84375;0.2109375;0.8359375;0.859375;0.21484375;0.74609375;0.79296875;0.2021484375;0.3544921875;0.78515625;0.83984375;0.2177734375;0.83984375;0.88671875;0.22265625;0.86328125;0.90625;0.224609375;0.87890625;0.9140625;0.2255859375;0.88671875;0.91796875;0.2265625;0.802734375;0.80859375;0.201171875;0.32666015625;0.79296875;0.81640625;0.20458984375;0.80859375;0.83984375;0.20703125;0.8
31;31;86.13;0.15625;0.421875;0.734375;0.203125;0.14453125;0.78125;0.796875;0.20703125;0.8125;0.796875;0.203125;0.7265625;0.7734375;0.201171875;0.341796875;0.7890625;0.84375;0.21484375;0.828125;0.859375;0.21484375;0.84375;0.8671875;0.216796875;0.7578125;0.80859375;0.205078125;0.3525390625;0.796875;0.8515625;0.21875;0.84765625;0.890625;0.2236328125;0.8671875;0.90625;0.2255859375;0.8828125;0.91796875;0.2265625;0.890625;0.921875;0.2275390625;0.8046875;0.791015625;0.1962890625;0.3095703125;0.7734375;0.798828125;0.19970703125;0.791015625;0.818359375;0.2021484375;0.8;0.15625;0.453125;0.765625;0.20703125;0.15234375;0.796875;0.828125;0.20703125;0.8125;0.8125;0.20703125;0.7421875;0.7890625;0.203125;0.3515625;0.7890625;0.84375;0.212890625;0.8203125;0.8515625;0.212890625;0.8359375;0.8671875;0.216796875;0.75390625;0.80859375;0.2041015625;0.357421875;0.79296875;0.84375;0.21875;0.84375;0.890625;0.2236328125;0.8671875;0.90625;0.2255859375;0.8828125;0.91796875;0.2265625;0.88671875;0.921875;0.2265625;0.8046875;0.8125;0.20166015625;0.32861328125;0.79296875;0.81640625;0.20458984375;0.810546875;0.837890625;0.20703125;0.8
32;32;86.66;0.15625;0.421875;0.734375;0.203125;0.140625;0.78125;0.796875;0.20703125;0.796875;0.796875;0.203125;0.7265625;0.7734375;0.201171875;0.33984375;0.78125;0.84375;0.21484375;0.8203125;0.859375;0.21484375;0.84375;0.875;0.21875;0.75390625;0.8046875;0.2060546875;0.3525390625;0.796875;0.84765625;0.2197265625;0.84765625;0.890625;0.224609375;0.87109375;0.91015625;0.2255859375;0.8828125;0.91796875;0.2265625;0.890625;0.921875;0.2275390625;0.8046875;0.79296875;0.19677734375;0.3095703125;0.775390625;0.80078125;0.2001953125;0.791015625;0.8203125;0.2021484375;0.8;0.15625;0.453125;0.765625;0.20703125;0.15234375;0.796875;0.828125;0.20703125;0.828125;0.8125;0.20703125;0.734375;0.78125;0.203125;0.349609375;0.78125;0.84375;0.212890625;0.8125;0.84375;0.2109375;0.8359375;0.8671875;0.216796875;0.75;0.80078125;0.2041015625;0.35546875;0.7890625;0.84375;0.21875;0.84375;0.890625;0.2236328125;0.8671875;0.90625;0.2255859375;0.8828125;0.91796875;0.2265625;0.88671875;0.921875;0.2265625;0.8046875;0.8125;0.2021484375;0.3291015625;0.794921875;0.8203125;0.20556640625;0.8125;0.841796875;0.20751953125;0.8
33;33;86.9;0.15625;0.421875;0.734375;0.203125;0.140625;0.78125;0.796875;0.20703125;0.8125;0.796875;0.203125;0.7265625;0.7734375;0.203125;0.34375;0.7890625;0.8515625;0.21484375;0.828125;0.859375;0.21484375;0.84375;0.875;0.216796875;0.7578125;0.80078125;0.2041015625;0.353515625;0.796875;0.84765625;0.21875;0.84765625;0.890625;0.2236328125;0.8671875;0.90625;0.224609375;0.8828125;0.91796875;0.2265625;0.88671875;0.921875;0.2275390625;0.802734375;0.7890625;0.19677734375;0.30908203125;0.77734375;0.802734375;0.20068359375;0.79296875;0.822265625;0.20263671875;0.8;0.15625;0.453125;0.765625;0.20703125;0.15234375;0.796875;0.828125;0.20703125;0.828125;0.8125;0.20703125;0.734375;0.78125;0.203125;0.3515625;0.78125;0.84375;0.21484375;0.8203125;0.84375;0.2109375;0.8359375;0.859375;0.216796875;0.75;0.796875;0.2021484375;0.35546875;0.7890625;0.83984375;0.2177734375;0.84375;0.890625;0.2236328125;0.8671875;0.90625;0.224609375;0.8828125;0.9140625;0.2265625;0.88671875;0.91796875;0.2265625;0.8046875;0.810546875;0.201171875;0.3291015625;0.791015625;0.814453125;0.20458984375;0.810546875;0.8359375;0.20654296875;0.8
34;34;86.93;0.15625;0.421875;0.734375;0.203125;0.140625;0.78125;0.796875;0.20703125;0.796875;0.796875;0.203125;0.7265625;0.7734375;0.201171875;0.33984375;0.78125;0.84375;0.21484375;0.828125;0.859375;0.21484375;0.84375;0.875;0.21875;0.7578125;0.8046875;0.205078125;0.3525390625;0.796875;0.84765625;0.2197265625;0.84765625;0.890625;0.2236328125;0.8671875;0.90625;0.2255859375;0.8828125;0.91796875;0.2275390625;0.890625;0.921875;0.2275390625;0.806640625;0.79296875;0.19775390625;0.310546875;0.77734375;0.802734375;0.20068359375;0.79296875;0.8203125;0.20263671875;0.8;0.15625;0.453125;0.765625;0.20703125;0.15234375;0.796875;0.828125;0.20703125;0.828125;0.8125;0.20703125;0.734375;0.78125;0.203125;0.3515625;0.7890625;0.84375;0.212890625;0.8203125;0.8515625;0.212890625;0.8359375;0.8671875;0.216796875;0.75390625;0.80078125;0.2041015625;0.3564453125;0.7890625;0.83984375;0.2177734375;0.84375;0.890625;0.2236328125;0.8671875;0.90625;0.2255859375;0.8828125;0.91796875;0.2265625;0.890625;0.921875;0.2265625;0.806640625;0.814453125;0.2021484375;0.330078125;0.794921875;0.81640625;0.205078125;0.810546875;0.8359375;0.20703125;0.8
35;35;86.15;0.15625;0.421875;0.75;0.203125;0.140625;0.78125;0.796875;0.20703125;0.796875;0.796875;0.203125;0.7265625;0.765625;0.201171875;0.33984375;0.78125;0.84375;0.21484375;0.8203125;0.859375;0.21484375;0.84375;0.8671875;0.21875;0.75390625;0.796875;0.203125;0.3525390625;0.79296875;0.84375;0.21875;0.84765625;0.890625;0.2236328125;0.8671875;0.90625;0.224609375;0.8828125;0.91796875;0.2275390625;0.890625;0.921875;0.2275390625;0.8046875;0.79296875;0.19775390625;0.3095703125;0.775390625;0.80078125;0.20068359375;0.79296875;0.818359375;0.20166015625;0.8;0.15625;0.453125;0.765625;0.20703125;0.1484375;0.796875;0.828125;0.20703125;0.8125;0.8125;0.20703125;0.734375;0.78125;0.201171875;0.349609375;0.78125;0.84375;0.212890625;0.8125;0.8359375;0.208984375;0.828125;0.859375;0.21484375;0.7421875;0.78125;0.2001953125;0.3525390625;0.78515625;0.8359375;0.216796875;0.83984375;0.88671875;0.2236328125;0.86328125;0.90234375;0.2236328125;0.87890625;0.9140625;0.2265625;0.88671875;0.91796875;0.2265625;0.802734375;0.810546875;0.20166015625;0.328125;0.79296875;0.81640625;0.205078125;0.810546875;0.837890625;0.20654296875;0.8
36;36;86.47;0.15625;0.421875;0.734375;0.203125;0.140625;0.78125;0.796875;0.20703125;0.796875;0.78125;0.203125;0.7265625;0.765625;0.201171875;0.33984375;0.78125;0.84375;0.21484375;0.8203125;0.859375;0.21484375;0.8359375;0.8671875;0.216796875;0.75390625;0.796875;0.2021484375;0.3505859375;0.79296875;0.84765625;0.21875;0.84765625;0.890625;0.2236328125;0.8671875;0.90625;0.2255859375;0.8828125;0.91796875;0.2275390625;0.890625;0.921875;0.2275390625;0.8046875;0.79296875;0.197265625;0.3095703125;0.7734375;0.798828125;0.2001953125;0.7890625;0.81640625;0.20166015625;0.8;0.15625;0.453125;0.765625;0.20703125;0.15234375;0.796875;0.828125;0.2109375;0.8125;0.8125;0.20703125;0.734375;0.78125;0.203125;0.3515625;0.7890625;0.84375;0.21484375;0.8203125;0.8515625;0.212890625;0.8359375;0.859375;0.21484375;0.75;0.79296875;0.2021484375;0.35546875;0.7890625;0.83984375;0.2177734375;0.83984375;0.88671875;0.2236328125;0.86328125;0.90625;0.224609375;0.8828125;0.9140625;0.2265625;0.88671875;0.91796875;0.2265625;0.802734375;0.80859375;0.201171875;0.328125;0.791015625;0.8125;0.2041015625;0.806640625;0.833984375;0.2060546875;0.8
37;37;87.27;0.15625;0.421875;0.734375;0.203125;0.140625;0.78125;0.796875;0.20703125;0.8125;0.796875;0.203125;0.7265625;0.7734375;0.203125;0.341796875;0.7890625;0.8515625;0.216796875;0.8203125;0.859375;0.21484375;0.84375;0.8671875;0.21875;0.75390625;0.80078125;0.2041015625;0.353515625;0.796875;0.84765625;0.2197265625;0.84375;0.890625;0.224609375;0.8671875;0.90625;0.2255859375;0.8828125;0.91796875;0.2275390625;0.890625;0.921875;0.2275390625;0.8046875;0.7890625;0.19677734375;0.3095703125;0.775390625;0.802734375;0.201171875;0.79296875;0.8203125;0.203125;0.8;0.15625;0.453125;0.765625;0.20703125;0.15234375;0.796875;0.828125;0.20703125;0.8125;0.8125;0.20703125;0.734375;0.78125;0.203125;0.3515625;0.78125;0.84375;0.21484375;0.8203125;0.84375;0.2109375;0.8359375;0.859375;0.216796875;0.74609375;0.7890625;0.2021484375;0.35546875;0.78515625;0.83984375;0.2177734375;0.83984375;0.890625;0.2236328125;0.8671875;0.90625;0.224609375;0.8828125;0.91796875;0.2265625;0.88671875;0.921875;0.2265625;0.8046875;0.8125;0.20166015625;0.3291015625;0.79296875;0.81640625;0.205078125;0.810546875;0.8359375;0.20654296875;0.8
38;38;86.9;0.15625;0.421875;0.734375;0.203125;0.140625;0.78125;0.796875;0.20703125;0.796875;0.796875;0.203125;0.7265625;0.7734375;0.203125;0.341796875;0.7890625;0.84375;0.21484375;0.8203125;0.859375;0.21484375;0.8359375;0.8671875;0.216796875;0.75390625;0.796875;0.203125;0.3515625;0.79296875;0.84765625;0.2197265625;0.84375;0.890625;0.2236328125;0.8671875;0.90625;0.2255859375;0.8828125;0.91796875;0.2275390625;0.890625;0.921875;0.2275390625;0.8046875;0.791015625;0.19677734375;0.30908203125;0.7734375;0.796875;0.2001953125;0.7890625;0.8125;0.201171875;0.8;0.15625;0.453125;0.765625;0.20703125;0.15234375;0.796875;0.828125;0.20703125;0.8125;0.8125;0.20703125;0.734375;0.78125;0.201171875;0.349609375;0.78125;0.84375;0.21484375;0.8203125;0.84375;0.212890625;0.8359375;0.859375;0.216796875;0.74609375;0.79296875;0.2021484375;0.35546875;0.78515625;0.83984375;0.2177734375;0.83984375;0.88671875;0.2236328125;0.8671875;0.90625;0.2255859375;0.8828125;0.91796875;0.2265625;0.88671875;0.921875;0.2265625;0.8046875;0.810546875;0.201171875;0.3291015625;0.791015625;0.8125;0.20458984375;0.80859375;0.83203125;0.2060546875;0.8
39;39;86.77;0.15625;0.421875;0.75;0.20703125;0.14453125;0.78125;0.796875;0.20703125;0.8125;0.796875;0.203125;0.7265625;0.7734375;0.203125;0.34375;0.7890625;0.8515625;0.216796875;0.828125;0.859375;0.21484375;0.84375;0.875;0.21875;0.7578125;0.8046875;0.205078125;0.35546875;0.80078125;0.8515625;0.2197265625;0.84765625;0.890625;0.224609375;0.87109375;0.91015625;0.2255859375;0.8828125;0.91796875;0.2275390625;0.890625;0.921875;0.2275390625;0.806640625;0.791015625;0.197265625;0.31201171875;0.7734375;0.796875;0.19970703125;0.787109375;0.8125;0.20068359375;0.8;0.15625;0.453125;0.765625;0.20703125;0.15234375;0.796875;0.828125;0.20703125;0.828125;0.8125;0.20703125;0.734375;0.78125;0.201171875;0.3515625;0.78125;0.84375;0.212890625;0.8203125;0.8515625;0.212890625;0.8359375;0.859375;0.216796875;0.74609375;0.79296875;0.2021484375;0.3544921875;0.78515625;0.83984375;0.2177734375;0.83984375;0.88671875;0.2236328125;0.86328125;0.90625;0.224609375;0.8828125;0.9140625;0.2265625;0.88671875;0.91796875;0.2265625;0.8046875;0.810546875;0.20166015625;0.32861328125;0.79296875;0.81640625;0.205078125;0.810546875;0.8359375;0.20654296875;0.8
40;40;87.56;0.15625;0.421875;0.734375;0.203125;0.140625;0.78125;0.796875;0.20703125;0.8125;0.78125;0.203125;0.7265625;0.765625;0.201171875;0.341796875;0.7890625;0.84375;0.21484375;0.8203125;0.859375;0.21484375;0.84375;0.8671875;0.216796875;0.75390625;0.796875;0.2041015625;0.3505859375;0.79296875;0.84375;0.21875;0.84375;0.88671875;0.2236328125;0.8671875;0.90625;0.2255859375;0.8828125;0.9140625;0.2275390625;0.88671875;0.921875;0.2275390625;0.802734375;0.787109375;0.19580078125;0.30908203125;0.76953125;0.794921875;0.19970703125;0.787109375;0.8125;0.201171875;0.8;0.15625;0.453125;0.765625;0.20703125;0.15234375;0.796875;0.828125;0.2109375;0.828125;0.8125;0.20703125;0.734375;0.78125;0.203125;0.3515625;0.7890625;0.84375;0.21484375;0.8203125;0.8515625;0.212890625;0.8359375;0.859375;0.216796875;0.75;0.796875;0.203125;0.35546875;0.7890625;0.83984375;0.2177734375;0.83984375;0.890625;0.2236328125;0.8671875;0.90625;0.2255859375;0.8828125;0.91796875;0.2265625;0.890625;0.921875;0.2265625;0.8046875;0.810546875;0.20166015625;0.32958984375;0.79296875;0.81640625;0.205078125;0.80859375;0.833984375;0.2060546875;0.8
41;41;87.27;0.15625;0.421875;0.75;0.20703125;0.14453125;0.78125;0.796875;0.20703125;0.8125;0.796875;0.20703125;0.7265625;0.78125;0.205078125;0.34375;0.7890625;0.8515625;0.216796875;0.828125;0.859375;0.216796875;0.84375;0.875;0.21875;0.76171875;0.80859375;0.2060546875;0.3544921875;0.80078125;0.84765625;0.2197265625;0.84765625;0.890625;0.224609375;0.8671875;0.90625;0.2255859375;0.8828125;0.91796875;0.2275390625;0.890625;0.921875;0.2275390625;0.8046875;0.791015625;0.19677734375;0.31103515625;0.7734375;0.798828125;0.19970703125;0.787109375;0.814453125;0.201171875;0.8;0.15625;0.453125;0.765625;0.20703125;0.15234375;0.796875;0.8125;0.20703125;0.828125;0.8125;0.20703125;0.734375;0.78125;0.203125;0.3515625;0.7890625;0.8515625;0.21484375;0.8203125;0.859375;0.21484375;0.84375;0.8671875;0.216796875;0.7578125;0.80859375;0.2060546875;0.359375;0.79296875;0.84375;0.21875;0.84375;0.890625;0.224609375;0.8671875;0.91015625;0.2255859375;0.88671875;0.91796875;0.2275390625;0.890625;0.921875;0.2275390625;0.80859375;0.81640625;0.20263671875;0.33154296875;0.794921875;0.81640625;0.205078125;0.810546875;0.833984375;0.2060546875;0.8
42;42;87.09;0.15625;0.421875;0.734375;0.20703125;0.14453125;0.78125;0.796875;0.20703125;0.8125;0.796875;0.203125;0.7265625;0.7734375;0.203125;0.341796875;0.7890625;0.84375;0.21484375;0.828125;0.859375;0.21484375;0.84375;0.8671875;0.216796875;0.75390625;0.796875;0.2041015625;0.3515625;0.796875;0.84765625;0.2197265625;0.84765625;0.890625;0.224609375;0.8671875;0.90625;0.2255859375;0.8828125;0.91796875;0.2275390625;0.890625;0.921875;0.2275390625;0.806640625;0.79296875;0.19775390625;0.3115234375;0.77734375;0.80078125;0.20166015625;0.79296875;0.81640625;0.20166015625;0.8;0.15625;0.453125;0.765625;0.20703125;0.15234375;0.796875;0.828125;0.20703125;0.828125;0.8125;0.20703125;0.734375;0.78125;0.201171875;0.349609375;0.78125;0.84375;0.212890625;0.8125;0.84375;0.2109375;0.8359375;0.859375;0.21484375;0.7421875;0.78515625;0.2021484375;0.3525390625;0.78515625;0.8359375;0.2177734375;0.83984375;0.88671875;0.2236328125;0.86328125;0.90625;0.224609375;0.8828125;0.9140625;0.2265625;0.88671875;0.91796875;0.2265625;0.8046875;0.810546875;0.2021484375;0.3291015625;0.79296875;0.814453125;0.205078125;0.80859375;0.83203125;0.2060546875;0.8
43;43;87.72;0.15625;0.421875;0.734375;0.203125;0.140625;0.78125;0.796875;0.20703125;0.8125;0.796875;0.203125;0.7265625;0.765625;0.203125;0.341796875;0.78125;0.84375;0.21484375;0.8203125;0.859375;0.21484375;0.84375;0.8671875;0.216796875;0.75390625;0.79296875;0.203125;0.349609375;0.7890625;0.84375;0.2197265625;0.84375;0.890625;0.224609375;0.8671875;0.90625;0.2255859375;0.8828125;0.91796875;0.2275390625;0.88671875;0.921875;0.2275390625;0.802734375;0.78515625;0.1953125;0.30908203125;0.76953125;0.794921875;0.19970703125;0.78515625;0.8125;0.201171875;0.8;0.15625;0.453125;0.765625;0.20703125;0.15234375;0.8125;0.828125;0.2109375;0.828125;0.8125;0.20703125;0.734375;0.78125;0.203125;0.3515625;0.7890625;0.84375;0.21484375;0.8203125;0.84375;0.2109375;0.8359375;0.859375;0.21484375;0.74609375;0.7890625;0.2021484375;0.353515625;0.78515625;0.83984375;0.21875;0.83984375;0.88671875;0.2236328125;0.8671875;0.90625;0.2255859375;0.8828125;0.91796875;0.2265625;0.890625;0.921875;0.2265625;0.8046875;0.810546875;0.20166015625;0.330078125;0.79296875;0.81640625;0.205078125;0.80859375;0.833984375;0.20654296875;0.8
44;44;87.47;0.15625;0.40625;0.734375;0.203125;0.140625;0.78125;0.796875;0.20703125;0.8125;0.796875;0.203125;0.71875;0.765625;0.201171875;0.341796875;0.7890625;0.84375;0.21484375;0.8203125;0.859375;0.21484375;0.84375;0.8671875;0.216796875;0.75390625;0.796875;0.203125;0.3505859375;0.79296875;0.84765625;0.2197265625;0.84765625;0.890625;0.224609375;0.8671875;0.90625;0.2255859375;0.8828125;0.91796875;0.2275390625;0.890625;0.921875;0.2275390625;0.8046875;0.7890625;0.1962890625;0.31005859375;0.771484375;0.794921875;0.19970703125;0.787109375;0.8125;0.20068359375;0.8;0.15625;0.453125;0.75;0.20703125;0.15234375;0.796875;0.8125;0.20703125;0.828125;0.8125;0.20703125;0.734375;0.7734375;0.201171875;0.3515625;0.78125;0.84375;0.21484375;0.8203125;0.84375;0.212890625;0.8359375;0.859375;0.216796875;0.74609375;0.7890625;0.2021484375;0.353515625;0.78515625;0.83984375;0.2177734375;0.83984375;0.88671875;0.2236328125;0.8671875;0.90625;0.2255859375;0.8828125;0.91796875;0.2265625;0.88671875;0.921875;0.2265625;0.8046875;0.8125;0.2021484375;0.32958984375;0.794921875;0.81640625;0.205078125;0.80859375;0.83203125;0.20654296875;0.8
45;45;87.81;0.15625;0.421875;0.734375;0.203125;0.140625;0.78125;0.796875;0.20703125;0.8125;0.796875;0.203125;0.7265625;0.7734375;0.203125;0.34375;0.7890625;0.8515625;0.216796875;0.828125;0.8671875;0.216796875;0.84375;0.875;0.21875;0.7578125;0.8046875;0.205078125;0.353515625;0.796875;0.84765625;0.2197265625;0.84765625;0.890625;0.224609375;0.8671875;0.90625;0.2255859375;0.8828125;0.91796875;0.2275390625;0.890625;0.921875;0.2275390625;0.806640625;0.791015625;0.19677734375;0.31103515625;0.7734375;0.798828125;0.201171875;0.7890625;0.8125;0.20068359375;0.8;0.15625;0.453125;0.75;0.20703125;0.15234375;0.796875;0.8125;0.20703125;0.828125;0.796875;0.20703125;0.734375;0.78125;0.201171875;0.349609375;0.78125;0.84375;0.21484375;0.8203125;0.84375;0.212890625;0.8359375;0.8671875;0.216796875;0.74609375;0.79296875;0.203125;0.3544921875;0.78515625;0.83984375;0.2177734375;0.84375;0.88671875;0.2236328125;0.8671875;0.90625;0.2255859375;0.8828125;0.91796875;0.2265625;0.890625;0.921875;0.2265625;0.806640625;0.814453125;0.20263671875;0.33056640625;0.794921875;0.81640625;0.20556640625;0.80859375;0.83203125;0.2060546875;0.8
46;46;87.34;0.15625;0.40625;0.734375;0.203125;0.140625;0.765625;0.796875;0.20703125;0.796875;0.78125;0.203125;0.71875;0.765625;0.201171875;0.33984375;0.78125;0.84375;0.216796875;0.8203125;0.859375;0.21484375;0.84375;0.8671875;0.21875;0.75390625;0.796875;0.203125;0.349609375;0.79296875;0.84375;0.2197265625;0.84375;0.890625;0.224609375;0.8671875;0.90625;0.2255859375;0.8828125;0.91796875;0.2275390625;0.890625;0.921875;0.2275390625;0.806640625;0.79296875;0.19775390625;0.3095703125;0.7734375;0.802734375;0.201171875;0.7890625;0.8125;0.20068359375;0.8;0.15625;0.453125;0.75;0.20703125;0.15234375;0.796875;0.828125;0.2109375;0.828125;0.796875;0.20703125;0.734375;0.78125;0.203125;0.3515625;0.78125;0.84375;0.21484375;0.8203125;0.8515625;0.212890625;0.8359375;0.8671875;0.216796875;0.75;0.79296875;0.203125;0.35546875;0.78515625;0.83984375;0.21875;0.84375;0.88671875;0.2236328125;0.8671875;0.90625;0.2255859375;0.8828125;0.91796875;0.2265625;0.890625;0.921875;0.2275390625;0.806640625;0.814453125;0.20263671875;0.33056640625;0.794921875;0.818359375;0.20556640625;0.80859375;0.83203125;0.20654296875;0.8
47;47;87.71;0.15625;0.421875;0.734375;0.203125;0.14453125;0.78125;0.796875;0.20703125;0.8125;0.796875;0.203125;0.7265625;0.7734375;0.203125;0.34375;0.7890625;0.8515625;0.216796875;0.828125;0.859375;0.216796875;0.84375;0.8671875;0.21875;0.75390625;0.796875;0.2041015625;0.353515625;0.79296875;0.84765625;0.2197265625;0.84765625;0.890625;0.224609375;0.8671875;0.90625;0.2255859375;0.8828125;0.91796875;0.2275390625;0.890625;0.921875;0.2275390625;0.806640625;0.79296875;0.197265625;0.3115234375;0.77734375;0.80078125;0.201171875;0.791015625;0.8125;0.201171875;0.8;0.15625;0.453125;0.75;0.20703125;0.1484375;0.796875;0.828125;0.2109375;0.828125;0.8125;0.20703125;0.734375;0.78125;0.201171875;0.3515625;0.78125;0.84375;0.21484375;0.8203125;0.84375;0.212890625;0.8359375;0.859375;0.216796875;0.74609375;0.7890625;0.2021484375;0.3544921875;0.78515625;0.8359375;0.21875;0.84375;0.88671875;0.2236328125;0.8671875;0.90625;0.2255859375;0.8828125;0.91796875;0.2265625;0.890625;0.921875;0.2265625;0.806640625;0.8125;0.2021484375;0.330078125;0.79296875;0.814453125;0.205078125;0.806640625;0.828125;0.205078125;0.8
48;48;87.24;0.15625;0.40625;0.734375;0.203125;0.140625;0.78125;0.796875;0.20703125;0.796875;0.78125;0.203125;0.71875;0.765625;0.201171875;0.33984375;0.78125;0.84375;0.21484375;0.8203125;0.859375;0.21484375;0.8359375;0.8671875;0.21875;0.75390625;0.796875;0.2041015625;0.3486328125;0.79296875;0.84375;0.21875;0.84375;0.890625;0.2236328125;0.8671875;0.90625;0.2255859375;0.8828125;0.91796875;0.2275390625;0.88671875;0.921875;0.2275390625;0.8046875;0.787109375;0.19580078125;0.30908203125;0.76953125;0.794921875;0.19970703125;0.78515625;0.8046875;0.19970703125;0.8;0.15625;0.453125;0.75;0.20703125;0.15234375;0.796875;0.828125;0.2109375;0.828125;0.8125;0.20703125;0.734375;0.7734375;0.201171875;0.3515625;0.78125;0.84375;0.21484375;0.8125;0.84375;0.212890625;0.8359375;0.859375;0.216796875;0.74609375;0.7890625;0.2021484375;0.353515625;0.78515625;0.8359375;0.21875;0.83984375;0.88671875;0.2236328125;0.8671875;0.90625;0.2255859375;0.8828125;0.91796875;0.2265625;0.890625;0.921875;0.2265625;0.806640625;0.8125;0.2021484375;0.330078125;0.791015625;0.814453125;0.20458984375;0.806640625;0.830078125;0.20556640625;0.8
49;49;87.93;0.15625;0.421875;0.734375;0.203125;0.140625;0.78125;0.796875;0.20703125;0.8125;0.78125;0.203125;0.7265625;0.765625;0.203125;0.341796875;0.7890625;0.84375;0.21484375;0.8203125;0.859375;0.21484375;0.84375;0.8671875;0.216796875;0.75390625;0.79296875;0.203125;0.3505859375;0.7890625;0.84375;0.21875;0.84375;0.890625;0.224609375;0.8671875;0.90625;0.2255859375;0.8828125;0.91796875;0.2275390625;0.890625;0.921875;0.2275390625;0.806640625;0.79296875;0.19677734375;0.31103515625;0.771484375;0.796875;0.2001953125;0.787109375;0.806640625;0.2001953125;0.8;0.15625;0.453125;0.75;0.20703125;0.15234375;0.796875;0.828125;0.20703125;0.828125;0.796875;0.20703125;0.734375;0.7734375;0.201171875;0.349609375;0.78125;0.84375;0.21484375;0.8125;0.84375;0.2109375;0.828125;0.859375;0.21484375;0.7421875;0.78125;0.201171875;0.3515625;0.78125;0.8359375;0.2177734375;0.83984375;0.88671875;0.2236328125;0.86328125;0.90625;0.224609375;0.8828125;0.91796875;0.2265625;0.890625;0.921875;0.2265625;0.8046875;0.8125;0.2021484375;0.32958984375;0.791015625;0.814453125;0.205078125;0.806640625;0.830078125;0.2060546875;0.8
50;50;88.07;0.15625;0.421875;0.734375;0.203125;0.140625;0.78125;0.796875;0.20703125;0.8125;0.78125;0.203125;0.7265625;0.7734375;0.203125;0.341796875;0.7890625;0.8515625;0.216796875;0.8203125;0.859375;0.216796875;0.84375;0.8671875;0.21875;0.75390625;0.796875;0.2041015625;0.3515625;0.79296875;0.84765625;0.2197265625;0.84765625;0.890625;0.224609375;0.8671875;0.90625;0.2255859375;0.8828125;0.91796875;0.2275390625;0.890625;0.921875;0.2275390625;0.806640625;0.79296875;0.197265625;0.31103515625;0.771484375;0.796875;0.20068359375;0.787109375;0.80859375;0.20068359375;0.8;0.15625;0.453125;0.75;0.20703125;0.15234375;0.796875;0.8125;0.20703125;0.828125;0.796875;0.20703125;0.734375;0.7734375;0.201171875;0.349609375;0.78125;0.84375;0.21484375;0.8125;0.84375;0.212890625;0.8359375;0.859375;0.216796875;0.74609375;0.78515625;0.2021484375;0.353515625;0.78125;0.8359375;0.2177734375;0.83984375;0.88671875;0.2236328125;0.86328125;0.90234375;0.224609375;0.8828125;0.91796875;0.2265625;0.88671875;0.921875;0.2265625;0.8046875;0.8125;0.20166015625;0.3291015625;0.791015625;0.810546875;0.20458984375;0.8046875;0.826171875;0.20556640625;0.8
51;51;87.76;0.15625;0.421875;0.734375;0.203125;0.14453125;0.78125;0.796875;0.20703125;0.8125;0.78125;0.203125;0.7265625;0.765625;0.201171875;0.341796875;0.7890625;0.8515625;0.21484375;0.8203125;0.859375;0.21484375;0.8359375;0.8671875;0.216796875;0.75390625;0.79296875;0.203125;0.349609375;0.79296875;0.84765625;0.2197265625;0.84375;0.890625;0.224609375;0.87109375;0.90625;0.2255859375;0.8828125;0.91796875;0.2275390625;0.890625;0.921875;0.2275390625;0.806640625;0.79296875;0.19775390625;0.31103515625;0.7734375;0.798828125;0.201171875;0.787109375;0.806640625;0.19970703125;0.8;0.15625;0.453125;0.765625;0.20703125;0.1484375;0.796875;0.8125;0.20703125;0.8125;0.796875;0.203125;0.7265625;0.765625;0.19921875;0.34765625;0.7734375;0.8359375;0.212890625;0.8046875;0.828125;0.208984375;0.8203125;0.8515625;0.212890625;0.734375;0.76953125;0.19921875;0.3466796875;0.77734375;0.8359375;0.2177734375;0.8359375;0.88671875;0.2236328125;0.86328125;0.90234375;0.224609375;0.87890625;0.9140625;0.2265625;0.88671875;0.91796875;0.2265625;0.8046875;0.8125;0.20166015625;0.32861328125;0.791015625;0.8125;0.20458984375;0.8046875;0.826171875;0.205078125;0.8
52;52;88.35;0.15625;0.421875;0.734375;0.203125;0.14453125;0.78125;0.796875;0.20703125;0.8125;0.796875;0.203125;0.7265625;0.7734375;0.203125;0.34375;0.7890625;0.8515625;0.216796875;0.8203125;0.859375;0.216796875;0.84375;0.8671875;0.216796875;0.75390625;0.79296875;0.203125;0.3515625;0.79296875;0.84375;0.2197265625;0.84765625;0.890625;0.224609375;0.8671875;0.90625;0.2255859375;0.8828125;0.91796875;0.2275390625;0.890625;0.921875;0.2275390625;0.806640625;0.79296875;0.197265625;0.3115234375;0.7734375;0.796875;0.2001953125;0.787109375;0.80859375;0.201171875;0.8;0.15625;0.453125;0.765625;0.20703125;0.15234375;0.796875;0.8125;0.20703125;0.828125;0.796875;0.20703125;0.734375;0.7734375;0.201171875;0.349609375;0.78125;0.84375;0.212890625;0.8125;0.84375;0.212890625;0.8359375;0.859375;0.216796875;0.74609375;0.78515625;0.201171875;0.3525390625;0.78125;0.8359375;0.2177734375;0.83984375;0.88671875;0.2236328125;0.8671875;0.90625;0.224609375;0.8828125;0.91796875;0.2265625;0.890625;0.921875;0.2265625;0.806640625;0.8125;0.2021484375;0.330078125;0.791015625;0.8125;0.20458984375;0.8046875;0.82421875;0.205078125;0.8
53;53;88.5;0.15625;0.421875;0.734375;0.203125;0.14453125;0.78125;0.796875;0.20703125;0.8125;0.78125;0.203125;0.7265625;0.7734375;0.203125;0.341796875;0.7890625;0.8515625;0.216796875;0.828125;0.859375;0.216796875;0.84375;0.875;0.21875;0.7578125;0.8046875;0.2060546875;0.3525390625;0.796875;0.84765625;0.220703125;0.84765625;0.890625;0.224609375;0.87109375;0.91015625;0.2265625;0.8828125;0.91796875;0.2275390625;0.890625;0.921875;0.2275390625;0.80859375;0.794921875;0.197265625;0.3115234375;0.7734375;0.796875;0.2001953125;0.78515625;0.80859375;0.2001953125;0.8;0.15625;0.453125;0.75;0.20703125;0.15234375;0.796875;0.828125;0.20703125;0.828125;0.8125;0.20703125;0.7421875;0.78125;0.203125;0.3515625;0.7890625;0.8515625;0.21484375;0.8203125;0.8515625;0.21484375;0.84375;0.8671875;0.216796875;0.75390625;0.80078125;0.205078125;0.357421875;0.7890625;0.83984375;0.21875;0.84375;0.890625;0.224609375;0.8671875;0.90625;0.2255859375;0.8828125;0.91796875;0.2275390625;0.890625;0.921875;0.2275390625;0.806640625;0.814453125;0.2021484375;0.3310546875;0.791015625;0.8125;0.20458984375;0.8046875;0.82421875;0.205078125;0.8
54;54;88.43;0.15625;0.421875;0.734375;0.203125;0.14453125;0.78125;0.796875;0.20703125;0.8125;0.796875;0.203125;0.734375;0.7734375;0.203125;0.345703125;0.7890625;0.8515625;0.216796875;0.828125;0.859375;0.216796875;0.84375;0.8671875;0.21875;0.7578125;0.8046875;0.2060546875;0.3525390625;0.796875;0.84765625;0.220703125;0.84765625;0.890625;0.224609375;0.87109375;0.91015625;0.2265625;0.88671875;0.91796875;0.228515625;0.890625;0.921875;0.228515625;0.810546875;0.794921875;0.1982421875;0.31201171875;0.775390625;0.80078125;0.20068359375;0.7890625;0.810546875;0.201171875;0.8;0.15625;0.453125;0.75;0.20703125;0.15234375;0.796875;0.828125;0.2109375;0.828125;0.8125;0.20703125;0.734375;0.7734375;0.201171875;0.3515625;0.78125;0.84375;0.21484375;0.8203125;0.84375;0.212890625;0.8359375;0.859375;0.21484375;0.74609375;0.79296875;0.203125;0.353515625;0.78515625;0.8359375;0.21875;0.83984375;0.88671875;0.2236328125;0.8671875;0.90625;0.2255859375;0.8828125;0.91796875;0.2275390625;0.890625;0.921875;0.2275390625;0.806640625;0.814453125;0.2021484375;0.33056640625;0.791015625;0.810546875;0.20458984375;0.8046875;0.82421875;0.205078125;0.8
55;55;88.44;0.15625;0.40625;0.734375;0.203125;0.140625;0.78125;0.796875;0.20703125;0.8125;0.78125;0.203125;0.7265625;0.765625;0.201171875;0.341796875;0.78125;0.84375;0.216796875;0.8203125;0.859375;0.216796875;0.84375;0.8671875;0.216796875;0.75390625;0.796875;0.205078125;0.349609375;0.79296875;0.84375;0.2197265625;0.84765625;0.890625;0.224609375;0.8671875;0.90625;0.2255859375;0.8828125;0.91796875;0.2275390625;0.890625;0.921875;0.2275390625;0.806640625;0.791015625;0.19677734375;0.31005859375;0.76953125;0.79296875;0.19921875;0.783203125;0.802734375;0.19970703125;0.8;0.15625;0.453125;0.75;0.20703125;0.15234375;0.8125;0.828125;0.2109375;0.828125;0.8125;0.20703125;0.7421875;0.78125;0.201171875;0.3515625;0.78125;0.84375;0.21484375;0.8203125;0.84375;0.212890625;0.8359375;0.859375;0.216796875;0.75;0.79296875;0.203125;0.3544921875;0.78515625;0.83984375;0.21875;0.84375;0.88671875;0.224609375;0.8671875;0.90625;0.2255859375;0.8828125;0.91796875;0.2275390625;0.890625;0.921875;0.2275390625;0.80859375;0.81640625;0.20263671875;0.3310546875;0.79296875;0.8125;0.20458984375;0.806640625;0.826171875;0.205078125;0.8
56;56;88.85;0.15625;0.421875;0.734375;0.203125;0.14453125;0.78125;0.796875;0.20703125;0.8125;0.78125;0.203125;0.7265625;0.7734375;0.203125;0.34375;0.7890625;0.84375;0.21484375;0.8203125;0.8515625;0.21484375;0.8359375;0.8671875;0.216796875;0.75390625;0.79296875;0.203125;0.349609375;0.79296875;0.84765625;0.2197265625;0.84375;0.890625;0.224609375;0.8671875;0.90625;0.2255859375;0.8828125;0.91796875;0.2275390625;0.890625;0.921875;0.2275390625;0.806640625;0.79296875;0.197265625;0.310546875;0.771484375;0.79296875;0.19970703125;0.78515625;0.8046875;0.19970703125;0.8;0.15625;0.453125;0.75;0.20703125;0.15234375;0.796875;0.828125;0.20703125;0.828125;0.796875;0.20703125;0.734375;0.7734375;0.201171875;0.349609375;0.78125;0.84375;0.212890625;0.8125;0.8359375;0.2109375;0.828125;0.8515625;0.21484375;0.7421875;0.78125;0.201171875;0.3515625;0.78125;0.8359375;0.2177734375;0.83984375;0.88671875;0.2236328125;0.86328125;0.90625;0.224609375;0.8828125;0.9140625;0.2265625;0.88671875;0.921875;0.2265625;0.8046875;0.810546875;0.201171875;0.3291015625;0.787109375;0.806640625;0.20361328125;0.80078125;0.8203125;0.20458984375;0.8
57;57;88.55;0.15625;0.40625;0.71875;0.203125;0.140625;0.78125;0.796875;0.203125;0.796875;0.78125;0.203125;0.7265625;0.765625;0.201171875;0.33984375;0.78125;0.84375;0.21484375;0.8203125;0.859375;0.21484375;0.8359375;0.8671875;0.216796875;0.75;0.796875;0.2041015625;0.34765625;0.7890625;0.84375;0.2197265625;0.84375;0.890625;0.224609375;0.8671875;0.90625;0.2255859375;0.8828125;0.91796875;0.2275390625;0.890625;0.921875;0.2275390625;0.806640625;0.794921875;0.197265625;0.3115234375;0.7734375;0.796875;0.2001953125;0.787109375;0.8046875;0.19970703125;0.8;0.15625;0.453125;0.75;0.20703125;0.15234375;0.796875;0.828125;0.20703125;0.828125;0.8125;0.20703125;0.734375;0.7734375;0.201171875;0.3515625;0.78125;0.84375;0.21484375;0.8203125;0.84375;0.212890625;0.8359375;0.859375;0.216796875;0.74609375;0.79296875;0.203125;0.3544921875;0.78515625;0.8359375;0.21875;0.83984375;0.88671875;0.2236328125;0.8671875;0.90625;0.2255859375;0.8828125;0.91796875;0.2275390625;0.890625;0.921875;0.2275390625;0.806640625;0.814453125;0.2021484375;0.33056640625;0.791015625;0.8125;0.20458984375;0.8046875;0.826171875;0.20556640625;0.8
58;58;88.89;0.15625;0.421875;0.734375;0.203125;0.14453125;0.78125;0.796875;0.20703125;0.8125;0.78125;0.203125;0.7265625;0.765625;0.201171875;0.341796875;0.78125;0.84375;0.21484375;0.8203125;0.859375;0.21484375;0.8359375;0.8671875;0.216796875;0.75;0.796875;0.2041015625;0.34765625;0.79296875;0.84375;0.2197265625;0.84375;0.88671875;0.224609375;0.8671875;0.90625;0.2255859375;0.8828125;0.91796875;0.2275390625;0.890625;0.921875;0.2275390625;0.8046875;0.791015625;0.1962890625;0.31103515625;0.76953125;0.791015625;0.19921875;0.783203125;0.80078125;0.19873046875;0.8;0.15625;0.453125;0.75;0.20703125;0.15234375;0.796875;0.828125;0.20703125;0.828125;0.8125;0.20703125;0.734375;0.7734375;0.201171875;0.3515625;0.78125;0.84375;0.212890625;0.8203125;0.84375;0.212890625;0.8359375;0.859375;0.216796875;0.74609375;0.7890625;0.203125;0.353515625;0.78515625;0.83984375;0.21875;0.84375;0.88671875;0.224609375;0.8671875;0.90625;0.2255859375;0.8828125;0.91796875;0.2275390625;0.890625;0.921875;0.2275390625;0.80859375;0.814453125;0.20263671875;0.3310546875;0.79296875;0.814453125;0.205078125;0.806640625;0.82421875;0.205078125;0.8
59;59;88.91;0.15625;0.421875;0.734375;0.203125;0.140625;0.78125;0.796875;0.20703125;0.8125;0.78125;0.203125;0.7265625;0.7734375;0.203125;0.34375;0.7890625;0.8515625;0.216796875;0.828125;0.859375;0.216796875;0.84375;0.8671875;0.21875;0.75390625;0.80078125;0.205078125;0.3515625;0.796875;0.84375;0.2197265625;0.84765625;0.890625;0.224609375;0.8671875;0.90625;0.2255859375;0.8828125;0.91796875;0.2275390625;0.890625;0.921875;0.2275390625;0.806640625;0.79296875;0.197265625;0.3115234375;0.771484375;0.794921875;0.19970703125;0.78515625;0.80078125;0.19873046875;0.8;0.15625;0.453125;0.75;0.20703125;0.15234375;0.796875;0.828125;0.2109375;0.828125;0.8125;0.20703125;0.7421875;0.7734375;0.203125;0.3515625;0.78125;0.84375;0.21484375;0.8203125;0.84375;0.212890625;0.8359375;0.859375;0.216796875;0.74609375;0.7890625;0.203125;0.353515625;0.78515625;0.83984375;0.21875;0.83984375;0.88671875;0.2236328125;0.8671875;0.90625;0.2255859375;0.8828125;0.91796875;0.2275390625;0.890625;0.921875;0.2275390625;0.806640625;0.814453125;0.20263671875;0.33056640625;0.79296875;0.8125;0.20458984375;0.806640625;0.82421875;0.205078125;0.8
60;60;88.05;0.15625;0.421875;0.734375;0.203125;0.14453125;0.78125;0.796875;0.20703125;0.8125;0.78125;0.203125;0.7265625;0.7734375;0.203125;0.341796875;0.78125;0.84375;0.21484375;0.8203125;0.8515625;0.21484375;0.84375;0.8671875;0.216796875;0.75390625;0.796875;0.2041015625;0.349609375;0.79296875;0.84765625;0.2197265625;0.84375;0.88671875;0.224609375;0.8671875;0.90625;0.2255859375;0.8828125;0.91796875;0.2275390625;0.890625;0.921875;0.2275390625;0.806640625;0.791015625;0.19677734375;0.31103515625;0.76953125;0.79296875;0.2001953125;0.78515625;0.8046875;0.20068359375;0.8;0.15625;0.453125;0.75;0.20703125;0.15234375;0.796875;0.828125;0.2109375;0.828125;0.8125;0.20703125;0.734375;0.7734375;0.201171875;0.3515625;0.78125;0.84375;0.21484375;0.8203125;0.84375;0.212890625;0.8359375;0.859375;0.216796875;0.75;0.79296875;0.203125;0.3544921875;0.78515625;0.8359375;0.21875;0.83984375;0.88671875;0.2236328125;0.8671875;0.90625;0.2255859375;0.8828125;0.91796875;0.2275390625;0.890625;0.921875;0.2275390625;0.80859375;0.814453125;0.2021484375;0.3310546875;0.791015625;0.810546875;0.20458984375;0.8046875;0.82421875;0.20556640625;0.8
61;61;88.89;0.15625;0.40625;0.734375;0.203125;0.140625;0.78125;0.796875;0.20703125;0.8125;0.78125;0.203125;0.7265625;0.765625;0.201171875;0.33984375;0.78125;0.84375;0.21484375;0.8203125;0.859375;0.21484375;0.8359375;0.8671875;0.21875;0.75;0.79296875;0.2041015625;0.3486328125;0.7890625;0.83984375;0.21875;0.84375;0.88671875;0.2236328125;0.8671875;0.90625;0.2255859375;0.8828125;0.91796875;0.2275390625;0.890625;0.921875;0.2275390625;0.806640625;0.79296875;0.197265625;0.310546875;0.76953125;0.79296875;0.19970703125;0.78515625;0.802734375;0.19921875;0.8;0.15625;0.453125;0.75;0.20703125;0.15234375;0.8125;0.828125;0.2109375;0.828125;0.8125;0.20703125;0.7421875;0.7734375;0.201171875;0.3515625;0.78125;0.84375;0.21484375;0.8203125;0.84375;0.212890625;0.8359375;0.859375;0.216796875;0.75;0.79296875;0.203125;0.3544921875;0.78515625;0.8359375;0.2177734375;0.83984375;0.88671875;0.2236328125;0.8671875;0.90625;0.2255859375;0.8828125;0.91796875;0.2275390625;0.890625;0.921875;0.2275390625;0.806640625;0.814453125;0.2021484375;0.33056640625;0.791015625;0.810546875;0.20458984375;0.8046875;0.822265625;0.20458984375;0.8
62;62;88.62;0.15625;0.40625;0.734375;0.203125;0.140625;0.78125;0.796875;0.20703125;0.8125;0.78125;0.203125;0.7265625;0.765625;0.203125;0.341796875;0.7890625;0.84375;0.216796875;0.8203125;0.859375;0.21484375;0.84375;0.8671875;0.21875;0.75390625;0.796875;0.205078125;0.349609375;0.79296875;0.84375;0.2197265625;0.84375;0.890625;0.224609375;0.87109375;0.91015625;0.2265625;0.8828125;0.91796875;0.2275390625;0.890625;0.921875;0.2275390625;0.806640625;0.79296875;0.19775390625;0.31103515625;0.771484375;0.794921875;0.2001953125;0.78515625;0.8046875;0.19970703125;0.8;0.15625;0.453125;0.75;0.20703125;0.15234375;0.796875;0.828125;0.2109375;0.828125;0.8125;0.20703125;0.734375;0.7734375;0.201171875;0.3515625;0.78125;0.84375;0.21484375;0.8203125;0.84375;0.212890625;0.8359375;0.859375;0.216796875;0.74609375;0.79296875;0.203125;0.3544921875;0.78515625;0.83984375;0.21875;0.83984375;0.88671875;0.224609375;0.8671875;0.90625;0.2255859375;0.8828125;0.91796875;0.2275390625;0.890625;0.921875;0.2275390625;0.806640625;0.814453125;0.2021484375;0.33056640625;0.791015625;0.80859375;0.2041015625;0.802734375;0.8203125;0.2041015625;0.8
63;63;89.3;0.15625;0.421875;0.734375;0.203125;0.140625;0.78125;0.796875;0.20703125;0.8125;0.78125;0.203125;0.7265625;0.765625;0.201171875;0.33984375;0.78125;0.84375;0.21484375;0.8203125;0.8515625;0.21484375;0.8359375;0.8671875;0.216796875;0.75;0.79296875;0.203125;0.34765625;0.7890625;0.84375;0.21875;0.84375;0.88671875;0.224609375;0.8671875;0.90625;0.2255859375;0.8828125;0.91796875;0.2275390625;0.890625;0.921875;0.2275390625;0.806640625;0.79296875;0.197265625;0.31103515625;0.7734375;0.794921875;0.2001953125;0.783203125;0.80078125;0.19873046875;0.8;0.15625;0.453125;0.75;0.20703125;0.15234375;0.796875;0.828125;0.2109375;0.828125;0.8125;0.20703125;0.7421875;0.78125;0.203125;0.3515625;0.78125;0.84375;0.21484375;0.8203125;0.84375;0.212890625;0.8359375;0.859375;0.216796875;0.74609375;0.79296875;0.203125;0.3544921875;0.78515625;0.8359375;0.21875;0.83984375;0.88671875;0.2236328125;0.8671875;0.90625;0.2255859375;0.8828125;0.91796875;0.2275390625;0.890625;0.921875;0.2275390625;0.806640625;0.814453125;0.2021484375;0.33056640625;0.791015625;0.810546875;0.2041015625;0.8046875;0.8203125;0.2041015625;0.8
64;64;88.93;0.15625;0.40625;0.734375;0.203125;0.140625;0.78125;0.796875;0.20703125;0.8125;0.78125;0.203125;0.7265625;0.765625;0.203125;0.33984375;0.78125;0.84375;0.21484375;0.8203125;0.8515625;0.21484375;0.8359375;0.8671875;0.21875;0.75390625;0.796875;0.2041015625;0.3486328125;0.79296875;0.84375;0.2197265625;0.84765625;0.88671875;0.224609375;0.8671875;0.90625;0.2265625;0.8828125;0.91796875;0.228515625;0.890625;0.921875;0.228515625;0.80859375;0.796875;0.1982421875;0.3125;0.7734375;0.79296875;0.2001953125;0.787109375;0.802734375;0.19921875;0.8;0.15625;0.453125;0.75;0.20703125;0.15234375;0.796875;0.828125;0.2109375;0.828125;0.8125;0.20703125;0.7421875;0.78125;0.203125;0.3515625;0.78125;0.84375;0.21484375;0.8203125;0.84375;0.2109375;0.8359375;0.859375;0.216796875;0.74609375;0.7890625;0.203125;0.353515625;0.78515625;0.8359375;0.2177734375;0.83984375;0.88671875;0.2236328125;0.8671875;0.90625;0.2255859375;0.8828125;0.91796875;0.2275390625;0.890625;0.921875;0.2275390625;0.80859375;0.814453125;0.2021484375;0.3310546875;0.791015625;0.810546875;0.20458984375;0.8046875;0.822265625;0.20458984375;0.8
65;65;88.84;0.15625;0.421875;0.734375;0.203125;0.14453125;0.78125;0.8125;0.20703125;0.8125;0.796875;0.203125;0.734375;0.7734375;0.203125;0.34375;0.7890625;0.8515625;0.216796875;0.828125;0.859375;0.21484375;0.84375;0.8671875;0.21875;0.75390625;0.796875;0.2041015625;0.3505859375;0.79296875;0.84375;0.2197265625;0.84765625;0.890625;0.224609375;0.8671875;0.90625;0.2255859375;0.8828125;0.91796875;0.2275390625;0.890625;0.921875;0.2275390625;0.806640625;0.791015625;0.19677734375;0.31103515625;0.771484375;0.79296875;0.2001953125;0.78515625;0.8046875;0.2001953125;0.8;0.15625;0.453125;0.75;0.20703125;0.15234375;0.796875;0.828125;0.2109375;0.828125;0.8125;0.20703125;0.734375;0.7734375;0.203125;0.3515625;0.78125;0.84375;0.212890625;0.8125;0.84375;0.212890625;0.8359375;0.859375;0.216796875;0.74609375;0.7890625;0.2021484375;0.3525390625;0.78515625;0.8359375;0.21875;0.83984375;0.88671875;0.2236328125;0.8671875;0.90625;0.2255859375;0.8828125;0.91796875;0.2275390625;0.890625;0.921875;0.2275390625;0.806640625;0.814453125;0.2021484375;0.330078125;0.791015625;0.810546875;0.20458984375;0.8046875;0.822265625;0.20458984375;0.8
66;66;89.1;0.15625;0.421875;0.734375;0.203125;0.14453125;0.78125;0.796875;0.20703125;0.8125;0.78125;0.203125;0.7265625;0.7734375;0.203125;0.34375;0.7890625;0.84375;0.21484375;0.8203125;0.859375;0.21484375;0.84375;0.8671875;0.21875;0.75390625;0.796875;0.2041015625;0.349609375;0.79296875;0.84375;0.2197265625;0.84375;0.88671875;0.224609375;0.8671875;0.90625;0.2255859375;0.8828125;0.91796875;0.2275390625;0.890625;0.921875;0.2275390625;0.806640625;0.791015625;0.19677734375;0.310546875;0.76953125;0.791015625;0.19873046875;0.78125;0.798828125;0.19873046875;0.8;0.15625;0.453125;0.75;0.20703125;0.15234375;0.796875;0.828125;0.2109375;0.828125;0.8125;0.20703125;0.734375;0.7734375;0.201171875;0.3515625;0.78125;0.84375;0.212890625;0.8125;0.84375;0.2109375;0.8359375;0.859375;0.216796875;0.74609375;0.7890625;0.203125;0.3525390625;0.78515625;0.8359375;0.21875;0.83984375;0.88671875;0.2236328125;0.8671875;0.90625;0.2255859375;0.8828125;0.91796875;0.2275390625;0.890625;0.921875;0.2275390625;0.80859375;0.814453125;0.20263671875;0.3310546875;0.791015625;0.810546875;0.2041015625;0.802734375;0.8203125;0.2041015625;0.8
67;67;89.16;0.15625;0.421875;0.734375;0.203125;0.14453125;0.78125;0.796875;0.20703125;0.8125;0.78125;0.203125;0.7265625;0.765625;0.203125;0.341796875;0.78125;0.84375;0.21484375;0.8203125;0.859375;0.21484375;0.8359375;0.8671875;0.21875;0.75390625;0.796875;0.2041015625;0.3486328125;0.7890625;0.84375;0.21875;0.84375;0.88671875;0.224609375;0.8671875;0.90625;0.2255859375;0.8828125;0.91796875;0.2275390625;0.890625;0.921875;0.2275390625;0.806640625;0.791015625;0.197265625;0.31005859375;0.771484375;0.794921875;0.19970703125;0.783203125;0.80078125;0.19921875;0.8;0.15625;0.453125;0.765625;0.20703125;0.15234375;0.796875;0.828125;0.20703125;0.828125;0.796875;0.20703125;0.734375;0.7734375;0.203125;0.3515625;0.78125;0.84375;0.212890625;0.8125;0.84375;0.2109375;0.8359375;0.859375;0.216796875;0.74609375;0.7890625;0.203125;0.3525390625;0.78515625;0.8359375;0.2177734375;0.83984375;0.88671875;0.2236328125;0.8671875;0.90625;0.2255859375;0.8828125;0.91796875;0.2275390625;0.890625;0.921875;0.2275390625;0.806640625;0.814453125;0.2021484375;0.33056640625;0.791015625;0.810546875;0.2041015625;0.802734375;0.8203125;0.2041015625;0.8
68;68;89.1;0.15625;0.421875;0.734375;0.203125;0.14453125;0.78125;0.796875;0.20703125;0.8125;0.78125;0.203125;0.7265625;0.7734375;0.203125;0.34375;0.7890625;0.84375;0.216796875;0.8203125;0.859375;0.21484375;0.84375;0.8671875;0.21875;0.75390625;0.796875;0.2041015625;0.349609375;0.79296875;0.84375;0.2197265625;0.84765625;0.890625;0.224609375;0.8671875;0.90625;0.2255859375;0.8828125;0.91796875;0.2275390625;0.890625;0.921875;0.2275390625;0.806640625;0.791015625;0.19677734375;0.31103515625;0.771484375;0.794921875;0.2001953125;0.78515625;0.8046875;0.19970703125;0.8;0.15625;0.453125;0.75;0.20703125;0.15234375;0.796875;0.828125;0.20703125;0.828125;0.796875;0.20703125;0.734375;0.7734375;0.201171875;0.349609375;0.78125;0.84375;0.212890625;0.8125;0.8359375;0.2109375;0.8359375;0.859375;0.216796875;0.7421875;0.78515625;0.2021484375;0.3515625;0.78125;0.8359375;0.2177734375;0.83984375;0.88671875;0.2236328125;0.8671875;0.90625;0.2255859375;0.8828125;0.91796875;0.2275390625;0.890625;0.921875;0.2275390625;0.806640625;0.814453125;0.2021484375;0.330078125;0.791015625;0.810546875;0.2041015625;0.8046875;0.8203125;0.2041015625;0.8
69;69;89.4;0.15625;0.421875;0.734375;0.203125;0.140625;0.78125;0.796875;0.20703125;0.8125;0.78125;0.203125;0.7265625;0.765625;0.203125;0.33984375;0.78125;0.84375;0.216796875;0.8203125;0.859375;0.21484375;0.84375;0.8671875;0.21875;0.75390625;0.80078125;0.205078125;0.349609375;0.79296875;0.84375;0.2197265625;0.84375;0.88671875;0.224609375;0.8671875;0.91015625;0.2265625;0.8828125;0.91796875;0.2275390625;0.890625;0.921875;0.2275390625;0.806640625;0.79296875;0.197265625;0.3115234375;0.7734375;0.794921875;0.20068359375;0.78515625;0.8046875;0.2001953125;0.8;0.15625;0.453125;0.765625;0.20703125;0.15234375;0.796875;0.828125;0.20703125;0.828125;0.8125;0.20703125;0.734375;0.7734375;0.203125;0.3515625;0.78125;0.84375;0.21484375;0.8203125;0.84375;0.212890625;0.8359375;0.859375;0.216796875;0.74609375;0.7890625;0.203125;0.353515625;0.78515625;0.8359375;0.21875;0.83984375;0.88671875;0.2236328125;0.8671875;0.90625;0.2255859375;0.8828125;0.91796875;0.2275390625;0.890625;0.921875;0.2275390625;0.80859375;0.81640625;0.20263671875;0.3310546875;0.79296875;0.8125;0.20458984375;0.8046875;0.8203125;0.20458984375;0.8
70;70;89.29;0.15625;0.421875;0.734375;0.203125;0.14453125;0.78125;0.796875;0.20703125;0.8125;0.78125;0.203125;0.7265625;0.7734375;0.203125;0.341796875;0.7890625;0.84375;0.21484375;0.8203125;0.859375;0.216796875;0.84375;0.8671875;0.21875;0.75390625;0.796875;0.205078125;0.349609375;0.79296875;0.84765625;0.2197265625;0.84765625;0.890625;0.224609375;0.8671875;0.91015625;0.2265625;0.8828125;0.91796875;0.228515625;0.890625;0.921875;0.228515625;0.80859375;0.796875;0.19873046875;0.3134765625;0.77734375;0.798828125;0.201171875;0.7890625;0.806640625;0.2001953125;0.8;0.15625;0.453125;0.765625;0.20703125;0.15234375;0.796875;0.828125;0.2109375;0.828125;0.796875;0.20703125;0.734375;0.7734375;0.203125;0.3515625;0.78125;0.84375;0.21484375;0.8203125;0.84375;0.212890625;0.8359375;0.859375;0.216796875;0.74609375;0.7890625;0.203125;0.3525390625;0.78515625;0.8359375;0.2177734375;0.83984375;0.88671875;0.2236328125;0.8671875;0.90625;0.2255859375;0.8828125;0.91796875;0.2275390625;0.890625;0.921875;0.2275390625;0.80859375;0.81640625;0.20263671875;0.3310546875;0.79296875;0.810546875;0.2041015625;0.8046875;0.8203125;0.2041015625;0.8
71;71;89.54;0.15625;0.40625;0.734375;0.203125;0.140625;0.78125;0.796875;0.20703125;0.8125;0.78125;0.203125;0.7265625;0.765625;0.203125;0.341796875;0.78125;0.84375;0.21484375;0.8203125;0.859375;0.21484375;0.8359375;0.8671875;0.216796875;0.75;0.79296875;0.2041015625;0.34765625;0.7890625;0.84375;0.2197265625;0.84375;0.890625;0.224609375;0.8671875;0.90625;0.2265625;0.8828125;0.91796875;0.2275390625;0.890625;0.921875;0.228515625;0.806640625;0.794921875;0.19775390625;0.31201171875;0.7734375;0.796875;0.20068359375;0.787109375;0.8046875;0.20068359375;0.8;0.15625;0.453125;0.75;0.20703125;0.15234375;0.796875;0.828125;0.2109375;0.828125;0.8125;0.20703125;0.734375;0.7734375;0.203125;0.3515625;0.78125;0.84375;0.21484375;0.8203125;0.84375;0.212890625;0.8359375;0.859375;0.216796875;0.74609375;0.7890625;0.203125;0.3525390625;0.78515625;0.8359375;0.21875;0.83984375;0.88671875;0.2236328125;0.8671875;0.90625;0.2255859375;0.8828125;0.91796875;0.2275390625;0.890625;0.921875;0.2275390625;0.80859375;0.814453125;0.2021484375;0.3310546875;0.791015625;0.810546875;0.2041015625;0.802734375;0.8203125;0.2041015625;0.8
72;72;89.19;0.15625;0.421875;0.734375;0.203125;0.140625;0.78125;0.796875;0.20703125;0.8125;0.78125;0.203125;0.7265625;0.765625;0.203125;0.341796875;0.7890625;0.84375;0.216796875;0.828125;0.859375;0.216796875;0.84375;0.8671875;0.21875;0.75390625;0.796875;0.2041015625;0.349609375;0.79296875;0.84375;0.2197265625;0.84375;0.88671875;0.224609375;0.8671875;0.90625;0.2255859375;0.8828125;0.91796875;0.2275390625;0.890625;0.921875;0.2275390625;0.806640625;0.794921875;0.19775390625;0.31103515625;0.771484375;0.794921875;0.19970703125;0.78515625;0.80078125;0.19921875;0.8;0.15625;0.453125;0.765625;0.20703125;0.15234375;0.8125;0.828125;0.2109375;0.828125;0.8125;0.20703125;0.734375;0.7734375;0.203125;0.3515625;0.78125;0.84375;0.21484375;0.8203125;0.84375;0.212890625;0.8359375;0.859375;0.216796875;0.74609375;0.78515625;0.2021484375;0.3525390625;0.78515625;0.8359375;0.2177734375;0.83984375;0.88671875;0.2236328125;0.8671875;0.90625;0.2255859375;0.8828125;0.91796875;0.2275390625;0.890625;0.921875;0.2275390625;0.80859375;0.81640625;0.20263671875;0.33056640625;0.79296875;0.8125;0.20458984375;0.8046875;0.8203125;0.2041015625;0.8
73;73;89.35;0.15625;0.421875;0.734375;0.203125;0.140625;0.78125;0.796875;0.20703125;0.8125;0.78125;0.203125;0.7265625;0.765625;0.203125;0.341796875;0.78125;0.84375;0.21484375;0.8203125;0.859375;0.21484375;0.8359375;0.8671875;0.216796875;0.75390625;0.79296875;0.2041015625;0.3486328125;0.79296875;0.84375;0.2197265625;0.84375;0.890625;0.224609375;0.8671875;0.90625;0.2265625;0.8828125;0.91796875;0.2275390625;0.890625;0.921875;0.2275390625;0.806640625;0.794921875;0.19775390625;0.31298828125;0.7734375;0.794921875;0.20068359375;0.78515625;0.802734375;0.19921875;0.8;0.15625;0.453125;0.765625;0.20703125;0.15234375;0.8125;0.828125;0.2109375;0.828125;0.8125;0.20703125;0.734375;0.7734375;0.201171875;0.3515625;0.78125;0.84375;0.21484375;0.8203125;0.84375;0.212890625;0.8359375;0.859375;0.216796875;0.74609375;0.7890625;0.2021484375;0.3525390625;0.78515625;0.8359375;0.2177734375;0.83984375;0.88671875;0.2236328125;0.8671875;0.90625;0.2255859375;0.8828125;0.91796875;0.2275390625;0.890625;0.921875;0.2275390625;0.80859375;0.81640625;0.20263671875;0.33056640625;0.79296875;0.8125;0.20458984375;0.8046875;0.8203125;0.20458984375;0.8
74;74;89.41;0.15625;0.421875;0.734375;0.203125;0.140625;0.78125;0.796875;0.20703125;0.8125;0.78125;0.203125;0.7265625;0.765625;0.203125;0.341796875;0.7890625;0.84375;0.21484375;0.8203125;0.859375;0.21484375;0.8359375;0.8671875;0.216796875;0.75;0.79296875;0.203125;0.34765625;0.79296875;0.84375;0.2197265625;0.84375;0.88671875;0.224609375;0.8671875;0.90625;0.2255859375;0.8828125;0.91796875;0.2275390625;0.890625;0.921875;0.2275390625;0.806640625;0.794921875;0.19775390625;0.31103515625;0.7734375;0.796875;0.2001953125;0.787109375;0.802734375;0.19921875;0.8;0.15625;0.453125;0.765625;0.20703125;0.15234375;0.796875;0.828125;0.2109375;0.828125;0.8125;0.20703125;0.734375;0.7734375;0.201171875;0.3515625;0.78125;0.84375;0.212890625;0.8125;0.84375;0.2109375;0.8359375;0.859375;0.216796875;0.74609375;0.78515625;0.2021484375;0.3515625;0.78125;0.8359375;0.2177734375;0.83984375;0.88671875;0.2236328125;0.8671875;0.90625;0.2255859375;0.8828125;0.91796875;0.2275390625;0.890625;0.921875;0.2275390625;0.806640625;0.814453125;0.2021484375;0.330078125;0.791015625;0.810546875;0.2041015625;0.802734375;0.818359375;0.2041015625;0.8
75;75;89.4;0.15625;0.421875;0.734375;0.203125;0.140625;0.78125;0.796875;0.20703125;0.8125;0.78125;0.203125;0.7265625;0.765625;0.203125;0.33984375;0.78125;0.84375;0.21484375;0.8203125;0.859375;0.216796875;0.84375;0.8671875;0.21875;0.75390625;0.796875;0.205078125;0.349609375;0.79296875;0.84375;0.2197265625;0.84375;0.890625;0.224609375;0.8671875;0.90625;0.2255859375;0.8828125;0.91796875;0.228515625;0.890625;0.921875;0.2275390625;0.806640625;0.794921875;0.197265625;0.3115234375;0.771484375;0.79296875;0.19970703125;0.783203125;0.798828125;0.19873046875;0.8;0.15625;0.453125;0.765625;0.20703125;0.15234375;0.796875;0.828125;0.2109375;0.828125;0.8125;0.20703125;0.734375;0.7734375;0.201171875;0.3515625;0.78125;0.84375;0.21484375;0.8203125;0.84375;0.212890625;0.8359375;0.859375;0.216796875;0.74609375;0.7890625;0.203125;0.353515625;0.78515625;0.8359375;0.2177734375;0.83984375;0.88671875;0.2236328125;0.8671875;0.90625;0.2255859375;0.8828125;0.91796875;0.2275390625;0.890625;0.921875;0.2275390625;0.80859375;0.81640625;0.20263671875;0.3310546875;0.79296875;0.8125;0.20458984375;0.8046875;0.818359375;0.2041015625;0.8
76;76;89.52;0.15625;0.421875;0.734375;0.203125;0.140625;0.78125;0.796875;0.203125;0.796875;0.78125;0.203125;0.71875;0.7578125;0.201171875;0.337890625;0.78125;0.84375;0.21484375;0.8203125;0.8515625;0.21484375;0.8359375;0.8671875;0.21875;0.75;0.79296875;0.203125;0.3466796875;0.7890625;0.84375;0.21875;0.84375;0.88671875;0.224609375;0.8671875;0.90625;0.2255859375;0.8828125;0.91796875;0.2275390625;0.890625;0.921875;0.2275390625;0.806640625;0.7890625;0.1962890625;0.30908203125;0.767578125;0.791015625;0.19970703125;0.78125;0.798828125;0.19873046875;0.8;0.15625;0.453125;0.75;0.20703125;0.15234375;0.796875;0.828125;0.2109375;0.828125;0.8125;0.20703125;0.734375;0.7734375;0.201171875;0.3515625;0.78125;0.84375;0.21484375;0.8203125;0.84375;0.212890625;0.8359375;0.859375;0.216796875;0.74609375;0.7890625;0.2021484375;0.353515625;0.78515625;0.8359375;0.2177734375;0.83984375;0.88671875;0.2236328125;0.8671875;0.90625;0.2255859375;0.8828125;0.91796875;0.2275390625;0.890625;0.921875;0.2275390625;0.80859375;0.81640625;0.20263671875;0.3310546875;0.79296875;0.810546875;0.20458984375;0.8046875;0.818359375;0.2041015625;0.8
77;77;89.47;0.15625;0.421875;0.734375;0.203125;0.14453125;0.78125;0.796875;0.20703125;0.8125;0.796875;0.203125;0.7265625;0.7734375;0.203125;0.34375;0.7890625;0.8515625;0.216796875;0.8203125;0.859375;0.216796875;0.84375;0.8671875;0.21875;0.75390625;0.796875;0.203125;0.349609375;0.79296875;0.84375;0.2197265625;0.84375;0.88671875;0.224609375;0.8671875;0.91015625;0.2255859375;0.8828125;0.91796875;0.2275390625;0.890625;0.921875;0.228515625;0.80859375;0.794921875;0.19775390625;0.3115234375;0.771484375;0.796875;0.20068359375;0.787109375;0.8046875;0.2001953125;0.8;0.15625;0.453125;0.765625;0.20703125;0.15234375;0.796875;0.828125;0.2109375;0.828125;0.8125;0.20703125;0.734375;0.7734375;0.201171875;0.3515625;0.78125;0.84375;0.212890625;0.8125;0.84375;0.2109375;0.8359375;0.859375;0.216796875;0.7421875;0.78515625;0.2021484375;0.3515625;0.78125;0.8359375;0.2177734375;0.83984375;0.88671875;0.2236328125;0.8671875;0.90625;0.2255859375;0.8828125;0.91796875;0.2275390625;0.890625;0.921875;0.2275390625;0.806640625;0.814453125;0.2021484375;0.33056640625;0.791015625;0.8125;0.20458984375;0.802734375;0.818359375;0.2041015625;0.8
78;78;89.64;0.15625;0.421875;0.734375;0.203125;0.140625;0.78125;0.796875;0.20703125;0.8125;0.78125;0.203125;0.7265625;0.765625;0.203125;0.341796875;0.78125;0.84375;0.21484375;0.8203125;0.859375;0.21484375;0.84375;0.8671875;0.216796875;0.75390625;0.79296875;0.2041015625;0.3486328125;0.79296875;0.84375;0.21875;0.84375;0.890625;0.224609375;0.8671875;0.90625;0.2255859375;0.8828125;0.91796875;0.2275390625;0.890625;0.921875;0.2275390625;0.806640625;0.79296875;0.197265625;0.31103515625;0.771484375;0.791015625;0.19921875;0.78125;0.796875;0.19775390625;0.8;0.15625;0.453125;0.765625;0.20703125;0.15234375;0.796875;0.828125;0.2109375;0.828125;0.8125;0.20703125;0.734375;0.7734375;0.201171875;0.3515625;0.78125;0.84375;0.212890625;0.8203125;0.84375;0.212890625;0.8359375;0.859375;0.216796875;0.74609375;0.78515625;0.2021484375;0.3525390625;0.78125;0.8359375;0.2177734375;0.83984375;0.88671875;0.2236328125;0.8671875;0.90625;0.2255859375;0.8828125;0.91796875;0.2275390625;0.890625;0.921875;0.2275390625;0.80859375;0.81640625;0.20263671875;0.3310546875;0.791015625;0.810546875;0.20458984375;0.8046875;0.818359375;0.2041015625;0.8
79;79;89.48;0.15625;0.421875;0.734375;0.203125;0.14453125;0.78125;0.796875;0.20703125;0.8125;0.78125;0.203125;0.7265625;0.7734375;0.203125;0.341796875;0.78125;0.84375;0.216796875;0.8203125;0.859375;0.216796875;0.84375;0.8671875;0.21875;0.75390625;0.796875;0.205078125;0.349609375;0.79296875;0.84375;0.2197265625;0.84765625;0.890625;0.224609375;0.8671875;0.91015625;0.2265625;0.8828125;0.921875;0.228515625;0.890625;0.921875;0.228515625;0.80859375;0.796875;0.1982421875;0.3115234375;0.7734375;0.794921875;0.19970703125;0.78515625;0.80078125;0.19873046875;0.8;0.15625;0.453125;0.765625;0.20703125;0.15234375;0.796875;0.828125;0.2109375;0.828125;0.8125;0.20703125;0.734375;0.7734375;0.201171875;0.3515625;0.78125;0.84375;0.21484375;0.8203125;0.84375;0.212890625;0.8359375;0.859375;0.216796875;0.74609375;0.7890625;0.2021484375;0.3525390625;0.78515625;0.8359375;0.2177734375;0.83984375;0.88671875;0.2236328125;0.8671875;0.90625;0.2255859375;0.8828125;0.91796875;0.2275390625;0.890625;0.921875;0.2275390625;0.80859375;0.81640625;0.20263671875;0.3310546875;0.79296875;0.8125;0.20458984375;0.8046875;0.818359375;0.2041015625;0.8
80;80;89.62;0.15625;0.40625;0.734375;0.203125;0.140625;0.78125;0.796875;0.20703125;0.8125;0.78125;0.203125;0.7265625;0.7734375;0.203125;0.341796875;0.78125;0.84375;0.216796875;0.8203125;0.859375;0.21484375;0.84375;0.8671875;0.21875;0.75390625;0.796875;0.2041015625;0.3486328125;0.79296875;0.84765625;0.2197265625;0.84765625;0.890625;0.224609375;0.87109375;0.91015625;0.2265625;0.88671875;0.921875;0.2275390625;0.890625;0.92578125;0.2275390625;0.80859375;0.796875;0.19775390625;0.3115234375;0.7734375;0.794921875;0.2001953125;0.78515625;0.798828125;0.19873046875;0.8;0.15625;0.453125;0.765625;0.20703125;0.15234375;0.796875;0.828125;0.2109375;0.828125;0.8125;0.20703125;0.734375;0.7734375;0.201171875;0.3515625;0.78125;0.84375;0.212890625;0.8203125;0.84375;0.212890625;0.8359375;0.859375;0.216796875;0.74609375;0.7890625;0.2021484375;0.3525390625;0.78515625;0.8359375;0.2177734375;0.83984375;0.88671875;0.2236328125;0.8671875;0.90625;0.2255859375;0.8828125;0.91796875;0.2275390625;0.890625;0.921875;0.2275390625;0.80859375;0.81640625;0.20263671875;0.3310546875;0.791015625;0.810546875;0.2041015625;0.802734375;0.818359375;0.20361328125;0.8
81;81;89.55;0.15625;0.421875;0.734375;0.203125;0.14453125;0.78125;0.796875;0.20703125;0.8125;0.78125;0.203125;0.7265625;0.7734375;0.203125;0.341796875;0.78125;0.84375;0.216796875;0.8203125;0.859375;0.21484375;0.84375;0.8671875;0.21875;0.75390625;0.79296875;0.2041015625;0.3486328125;0.79296875;0.84375;0.21875;0.84375;0.88671875;0.2236328125;0.8671875;0.90625;0.2255859375;0.8828125;0.91796875;0.2275390625;0.890625;0.921875;0.2275390625;0.8046875;0.7890625;0.1962890625;0.30908203125;0.767578125;0.791015625;0.19921875;0.78125;0.796875;0.19873046875;0.8;0.15625;0.453125;0.765625;0.20703125;0.15234375;0.796875;0.828125;0.2109375;0.828125;0.8125;0.20703125;0.734375;0.7734375;0.201171875;0.3515625;0.78125;0.84375;0.212890625;0.8125;0.84375;0.2109375;0.8359375;0.859375;0.216796875;0.74609375;0.78515625;0.2021484375;0.3515625;0.78125;0.8359375;0.2177734375;0.83984375;0.88671875;0.2236328125;0.8671875;0.90625;0.2255859375;0.8828125;0.91796875;0.2275390625;0.890625;0.921875;0.2275390625;0.80859375;0.81640625;0.20263671875;0.33056640625;0.791015625;0.810546875;0.2041015625;0.802734375;0.818359375;0.20361328125;0.8
82;82;89.57;0.15625;0.421875;0.734375;0.203125;0.14453125;0.78125;0.796875;0.20703125;0.8125;0.78125;0.203125;0.7265625;0.7734375;0.203125;0.341796875;0.7890625;0.84375;0.216796875;0.8203125;0.859375;0.21484375;0.84375;0.8671875;0.21875;0.75390625;0.796875;0.205078125;0.349609375;0.79296875;0.84375;0.2197265625;0.84375;0.890625;0.224609375;0.8671875;0.91015625;0.2265625;0.8828125;0.91796875;0.228515625;0.890625;0.92578125;0.228515625;0.80859375;0.794921875;0.19775390625;0.31103515625;0.771484375;0.794921875;0.19970703125;0.783203125;0.796875;0.19775390625;0.8;0.15625;0.453125;0.765625;0.20703125;0.15234375;0.796875;0.828125;0.2109375;0.828125;0.8125;0.20703125;0.734375;0.7734375;0.201171875;0.3515625;0.78125;0.84375;0.212890625;0.8125;0.84375;0.2109375;0.8359375;0.859375;0.216796875;0.7421875;0.78515625;0.2021484375;0.3515625;0.78125;0.8359375;0.2177734375;0.83984375;0.88671875;0.2236328125;0.8671875;0.90625;0.2255859375;0.8828125;0.91796875;0.2275390625;0.890625;0.921875;0.2275390625;0.80859375;0.81640625;0.20263671875;0.33056640625;0.791015625;0.810546875;0.2041015625;0.802734375;0.818359375;0.20361328125;0.8
83;83;89.41;0.15625;0.421875;0.734375;0.203125;0.14453125;0.78125;0.796875;0.20703125;0.8125;0.78125;0.203125;0.7265625;0.7734375;0.203125;0.341796875;0.7890625;0.84375;0.216796875;0.8203125;0.859375;0.21484375;0.84375;0.8671875;0.21875;0.75390625;0.796875;0.2041015625;0.3486328125;0.7890625;0.84375;0.2197265625;0.84375;0.88671875;0.224609375;0.8671875;0.90625;0.2265625;0.8828125;0.91796875;0.2275390625;0.890625;0.921875;0.228515625;0.80859375;0.794921875;0.197265625;0.3115234375;0.771484375;0.79296875;0.19970703125;0.783203125;0.798828125;0.1982421875;0.8;0.15625;0.453125;0.75;0.20703125;0.15234375;0.796875;0.828125;0.20703125;0.828125;0.8125;0.20703125;0.734375;0.7734375;0.201171875;0.3515625;0.78125;0.84375;0.212890625;0.8125;0.84375;0.2109375;0.8359375;0.859375;0.216796875;0.74609375;0.78515625;0.2021484375;0.3515625;0.78125;0.8359375;0.2177734375;0.83984375;0.88671875;0.2236328125;0.8671875;0.90625;0.2255859375;0.8828125;0.91796875;0.2275390625;0.890625;0.921875;0.2275390625;0.80859375;0.81640625;0.2021484375;0.33056640625;0.791015625;0.810546875;0.2041015625;0.802734375;0.81640625;0.20361328125;0.8
84;84;89.67;0.15625;0.40625;0.734375;0.203125;0.140625;0.78125;0.796875;0.20703125;0.8125;0.78125;0.203125;0.7265625;0.765625;0.203125;0.341796875;0.78125;0.84375;0.21484375;0.8203125;0.8515625;0.21484375;0.8359375;0.8671875;0.216796875;0.75;0.79296875;0.203125;0.34765625;0.7890625;0.84375;0.2197265625;0.84375;0.890625;0.224609375;0.8671875;0.90625;0.2255859375;0.8828125;0.91796875;0.2275390625;0.890625;0.921875;0.2275390625;0.806640625;0.791015625;0.197265625;0.3095703125;0.771484375;0.79296875;0.19970703125;0.783203125;0.80078125;0.19970703125;0.8;0.15625;0.453125;0.75;0.20703125;0.15234375;0.796875;0.828125;0.2109375;0.828125;0.8125;0.20703125;0.734375;0.7734375;0.201171875;0.3515625;0.78125;0.84375;0.212890625;0.8125;0.84375;0.212890625;0.8359375;0.859375;0.216796875;0.74609375;0.7890625;0.2021484375;0.3525390625;0.78125;0.8359375;0.2177734375;0.83984375;0.88671875;0.2236328125;0.8671875;0.90625;0.2255859375;0.8828125;0.91796875;0.2275390625;0.890625;0.921875;0.2275390625;0.80859375;0.81640625;0.20263671875;0.3310546875;0.791015625;0.810546875;0.2041015625;0.802734375;0.818359375;0.20361328125;0.8
85;85;89.76;0.15625;0.421875;0.734375;0.203125;0.14453125;0.78125;0.8125;0.20703125;0.8125;0.796875;0.203125;0.734375;0.7734375;0.205078125;0.34375;0.7890625;0.8515625;0.216796875;0.828125;0.859375;0.216796875;0.84375;0.8671875;0.21875;0.75390625;0.796875;0.2041015625;0.3505859375;0.79296875;0.84375;0.2197265625;0.84765625;0.890625;0.224609375;0.8671875;0.90625;0.2255859375;0.8828125;0.91796875;0.228515625;0.890625;0.921875;0.2275390625;0.80859375;0.79296875;0.197265625;0.310546875;0.771484375;0.794921875;0.2001953125;0.783203125;0.796875;0.1982421875;0.8;0.15625;0.453125;0.75;0.20703125;0.15234375;0.796875;0.828125;0.2109375;0.828125;0.8125;0.20703125;0.734375;0.7734375;0.201171875;0.3515625;0.78125;0.84375;0.21484375;0.8125;0.84375;0.212890625;0.8359375;0.859375;0.216796875;0.74609375;0.78515625;0.2021484375;0.3515625;0.78125;0.8359375;0.2177734375;0.83984375;0.88671875;0.2236328125;0.8671875;0.90625;0.2255859375;0.8828125;0.91796875;0.2275390625;0.890625;0.921875;0.2275390625;0.80859375;0.81640625;0.2021484375;0.33056640625;0.791015625;0.810546875;0.2041015625;0.802734375;0.818359375;0.20361328125;0.8
86;86;89.63;0.15625;0.421875;0.734375;0.203125;0.14453125;0.78125;0.796875;0.20703125;0.8125;0.78125;0.203125;0.7265625;0.765625;0.203125;0.341796875;0.78125;0.84375;0.21484375;0.8203125;0.859375;0.21484375;0.84375;0.8671875;0.21875;0.75390625;0.796875;0.2041015625;0.349609375;0.79296875;0.84375;0.2197265625;0.84765625;0.890625;0.224609375;0.8671875;0.90625;0.2265625;0.88671875;0.91796875;0.228515625;0.89453125;0.92578125;0.228515625;0.80859375;0.794921875;0.19775390625;0.3125;0.7734375;0.79296875;0.2001953125;0.783203125;0.80078125;0.19921875;0.8;0.15625;0.453125;0.75;0.20703125;0.15234375;0.796875;0.828125;0.20703125;0.828125;0.8125;0.20703125;0.734375;0.7734375;0.201171875;0.3515625;0.78125;0.84375;0.212890625;0.8125;0.84375;0.212890625;0.8359375;0.859375;0.216796875;0.74609375;0.7890625;0.2021484375;0.3525390625;0.78125;0.8359375;0.2177734375;0.83984375;0.88671875;0.2236328125;0.8671875;0.90625;0.2255859375;0.8828125;0.91796875;0.2275390625;0.890625;0.921875;0.2275390625;0.80859375;0.81640625;0.20263671875;0.3310546875;0.791015625;0.810546875;0.2041015625;0.802734375;0.818359375;0.20361328125;0.8
87;87;89.63;0.15625;0.421875;0.734375;0.203125;0.140625;0.78125;0.796875;0.20703125;0.8125;0.78125;0.203125;0.71875;0.7578125;0.201171875;0.337890625;0.78125;0.84375;0.21484375;0.8203125;0.8515625;0.21484375;0.8359375;0.8671875;0.21875;0.75;0.79296875;0.2041015625;0.3466796875;0.7890625;0.84375;0.2197265625;0.84375;0.88671875;0.224609375;0.8671875;0.90625;0.2265625;0.8828125;0.91796875;0.2275390625;0.890625;0.921875;0.2275390625;0.806640625;0.791015625;0.19677734375;0.310546875;0.76953125;0.791015625;0.19921875;0.78125;0.794921875;0.197265625;0.8;0.15625;0.453125;0.765625;0.20703125;0.15234375;0.796875;0.828125;0.2109375;0.828125;0.8125;0.20703125;0.7421875;0.7734375;0.203125;0.3515625;0.78125;0.84375;0.21484375;0.8203125;0.84375;0.212890625;0.8359375;0.859375;0.216796875;0.74609375;0.7890625;0.2021484375;0.353515625;0.78515625;0.8359375;0.2177734375;0.83984375;0.88671875;0.2236328125;0.8671875;0.90625;0.2255859375;0.8828125;0.91796875;0.2275390625;0.890625;0.921875;0.2275390625;0.80859375;0.81640625;0.20263671875;0.3310546875;0.79296875;0.810546875;0.2041015625;0.802734375;0.818359375;0.2041015625;0.8
88;88;89.52;0.15625;0.421875;0.734375;0.203125;0.14453125;0.78125;0.796875;0.20703125;0.8125;0.78125;0.203125;0.7265625;0.765625;0.201171875;0.341796875;0.78125;0.84375;0.21484375;0.8203125;0.8515625;0.21484375;0.8359375;0.8671875;0.216796875;0.75;0.79296875;0.203125;0.3466796875;0.7890625;0.83984375;0.21875;0.84375;0.88671875;0.224609375;0.8671875;0.90625;0.2255859375;0.8828125;0.91796875;0.2275390625;0.890625;0.921875;0.2275390625;0.806640625;0.791015625;0.197265625;0.31005859375;0.771484375;0.79296875;0.19970703125;0.78125;0.796875;0.1982421875;0.8;0.15625;0.453125;0.75;0.20703125;0.15234375;0.796875;0.828125;0.20703125;0.828125;0.8125;0.20703125;0.734375;0.7734375;0.201171875;0.3515625;0.78125;0.84375;0.212890625;0.8125;0.84375;0.212890625;0.8359375;0.859375;0.216796875;0.74609375;0.78515625;0.2021484375;0.3525390625;0.78125;0.8359375;0.2177734375;0.83984375;0.88671875;0.2236328125;0.8671875;0.90625;0.2255859375;0.8828125;0.91796875;0.2275390625;0.890625;0.921875;0.2275390625;0.80859375;0.81640625;0.20263671875;0.3310546875;0.791015625;0.810546875;0.2041015625;0.802734375;0.818359375;0.20361328125;0.8
89;89;89.95;0.15625;0.40625;0.734375;0.203125;0.140625;0.78125;0.796875;0.20703125;0.8125;0.78125;0.203125;0.7265625;0.7734375;0.203125;0.341796875;0.7890625;0.8515625;0.216796875;0.8203125;0.859375;0.21484375;0.84375;0.8671875;0.216796875;0.75390625;0.79296875;0.203125;0.3486328125;0.79296875;0.84375;0.2197265625;0.84375;0.890625;0.224609375;0.8671875;0.90625;0.2265625;0.8828125;0.91796875;0.2275390625;0.890625;0.921875;0.2275390625;0.806640625;0.79296875;0.197265625;0.3115234375;0.771484375;0.79296875;0.2001953125;0.78515625;0.802734375;0.19970703125;0.8;0.15625;0.453125;0.765625;0.20703125;0.15234375;0.796875;0.828125;0.2109375;0.828125;0.8125;0.20703125;0.7421875;0.7734375;0.203125;0.3515625;0.78125;0.84375;0.21484375;0.8203125;0.84375;0.212890625;0.8359375;0.859375;0.216796875;0.74609375;0.7890625;0.2021484375;0.3525390625;0.78515625;0.8359375;0.2177734375;0.83984375;0.88671875;0.2236328125;0.8671875;0.90625;0.2255859375;0.8828125;0.91796875;0.2275390625;0.890625;0.921875;0.2275390625;0.80859375;0.81640625;0.20263671875;0.3310546875;0.791015625;0.810546875;0.2041015625;0.802734375;0.818359375;0.20361328125;0.8
90;90;89.46;0.15625;0.421875;0.734375;0.203125;0.14453125;0.78125;0.796875;0.20703125;0.8125;0.78125;0.203125;0.7265625;0.765625;0.201171875;0.341796875;0.78125;0.84375;0.21484375;0.8203125;0.8515625;0.21484375;0.8359375;0.8671875;0.21875;0.75390625;0.79296875;0.2041015625;0.3486328125;0.7890625;0.84375;0.21875;0.84375;0.890625;0.224609375;0.8671875;0.90625;0.2255859375;0.8828125;0.91796875;0.2275390625;0.890625;0.921875;0.228515625;0.80859375;0.794921875;0.19775390625;0.31103515625;0.771484375;0.796875;0.2001953125;0.78515625;0.80078125;0.19921875;0.8;0.15625;0.453125;0.75;0.20703125;0.15234375;0.796875;0.828125;0.2109375;0.828125;0.8125;0.20703125;0.734375;0.7734375;0.201171875;0.3515625;0.78125;0.84375;0.212890625;0.8125;0.84375;0.212890625;0.8359375;0.859375;0.216796875;0.74609375;0.78515625;0.2021484375;0.3525390625;0.78125;0.8359375;0.2177734375;0.83984375;0.88671875;0.2236328125;0.8671875;0.90625;0.2255859375;0.8828125;0.91796875;0.2275390625;0.890625;0.921875;0.2275390625;0.80859375;0.81640625;0.20263671875;0.33056640625;0.79296875;0.810546875;0.2041015625;0.802734375;0.818359375;0.20361328125;0.8
91;91;89.54;0.15625;0.421875;0.734375;0.203125;0.14453125;0.78125;0.796875;0.20703125;0.8125;0.78125;0.203125;0.7265625;0.765625;0.203125;0.341796875;0.78125;0.84375;0.21484375;0.8203125;0.8515625;0.21484375;0.8359375;0.8671875;0.216796875;0.75;0.7890625;0.203125;0.3466796875;0.7890625;0.83984375;0.21875;0.84375;0.88671875;0.224609375;0.8671875;0.90625;0.2265625;0.8828125;0.91796875;0.2275390625;0.890625;0.921875;0.2275390625;0.80859375;0.79296875;0.19775390625;0.31103515625;0.771484375;0.794921875;0.2001953125;0.783203125;0.796875;0.1982421875;0.8;0.15625;0.453125;0.75;0.20703125;0.15234375;0.796875;0.828125;0.20703125;0.828125;0.8125;0.20703125;0.734375;0.7734375;0.201171875;0.349609375;0.78125;0.84375;0.212890625;0.8125;0.84375;0.212890625;0.8359375;0.859375;0.216796875;0.74609375;0.78515625;0.2021484375;0.3515625;0.78125;0.8359375;0.2177734375;0.83984375;0.88671875;0.2236328125;0.8671875;0.90625;0.2255859375;0.8828125;0.91796875;0.2275390625;0.890625;0.921875;0.2275390625;0.80859375;0.81640625;0.20263671875;0.3310546875;0.79296875;0.810546875;0.2041015625;0.802734375;0.81640625;0.20361328125;0.8
92;92;89.67;0.15625;0.421875;0.75;0.203125;0.14453125;0.78125;0.8125;0.20703125;0.8125;0.796875;0.203125;0.734375;0.7734375;0.203125;0.34375;0.7890625;0.8515625;0.216796875;0.828125;0.859375;0.216796875;0.84375;0.8671875;0.21875;0.75390625;0.796875;0.2041015625;0.3505859375;0.79296875;0.84375;0.2197265625;0.84765625;0.890625;0.224609375;0.8671875;0.90625;0.2265625;0.8828125;0.91796875;0.2275390625;0.890625;0.921875;0.228515625;0.80859375;0.794921875;0.197265625;0.31201171875;0.7734375;0.79296875;0.19970703125;0.78125;0.796875;0.1982421875;0.8;0.15625;0.453125;0.75;0.20703125;0.15234375;0.796875;0.828125;0.2109375;0.828125;0.8125;0.20703125;0.734375;0.7734375;0.201171875;0.3515625;0.78125;0.84375;0.21484375;0.8125;0.84375;0.212890625;0.8359375;0.859375;0.216796875;0.74609375;0.78515625;0.2021484375;0.3525390625;0.78515625;0.8359375;0.2177734375;0.83984375;0.88671875;0.2236328125;0.8671875;0.90625;0.2255859375;0.8828125;0.91796875;0.2275390625;0.890625;0.921875;0.2275390625;0.80859375;0.81640625;0.20263671875;0.33056640625;0.79296875;0.810546875;0.2041015625;0.802734375;0.818359375;0.20361328125;0.8
93;93;89.69;0.15625;0.421875;0.734375;0.203125;0.140625;0.78125;0.796875;0.20703125;0.8125;0.78125;0.203125;0.7265625;0.7734375;0.203125;0.341796875;0.78125;0.84375;0.21484375;0.8203125;0.859375;0.21484375;0.84375;0.8671875;0.21875;0.75390625;0.79296875;0.203125;0.3486328125;0.79296875;0.84375;0.21875;0.84375;0.88671875;0.224609375;0.8671875;0.90625;0.2255859375;0.8828125;0.91796875;0.2275390625;0.890625;0.921875;0.2275390625;0.806640625;0.79296875;0.197265625;0.31103515625;0.771484375;0.79296875;0.19970703125;0.783203125;0.798828125;0.1982421875;0.8;0.15625;0.453125;0.75;0.20703125;0.15234375;0.796875;0.828125;0.2109375;0.828125;0.8125;0.20703125;0.734375;0.7734375;0.201171875;0.3515625;0.78125;0.84375;0.21484375;0.8125;0.84375;0.212890625;0.8359375;0.859375;0.216796875;0.74609375;0.78515625;0.2021484375;0.3525390625;0.78125;0.8359375;0.2177734375;0.83984375;0.88671875;0.2236328125;0.8671875;0.90625;0.2255859375;0.8828125;0.91796875;0.2275390625;0.890625;0.921875;0.2275390625;0.80859375;0.81640625;0.20263671875;0.3310546875;0.791015625;0.810546875;0.2041015625;0.802734375;0.81640625;0.20361328125;0.8
94;94;89.58;0.15625;0.40625;0.734375;0.203125;0.140625;0.78125;0.796875;0.203125;0.796875;0.78125;0.203125;0.71875;0.7578125;0.201171875;0.337890625;0.78125;0.84375;0.21484375;0.8203125;0.859375;0.21484375;0.8359375;0.8671875;0.21875;0.75;0.79296875;0.2041015625;0.34765625;0.79296875;0.84375;0.21875;0.84375;0.88671875;0.224609375;0.8671875;0.90625;0.2255859375;0.8828125;0.91796875;0.228515625;0.890625;0.921875;0.228515625;0.806640625;0.791015625;0.197265625;0.310546875;0.76953125;0.791015625;0.19921875;0.78125;0.796875;0.1982421875;0.8;0.15625;0.453125;0.765625;0.20703125;0.15234375;0.796875;0.828125;0.2109375;0.828125;0.8125;0.20703125;0.734375;0.7734375;0.201171875;0.3515625;0.78125;0.84375;0.21484375;0.8125;0.84375;0.212890625;0.8359375;0.859375;0.216796875;0.74609375;0.7890625;0.2021484375;0.3525390625;0.78515625;0.8359375;0.2177734375;0.83984375;0.88671875;0.2236328125;0.8671875;0.90625;0.2255859375;0.8828125;0.91796875;0.2275390625;0.890625;0.921875;0.2275390625;0.80859375;0.81640625;0.20263671875;0.3310546875;0.791015625;0.810546875;0.2041015625;0.802734375;0.81640625;0.20361328125;0.8
95;95;89.61;0.15625;0.40625;0.734375;0.203125;0.140625;0.78125;0.796875;0.20703125;0.8125;0.78125;0.203125;0.7265625;0.765625;0.201171875;0.33984375;0.78125;0.84375;0.21484375;0.8203125;0.8515625;0.21484375;0.8359375;0.859375;0.216796875;0.75;0.79296875;0.203125;0.34765625;0.79296875;0.83984375;0.21875;0.84375;0.88671875;0.224609375;0.8671875;0.90625;0.2255859375;0.8828125;0.91796875;0.2275390625;0.890625;0.921875;0.228515625;0.806640625;0.79296875;0.197265625;0.3095703125;0.76953125;0.79296875;0.19970703125;0.78125;0.80078125;0.19873046875;0.8;0.15625;0.453125;0.75;0.20703125;0.15234375;0.796875;0.828125;0.20703125;0.828125;0.8125;0.20703125;0.734375;0.7734375;0.201171875;0.3515625;0.78125;0.84375;0.212890625;0.8125;0.84375;0.212890625;0.8359375;0.859375;0.216796875;0.74609375;0.78515625;0.2021484375;0.3525390625;0.78125;0.8359375;0.2177734375;0.83984375;0.88671875;0.2236328125;0.8671875;0.90625;0.2255859375;0.8828125;0.91796875;0.2275390625;0.890625;0.921875;0.2275390625;0.80859375;0.81640625;0.2021484375;0.3310546875;0.791015625;0.810546875;0.2041015625;0.802734375;0.81640625;0.20361328125;0.8
96;96;89.69;0.15625;0.40625;0.734375;0.203125;0.140625;0.78125;0.796875;0.20703125;0.8125;0.78125;0.203125;0.7265625;0.765625;0.201171875;0.33984375;0.78125;0.84375;0.21484375;0.8203125;0.859375;0.21484375;0.8359375;0.8671875;0.216796875;0.75;0.79296875;0.203125;0.34765625;0.7890625;0.84375;0.2197265625;0.84375;0.88671875;0.224609375;0.8671875;0.90625;0.2255859375;0.8828125;0.91796875;0.2275390625;0.890625;0.921875;0.2275390625;0.806640625;0.791015625;0.19677734375;0.31005859375;0.76953125;0.79296875;0.19970703125;0.78125;0.796875;0.1982421875;0.8;0.15625;0.453125;0.75;0.20703125;0.15234375;0.796875;0.828125;0.20703125;0.828125;0.8125;0.20703125;0.734375;0.7734375;0.201171875;0.349609375;0.78125;0.84375;0.212890625;0.8125;0.84375;0.2109375;0.8359375;0.859375;0.216796875;0.7421875;0.78515625;0.2021484375;0.3515625;0.78125;0.8359375;0.2177734375;0.83984375;0.88671875;0.2236328125;0.8671875;0.90625;0.2255859375;0.8828125;0.91796875;0.2275390625;0.890625;0.921875;0.2275390625;0.80859375;0.81640625;0.20263671875;0.33056640625;0.791015625;0.810546875;0.2041015625;0.802734375;0.818359375;0.20361328125;0.8
97;97;89.58;0.15625;0.40625;0.734375;0.203125;0.140625;0.78125;0.796875;0.20703125;0.796875;0.78125;0.203125;0.71875;0.765625;0.201171875;0.33984375;0.78125;0.84375;0.21484375;0.8203125;0.8515625;0.21484375;0.8359375;0.859375;0.216796875;0.75;0.78515625;0.2021484375;0.3447265625;0.78515625;0.83984375;0.21875;0.84375;0.88671875;0.2236328125;0.8671875;0.90625;0.2255859375;0.8828125;0.91796875;0.2275390625;0.890625;0.921875;0.2275390625;0.806640625;0.79296875;0.197265625;0.3095703125;0.76953125;0.791015625;0.19970703125;0.783203125;0.794921875;0.19775390625;0.8;0.15625;0.453125;0.765625;0.20703125;0.15234375;0.796875;0.828125;0.2109375;0.828125;0.8125;0.20703125;0.734375;0.7734375;0.201171875;0.3515625;0.78125;0.84375;0.21484375;0.8203125;0.84375;0.212890625;0.8359375;0.859375;0.216796875;0.74609375;0.7890625;0.2021484375;0.353515625;0.78515625;0.8359375;0.2177734375;0.83984375;0.88671875;0.2236328125;0.8671875;0.90625;0.2255859375;0.8828125;0.91796875;0.2275390625;0.890625;0.921875;0.2275390625;0.80859375;0.81640625;0.20263671875;0.3310546875;0.791015625;0.810546875;0.2041015625;0.802734375;0.818359375;0.20361328125;0.8
98;98;89.67;0.15625;0.421875;0.734375;0.203125;0.14453125;0.78125;0.796875;0.20703125;0.8125;0.796875;0.203125;0.7265625;0.7734375;0.203125;0.341796875;0.7890625;0.84375;0.216796875;0.828125;0.859375;0.21484375;0.84375;0.8671875;0.216796875;0.75390625;0.796875;0.2041015625;0.349609375;0.79296875;0.84375;0.21875;0.84375;0.88671875;0.224609375;0.8671875;0.90625;0.2255859375;0.8828125;0.91796875;0.2275390625;0.890625;0.921875;0.2275390625;0.806640625;0.79296875;0.1962890625;0.310546875;0.76953125;0.791015625;0.19921875;0.78125;0.796875;0.1982421875;0.8;0.15625;0.453125;0.75;0.20703125;0.15234375;0.796875;0.828125;0.2109375;0.828125;0.8125;0.20703125;0.734375;0.7734375;0.201171875;0.3515625;0.78125;0.84375;0.21484375;0.8125;0.84375;0.212890625;0.8359375;0.859375;0.216796875;0.74609375;0.78515625;0.2021484375;0.3525390625;0.78125;0.8359375;0.2177734375;0.83984375;0.88671875;0.2236328125;0.8671875;0.90625;0.2255859375;0.8828125;0.91796875;0.2275390625;0.890625;0.921875;0.2275390625;0.80859375;0.81640625;0.20263671875;0.33056640625;0.791015625;0.810546875;0.2041015625;0.802734375;0.818359375;0.20361328125;0.8
99;99;89.62;0.15625;0.421875;0.734375;0.203125;0.14453125;0.78125;0.796875;0.20703125;0.8125;0.78125;0.203125;0.7265625;0.765625;0.201171875;0.341796875;0.78125;0.84375;0.21484375;0.8203125;0.8515625;0.21484375;0.8359375;0.8671875;0.216796875;0.75;0.7890625;0.203125;0.3466796875;0.7890625;0.83984375;0.21875;0.84375;0.88671875;0.224609375;0.8671875;0.90625;0.2255859375;0.8828125;0.91796875;0.2275390625;0.890625;0.921875;0.2275390625;0.8046875;0.791015625;0.19677734375;0.30908203125;0.767578125;0.7890625;0.19921875;0.78125;0.796875;0.1982421875;0.8;0.15625;0.453125;0.75;0.20703125;0.15234375;0.796875;0.828125;0.2109375;0.828125;0.8125;0.20703125;0.734375;0.7734375;0.201171875;0.349609375;0.78125;0.84375;0.212890625;0.8125;0.84375;0.2109375;0.8359375;0.859375;0.216796875;0.74609375;0.78515625;0.2021484375;0.3515625;0.78125;0.8359375;0.2177734375;0.83984375;0.88671875;0.2236328125;0.8671875;0.90625;0.2255859375;0.8828125;0.91796875;0.2275390625;0.890625;0.921875;0.2275390625;0.80859375;0.81640625;0.20263671875;0.33056640625;0.79296875;0.810546875;0.2041015625;0.802734375;0.818359375;0.20361328125;0.8
