;Epoch;test_accuracy;train-saturation_conv1;train-saturation_layer1-0-conv1;train-saturation_layer1-0-conv2;train-saturation_layer1-0-conv3;train-saturation_layer1-0-shortcut-0;train-saturation_layer1-1-conv1;train-saturation_layer1-1-conv2;train-saturation_layer1-1-conv3;train-saturation_layer1-2-conv1;train-saturation_layer1-2-conv2;train-saturation_layer1-2-conv3;train-saturation_layer2-0-conv1;train-saturation_layer2-0-conv2;train-saturation_layer2-0-conv3;train-saturation_layer2-0-shortcut-0;train-saturation_layer2-1-conv1;train-saturation_layer2-1-conv2;train-saturation_layer2-1-conv3;train-saturation_layer2-2-conv1;train-saturation_layer2-2-conv2;train-saturation_layer2-2-conv3;train-saturation_layer2-3-conv1;train-saturation_layer2-3-conv2;train-saturation_layer2-3-conv3;train-saturation_layer3-0-conv1;train-saturation_layer3-0-conv2;train-saturation_layer3-0-conv3;train-saturation_layer3-0-shortcut-0;train-saturation_layer3-1-conv1;train-saturation_layer3-1-conv2;train-saturation_layer3-1-conv3;train-saturation_layer3-2-conv1;train-saturation_layer3-2-conv2;train-saturation_layer3-2-conv3;train-saturation_layer3-3-conv1;train-saturation_layer3-3-conv2;train-saturation_layer3-3-conv3;train-saturation_layer3-4-conv1;train-saturation_layer3-4-conv2;train-saturation_layer3-4-conv3;train-saturation_layer3-5-conv1;train-saturation_layer3-5-conv2;train-saturation_layer3-5-conv3;train-saturation_layer4-0-conv1;train-saturation_layer4-0-conv2;train-saturation_layer4-0-conv3;train-saturation_layer4-0-shortcut-0;train-saturation_layer4-1-conv1;train-saturation_layer4-1-conv2;train-saturation_layer4-1-conv3;train-saturation_layer4-2-conv1;train-saturation_layer4-2-conv2;train-saturation_layer4-2-conv3;train-saturation_linear;eval-saturation_conv1;eval-saturation_layer1-0-conv1;eval-saturation_layer1-0-conv2;eval-saturation_layer1-0-conv3;eval-saturation_layer1-0-shortcut-0;eval-saturation_layer1-1-conv1;eval-saturation_layer1-1-conv2;eval-saturation_layer1-1-conv3;eval-saturation_layer1-2-conv1;eval-saturation_layer1-2-conv2;eval-saturation_layer1-2-conv3;eval-saturation_layer2-0-conv1;eval-saturation_layer2-0-conv2;eval-saturation_layer2-0-conv3;eval-saturation_layer2-0-shortcut-0;eval-saturation_layer2-1-conv1;eval-saturation_layer2-1-conv2;eval-saturation_layer2-1-conv3;eval-saturation_layer2-2-conv1;eval-saturation_layer2-2-conv2;eval-saturation_layer2-2-conv3;eval-saturation_layer2-3-conv1;eval-saturation_layer2-3-conv2;eval-saturation_layer2-3-conv3;eval-saturation_layer3-0-conv1;eval-saturation_layer3-0-conv2;eval-saturation_layer3-0-conv3;eval-saturation_layer3-0-shortcut-0;eval-saturation_layer3-1-conv1;eval-saturation_layer3-1-conv2;eval-saturation_layer3-1-conv3;eval-saturation_layer3-2-conv1;eval-saturation_layer3-2-conv2;eval-saturation_layer3-2-conv3;eval-saturation_layer3-3-conv1;eval-saturation_layer3-3-conv2;eval-saturation_layer3-3-conv3;eval-saturation_layer3-4-conv1;eval-saturation_layer3-4-conv2;eval-saturation_layer3-4-conv3;eval-saturation_layer3-5-conv1;eval-saturation_layer3-5-conv2;eval-saturation_layer3-5-conv3;eval-saturation_layer4-0-conv1;eval-saturation_layer4-0-conv2;eval-saturation_layer4-0-conv3;eval-saturation_layer4-0-shortcut-0;eval-saturation_layer4-1-conv1;eval-saturation_layer4-1-conv2;eval-saturation_layer4-1-conv3;eval-saturation_layer4-2-conv1;eval-saturation_layer4-2-conv2;eval-saturation_layer4-2-conv3;eval-saturation_linear
0;0;15.25;0.046875;0.046875;0.171875;0.0234375;0.0078125;0.109375;0.203125;0.015625;0.0625;0.125;0.00390625;0.015625;0.0234375;0.001953125;0.00390625;0.0078125;0.078125;0.009765625;0.015625;0.0625;0.0078125;0.015625;0.0390625;0.00390625;0.0078125;0.0078125;0.001953125;0.0009765625;0.0078125;0.015625;0.0029296875;0.015625;0.01171875;0.001953125;0.015625;0.015625;0.001953125;0.01171875;0.01171875;0.0029296875;0.01171875;0.015625;0.001953125;0.00390625;0.0;0.0;0.0;0.0;0.0;0.0;0.0;0.0;0.0;0.2;0.046875;0.046875;0.171875;0.0234375;0.0078125;0.140625;0.3125;0.04296875;0.09375;0.171875;0.00390625;0.0390625;0.109375;0.0078125;0.009765625;0.03125;0.0625;0.0078125;0.03125;0.0546875;0.00390625;0.015625;0.0234375;0.00390625;0.00390625;0.00390625;0.001953125;0.0009765625;0.0078125;0.0078125;0.001953125;0.0078125;0.0078125;0.001953125;0.0078125;0.0078125;0.001953125;0.0078125;0.0078125;0.001953125;0.0078125;0.0078125;0.001953125;0.00390625;0.0;0.00048828125;0.0;0.001953125;0.001953125;0.00048828125;0.0;0.0;0.00048828125;0.1
1;1;27.39;0.046875;0.046875;0.1875;0.0234375;0.01171875;0.109375;0.234375;0.01953125;0.0625;0.109375;0.00390625;0.015625;0.0234375;0.001953125;0.00390625;0.0078125;0.09375;0.01171875;0.0234375;0.0625;0.0078125;0.0234375;0.0390625;0.00390625;0.0078125;0.0078125;0.001953125;0.001953125;0.0078125;0.015625;0.0029296875;0.01171875;0.01171875;0.001953125;0.01171875;0.015625;0.001953125;0.01171875;0.01171875;0.0029296875;0.01171875;0.015625;0.0029296875;0.00390625;0.0;0.0;0.0;0.0;0.0;0.0;0.0;0.0;0.0;0.2;0.046875;0.046875;0.171875;0.0234375;0.01171875;0.15625;0.359375;0.046875;0.109375;0.1875;0.0078125;0.0546875;0.1328125;0.01171875;0.013671875;0.046875;0.09375;0.009765625;0.046875;0.0703125;0.005859375;0.015625;0.0234375;0.00390625;0.00390625;0.00390625;0.001953125;0.0009765625;0.0078125;0.0078125;0.001953125;0.0078125;0.0078125;0.001953125;0.0078125;0.0078125;0.001953125;0.0078125;0.0078125;0.001953125;0.0078125;0.0078125;0.001953125;0.00390625;0.0;0.0009765625;0.00048828125;0.005859375;0.001953125;0.0009765625;0.00390625;0.00390625;0.00048828125;0.2
2;2;34.91;0.046875;0.046875;0.21875;0.02734375;0.01171875;0.140625;0.25;0.0234375;0.0625;0.109375;0.00390625;0.015625;0.0234375;0.001953125;0.005859375;0.0078125;0.1171875;0.013671875;0.03125;0.078125;0.0078125;0.0234375;0.0390625;0.00390625;0.0078125;0.0078125;0.001953125;0.001953125;0.0078125;0.015625;0.0029296875;0.01171875;0.01171875;0.001953125;0.01171875;0.015625;0.001953125;0.01171875;0.01171875;0.0029296875;0.01171875;0.015625;0.0029296875;0.00390625;0.0;0.0;0.0;0.0;0.0;0.0;0.0;0.0;0.0;0.3;0.046875;0.046875;0.234375;0.02734375;0.01171875;0.203125;0.421875;0.0546875;0.171875;0.21875;0.0078125;0.078125;0.1484375;0.01171875;0.01953125;0.0703125;0.1328125;0.01171875;0.078125;0.109375;0.0078125;0.0234375;0.0234375;0.00390625;0.00390625;0.00390625;0.001953125;0.001953125;0.0078125;0.01171875;0.001953125;0.0078125;0.01171875;0.001953125;0.0078125;0.01171875;0.001953125;0.0078125;0.0078125;0.001953125;0.0078125;0.01171875;0.0029296875;0.00390625;0.001953125;0.0009765625;0.00048828125;0.00390625;0.0;0.0;0.001953125;0.0;0.0;0.3
3;3;42.61;0.046875;0.0625;0.265625;0.03515625;0.01953125;0.203125;0.375;0.0390625;0.109375;0.140625;0.00390625;0.0234375;0.03125;0.001953125;0.009765625;0.015625;0.2109375;0.025390625;0.046875;0.125;0.01171875;0.03125;0.046875;0.005859375;0.0078125;0.0078125;0.001953125;0.0029296875;0.0078125;0.015625;0.0029296875;0.015625;0.01171875;0.001953125;0.01171875;0.015625;0.001953125;0.01171875;0.01171875;0.0029296875;0.0078125;0.015625;0.0029296875;0.005859375;0.0;0.00048828125;0.00048828125;0.0;0.0;0.0;0.0;0.0;0.0;0.4;0.046875;0.0625;0.265625;0.03125;0.01953125;0.265625;0.484375;0.0625;0.25;0.25;0.0078125;0.1171875;0.203125;0.01953125;0.029296875;0.09375;0.2109375;0.0234375;0.109375;0.15625;0.01171875;0.0390625;0.03125;0.00390625;0.0078125;0.0078125;0.001953125;0.001953125;0.0078125;0.01171875;0.001953125;0.01171875;0.01171875;0.001953125;0.0078125;0.01171875;0.001953125;0.0078125;0.0078125;0.0029296875;0.0078125;0.01171875;0.001953125;0.00390625;0.00390625;0.00048828125;0.00146484375;0.005859375;0.001953125;0.0009765625;0.005859375;0.00390625;0.00048828125;0.3
4;4;48.17;0.046875;0.09375;0.3125;0.0390625;0.02734375;0.28125;0.484375;0.05859375;0.203125;0.203125;0.0078125;0.0546875;0.046875;0.005859375;0.01953125;0.0390625;0.3046875;0.04296875;0.109375;0.1953125;0.013671875;0.0703125;0.0546875;0.005859375;0.0078125;0.0078125;0.0029296875;0.005859375;0.01171875;0.015625;0.0029296875;0.015625;0.01171875;0.0029296875;0.01171875;0.01171875;0.001953125;0.0078125;0.0078125;0.0029296875;0.0078125;0.01171875;0.0029296875;0.005859375;0.001953125;0.00048828125;0.0009765625;0.001953125;0.001953125;0.0;0.0;0.0;0.0;0.5;0.046875;0.09375;0.3125;0.0390625;0.02734375;0.3125;0.53125;0.07421875;0.328125;0.296875;0.01171875;0.171875;0.265625;0.021484375;0.044921875;0.1171875;0.2734375;0.0390625;0.1796875;0.21875;0.013671875;0.078125;0.046875;0.00390625;0.0078125;0.0078125;0.001953125;0.0048828125;0.01171875;0.015625;0.0029296875;0.015625;0.01171875;0.0029296875;0.0078125;0.01171875;0.001953125;0.0078125;0.0078125;0.0029296875;0.0078125;0.01171875;0.0029296875;0.005859375;0.00390625;0.0009765625;0.00146484375;0.005859375;0.001953125;0.0009765625;0.005859375;0.001953125;0.00048828125;0.4
5;5;52.79;0.046875;0.109375;0.375;0.0546875;0.03125;0.34375;0.578125;0.07421875;0.328125;0.3125;0.01171875;0.1484375;0.140625;0.013671875;0.04296875;0.078125;0.34375;0.046875;0.171875;0.2734375;0.01953125;0.1015625;0.0625;0.005859375;0.01171875;0.01171875;0.0029296875;0.0078125;0.015625;0.01953125;0.0029296875;0.01953125;0.015625;0.0029296875;0.01171875;0.01171875;0.001953125;0.01171875;0.01171875;0.0029296875;0.0078125;0.015625;0.0029296875;0.005859375;0.001953125;0.00048828125;0.001953125;0.0;0.0;0.0;0.0;0.0;0.0;0.5;0.046875;0.109375;0.375;0.05078125;0.03125;0.359375;0.5625;0.07421875;0.375;0.359375;0.01171875;0.21875;0.3359375;0.029296875;0.05078125;0.140625;0.3125;0.04296875;0.203125;0.265625;0.01953125;0.109375;0.0546875;0.005859375;0.01171875;0.0078125;0.001953125;0.0078125;0.015625;0.01953125;0.0029296875;0.01953125;0.015625;0.0029296875;0.01171875;0.01171875;0.001953125;0.0078125;0.01171875;0.0029296875;0.0078125;0.015625;0.0029296875;0.005859375;0.00390625;0.0009765625;0.00146484375;0.0078125;0.001953125;0.0;0.00390625;0.0;0.0;0.5
6;6;51.65;0.0625;0.109375;0.375;0.05078125;0.03125;0.21875;0.25;0.01953125;0.15625;0.15625;0.0078125;0.0859375;0.1640625;0.017578125;0.029296875;0.109375;0.3515625;0.05078125;0.1953125;0.3125;0.0234375;0.1328125;0.0703125;0.005859375;0.01953125;0.01171875;0.0029296875;0.01171875;0.015625;0.0234375;0.0029296875;0.01953125;0.015625;0.0029296875;0.01171875;0.01171875;0.001953125;0.01171875;0.01171875;0.0029296875;0.0078125;0.015625;0.0029296875;0.005859375;0.001953125;0.00048828125;0.00244140625;0.001953125;0.0;0.0;0.0;0.0;0.0;0.5;0.046875;0.125;0.390625;0.0625;0.03125;0.3125;0.515625;0.046875;0.3125;0.296875;0.015625;0.171875;0.3515625;0.029296875;0.0390625;0.125;0.3359375;0.048828125;0.1875;0.2890625;0.0234375;0.1328125;0.0703125;0.005859375;0.0234375;0.01171875;0.0029296875;0.0107421875;0.015625;0.0234375;0.0029296875;0.01953125;0.015625;0.0029296875;0.01171875;0.01171875;0.001953125;0.01171875;0.01171875;0.0029296875;0.0078125;0.015625;0.0029296875;0.005859375;0.005859375;0.0009765625;0.00244140625;0.0078125;0.001953125;0.0009765625;0.005859375;0.001953125;0.00048828125;0.5
7;7;52.62;0.0625;0.125;0.40625;0.06640625;0.03515625;0.3125;0.46875;0.05078125;0.328125;0.265625;0.01171875;0.1796875;0.3046875;0.03125;0.04296875;0.140625;0.34375;0.05078125;0.1875;0.3046875;0.02734375;0.1328125;0.0703125;0.0078125;0.03125;0.015625;0.0029296875;0.013671875;0.01953125;0.0234375;0.0029296875;0.0234375;0.01953125;0.0029296875;0.015625;0.01171875;0.001953125;0.01171875;0.01171875;0.0029296875;0.01171875;0.015625;0.0029296875;0.005859375;0.001953125;0.0009765625;0.001953125;0.00390625;0.0;0.0;0.001953125;0.0;0.0;0.5;0.0625;0.125;0.40625;0.06640625;0.03515625;0.328125;0.59375;0.0625;0.390625;0.359375;0.015625;0.1796875;0.328125;0.033203125;0.041015625;0.1328125;0.34375;0.048828125;0.171875;0.265625;0.0234375;0.1328125;0.0703125;0.005859375;0.03125;0.015625;0.0029296875;0.0126953125;0.01953125;0.0234375;0.0029296875;0.0234375;0.01953125;0.0029296875;0.015625;0.01171875;0.001953125;0.01171875;0.01171875;0.0029296875;0.01171875;0.015625;0.0029296875;0.005859375;0.00390625;0.0009765625;0.00244140625;0.00390625;0.0;0.0;0.001953125;0.0;0.0;0.5
8;8;53.89;0.078125;0.125;0.421875;0.0703125;0.0390625;0.328125;0.5625;0.0625;0.390625;0.40625;0.0234375;0.1953125;0.3515625;0.03515625;0.044921875;0.140625;0.34375;0.052734375;0.171875;0.3046875;0.029296875;0.140625;0.09375;0.0078125;0.04296875;0.02734375;0.00390625;0.0146484375;0.0234375;0.0234375;0.0029296875;0.02734375;0.0234375;0.0029296875;0.01953125;0.015625;0.001953125;0.015625;0.01171875;0.0029296875;0.01171875;0.015625;0.0029296875;0.0078125;0.001953125;0.0009765625;0.00244140625;0.01171875;0.001953125;0.0;0.0078125;0.0;0.0;0.5;0.0625;0.140625;0.390625;0.06640625;0.0390625;0.328125;0.59375;0.0625;0.40625;0.421875;0.0234375;0.171875;0.3359375;0.033203125;0.041015625;0.1328125;0.34375;0.052734375;0.1640625;0.2734375;0.02734375;0.1328125;0.09375;0.0078125;0.0390625;0.02734375;0.00390625;0.013671875;0.0234375;0.02734375;0.0029296875;0.02734375;0.0234375;0.0029296875;0.01953125;0.015625;0.001953125;0.015625;0.01171875;0.0029296875;0.01171875;0.015625;0.0029296875;0.0078125;0.001953125;0.0009765625;0.00244140625;0.0078125;0.0;0.0;0.00390625;0.0;0.0;0.5
9;9;54.44;0.09375;0.140625;0.46875;0.07421875;0.0390625;0.296875;0.546875;0.0625;0.328125;0.328125;0.01953125;0.171875;0.328125;0.0390625;0.046875;0.140625;0.3671875;0.056640625;0.171875;0.2890625;0.033203125;0.1484375;0.109375;0.0078125;0.0546875;0.03515625;0.00390625;0.017578125;0.02734375;0.0234375;0.0029296875;0.02734375;0.01953125;0.0029296875;0.0234375;0.015625;0.001953125;0.01953125;0.015625;0.0029296875;0.015625;0.015625;0.0029296875;0.009765625;0.001953125;0.0009765625;0.0029296875;0.01171875;0.001953125;0.0;0.009765625;0.0;0.0;0.6;0.078125;0.140625;0.4375;0.06640625;0.0390625;0.28125;0.5625;0.06640625;0.34375;0.328125;0.0234375;0.1640625;0.3203125;0.037109375;0.04296875;0.125;0.34375;0.052734375;0.1640625;0.28125;0.03125;0.140625;0.109375;0.0078125;0.046875;0.03125;0.00390625;0.0166015625;0.02734375;0.0234375;0.0029296875;0.03125;0.01953125;0.0029296875;0.0234375;0.015625;0.001953125;0.01953125;0.015625;0.0029296875;0.015625;0.015625;0.0029296875;0.009765625;0.001953125;0.0009765625;0.0029296875;0.009765625;0.001953125;0.0;0.009765625;0.0;0.0;0.6
10;10;59.64;0.09375;0.140625;0.453125;0.0703125;0.04296875;0.28125;0.515625;0.05859375;0.328125;0.328125;0.0234375;0.1796875;0.328125;0.041015625;0.048828125;0.140625;0.3671875;0.056640625;0.1640625;0.3125;0.03515625;0.140625;0.1015625;0.0078125;0.0625;0.04296875;0.0048828125;0.017578125;0.02734375;0.0234375;0.0029296875;0.02734375;0.0234375;0.0029296875;0.0234375;0.015625;0.001953125;0.01953125;0.01171875;0.0029296875;0.015625;0.015625;0.0029296875;0.009765625;0.00390625;0.0009765625;0.0029296875;0.015625;0.001953125;0.0;0.01171875;0.0;0.0;0.6;0.09375;0.140625;0.453125;0.06640625;0.0390625;0.265625;0.515625;0.05859375;0.3125;0.3125;0.02734375;0.15625;0.3046875;0.0390625;0.044921875;0.1328125;0.3671875;0.0546875;0.15625;0.3046875;0.03515625;0.1328125;0.1015625;0.0078125;0.05859375;0.0390625;0.0048828125;0.0166015625;0.02734375;0.02734375;0.0029296875;0.02734375;0.02734375;0.0029296875;0.0234375;0.015625;0.001953125;0.01953125;0.01171875;0.0029296875;0.015625;0.015625;0.0029296875;0.009765625;0.001953125;0.0009765625;0.0029296875;0.01171875;0.0;0.0;0.0078125;0.0;0.0;0.6
11;11;63.89;0.109375;0.140625;0.46875;0.07421875;0.04296875;0.265625;0.4375;0.05859375;0.28125;0.3125;0.0234375;0.1796875;0.3125;0.041015625;0.052734375;0.1484375;0.390625;0.060546875;0.171875;0.328125;0.033203125;0.140625;0.109375;0.0078125;0.0703125;0.05078125;0.0048828125;0.0185546875;0.03125;0.0234375;0.0029296875;0.03125;0.0234375;0.0029296875;0.0234375;0.01171875;0.001953125;0.01953125;0.01171875;0.001953125;0.0234375;0.01953125;0.0029296875;0.01171875;0.00390625;0.0009765625;0.0029296875;0.015625;0.001953125;0.0;0.013671875;0.0;0.0;0.6;0.109375;0.140625;0.453125;0.07421875;0.04296875;0.25;0.4375;0.05859375;0.265625;0.296875;0.03125;0.1640625;0.3046875;0.0390625;0.048828125;0.140625;0.390625;0.060546875;0.1640625;0.3125;0.033203125;0.140625;0.1171875;0.0078125;0.06640625;0.046875;0.0048828125;0.017578125;0.03125;0.0234375;0.0029296875;0.03125;0.0234375;0.0029296875;0.0234375;0.01171875;0.001953125;0.01953125;0.01171875;0.001953125;0.0234375;0.0234375;0.0029296875;0.01171875;0.00390625;0.0009765625;0.0029296875;0.015625;0.001953125;0.0;0.015625;0.0;0.0;0.6
12;12;60.73;0.125;0.140625;0.4375;0.0703125;0.04296875;0.25;0.390625;0.0625;0.265625;0.296875;0.02734375;0.1796875;0.3359375;0.048828125;0.052734375;0.1484375;0.40625;0.06640625;0.1796875;0.328125;0.037109375;0.1484375;0.109375;0.0078125;0.078125;0.05859375;0.0048828125;0.01953125;0.03125;0.0234375;0.0029296875;0.03125;0.01953125;0.0029296875;0.0234375;0.01171875;0.001953125;0.01953125;0.01171875;0.001953125;0.0234375;0.015625;0.0029296875;0.013671875;0.00390625;0.0009765625;0.00341796875;0.015625;0.001953125;0.0;0.015625;0.001953125;0.0;0.6;0.125;0.140625;0.421875;0.06640625;0.04296875;0.234375;0.390625;0.0625;0.265625;0.296875;0.03515625;0.171875;0.328125;0.046875;0.05078125;0.140625;0.390625;0.0625;0.171875;0.3203125;0.03515625;0.1484375;0.1171875;0.0078125;0.0703125;0.05078125;0.0048828125;0.0185546875;0.02734375;0.0234375;0.0029296875;0.03125;0.01953125;0.0029296875;0.0234375;0.01171875;0.001953125;0.0234375;0.01171875;0.001953125;0.02734375;0.01953125;0.0029296875;0.01171875;0.00390625;0.0009765625;0.0029296875;0.013671875;0.001953125;0.0;0.013671875;0.0;0.0;0.6
13;13;66.4;0.125;0.140625;0.453125;0.0703125;0.04296875;0.234375;0.375;0.0625;0.25;0.296875;0.02734375;0.1875;0.3359375;0.05078125;0.0546875;0.15625;0.4140625;0.068359375;0.1875;0.359375;0.0390625;0.15625;0.109375;0.0078125;0.08203125;0.0625;0.0048828125;0.0205078125;0.03125;0.01953125;0.0029296875;0.03515625;0.01953125;0.0029296875;0.0234375;0.01171875;0.001953125;0.01953125;0.01171875;0.0009765625;0.03125;0.015625;0.001953125;0.01171875;0.005859375;0.0009765625;0.0029296875;0.015625;0.001953125;0.00048828125;0.015625;0.001953125;0.0;0.6;0.125;0.15625;0.4375;0.0703125;0.04296875;0.234375;0.375;0.06640625;0.265625;0.296875;0.03515625;0.171875;0.328125;0.05078125;0.052734375;0.1484375;0.4140625;0.06640625;0.1875;0.3515625;0.0390625;0.1484375;0.1171875;0.0078125;0.07421875;0.05859375;0.0048828125;0.01953125;0.03125;0.01953125;0.0029296875;0.03515625;0.01953125;0.0029296875;0.0234375;0.01171875;0.001953125;0.0234375;0.01171875;0.0009765625;0.03125;0.015625;0.001953125;0.01171875;0.00390625;0.0009765625;0.00341796875;0.015625;0.00390625;0.00048828125;0.015625;0.001953125;0.0;0.6
14;14;56.55;0.125;0.15625;0.421875;0.0703125;0.046875;0.25;0.359375;0.0625;0.25;0.28125;0.02734375;0.1875;0.3515625;0.052734375;0.056640625;0.15625;0.421875;0.068359375;0.1875;0.3671875;0.041015625;0.15625;0.125;0.0078125;0.0859375;0.07421875;0.005859375;0.0205078125;0.03515625;0.01953125;0.0029296875;0.03125;0.01953125;0.001953125;0.0234375;0.01171875;0.0009765625;0.01953125;0.0078125;0.0009765625;0.02734375;0.015625;0.001953125;0.01171875;0.005859375;0.0009765625;0.00341796875;0.015625;0.001953125;0.0009765625;0.015625;0.00390625;0.0;0.7;0.125;0.15625;0.421875;0.06640625;0.04296875;0.234375;0.359375;0.0625;0.25;0.265625;0.03515625;0.1796875;0.3359375;0.05078125;0.052734375;0.1484375;0.4140625;0.064453125;0.1796875;0.359375;0.041015625;0.1484375;0.125;0.005859375;0.078125;0.0625;0.005859375;0.0205078125;0.03125;0.0234375;0.0029296875;0.03515625;0.015625;0.001953125;0.0234375;0.01171875;0.0009765625;0.015625;0.0078125;0.0009765625;0.02734375;0.015625;0.001953125;0.01171875;0.00390625;0.0009765625;0.00341796875;0.013671875;0.00390625;0.0009765625;0.013671875;0.00390625;0.0;0.6
15;15;64.19;0.125;0.140625;0.40625;0.0703125;0.046875;0.21875;0.34375;0.0625;0.25;0.265625;0.03125;0.1875;0.359375;0.0546875;0.056640625;0.15625;0.4375;0.0703125;0.203125;0.390625;0.04296875;0.1484375;0.1171875;0.0078125;0.08984375;0.078125;0.0068359375;0.021484375;0.03125;0.01953125;0.0029296875;0.03125;0.015625;0.001953125;0.0234375;0.0078125;0.0009765625;0.01953125;0.0078125;0.0009765625;0.02734375;0.01171875;0.001953125;0.013671875;0.005859375;0.00146484375;0.00341796875;0.015625;0.00390625;0.00048828125;0.015625;0.00390625;0.0;0.6;0.140625;0.140625;0.390625;0.0703125;0.046875;0.21875;0.34375;0.06640625;0.234375;0.265625;0.03515625;0.1796875;0.3515625;0.0546875;0.052734375;0.15625;0.421875;0.068359375;0.1953125;0.390625;0.04296875;0.1484375;0.125;0.0078125;0.0859375;0.0625;0.005859375;0.0205078125;0.03125;0.015625;0.0029296875;0.03125;0.015625;0.001953125;0.01953125;0.0078125;0.0009765625;0.01953125;0.0078125;0.0009765625;0.0234375;0.01171875;0.001953125;0.01171875;0.00390625;0.00146484375;0.00341796875;0.013671875;0.00390625;0.00048828125;0.015625;0.00390625;0.0;0.6
16;16;66.41;0.125;0.15625;0.4375;0.07421875;0.046875;0.234375;0.34375;0.06640625;0.25;0.296875;0.03515625;0.203125;0.3671875;0.05859375;0.060546875;0.1640625;0.4453125;0.076171875;0.2109375;0.3984375;0.04296875;0.15625;0.125;0.0078125;0.09375;0.08203125;0.005859375;0.0224609375;0.03125;0.015625;0.0029296875;0.02734375;0.015625;0.001953125;0.0234375;0.01171875;0.0009765625;0.01953125;0.0078125;0.0009765625;0.02734375;0.01171875;0.001953125;0.013671875;0.005859375;0.00146484375;0.00341796875;0.015625;0.00390625;0.0;0.015625;0.001953125;0.0;0.6;0.140625;0.15625;0.421875;0.07421875;0.046875;0.21875;0.328125;0.06640625;0.25;0.28125;0.0390625;0.1875;0.359375;0.05859375;0.056640625;0.1640625;0.4375;0.072265625;0.203125;0.390625;0.041015625;0.1484375;0.125;0.0078125;0.08984375;0.078125;0.005859375;0.0205078125;0.03125;0.015625;0.0029296875;0.03125;0.015625;0.001953125;0.0234375;0.01171875;0.0009765625;0.01953125;0.0078125;0.0009765625;0.02734375;0.01171875;0.001953125;0.013671875;0.005859375;0.00146484375;0.00341796875;0.015625;0.00390625;0.0;0.015625;0.001953125;0.0;0.6
17;17;61.06;0.140625;0.15625;0.40625;0.07421875;0.046875;0.234375;0.359375;0.06640625;0.265625;0.296875;0.03125;0.203125;0.3828125;0.060546875;0.060546875;0.171875;0.4609375;0.078125;0.21875;0.4140625;0.05078125;0.1640625;0.125;0.005859375;0.09765625;0.08203125;0.0068359375;0.0224609375;0.03515625;0.015625;0.0029296875;0.02734375;0.01171875;0.001953125;0.01953125;0.0078125;0.0009765625;0.01953125;0.00390625;0.0009765625;0.015625;0.0078125;0.0009765625;0.013671875;0.005859375;0.00146484375;0.00341796875;0.015625;0.001953125;0.0;0.015625;0.001953125;0.0;0.6;0.140625;0.15625;0.390625;0.0703125;0.046875;0.21875;0.34375;0.06640625;0.25;0.296875;0.0390625;0.1875;0.359375;0.060546875;0.056640625;0.171875;0.4453125;0.076171875;0.2109375;0.40625;0.05078125;0.15625;0.1328125;0.0078125;0.09375;0.07421875;0.0068359375;0.021484375;0.03515625;0.015625;0.0029296875;0.02734375;0.01171875;0.001953125;0.01953125;0.0078125;0.0009765625;0.01953125;0.0078125;0.0009765625;0.015625;0.0078125;0.0009765625;0.013671875;0.005859375;0.00146484375;0.00341796875;0.015625;0.00390625;0.0;0.015625;0.001953125;0.0;0.7
18;18;65.6;0.140625;0.15625;0.421875;0.078125;0.046875;0.25;0.359375;0.06640625;0.265625;0.28125;0.03515625;0.203125;0.3984375;0.0625;0.0625;0.1796875;0.4765625;0.080078125;0.21875;0.40625;0.05078125;0.15625;0.125;0.005859375;0.09375;0.0859375;0.0068359375;0.021484375;0.03515625;0.01953125;0.0029296875;0.02734375;0.01171875;0.001953125;0.015625;0.0078125;0.0;0.01953125;0.00390625;0.0;0.01953125;0.0078125;0.0009765625;0.013671875;0.005859375;0.00146484375;0.00341796875;0.015625;0.00390625;0.0;0.013671875;0.001953125;0.0;0.7;0.140625;0.15625;0.421875;0.078125;0.046875;0.234375;0.359375;0.0703125;0.25;0.265625;0.0390625;0.1953125;0.390625;0.060546875;0.056640625;0.171875;0.4609375;0.078125;0.203125;0.3984375;0.048828125;0.1484375;0.1171875;0.005859375;0.08984375;0.08203125;0.0068359375;0.01953125;0.03515625;0.01953125;0.0029296875;0.02734375;0.015625;0.001953125;0.01953125;0.0078125;0.0;0.01953125;0.0078125;0.0;0.01953125;0.0078125;0.0009765625;0.013671875;0.00390625;0.00146484375;0.00341796875;0.015625;0.00390625;0.0;0.013671875;0.001953125;0.0;0.7
19;19;60.49;0.140625;0.140625;0.421875;0.078125;0.046875;0.234375;0.359375;0.06640625;0.265625;0.28125;0.03515625;0.203125;0.3984375;0.0625;0.060546875;0.1796875;0.4609375;0.078125;0.2265625;0.4140625;0.052734375;0.1640625;0.1328125;0.0078125;0.1015625;0.08984375;0.0068359375;0.021484375;0.03125;0.015625;0.0029296875;0.02734375;0.01171875;0.001953125;0.01953125;0.0078125;0.0;0.015625;0.00390625;0.0;0.015625;0.0078125;0.0009765625;0.013671875;0.005859375;0.00146484375;0.00341796875;0.015625;0.00390625;0.0;0.015625;0.001953125;0.0;0.7;0.140625;0.15625;0.40625;0.078125;0.046875;0.21875;0.34375;0.0703125;0.25;0.265625;0.04296875;0.1953125;0.3984375;0.0625;0.05859375;0.1796875;0.453125;0.076171875;0.21875;0.421875;0.052734375;0.1640625;0.1328125;0.0078125;0.1015625;0.0859375;0.0068359375;0.021484375;0.03125;0.015625;0.0029296875;0.02734375;0.01171875;0.001953125;0.015625;0.0078125;0.0;0.01953125;0.00390625;0.0;0.01953125;0.0078125;0.0009765625;0.01171875;0.005859375;0.00146484375;0.00341796875;0.015625;0.00390625;0.0;0.015625;0.001953125;0.0;0.6
20;20;66.94;0.140625;0.140625;0.421875;0.07421875;0.046875;0.25;0.375;0.06640625;0.265625;0.328125;0.0390625;0.21875;0.40625;0.0625;0.06640625;0.1796875;0.46875;0.08203125;0.2265625;0.4375;0.0546875;0.1640625;0.140625;0.0078125;0.10546875;0.08984375;0.0068359375;0.0224609375;0.03515625;0.015625;0.0029296875;0.02734375;0.015625;0.001953125;0.01953125;0.0078125;0.0;0.01953125;0.00390625;0.0;0.01953125;0.0078125;0.0009765625;0.013671875;0.005859375;0.00146484375;0.00341796875;0.015625;0.00390625;0.0;0.013671875;0.001953125;0.0;0.7;0.140625;0.140625;0.40625;0.07421875;0.046875;0.234375;0.359375;0.0703125;0.265625;0.3125;0.05078125;0.2109375;0.40625;0.064453125;0.0625;0.1796875;0.4609375;0.083984375;0.21875;0.4296875;0.052734375;0.1640625;0.1484375;0.0078125;0.09765625;0.078125;0.0068359375;0.021484375;0.03125;0.015625;0.0029296875;0.02734375;0.015625;0.001953125;0.01953125;0.0078125;0.0;0.01953125;0.00390625;0.0;0.01953125;0.0078125;0.0009765625;0.01171875;0.005859375;0.00146484375;0.00341796875;0.015625;0.00390625;0.0;0.013671875;0.001953125;0.0;0.7
21;21;65.19;0.140625;0.15625;0.421875;0.08203125;0.05078125;0.25;0.375;0.0703125;0.265625;0.3125;0.0390625;0.21875;0.4140625;0.06640625;0.06640625;0.1875;0.484375;0.087890625;0.234375;0.421875;0.056640625;0.171875;0.140625;0.0078125;0.1015625;0.08984375;0.0068359375;0.0224609375;0.03515625;0.015625;0.001953125;0.03125;0.01171875;0.001953125;0.015625;0.0078125;0.0;0.01953125;0.00390625;0.0;0.015625;0.0078125;0.0009765625;0.013671875;0.005859375;0.00146484375;0.00341796875;0.013671875;0.00390625;0.0;0.013671875;0.001953125;0.0;0.7;0.140625;0.15625;0.40625;0.08203125;0.046875;0.234375;0.359375;0.0703125;0.265625;0.3125;0.046875;0.2109375;0.4140625;0.06640625;0.064453125;0.1875;0.46875;0.0859375;0.2265625;0.421875;0.056640625;0.171875;0.140625;0.0078125;0.1015625;0.09375;0.0068359375;0.0234375;0.03515625;0.015625;0.001953125;0.03125;0.01171875;0.001953125;0.01953125;0.0078125;0.0;0.01953125;0.00390625;0.0;0.015625;0.0078125;0.0009765625;0.013671875;0.005859375;0.00146484375;0.00341796875;0.013671875;0.00390625;0.0;0.01171875;0.001953125;0.0;0.7
22;22;66.04;0.140625;0.15625;0.421875;0.08203125;0.05078125;0.234375;0.390625;0.07421875;0.265625;0.296875;0.04296875;0.21875;0.421875;0.064453125;0.068359375;0.1875;0.484375;0.0859375;0.234375;0.421875;0.0546875;0.1640625;0.1328125;0.0078125;0.10546875;0.08984375;0.0078125;0.0224609375;0.0390625;0.015625;0.001953125;0.02734375;0.01171875;0.001953125;0.015625;0.00390625;0.0;0.01953125;0.00390625;0.0;0.015625;0.0078125;0.0;0.01171875;0.005859375;0.00146484375;0.00341796875;0.013671875;0.00390625;0.0;0.01171875;0.001953125;0.0;0.7;0.140625;0.15625;0.40625;0.08203125;0.046875;0.234375;0.375;0.07421875;0.265625;0.296875;0.046875;0.21875;0.40625;0.0625;0.06640625;0.1796875;0.4765625;0.083984375;0.2265625;0.40625;0.05078125;0.15625;0.125;0.0078125;0.09375;0.078125;0.0068359375;0.0205078125;0.03515625;0.015625;0.001953125;0.02734375;0.01171875;0.001953125;0.015625;0.0078125;0.0;0.01953125;0.00390625;0.0;0.0234375;0.0078125;0.0;0.01171875;0.00390625;0.00146484375;0.00341796875;0.013671875;0.00390625;0.0;0.01171875;0.001953125;0.0;0.7
23;23;69.13;0.140625;0.15625;0.453125;0.0859375;0.05078125;0.25;0.390625;0.078125;0.265625;0.328125;0.04296875;0.2265625;0.4296875;0.06640625;0.0703125;0.1953125;0.5;0.091796875;0.234375;0.4296875;0.056640625;0.171875;0.125;0.0078125;0.10546875;0.10546875;0.0078125;0.0234375;0.03515625;0.015625;0.001953125;0.02734375;0.01171875;0.001953125;0.01953125;0.00390625;0.0;0.01953125;0.00390625;0.0;0.015625;0.0078125;0.0;0.013671875;0.005859375;0.00146484375;0.00341796875;0.015625;0.001953125;0.0;0.013671875;0.001953125;0.0;0.7;0.140625;0.15625;0.4375;0.0859375;0.05078125;0.25;0.390625;0.08203125;0.25;0.328125;0.046875;0.2109375;0.40625;0.06640625;0.06640625;0.1953125;0.484375;0.087890625;0.2265625;0.421875;0.0546875;0.1640625;0.1328125;0.0078125;0.1015625;0.08984375;0.0068359375;0.021484375;0.03515625;0.015625;0.001953125;0.02734375;0.01171875;0.001953125;0.015625;0.00390625;0.0;0.01953125;0.00390625;0.0;0.015625;0.0078125;0.0;0.01171875;0.005859375;0.00146484375;0.00341796875;0.013671875;0.00390625;0.0;0.009765625;0.001953125;0.0;0.7
24;24;71.42;0.140625;0.171875;0.4375;0.0859375;0.0546875;0.25;0.390625;0.078125;0.28125;0.328125;0.0390625;0.2265625;0.4375;0.068359375;0.068359375;0.1953125;0.5;0.083984375;0.2421875;0.4453125;0.056640625;0.1875;0.1328125;0.0078125;0.11328125;0.1015625;0.0078125;0.0244140625;0.0390625;0.015625;0.001953125;0.0234375;0.01171875;0.001953125;0.01171875;0.00390625;0.0;0.0234375;0.00390625;0.0;0.0078125;0.00390625;0.0;0.013671875;0.00390625;0.00146484375;0.00341796875;0.013671875;0.001953125;0.0;0.01171875;0.001953125;0.0;0.7;0.140625;0.15625;0.421875;0.08203125;0.05078125;0.234375;0.375;0.078125;0.28125;0.328125;0.05078125;0.21875;0.4296875;0.068359375;0.068359375;0.1953125;0.484375;0.083984375;0.234375;0.4453125;0.056640625;0.1796875;0.140625;0.0078125;0.109375;0.08984375;0.0068359375;0.0234375;0.0390625;0.015625;0.001953125;0.02734375;0.01171875;0.001953125;0.015625;0.00390625;0.0;0.01953125;0.00390625;0.0;0.01171875;0.00390625;0.0;0.01171875;0.00390625;0.00146484375;0.00341796875;0.01171875;0.001953125;0.0;0.009765625;0.0;0.0;0.7
25;25;67.74;0.140625;0.15625;0.453125;0.0859375;0.05078125;0.234375;0.40625;0.08203125;0.28125;0.34375;0.04296875;0.2265625;0.4375;0.0703125;0.0703125;0.1953125;0.5;0.08984375;0.2421875;0.4453125;0.05859375;0.1796875;0.140625;0.009765625;0.11328125;0.10546875;0.0078125;0.0234375;0.03515625;0.015625;0.001953125;0.02734375;0.01171875;0.001953125;0.01171875;0.00390625;0.0;0.01953125;0.0;0.0;0.01171875;0.00390625;0.0;0.013671875;0.005859375;0.00146484375;0.00341796875;0.013671875;0.001953125;0.0;0.01171875;0.001953125;0.0;0.7;0.140625;0.171875;0.453125;0.0859375;0.05078125;0.234375;0.40625;0.08203125;0.28125;0.34375;0.05078125;0.2265625;0.4296875;0.0703125;0.06640625;0.1875;0.4921875;0.087890625;0.2421875;0.4453125;0.060546875;0.171875;0.140625;0.009765625;0.109375;0.109375;0.0078125;0.0224609375;0.03515625;0.015625;0.001953125;0.02734375;0.01171875;0.001953125;0.01171875;0.00390625;0.0;0.015625;0.0;0.0;0.015625;0.00390625;0.0;0.013671875;0.005859375;0.00146484375;0.00341796875;0.013671875;0.001953125;0.0;0.01171875;0.001953125;0.0;0.8
26;26;65.79;0.140625;0.171875;0.4375;0.0859375;0.05078125;0.25;0.40625;0.0859375;0.28125;0.34375;0.046875;0.2265625;0.4453125;0.072265625;0.072265625;0.203125;0.53125;0.09375;0.2421875;0.4375;0.05859375;0.1796875;0.1484375;0.0078125;0.109375;0.109375;0.0078125;0.0234375;0.0390625;0.015625;0.001953125;0.02734375;0.01171875;0.001953125;0.015625;0.00390625;0.0;0.01953125;0.0;0.0;0.015625;0.0;0.0;0.013671875;0.005859375;0.00146484375;0.00341796875;0.01171875;0.001953125;0.0;0.009765625;0.0;0.0;0.7;0.140625;0.171875;0.421875;0.0859375;0.05078125;0.234375;0.390625;0.0859375;0.28125;0.34375;0.0546875;0.21875;0.4296875;0.0703125;0.0703125;0.1953125;0.515625;0.09375;0.2265625;0.4296875;0.05859375;0.1796875;0.1484375;0.009765625;0.10546875;0.09375;0.0078125;0.0224609375;0.03515625;0.015625;0.001953125;0.03125;0.01171875;0.001953125;0.01953125;0.00390625;0.0;0.01953125;0.0;0.0;0.01171875;0.0;0.0;0.01171875;0.005859375;0.001953125;0.00341796875;0.01171875;0.001953125;0.0;0.005859375;0.0;0.0;0.7
27;27;68.18;0.140625;0.171875;0.46875;0.08984375;0.0546875;0.25;0.40625;0.0859375;0.296875;0.359375;0.046875;0.2421875;0.4609375;0.0703125;0.076171875;0.203125;0.515625;0.09765625;0.25;0.453125;0.060546875;0.1796875;0.1328125;0.0078125;0.11328125;0.1015625;0.0078125;0.0244140625;0.03515625;0.015625;0.001953125;0.02734375;0.015625;0.001953125;0.015625;0.0;0.0;0.01953125;0.0;0.0;0.01171875;0.0;0.0;0.013671875;0.005859375;0.00146484375;0.00341796875;0.013671875;0.0;0.0;0.0078125;0.0;0.0;0.7;0.140625;0.171875;0.453125;0.0859375;0.0546875;0.234375;0.40625;0.0859375;0.296875;0.34375;0.05859375;0.234375;0.4609375;0.0703125;0.072265625;0.1953125;0.5;0.09375;0.2421875;0.4375;0.056640625;0.1640625;0.1328125;0.005859375;0.109375;0.08984375;0.0078125;0.021484375;0.03125;0.015625;0.001953125;0.03125;0.015625;0.001953125;0.01953125;0.00390625;0.0;0.01953125;0.0;0.0;0.015625;0.0;0.0;0.013671875;0.005859375;0.00146484375;0.00341796875;0.01171875;0.0;0.0;0.0078125;0.001953125;0.0;0.7
28;28;68.1;0.140625;0.171875;0.46875;0.0859375;0.0546875;0.25;0.421875;0.078125;0.296875;0.375;0.05078125;0.2421875;0.453125;0.072265625;0.07421875;0.203125;0.53125;0.09765625;0.25;0.4609375;0.060546875;0.1875;0.140625;0.0078125;0.1171875;0.1015625;0.0078125;0.0244140625;0.0390625;0.015625;0.001953125;0.02734375;0.01171875;0.001953125;0.015625;0.0;0.0;0.015625;0.0;0.0;0.01171875;0.0;0.0;0.013671875;0.005859375;0.00146484375;0.00341796875;0.01171875;0.0;0.0;0.009765625;0.001953125;0.0;0.7;0.15625;0.171875;0.4375;0.0859375;0.0546875;0.234375;0.40625;0.08203125;0.296875;0.359375;0.0625;0.234375;0.4453125;0.0703125;0.0703125;0.1953125;0.5234375;0.095703125;0.2421875;0.4609375;0.0625;0.1796875;0.1484375;0.009765625;0.11328125;0.08984375;0.0078125;0.0244140625;0.03515625;0.015625;0.001953125;0.03125;0.01171875;0.001953125;0.01953125;0.0;0.0;0.015625;0.0;0.0;0.01953125;0.0;0.0;0.01171875;0.005859375;0.00146484375;0.00341796875;0.01171875;0.0;0.0;0.005859375;0.0;0.0;0.7
29;29;69.77;0.140625;0.171875;0.453125;0.0859375;0.0546875;0.25;0.40625;0.08203125;0.28125;0.34375;0.05078125;0.2421875;0.46875;0.07421875;0.072265625;0.203125;0.53125;0.099609375;0.2578125;0.46875;0.060546875;0.1875;0.1484375;0.0078125;0.12109375;0.109375;0.0078125;0.0244140625;0.03515625;0.015625;0.001953125;0.02734375;0.01171875;0.001953125;0.015625;0.0;0.0;0.0234375;0.0;0.0;0.0078125;0.0;0.0;0.013671875;0.005859375;0.00146484375;0.00341796875;0.01171875;0.0;0.0;0.0078125;0.0;0.0;0.7;0.140625;0.171875;0.421875;0.0859375;0.0546875;0.25;0.40625;0.0859375;0.28125;0.34375;0.05859375;0.234375;0.4609375;0.07421875;0.068359375;0.1953125;0.5234375;0.099609375;0.25;0.4609375;0.05859375;0.1796875;0.1484375;0.0078125;0.1171875;0.1015625;0.0078125;0.0234375;0.03515625;0.015625;0.001953125;0.02734375;0.01171875;0.001953125;0.015625;0.0;0.0;0.0234375;0.0;0.0;0.0078125;0.0;0.0;0.01171875;0.005859375;0.001953125;0.00341796875;0.01171875;0.0;0.0;0.0078125;0.0;0.0;0.7
30;30;67.62;0.140625;0.171875;0.46875;0.0859375;0.0546875;0.28125;0.40625;0.08203125;0.296875;0.359375;0.05078125;0.25;0.484375;0.07421875;0.078125;0.2109375;0.53125;0.09765625;0.2578125;0.46875;0.0625;0.1796875;0.1328125;0.0078125;0.1171875;0.109375;0.0087890625;0.0244140625;0.0390625;0.01171875;0.001953125;0.02734375;0.01171875;0.001953125;0.015625;0.0;0.0;0.015625;0.0;0.0;0.01171875;0.0;0.0;0.013671875;0.005859375;0.001953125;0.00341796875;0.01171875;0.0;0.0;0.0078125;0.0;0.0;0.7;0.15625;0.171875;0.453125;0.0859375;0.0546875;0.265625;0.40625;0.08203125;0.296875;0.34375;0.05859375;0.2421875;0.46875;0.07421875;0.072265625;0.203125;0.5234375;0.09765625;0.25;0.46875;0.064453125;0.1796875;0.140625;0.0078125;0.1171875;0.109375;0.0078125;0.0234375;0.03515625;0.015625;0.001953125;0.02734375;0.01171875;0.001953125;0.01953125;0.0;0.0;0.015625;0.0;0.0;0.0078125;0.0;0.0;0.013671875;0.005859375;0.00146484375;0.00341796875;0.01171875;0.0;0.0;0.005859375;0.0;0.0;0.7
31;31;66.48;0.140625;0.1875;0.453125;0.08984375;0.0546875;0.265625;0.40625;0.0859375;0.296875;0.359375;0.05078125;0.25;0.484375;0.078125;0.076171875;0.2109375;0.5390625;0.1015625;0.265625;0.46875;0.064453125;0.1875;0.1484375;0.0078125;0.12109375;0.11328125;0.0087890625;0.0244140625;0.03515625;0.015625;0.001953125;0.02734375;0.015625;0.001953125;0.01953125;0.0;0.0;0.01953125;0.0;0.0;0.0078125;0.0;0.0;0.013671875;0.005859375;0.00146484375;0.00341796875;0.013671875;0.0;0.0;0.0078125;0.0;0.0;0.7;0.15625;0.1875;0.4375;0.0859375;0.0546875;0.25;0.40625;0.08984375;0.296875;0.359375;0.0625;0.25;0.484375;0.076171875;0.07421875;0.203125;0.53125;0.099609375;0.2578125;0.4609375;0.06640625;0.1796875;0.15625;0.0078125;0.1171875;0.1015625;0.0078125;0.0244140625;0.03515625;0.015625;0.001953125;0.03125;0.015625;0.001953125;0.01953125;0.0;0.0;0.01953125;0.0;0.0;0.0078125;0.0;0.0;0.01171875;0.005859375;0.00146484375;0.00341796875;0.01171875;0.0;0.0;0.005859375;0.0;0.0;0.7
32;32;68.36;0.15625;0.171875;0.453125;0.08984375;0.0546875;0.25;0.421875;0.0859375;0.3125;0.375;0.0546875;0.25;0.4921875;0.076171875;0.076171875;0.2109375;0.5390625;0.1015625;0.2578125;0.4609375;0.0625;0.1875;0.15625;0.009765625;0.125;0.10546875;0.0087890625;0.0244140625;0.03515625;0.015625;0.001953125;0.02734375;0.01171875;0.001953125;0.015625;0.00390625;0.0;0.0234375;0.0;0.0;0.0078125;0.0;0.0;0.013671875;0.005859375;0.00146484375;0.00341796875;0.01171875;0.0;0.0;0.0078125;0.0;0.0;0.7;0.15625;0.171875;0.4375;0.08984375;0.0546875;0.25;0.40625;0.0859375;0.3125;0.390625;0.06640625;0.2421875;0.4765625;0.076171875;0.07421875;0.203125;0.53125;0.1015625;0.25;0.46875;0.0625;0.1796875;0.1484375;0.009765625;0.12109375;0.10546875;0.0087890625;0.0234375;0.03515625;0.015625;0.001953125;0.03125;0.01171875;0.001953125;0.01953125;0.00390625;0.0;0.01953125;0.0;0.0;0.0078125;0.0;0.0;0.013671875;0.005859375;0.00146484375;0.00341796875;0.01171875;0.0;0.0;0.005859375;0.0;0.0;0.7
33;33;71.9;0.140625;0.171875;0.453125;0.08984375;0.0546875;0.265625;0.421875;0.0859375;0.28125;0.390625;0.05859375;0.25;0.484375;0.078125;0.076171875;0.2109375;0.5390625;0.103515625;0.2578125;0.484375;0.068359375;0.1796875;0.1484375;0.009765625;0.125;0.109375;0.0087890625;0.025390625;0.0390625;0.01953125;0.001953125;0.02734375;0.01171875;0.001953125;0.015625;0.0;0.0;0.01953125;0.0;0.0;0.0078125;0.0;0.0;0.013671875;0.005859375;0.00146484375;0.00341796875;0.01171875;0.0;0.0;0.005859375;0.0;0.0;0.7;0.15625;0.171875;0.4375;0.08984375;0.0546875;0.25;0.40625;0.08984375;0.28125;0.390625;0.06640625;0.234375;0.46875;0.07421875;0.072265625;0.203125;0.515625;0.099609375;0.2578125;0.46875;0.06640625;0.1796875;0.15625;0.009765625;0.1171875;0.1015625;0.0078125;0.0234375;0.0390625;0.01953125;0.001953125;0.02734375;0.01171875;0.001953125;0.015625;0.0;0.0;0.01953125;0.0;0.0;0.00390625;0.0;0.0;0.013671875;0.005859375;0.00146484375;0.00341796875;0.01171875;0.0;0.0;0.005859375;0.0;0.0;0.7
34;34;73.68;0.15625;0.171875;0.484375;0.08984375;0.0546875;0.265625;0.421875;0.0859375;0.296875;0.390625;0.05859375;0.2578125;0.5;0.078125;0.078125;0.21875;0.5546875;0.103515625;0.265625;0.4765625;0.064453125;0.1875;0.1484375;0.0078125;0.12890625;0.1171875;0.0078125;0.025390625;0.0390625;0.015625;0.001953125;0.02734375;0.01171875;0.001953125;0.015625;0.00390625;0.0;0.0234375;0.0;0.0;0.0078125;0.0;0.0;0.013671875;0.005859375;0.00146484375;0.00341796875;0.01171875;0.0;0.0;0.005859375;0.0;0.0;0.7;0.15625;0.1875;0.46875;0.09375;0.05859375;0.25;0.40625;0.0859375;0.296875;0.375;0.06640625;0.2421875;0.4921875;0.076171875;0.076171875;0.21875;0.546875;0.1015625;0.2578125;0.4609375;0.060546875;0.1796875;0.1484375;0.0078125;0.12109375;0.1015625;0.0078125;0.0234375;0.0390625;0.015625;0.001953125;0.02734375;0.01171875;0.001953125;0.01953125;0.00390625;0.0;0.0234375;0.0;0.0;0.0078125;0.0;0.0;0.01171875;0.005859375;0.00146484375;0.00341796875;0.01171875;0.0;0.0;0.00390625;0.0;0.0;0.7
35;35;67.52;0.15625;0.1875;0.453125;0.09375;0.05859375;0.265625;0.421875;0.08203125;0.3125;0.40625;0.05859375;0.265625;0.5078125;0.080078125;0.08203125;0.21875;0.5625;0.1015625;0.265625;0.4765625;0.06640625;0.1796875;0.1484375;0.009765625;0.125;0.1171875;0.0087890625;0.025390625;0.03515625;0.015625;0.001953125;0.02734375;0.01171875;0.001953125;0.015625;0.00390625;0.0;0.0234375;0.0;0.0;0.0078125;0.0;0.0;0.013671875;0.005859375;0.00146484375;0.00341796875;0.01171875;0.0;0.0;0.00390625;0.0;0.0;0.7;0.15625;0.1875;0.4375;0.09375;0.05859375;0.265625;0.421875;0.0859375;0.328125;0.421875;0.0703125;0.2578125;0.5;0.080078125;0.078125;0.21875;0.5625;0.1015625;0.2578125;0.46875;0.06640625;0.1796875;0.1484375;0.0078125;0.12109375;0.10546875;0.0078125;0.0244140625;0.03515625;0.015625;0.001953125;0.03125;0.01171875;0.001953125;0.01953125;0.00390625;0.0;0.0234375;0.0;0.0;0.01171875;0.0;0.0;0.013671875;0.005859375;0.00146484375;0.00341796875;0.009765625;0.0;0.0;0.001953125;0.0;0.0;0.7
36;36;71.07;0.15625;0.1875;0.484375;0.09765625;0.05859375;0.25;0.421875;0.08984375;0.3125;0.421875;0.0625;0.265625;0.5078125;0.080078125;0.080078125;0.2265625;0.5546875;0.10546875;0.265625;0.484375;0.064453125;0.1796875;0.1640625;0.009765625;0.125;0.1171875;0.0087890625;0.025390625;0.03515625;0.015625;0.001953125;0.03125;0.01171875;0.001953125;0.015625;0.0;0.0;0.01953125;0.0;0.0;0.0078125;0.0;0.0;0.013671875;0.005859375;0.00146484375;0.0029296875;0.013671875;0.0;0.0;0.00390625;0.0;0.0;0.7;0.15625;0.1875;0.453125;0.09375;0.05859375;0.25;0.40625;0.08984375;0.3125;0.421875;0.0703125;0.2578125;0.5078125;0.080078125;0.080078125;0.21875;0.5390625;0.10546875;0.2578125;0.46875;0.064453125;0.171875;0.15625;0.009765625;0.12109375;0.10546875;0.0087890625;0.0234375;0.03515625;0.015625;0.001953125;0.03125;0.01171875;0.001953125;0.01953125;0.0;0.0;0.01953125;0.0;0.0;0.00390625;0.0;0.0;0.01171875;0.005859375;0.00146484375;0.0029296875;0.01171875;0.0;0.0;0.00390625;0.0;0.0;0.7
37;37;71.83;0.140625;0.1875;0.46875;0.09375;0.05859375;0.265625;0.421875;0.0859375;0.328125;0.421875;0.06640625;0.265625;0.515625;0.08203125;0.083984375;0.2265625;0.5546875;0.10546875;0.265625;0.4921875;0.0703125;0.1953125;0.15625;0.0078125;0.12890625;0.1171875;0.0087890625;0.0263671875;0.03515625;0.015625;0.001953125;0.02734375;0.01171875;0.001953125;0.015625;0.0;0.0;0.0234375;0.0;0.0;0.0078125;0.0;0.0;0.013671875;0.005859375;0.00146484375;0.00341796875;0.01171875;0.0;0.0;0.00390625;0.0;0.0;0.7;0.15625;0.1875;0.453125;0.09375;0.05859375;0.25;0.40625;0.08984375;0.3125;0.421875;0.07421875;0.2578125;0.5078125;0.08203125;0.080078125;0.2109375;0.5234375;0.1015625;0.2578125;0.4765625;0.06640625;0.1875;0.1484375;0.0078125;0.12109375;0.1015625;0.0078125;0.025390625;0.03515625;0.015625;0.001953125;0.03125;0.015625;0.001953125;0.0234375;0.0;0.0;0.01953125;0.0;0.0;0.0078125;0.0;0.0;0.01171875;0.005859375;0.00146484375;0.00341796875;0.01171875;0.0;0.0;0.00390625;0.0;0.0;0.7
38;38;70.59;0.15625;0.1875;0.484375;0.09765625;0.05859375;0.265625;0.421875;0.08984375;0.328125;0.421875;0.06640625;0.28125;0.5234375;0.083984375;0.0859375;0.2265625;0.5625;0.10546875;0.2734375;0.484375;0.068359375;0.1953125;0.15625;0.0078125;0.12890625;0.1171875;0.0087890625;0.025390625;0.03515625;0.015625;0.001953125;0.02734375;0.01171875;0.001953125;0.01171875;0.0;0.0;0.0234375;0.0;0.0;0.0078125;0.0;0.0;0.013671875;0.005859375;0.001953125;0.00341796875;0.01171875;0.0;0.0;0.00390625;0.0;0.0;0.7;0.15625;0.1875;0.453125;0.09765625;0.05859375;0.25;0.40625;0.08984375;0.328125;0.421875;0.07421875;0.265625;0.515625;0.08203125;0.08203125;0.21875;0.5390625;0.099609375;0.265625;0.4765625;0.068359375;0.1875;0.15625;0.0078125;0.125;0.1171875;0.0087890625;0.025390625;0.03515625;0.015625;0.001953125;0.03125;0.01171875;0.001953125;0.015625;0.0;0.0;0.01953125;0.0;0.0;0.0078125;0.0;0.0;0.01171875;0.005859375;0.001953125;0.00341796875;0.01171875;0.0;0.0;0.00390625;0.0;0.0;0.7
39;39;73.18;0.15625;0.1875;0.46875;0.09765625;0.05859375;0.265625;0.421875;0.08984375;0.3125;0.40625;0.0625;0.2734375;0.515625;0.083984375;0.083984375;0.2265625;0.5625;0.107421875;0.28125;0.484375;0.068359375;0.1953125;0.15625;0.0078125;0.1328125;0.12109375;0.0087890625;0.0263671875;0.03515625;0.015625;0.001953125;0.03125;0.01171875;0.001953125;0.01171875;0.0;0.0;0.0234375;0.0;0.0;0.0078125;0.0;0.0;0.013671875;0.005859375;0.001953125;0.00341796875;0.01171875;0.0;0.0;0.00390625;0.0;0.0;0.7;0.15625;0.1875;0.4375;0.09765625;0.05859375;0.25;0.421875;0.08984375;0.3125;0.40625;0.0703125;0.265625;0.5078125;0.083984375;0.08203125;0.21875;0.546875;0.10546875;0.2734375;0.484375;0.0703125;0.1953125;0.15625;0.0078125;0.125;0.109375;0.0078125;0.025390625;0.03515625;0.015625;0.001953125;0.03125;0.01171875;0.001953125;0.01171875;0.0;0.0;0.0234375;0.0;0.0;0.01171875;0.0;0.0;0.01171875;0.005859375;0.001953125;0.00341796875;0.01171875;0.0;0.0;0.001953125;0.0;0.0;0.7
40;40;75.99;0.15625;0.1875;0.46875;0.09765625;0.05859375;0.265625;0.4375;0.08984375;0.328125;0.4375;0.06640625;0.28125;0.5234375;0.083984375;0.087890625;0.2265625;0.5625;0.109375;0.265625;0.4921875;0.072265625;0.203125;0.15625;0.0078125;0.12890625;0.12109375;0.0087890625;0.0263671875;0.0390625;0.01171875;0.001953125;0.02734375;0.01171875;0.001953125;0.01171875;0.0;0.0;0.0234375;0.0;0.0;0.0078125;0.0;0.0;0.013671875;0.005859375;0.001953125;0.00341796875;0.01171875;0.0;0.0;0.005859375;0.0;0.0;0.7;0.15625;0.1875;0.453125;0.09765625;0.0625;0.265625;0.4375;0.08984375;0.328125;0.4375;0.078125;0.265625;0.5078125;0.083984375;0.08203125;0.21875;0.5546875;0.107421875;0.265625;0.484375;0.072265625;0.1953125;0.15625;0.0078125;0.125;0.11328125;0.0087890625;0.0244140625;0.03515625;0.01171875;0.001953125;0.02734375;0.01171875;0.001953125;0.01953125;0.0;0.0;0.0234375;0.0;0.0;0.0078125;0.0;0.0;0.013671875;0.005859375;0.00146484375;0.00341796875;0.01171875;0.0;0.0;0.00390625;0.0;0.0;0.7
41;41;71.35;0.15625;0.1875;0.46875;0.09765625;0.05859375;0.28125;0.4375;0.09375;0.328125;0.4375;0.06640625;0.28125;0.53125;0.083984375;0.087890625;0.2265625;0.5625;0.109375;0.28125;0.5;0.072265625;0.203125;0.1484375;0.009765625;0.13671875;0.12109375;0.0087890625;0.0263671875;0.03515625;0.01171875;0.001953125;0.03125;0.01171875;0.001953125;0.01171875;0.0;0.0;0.01953125;0.0;0.0;0.00390625;0.0;0.0;0.013671875;0.005859375;0.001953125;0.00341796875;0.013671875;0.0;0.0;0.00390625;0.0;0.0;0.7;0.15625;0.1875;0.4375;0.09765625;0.0625;0.265625;0.421875;0.09375;0.328125;0.4375;0.07421875;0.2734375;0.515625;0.083984375;0.083984375;0.2265625;0.5546875;0.107421875;0.2734375;0.4921875;0.072265625;0.203125;0.1484375;0.0078125;0.1328125;0.109375;0.0078125;0.02734375;0.03515625;0.01171875;0.001953125;0.02734375;0.01171875;0.001953125;0.01171875;0.0;0.0;0.0234375;0.0;0.0;0.0078125;0.0;0.0;0.01171875;0.005859375;0.001953125;0.00341796875;0.01171875;0.0;0.0;0.001953125;0.0;0.0;0.7
42;42;74.08;0.15625;0.1875;0.484375;0.1015625;0.0625;0.28125;0.453125;0.09375;0.328125;0.453125;0.0703125;0.2890625;0.5390625;0.0859375;0.08984375;0.234375;0.5703125;0.11328125;0.28125;0.5;0.072265625;0.1953125;0.1484375;0.0078125;0.13671875;0.125;0.0087890625;0.0263671875;0.03515625;0.01171875;0.001953125;0.02734375;0.01171875;0.001953125;0.01171875;0.0;0.0;0.01953125;0.0;0.0;0.00390625;0.0;0.0;0.013671875;0.005859375;0.001953125;0.00341796875;0.01171875;0.0;0.0;0.00390625;0.0;0.0;0.7;0.15625;0.1875;0.453125;0.1015625;0.0625;0.28125;0.4375;0.09765625;0.328125;0.453125;0.078125;0.28125;0.5390625;0.0859375;0.087890625;0.2265625;0.5703125;0.111328125;0.28125;0.4921875;0.0703125;0.1953125;0.15625;0.0078125;0.13671875;0.11328125;0.0087890625;0.025390625;0.03515625;0.015625;0.001953125;0.02734375;0.01171875;0.001953125;0.015625;0.0;0.0;0.0234375;0.0;0.0;0.00390625;0.0;0.0;0.01171875;0.005859375;0.001953125;0.00341796875;0.009765625;0.0;0.0;0.00390625;0.0;0.0;0.7
43;43;71.85;0.15625;0.203125;0.484375;0.1015625;0.0625;0.296875;0.453125;0.09375;0.34375;0.4375;0.06640625;0.296875;0.5390625;0.087890625;0.091796875;0.234375;0.578125;0.111328125;0.28125;0.5;0.07421875;0.203125;0.1640625;0.009765625;0.13671875;0.125;0.0087890625;0.02734375;0.0390625;0.01171875;0.001953125;0.03125;0.01171875;0.001953125;0.01171875;0.0;0.0;0.01953125;0.0;0.0;0.00390625;0.0;0.0;0.013671875;0.005859375;0.001953125;0.00341796875;0.01171875;0.0;0.04150390625;0.00390625;0.0;0.0;0.7;0.15625;0.203125;0.46875;0.1015625;0.0625;0.28125;0.4375;0.09765625;0.328125;0.421875;0.078125;0.28125;0.5234375;0.087890625;0.087890625;0.2265625;0.5625;0.109375;0.2734375;0.484375;0.072265625;0.1953125;0.1640625;0.0078125;0.1328125;0.11328125;0.0087890625;0.02734375;0.03515625;0.01171875;0.001953125;0.03125;0.01171875;0.001953125;0.015625;0.0;0.0;0.01953125;0.0;0.0;0.0078125;0.0;0.0;0.01171875;0.005859375;0.001953125;0.00341796875;0.009765625;0.0;0.02783203125;0.00390625;0.0;0.0;0.7
44;44;75.69;0.15625;0.1875;0.5;0.1015625;0.0625;0.28125;0.4375;0.09375;0.328125;0.453125;0.0703125;0.296875;0.53125;0.087890625;0.091796875;0.234375;0.578125;0.111328125;0.28125;0.4921875;0.068359375;0.203125;0.1484375;0.009765625;0.140625;0.1171875;0.0087890625;0.0263671875;0.0390625;0.01171875;0.001953125;0.03125;0.01171875;0.001953125;0.01171875;0.0;0.0;0.0234375;0.0;0.0;0.00390625;0.0;0.0;0.013671875;0.005859375;0.001953125;0.00341796875;0.01171875;0.0;0.0;0.005859375;0.0;0.0;0.7;0.15625;0.1875;0.484375;0.10546875;0.0625;0.28125;0.421875;0.09765625;0.328125;0.4375;0.078125;0.28125;0.53125;0.08984375;0.0859375;0.234375;0.578125;0.111328125;0.28125;0.484375;0.072265625;0.1953125;0.140625;0.009765625;0.13671875;0.109375;0.0087890625;0.0244140625;0.03515625;0.01171875;0.001953125;0.02734375;0.01171875;0.001953125;0.01171875;0.0;0.0;0.0234375;0.0;0.0;0.00390625;0.0;0.0;0.01171875;0.005859375;0.001953125;0.00341796875;0.01171875;0.0;0.0244140625;0.001953125;0.0;0.0;0.7
45;45;72.07;0.15625;0.1875;0.484375;0.1015625;0.0625;0.28125;0.4375;0.09375;0.34375;0.453125;0.06640625;0.2890625;0.5390625;0.08984375;0.08984375;0.2421875;0.5859375;0.115234375;0.2890625;0.5078125;0.076171875;0.2109375;0.15625;0.009765625;0.1484375;0.109375;0.0087890625;0.02734375;0.03515625;0.01171875;0.001953125;0.03125;0.0078125;0.001953125;0.01171875;0.0;0.0;0.01953125;0.0;0.0;0.00390625;0.0;0.0;0.015625;0.005859375;0.001953125;0.00341796875;0.013671875;0.0;0.0390625;0.005859375;0.0;0.0;0.7;0.15625;0.1875;0.46875;0.1015625;0.0625;0.265625;0.421875;0.09375;0.34375;0.453125;0.078125;0.28125;0.5390625;0.08984375;0.0859375;0.234375;0.5859375;0.11328125;0.2890625;0.515625;0.078125;0.2109375;0.15625;0.009765625;0.14453125;0.11328125;0.0087890625;0.0283203125;0.03515625;0.01171875;0.001953125;0.03125;0.01171875;0.001953125;0.015625;0.0;0.0;0.01953125;0.0;0.0;0.00390625;0.0;0.0;0.013671875;0.005859375;0.001953125;0.00341796875;0.01171875;0.0;0.0478515625;0.00390625;0.0;0.0;0.7
46;46;77.03;0.15625;0.203125;0.5;0.10546875;0.0625;0.296875;0.453125;0.09375;0.359375;0.46875;0.07421875;0.296875;0.5546875;0.087890625;0.08984375;0.2421875;0.5859375;0.115234375;0.2890625;0.515625;0.078125;0.2109375;0.1484375;0.0078125;0.1484375;0.125;0.0087890625;0.0283203125;0.03515625;0.01171875;0.001953125;0.02734375;0.0078125;0.0009765625;0.01171875;0.0;0.0;0.01953125;0.0;0.0;0.00390625;0.0;0.0;0.013671875;0.005859375;0.001953125;0.0029296875;0.013671875;0.0;0.02685546875;0.005859375;0.0;0.0;0.7;0.15625;0.203125;0.46875;0.1015625;0.0625;0.28125;0.4375;0.09765625;0.34375;0.453125;0.08203125;0.2890625;0.546875;0.087890625;0.087890625;0.234375;0.5703125;0.115234375;0.2890625;0.5078125;0.078125;0.2109375;0.1484375;0.0078125;0.14453125;0.12109375;0.0087890625;0.02734375;0.03125;0.01171875;0.001953125;0.03125;0.01171875;0.0009765625;0.01953125;0.0;0.0;0.0234375;0.0;0.0;0.00390625;0.0;0.0;0.01171875;0.005859375;0.001953125;0.00341796875;0.01171875;0.0;0.05517578125;0.00390625;0.0;0.0;0.7
47;47;70.64;0.15625;0.1875;0.46875;0.1015625;0.0625;0.28125;0.453125;0.09375;0.34375;0.453125;0.07421875;0.3046875;0.5546875;0.087890625;0.09375;0.2421875;0.59375;0.115234375;0.296875;0.5234375;0.080078125;0.203125;0.1484375;0.0078125;0.1484375;0.125;0.0087890625;0.029296875;0.03515625;0.01171875;0.001953125;0.02734375;0.0078125;0.0009765625;0.01171875;0.0;0.0;0.0234375;0.0;0.0;0.00390625;0.0;0.0;0.013671875;0.005859375;0.001953125;0.00341796875;0.01171875;0.0;0.0;0.00390625;0.0;0.0;0.7;0.15625;0.1875;0.453125;0.1015625;0.0625;0.265625;0.453125;0.09765625;0.34375;0.453125;0.08203125;0.2890625;0.53125;0.087890625;0.08984375;0.234375;0.578125;0.11328125;0.28125;0.5;0.078125;0.203125;0.140625;0.0078125;0.14453125;0.109375;0.0087890625;0.0283203125;0.03515625;0.01171875;0.001953125;0.02734375;0.0078125;0.0009765625;0.015625;0.0;0.0;0.0234375;0.0;0.0;0.00390625;0.0;0.0;0.01171875;0.005859375;0.001953125;0.00341796875;0.009765625;0.0;0.033203125;0.001953125;0.0;0.0;0.7
48;48;73.83;0.15625;0.1875;0.484375;0.1015625;0.0625;0.28125;0.4375;0.09765625;0.359375;0.46875;0.078125;0.3046875;0.5546875;0.091796875;0.095703125;0.2421875;0.6015625;0.12109375;0.296875;0.515625;0.078125;0.2109375;0.1484375;0.0078125;0.1484375;0.1171875;0.0087890625;0.029296875;0.03515625;0.01171875;0.001953125;0.03125;0.0078125;0.001953125;0.01171875;0.0;0.0;0.01953125;0.0;0.0;0.00390625;0.0;0.0;0.015625;0.005859375;0.001953125;0.00341796875;0.01171875;0.0;0.02685546875;0.00390625;0.0;0.0;0.7;0.15625;0.203125;0.46875;0.1015625;0.0625;0.28125;0.421875;0.09765625;0.359375;0.46875;0.08984375;0.296875;0.546875;0.08984375;0.091796875;0.234375;0.5859375;0.119140625;0.296875;0.515625;0.078125;0.203125;0.1484375;0.0078125;0.1484375;0.12109375;0.0087890625;0.02734375;0.0390625;0.01171875;0.001953125;0.03125;0.0078125;0.001953125;0.015625;0.0;0.0;0.01953125;0.0;0.0;0.00390625;0.0;0.0;0.013671875;0.005859375;0.001953125;0.00341796875;0.01171875;0.0;0.03515625;0.00390625;0.0;0.0;0.7
49;49;76.15;0.15625;0.1875;0.484375;0.10546875;0.0625;0.28125;0.46875;0.09765625;0.359375;0.453125;0.078125;0.3046875;0.546875;0.091796875;0.095703125;0.25;0.609375;0.119140625;0.296875;0.5234375;0.080078125;0.21875;0.1484375;0.0078125;0.1484375;0.125;0.0087890625;0.0283203125;0.0390625;0.01171875;0.001953125;0.02734375;0.0078125;0.0009765625;0.015625;0.0;0.0;0.01953125;0.0;0.0;0.00390625;0.0;0.0;0.013671875;0.005859375;0.001953125;0.00341796875;0.01171875;0.0;0.02880859375;0.005859375;0.0;0.0;0.7;0.15625;0.203125;0.46875;0.10546875;0.0625;0.28125;0.453125;0.1015625;0.359375;0.46875;0.0859375;0.3046875;0.5390625;0.08984375;0.09375;0.2421875;0.59375;0.1171875;0.296875;0.515625;0.080078125;0.21875;0.15625;0.0078125;0.1484375;0.1171875;0.0087890625;0.0283203125;0.03515625;0.01171875;0.001953125;0.03125;0.0078125;0.0009765625;0.01953125;0.0;0.0;0.01953125;0.0;0.0;0.00390625;0.0;0.0;0.01171875;0.005859375;0.001953125;0.00341796875;0.01171875;0.0;0.0400390625;0.00390625;0.0;0.0;0.7
50;50;75.88;0.15625;0.203125;0.484375;0.10546875;0.0625;0.296875;0.453125;0.09765625;0.359375;0.46875;0.078125;0.3046875;0.546875;0.09375;0.095703125;0.25;0.609375;0.123046875;0.3046875;0.5234375;0.08203125;0.21875;0.15625;0.009765625;0.15234375;0.12890625;0.0087890625;0.029296875;0.03515625;0.01171875;0.001953125;0.02734375;0.0078125;0.0009765625;0.015625;0.0;0.0;0.015625;0.0;0.0;0.00390625;0.0;0.0;0.013671875;0.005859375;0.001953125;0.00341796875;0.01171875;0.0;0.04833984375;0.00390625;0.0;0.0;0.8;0.15625;0.203125;0.453125;0.10546875;0.0625;0.265625;0.4375;0.1015625;0.359375;0.46875;0.0859375;0.296875;0.5390625;0.09375;0.09375;0.2421875;0.59375;0.119140625;0.3046875;0.515625;0.08203125;0.2109375;0.1484375;0.009765625;0.1484375;0.1171875;0.0087890625;0.02734375;0.03515625;0.01171875;0.001953125;0.03125;0.0078125;0.0009765625;0.01953125;0.0;0.0;0.015625;0.0;0.0;0.00390625;0.0;0.0;0.01171875;0.005859375;0.001953125;0.00341796875;0.01171875;0.0;0.0322265625;0.001953125;0.0;0.0;0.8
51;51;72.74;0.15625;0.1875;0.484375;0.109375;0.0625;0.296875;0.46875;0.09765625;0.375;0.484375;0.078125;0.3203125;0.5625;0.09375;0.1015625;0.2578125;0.609375;0.119140625;0.3125;0.5234375;0.080078125;0.2109375;0.15625;0.009765625;0.15234375;0.12109375;0.0087890625;0.0283203125;0.03515625;0.01171875;0.001953125;0.02734375;0.01171875;0.0009765625;0.01171875;0.0;0.0;0.015625;0.0;0.0;0.00390625;0.0;0.0;0.015625;0.005859375;0.001953125;0.0029296875;0.01171875;0.0;0.03662109375;0.00390625;0.0;0.0;0.7;0.15625;0.203125;0.46875;0.109375;0.06640625;0.28125;0.453125;0.09765625;0.375;0.46875;0.08984375;0.3125;0.5625;0.095703125;0.09765625;0.25;0.609375;0.119140625;0.3046875;0.515625;0.080078125;0.2109375;0.15625;0.009765625;0.15625;0.12109375;0.0087890625;0.0283203125;0.0390625;0.01171875;0.001953125;0.03125;0.01171875;0.0009765625;0.015625;0.0;0.0;0.015625;0.0;0.0;0.00390625;0.0;0.0;0.013671875;0.005859375;0.001953125;0.00341796875;0.01171875;0.0;0.03564453125;0.00390625;0.0;0.0;0.8
52;52;73.81;0.15625;0.1875;0.484375;0.109375;0.0625;0.296875;0.46875;0.09765625;0.359375;0.46875;0.07421875;0.3125;0.5625;0.095703125;0.1015625;0.2578125;0.6171875;0.125;0.3203125;0.5390625;0.083984375;0.21875;0.1640625;0.009765625;0.15625;0.12109375;0.0087890625;0.029296875;0.03515625;0.01171875;0.001953125;0.02734375;0.01171875;0.0009765625;0.015625;0.0;0.0;0.015625;0.0;0.0;0.00390625;0.0;0.0;0.013671875;0.005859375;0.001953125;0.00341796875;0.01171875;0.0;0.02685546875;0.005859375;0.0;0.0;0.7;0.15625;0.203125;0.484375;0.109375;0.0625;0.28125;0.453125;0.1015625;0.359375;0.453125;0.0859375;0.3046875;0.5546875;0.095703125;0.095703125;0.25;0.609375;0.123046875;0.3046875;0.5234375;0.083984375;0.2109375;0.15625;0.009765625;0.1484375;0.109375;0.0087890625;0.02734375;0.03515625;0.01171875;0.001953125;0.02734375;0.01171875;0.0009765625;0.015625;0.0;0.0;0.01953125;0.0;0.0;0.00390625;0.0;0.0;0.01171875;0.005859375;0.001953125;0.00341796875;0.01171875;0.0;0.03955078125;0.00390625;0.0;0.0;0.8
53;53;76.86;0.15625;0.203125;0.484375;0.109375;0.06640625;0.296875;0.46875;0.1015625;0.375;0.484375;0.078125;0.3203125;0.5625;0.095703125;0.1015625;0.2578125;0.625;0.125;0.3125;0.5390625;0.083984375;0.21875;0.15625;0.009765625;0.15625;0.12109375;0.0087890625;0.029296875;0.0390625;0.01171875;0.001953125;0.02734375;0.0078125;0.0009765625;0.01171875;0.0;0.0;0.015625;0.0;0.0;0.00390625;0.0;0.0;0.013671875;0.005859375;0.001953125;0.0029296875;0.01171875;0.0;0.05615234375;0.00390625;0.0;0.0;0.7;0.171875;0.203125;0.46875;0.10546875;0.06640625;0.28125;0.453125;0.1015625;0.375;0.46875;0.08984375;0.3125;0.5625;0.095703125;0.09765625;0.25;0.6171875;0.125;0.3046875;0.5390625;0.0859375;0.2109375;0.1484375;0.0078125;0.15625;0.11328125;0.0087890625;0.02734375;0.03515625;0.01171875;0.001953125;0.03125;0.0078125;0.0009765625;0.01171875;0.0;0.0;0.01953125;0.0;0.0;0.00390625;0.0;0.0;0.01171875;0.005859375;0.001953125;0.00341796875;0.01171875;0.0;0.05029296875;0.001953125;0.0;0.00830078125;0.7
54;54;79.55;0.15625;0.203125;0.5;0.109375;0.06640625;0.296875;0.453125;0.09765625;0.359375;0.46875;0.08203125;0.328125;0.578125;0.09765625;0.103515625;0.2578125;0.6171875;0.125;0.3203125;0.5390625;0.087890625;0.21875;0.1640625;0.009765625;0.1640625;0.1328125;0.0087890625;0.0302734375;0.03515625;0.01171875;0.001953125;0.03125;0.0078125;0.0009765625;0.015625;0.0;0.0;0.01953125;0.0;0.0;0.00390625;0.0;0.0;0.013671875;0.0078125;0.00146484375;0.0029296875;0.01171875;0.0;0.01806640625;0.00390625;0.0;0.0048828125;0.8;0.15625;0.203125;0.484375;0.109375;0.06640625;0.28125;0.4375;0.09765625;0.359375;0.46875;0.09375;0.3203125;0.5625;0.095703125;0.1015625;0.25;0.59375;0.123046875;0.3125;0.5234375;0.087890625;0.2109375;0.1484375;0.009765625;0.16015625;0.12109375;0.0087890625;0.0283203125;0.03515625;0.01171875;0.001953125;0.03125;0.01171875;0.0009765625;0.015625;0.0;0.0;0.015625;0.0;0.0;0.00390625;0.0;0.0;0.013671875;0.005859375;0.00146484375;0.0029296875;0.01171875;0.0;0.0390625;0.00390625;0.0;0.0;0.8
55;55;77.69;0.15625;0.203125;0.5;0.109375;0.06640625;0.3125;0.484375;0.1015625;0.375;0.484375;0.08203125;0.3359375;0.578125;0.095703125;0.10546875;0.2578125;0.6171875;0.130859375;0.3203125;0.5390625;0.087890625;0.21875;0.171875;0.009765625;0.16015625;0.1328125;0.0087890625;0.03125;0.0390625;0.01171875;0.001953125;0.03125;0.0078125;0.0009765625;0.01171875;0.0;0.0;0.01953125;0.0;0.0;0.00390625;0.0;0.0;0.015625;0.005859375;0.001953125;0.00341796875;0.01171875;0.0;0.033203125;0.00390625;0.0;0.01171875;0.7;0.171875;0.203125;0.484375;0.109375;0.06640625;0.3125;0.46875;0.1015625;0.375;0.484375;0.09375;0.328125;0.578125;0.09765625;0.1015625;0.2578125;0.6171875;0.12890625;0.3203125;0.5390625;0.087890625;0.2109375;0.171875;0.009765625;0.15625;0.125;0.0087890625;0.029296875;0.03515625;0.01171875;0.001953125;0.03125;0.0078125;0.0009765625;0.015625;0.0;0.0;0.01953125;0.0;0.0;0.00390625;0.0;0.0;0.013671875;0.005859375;0.001953125;0.00341796875;0.01171875;0.0;0.03076171875;0.00390625;0.0;0.0078125;0.7
56;56;77.09;0.15625;0.203125;0.5;0.11328125;0.06640625;0.3125;0.46875;0.1015625;0.375;0.484375;0.0859375;0.3359375;0.5859375;0.099609375;0.107421875;0.265625;0.6171875;0.125;0.328125;0.5546875;0.091796875;0.2265625;0.1640625;0.009765625;0.1640625;0.125;0.0087890625;0.0302734375;0.0390625;0.01171875;0.001953125;0.03125;0.01171875;0.0009765625;0.01171875;0.0;0.0;0.01953125;0.0;0.0;0.0078125;0.0;0.0;0.015625;0.005859375;0.00146484375;0.00341796875;0.01171875;0.0;0.041015625;0.00390625;0.0;0.0;0.7;0.171875;0.203125;0.484375;0.11328125;0.06640625;0.296875;0.46875;0.10546875;0.375;0.484375;0.09375;0.3203125;0.5859375;0.099609375;0.103515625;0.2578125;0.6171875;0.126953125;0.3203125;0.546875;0.091796875;0.21875;0.15625;0.009765625;0.16015625;0.125;0.0087890625;0.03125;0.0390625;0.01171875;0.001953125;0.03125;0.01171875;0.0009765625;0.015625;0.0;0.0;0.0234375;0.0;0.0;0.0078125;0.0;0.0;0.013671875;0.005859375;0.001953125;0.00341796875;0.01171875;0.0;0.05224609375;0.00390625;0.0;0.00927734375;0.8
57;57;76.52;0.15625;0.203125;0.515625;0.109375;0.06640625;0.3125;0.484375;0.10546875;0.40625;0.5;0.0859375;0.3359375;0.578125;0.099609375;0.10546875;0.265625;0.625;0.1328125;0.328125;0.5546875;0.08984375;0.21875;0.171875;0.009765625;0.16796875;0.12109375;0.0087890625;0.03125;0.0390625;0.01171875;0.001953125;0.02734375;0.0078125;0.0009765625;0.0078125;0.0;0.0;0.0234375;0.0;0.0;0.00390625;0.0;0.0;0.013671875;0.005859375;0.001953125;0.00341796875;0.01171875;0.0;0.046875;0.00390625;0.0;0.0;0.7;0.15625;0.203125;0.484375;0.109375;0.06640625;0.296875;0.46875;0.109375;0.390625;0.5;0.09375;0.3203125;0.578125;0.099609375;0.1015625;0.2578125;0.6171875;0.12890625;0.3203125;0.546875;0.08984375;0.21875;0.171875;0.009765625;0.1640625;0.1171875;0.0087890625;0.029296875;0.0390625;0.01171875;0.001953125;0.03125;0.0078125;0.0009765625;0.015625;0.0;0.0;0.0234375;0.0;0.0;0.00390625;0.0;0.0;0.013671875;0.005859375;0.00146484375;0.00341796875;0.009765625;0.0;0.02490234375;0.001953125;0.0;0.0068359375;0.8
58;58;77.85;0.15625;0.203125;0.5;0.109375;0.06640625;0.3125;0.484375;0.10546875;0.390625;0.5;0.08203125;0.328125;0.59375;0.1015625;0.10546875;0.265625;0.640625;0.130859375;0.3359375;0.546875;0.08984375;0.2265625;0.1796875;0.01171875;0.17578125;0.13671875;0.009765625;0.0322265625;0.0390625;0.01171875;0.001953125;0.02734375;0.0078125;0.0009765625;0.0078125;0.0;0.0;0.01953125;0.0;0.0;0.00390625;0.0;0.0;0.015625;0.005859375;0.001953125;0.0029296875;0.01171875;0.0;0.02490234375;0.001953125;0.0;0.0;0.8;0.15625;0.21875;0.484375;0.109375;0.06640625;0.3125;0.484375;0.109375;0.390625;0.5;0.09765625;0.3125;0.578125;0.1015625;0.1015625;0.2578125;0.6328125;0.12890625;0.328125;0.5390625;0.08984375;0.2265625;0.171875;0.01171875;0.16796875;0.12109375;0.0087890625;0.03125;0.0390625;0.01171875;0.001953125;0.02734375;0.0078125;0.0009765625;0.01171875;0.0;0.0;0.01953125;0.0;0.0;0.00390625;0.0;0.0;0.013671875;0.005859375;0.001953125;0.00341796875;0.009765625;0.0;0.0419921875;0.001953125;0.0;0.0068359375;0.8
59;59;78.36;0.15625;0.203125;0.5;0.109375;0.06640625;0.3125;0.484375;0.1015625;0.390625;0.515625;0.08203125;0.3359375;0.59375;0.099609375;0.109375;0.265625;0.625;0.1328125;0.3359375;0.5546875;0.08984375;0.2265625;0.1796875;0.01171875;0.171875;0.125;0.0087890625;0.0322265625;0.0390625;0.0078125;0.001953125;0.02734375;0.0078125;0.0009765625;0.0078125;0.0;0.0;0.01953125;0.0;0.0;0.00390625;0.0;0.0;0.015625;0.005859375;0.001953125;0.00341796875;0.01171875;0.0;0.0283203125;0.00390625;0.0;0.013671875;0.7;0.171875;0.203125;0.484375;0.11328125;0.06640625;0.296875;0.484375;0.10546875;0.375;0.5;0.09375;0.3203125;0.5859375;0.1015625;0.10546875;0.2578125;0.625;0.130859375;0.3359375;0.546875;0.08984375;0.21875;0.1640625;0.009765625;0.16796875;0.12109375;0.0087890625;0.029296875;0.0390625;0.0078125;0.001953125;0.02734375;0.0078125;0.0009765625;0.01171875;0.0;0.0;0.01953125;0.0;0.0;0.00390625;0.0;0.0;0.015625;0.005859375;0.001953125;0.00341796875;0.01171875;0.0;0.029296875;0.00390625;0.0;0.0126953125;0.8
60;60;79.04;0.15625;0.203125;0.515625;0.109375;0.06640625;0.3125;0.5;0.10546875;0.390625;0.5;0.08984375;0.34375;0.59375;0.1015625;0.111328125;0.2734375;0.640625;0.134765625;0.34375;0.5625;0.09375;0.2265625;0.171875;0.009765625;0.17578125;0.1328125;0.009765625;0.0322265625;0.0390625;0.0078125;0.001953125;0.02734375;0.0078125;0.0009765625;0.01171875;0.0;0.0;0.01953125;0.0;0.0;0.0078125;0.0;0.0;0.015625;0.005859375;0.001953125;0.00341796875;0.01171875;0.0;0.0517578125;0.00390625;0.0;0.02197265625;0.7;0.171875;0.203125;0.484375;0.109375;0.06640625;0.296875;0.484375;0.109375;0.375;0.5;0.09765625;0.328125;0.5859375;0.1015625;0.107421875;0.265625;0.6328125;0.1328125;0.3359375;0.5625;0.09375;0.2265625;0.1640625;0.009765625;0.17578125;0.125;0.009765625;0.03125;0.0390625;0.0078125;0.001953125;0.02734375;0.0078125;0.0009765625;0.01171875;0.0;0.0;0.01953125;0.0;0.0;0.0078125;0.0;0.0;0.013671875;0.005859375;0.001953125;0.00341796875;0.01171875;0.0;0.03173828125;0.00390625;0.0;0.01708984375;0.8
61;61;80.22;0.15625;0.203125;0.53125;0.11328125;0.06640625;0.3125;0.5;0.10546875;0.40625;0.5;0.0859375;0.34375;0.6015625;0.1015625;0.111328125;0.2734375;0.640625;0.13671875;0.34375;0.5546875;0.08984375;0.2265625;0.171875;0.01171875;0.17578125;0.12890625;0.009765625;0.0322265625;0.0390625;0.0078125;0.001953125;0.03125;0.0078125;0.0009765625;0.0078125;0.0;0.0;0.01953125;0.0;0.0;0.00390625;0.0;0.0;0.015625;0.005859375;0.001953125;0.00341796875;0.01171875;0.0;0.0390625;0.00390625;0.0;0.0107421875;0.8;0.171875;0.21875;0.5;0.11328125;0.06640625;0.3125;0.484375;0.109375;0.390625;0.5;0.09375;0.328125;0.59375;0.1015625;0.107421875;0.2734375;0.640625;0.13671875;0.34375;0.5625;0.09375;0.2265625;0.1640625;0.01171875;0.17578125;0.12890625;0.0087890625;0.03125;0.0390625;0.0078125;0.001953125;0.03125;0.0078125;0.0009765625;0.0078125;0.0;0.0;0.01953125;0.0;0.0;0.00390625;0.0;0.0;0.013671875;0.005859375;0.001953125;0.00341796875;0.01171875;0.0;0.02197265625;0.00390625;0.0;0.00341796875;0.8
62;62;80.17;0.15625;0.203125;0.53125;0.11328125;0.06640625;0.3125;0.5;0.10546875;0.40625;0.515625;0.08984375;0.3515625;0.59375;0.103515625;0.115234375;0.2734375;0.6328125;0.134765625;0.3515625;0.5546875;0.09375;0.234375;0.1640625;0.01171875;0.1796875;0.12890625;0.0087890625;0.0322265625;0.0390625;0.01171875;0.001953125;0.02734375;0.0078125;0.0009765625;0.01171875;0.0;0.0;0.01953125;0.0;0.0;0.0078125;0.0;0.0;0.013671875;0.005859375;0.001953125;0.00341796875;0.01171875;0.0;0.0283203125;0.00390625;0.0;0.0068359375;0.7;0.171875;0.203125;0.515625;0.11328125;0.06640625;0.3125;0.5;0.11328125;0.390625;0.515625;0.1015625;0.34375;0.59375;0.103515625;0.111328125;0.265625;0.6328125;0.134765625;0.3515625;0.5546875;0.095703125;0.234375;0.1640625;0.01171875;0.1796875;0.1328125;0.0087890625;0.033203125;0.0390625;0.01171875;0.001953125;0.03125;0.0078125;0.0009765625;0.01171875;0.0;0.0;0.01953125;0.0;0.0;0.0078125;0.0;0.0;0.013671875;0.005859375;0.001953125;0.00341796875;0.01171875;0.0;0.03466796875;0.00390625;0.0;0.00634765625;0.7
63;63;80.58;0.15625;0.203125;0.515625;0.1171875;0.06640625;0.3125;0.5;0.10546875;0.40625;0.515625;0.08984375;0.3515625;0.609375;0.10546875;0.11328125;0.2734375;0.65625;0.140625;0.3515625;0.578125;0.09765625;0.2421875;0.1796875;0.009765625;0.17578125;0.12890625;0.0087890625;0.033203125;0.0390625;0.01171875;0.001953125;0.02734375;0.0078125;0.0009765625;0.01171875;0.0;0.0;0.01953125;0.0;0.0;0.0078125;0.0;0.0;0.013671875;0.005859375;0.001953125;0.0029296875;0.01171875;0.0;0.0380859375;0.00390625;0.0;0.00927734375;0.7;0.171875;0.203125;0.484375;0.11328125;0.06640625;0.3125;0.484375;0.109375;0.40625;0.515625;0.10546875;0.3359375;0.59375;0.103515625;0.111328125;0.265625;0.6484375;0.140625;0.3515625;0.5703125;0.099609375;0.2421875;0.171875;0.009765625;0.1796875;0.1328125;0.0087890625;0.0341796875;0.03515625;0.01171875;0.001953125;0.03125;0.0078125;0.0009765625;0.015625;0.0;0.0;0.01953125;0.0;0.0;0.0078125;0.0;0.0;0.01171875;0.005859375;0.001953125;0.00341796875;0.01171875;0.0;0.04443359375;0.00390625;0.0;0.01025390625;0.8
64;64;81.53;0.15625;0.21875;0.53125;0.1171875;0.06640625;0.3125;0.5;0.10546875;0.40625;0.515625;0.09375;0.359375;0.609375;0.10546875;0.1171875;0.28125;0.6484375;0.138671875;0.3515625;0.5625;0.09375;0.234375;0.1640625;0.01171875;0.1875;0.1328125;0.009765625;0.033203125;0.0390625;0.01171875;0.0009765625;0.02734375;0.0078125;0.0009765625;0.01171875;0.0;0.0;0.01953125;0.0;0.0;0.0078125;0.0;0.0;0.013671875;0.005859375;0.00146484375;0.00341796875;0.01171875;0.0;0.0205078125;0.005859375;0.0;0.015625;0.8;0.171875;0.21875;0.5;0.11328125;0.06640625;0.3125;0.5;0.109375;0.40625;0.515625;0.1015625;0.34375;0.6015625;0.10546875;0.11328125;0.2734375;0.6484375;0.138671875;0.3515625;0.5703125;0.095703125;0.2421875;0.171875;0.01171875;0.18359375;0.125;0.009765625;0.0322265625;0.0390625;0.01171875;0.001953125;0.03125;0.0078125;0.0009765625;0.01171875;0.0;0.0;0.0234375;0.0;0.0;0.0078125;0.0;0.0;0.01171875;0.005859375;0.001953125;0.00341796875;0.01171875;0.0;0.02490234375;0.00390625;0.0;0.0087890625;0.8
65;65;79.61;0.171875;0.21875;0.546875;0.12109375;0.0703125;0.3125;0.5;0.10546875;0.40625;0.53125;0.09375;0.359375;0.6015625;0.103515625;0.119140625;0.28125;0.65625;0.140625;0.359375;0.578125;0.09765625;0.25;0.1796875;0.01171875;0.1875;0.1328125;0.009765625;0.03515625;0.0390625;0.01171875;0.001953125;0.03125;0.0078125;0.0009765625;0.01171875;0.0;0.0;0.01953125;0.0;0.0;0.0078125;0.0;0.0;0.015625;0.005859375;0.001953125;0.00341796875;0.01171875;0.0;0.0537109375;0.00390625;0.0;0.00537109375;0.7;0.171875;0.21875;0.515625;0.1171875;0.0703125;0.3125;0.5;0.109375;0.390625;0.515625;0.1015625;0.3515625;0.59375;0.10546875;0.115234375;0.28125;0.65625;0.140625;0.359375;0.5859375;0.09765625;0.2421875;0.1796875;0.01171875;0.1875;0.12890625;0.009765625;0.033203125;0.03515625;0.01171875;0.001953125;0.03125;0.0078125;0.0009765625;0.01171875;0.0;0.0;0.01953125;0.0;0.0;0.0078125;0.0;0.0;0.015625;0.005859375;0.001953125;0.00341796875;0.01171875;0.0;0.0283203125;0.00390625;0.0;0.01025390625;0.8
66;66;81.7;0.15625;0.21875;0.53125;0.1171875;0.06640625;0.328125;0.515625;0.10546875;0.421875;0.53125;0.08984375;0.359375;0.6015625;0.10546875;0.119140625;0.28125;0.65625;0.138671875;0.3671875;0.59375;0.09765625;0.25;0.1796875;0.01171875;0.19140625;0.13671875;0.009765625;0.03515625;0.0390625;0.01171875;0.0009765625;0.03125;0.00390625;0.0009765625;0.015625;0.0;0.0;0.01953125;0.0;0.0;0.0078125;0.0;0.0;0.015625;0.005859375;0.001953125;0.00341796875;0.01171875;0.0;0.0234375;0.00390625;0.0;0.00634765625;0.8;0.171875;0.21875;0.515625;0.11328125;0.0703125;0.3125;0.5;0.11328125;0.40625;0.53125;0.1015625;0.3515625;0.59375;0.10546875;0.115234375;0.28125;0.65625;0.138671875;0.359375;0.578125;0.09765625;0.2421875;0.1796875;0.01171875;0.1875;0.1328125;0.009765625;0.0341796875;0.03515625;0.01171875;0.0009765625;0.03125;0.00390625;0.0009765625;0.015625;0.0;0.0;0.01953125;0.0;0.0;0.0078125;0.0;0.0;0.013671875;0.005859375;0.001953125;0.00341796875;0.01171875;0.0;0.03271484375;0.00390625;0.0;0.0126953125;0.8
67;67;83.19;0.171875;0.234375;0.546875;0.12109375;0.0703125;0.328125;0.515625;0.109375;0.421875;0.53125;0.09375;0.3671875;0.6171875;0.109375;0.123046875;0.2890625;0.6640625;0.142578125;0.375;0.59375;0.099609375;0.25;0.171875;0.01171875;0.1953125;0.140625;0.009765625;0.0361328125;0.0390625;0.01171875;0.0009765625;0.03125;0.0078125;0.0009765625;0.01171875;0.0;0.0;0.01953125;0.0;0.0;0.0078125;0.0;0.0;0.015625;0.005859375;0.00146484375;0.00341796875;0.01171875;0.0;0.0302734375;0.00390625;0.0;0.0146484375;0.8;0.171875;0.234375;0.515625;0.1171875;0.0703125;0.328125;0.5;0.11328125;0.421875;0.53125;0.10546875;0.359375;0.609375;0.109375;0.119140625;0.28125;0.6640625;0.142578125;0.3671875;0.5859375;0.099609375;0.25;0.171875;0.01171875;0.19140625;0.1328125;0.009765625;0.0341796875;0.0390625;0.01171875;0.0009765625;0.03125;0.0078125;0.0009765625;0.015625;0.0;0.0;0.01953125;0.0;0.0;0.0078125;0.0;0.0;0.013671875;0.005859375;0.00146484375;0.00341796875;0.01171875;0.0;0.0341796875;0.00390625;0.0;0.01513671875;0.8
68;68;83.58;0.15625;0.21875;0.546875;0.12109375;0.06640625;0.328125;0.5;0.11328125;0.4375;0.53125;0.09765625;0.375;0.6171875;0.107421875;0.123046875;0.2890625;0.6640625;0.142578125;0.375;0.5859375;0.099609375;0.2421875;0.171875;0.01171875;0.1953125;0.140625;0.009765625;0.03515625;0.0390625;0.01171875;0.0009765625;0.03125;0.0078125;0.0009765625;0.01171875;0.0;0.0;0.01953125;0.0;0.0;0.0078125;0.0;0.0;0.013671875;0.005859375;0.001953125;0.00341796875;0.01171875;0.0;0.04248046875;0.00390625;0.0;0.00634765625;0.8;0.171875;0.234375;0.515625;0.12109375;0.0703125;0.328125;0.5;0.11328125;0.421875;0.53125;0.10546875;0.359375;0.609375;0.109375;0.12109375;0.28125;0.6640625;0.14453125;0.375;0.5859375;0.099609375;0.2421875;0.171875;0.01171875;0.19140625;0.1328125;0.009765625;0.033203125;0.0390625;0.01171875;0.0009765625;0.03125;0.0078125;0.0009765625;0.015625;0.0;0.0;0.01953125;0.0;0.0;0.0078125;0.0;0.0;0.01171875;0.005859375;0.001953125;0.00341796875;0.01171875;0.0;0.037109375;0.001953125;0.0;0.01611328125;0.8
69;69;81.73;0.15625;0.234375;0.546875;0.12109375;0.0703125;0.328125;0.5;0.109375;0.4375;0.546875;0.09765625;0.3671875;0.625;0.111328125;0.125;0.2890625;0.6640625;0.14453125;0.375;0.578125;0.103515625;0.2578125;0.1875;0.01171875;0.19921875;0.140625;0.009765625;0.037109375;0.0390625;0.0078125;0.0009765625;0.03125;0.0078125;0.0009765625;0.015625;0.0;0.0;0.01953125;0.0;0.0;0.0078125;0.0;0.0;0.015625;0.005859375;0.001953125;0.00341796875;0.01171875;0.0;0.0234375;0.00390625;0.0;0.00732421875;0.8;0.171875;0.234375;0.53125;0.12109375;0.0703125;0.328125;0.5;0.11328125;0.4375;0.546875;0.11328125;0.359375;0.6171875;0.111328125;0.12109375;0.2890625;0.65625;0.14453125;0.375;0.59375;0.107421875;0.2578125;0.1875;0.01171875;0.19921875;0.12890625;0.009765625;0.0361328125;0.0390625;0.0078125;0.0009765625;0.03515625;0.0078125;0.0009765625;0.015625;0.0;0.0;0.01953125;0.0;0.0;0.0078125;0.0;0.0;0.013671875;0.005859375;0.001953125;0.00341796875;0.01171875;0.0;0.02978515625;0.001953125;0.0;0.013671875;0.8
70;70;81.94;0.171875;0.234375;0.546875;0.12109375;0.0703125;0.328125;0.515625;0.109375;0.4375;0.53125;0.09375;0.375;0.625;0.111328125;0.126953125;0.2890625;0.671875;0.146484375;0.3828125;0.59375;0.10546875;0.2578125;0.1875;0.013671875;0.203125;0.14453125;0.009765625;0.037109375;0.0390625;0.0078125;0.0009765625;0.02734375;0.0078125;0.0009765625;0.015625;0.0;0.0;0.01953125;0.0;0.0;0.0078125;0.0;0.0;0.015625;0.005859375;0.001953125;0.00341796875;0.01171875;0.0;0.02685546875;0.00390625;0.0;0.01513671875;0.8;0.171875;0.234375;0.53125;0.12109375;0.0703125;0.328125;0.5;0.11328125;0.4375;0.546875;0.109375;0.3671875;0.6171875;0.11328125;0.123046875;0.2890625;0.6640625;0.146484375;0.3828125;0.59375;0.107421875;0.2578125;0.1875;0.013671875;0.19921875;0.13671875;0.009765625;0.0361328125;0.03515625;0.0078125;0.0009765625;0.03125;0.0078125;0.0009765625;0.015625;0.0;0.0;0.0234375;0.0;0.0;0.0078125;0.0;0.0;0.013671875;0.005859375;0.001953125;0.00341796875;0.01171875;0.0;0.0263671875;0.00390625;0.0;0.009765625;0.8
71;71;84.61;0.171875;0.21875;0.546875;0.12109375;0.0703125;0.34375;0.515625;0.11328125;0.4375;0.546875;0.09765625;0.3828125;0.6328125;0.11328125;0.130859375;0.296875;0.671875;0.1484375;0.3828125;0.609375;0.107421875;0.2578125;0.1875;0.013671875;0.203125;0.14453125;0.009765625;0.037109375;0.0390625;0.0078125;0.0009765625;0.02734375;0.0078125;0.0009765625;0.015625;0.0;0.0;0.01953125;0.0;0.0;0.0078125;0.0;0.0;0.015625;0.005859375;0.001953125;0.00341796875;0.01171875;0.0;0.03369140625;0.00390625;0.0;0.01708984375;0.8;0.171875;0.234375;0.515625;0.12109375;0.0703125;0.328125;0.515625;0.1171875;0.4375;0.546875;0.109375;0.3671875;0.625;0.11328125;0.125;0.2890625;0.671875;0.1484375;0.3828125;0.609375;0.107421875;0.25;0.1796875;0.013671875;0.203125;0.140625;0.009765625;0.03515625;0.03515625;0.0078125;0.0009765625;0.03125;0.0078125;0.0009765625;0.015625;0.0;0.0;0.0234375;0.0;0.0;0.0078125;0.0;0.0;0.013671875;0.005859375;0.001953125;0.00341796875;0.01171875;0.0;0.02734375;0.00390625;0.0;0.00830078125;0.8
72;72;84.42;0.171875;0.234375;0.546875;0.125;0.0703125;0.34375;0.53125;0.1171875;0.453125;0.546875;0.09765625;0.390625;0.6328125;0.115234375;0.130859375;0.296875;0.671875;0.150390625;0.3984375;0.609375;0.107421875;0.25;0.1875;0.013671875;0.2109375;0.14453125;0.0107421875;0.037109375;0.0390625;0.0078125;0.0009765625;0.03125;0.0078125;0.0009765625;0.01171875;0.0;0.0;0.01953125;0.0;0.0;0.0078125;0.0;0.0;0.015625;0.005859375;0.001953125;0.00341796875;0.01171875;0.0;0.05419921875;0.00390625;0.0;0.0078125;0.8;0.171875;0.234375;0.53125;0.12109375;0.0703125;0.328125;0.53125;0.1171875;0.4375;0.546875;0.11328125;0.375;0.625;0.115234375;0.126953125;0.296875;0.6640625;0.150390625;0.3984375;0.609375;0.111328125;0.2578125;0.1796875;0.01171875;0.2109375;0.140625;0.009765625;0.037109375;0.0390625;0.0078125;0.0009765625;0.03125;0.0078125;0.0009765625;0.015625;0.0;0.0;0.01953125;0.0;0.0;0.0078125;0.0;0.0;0.013671875;0.005859375;0.001953125;0.00341796875;0.01171875;0.0;0.0439453125;0.00390625;0.0;0.00634765625;0.8
73;73;84.23;0.171875;0.234375;0.5625;0.12109375;0.0703125;0.34375;0.515625;0.109375;0.453125;0.5625;0.1015625;0.3828125;0.640625;0.1171875;0.12890625;0.296875;0.6796875;0.154296875;0.40625;0.609375;0.107421875;0.265625;0.1953125;0.013671875;0.2109375;0.14453125;0.009765625;0.0380859375;0.0390625;0.01171875;0.0009765625;0.03125;0.0078125;0.0009765625;0.015625;0.0;0.0;0.015625;0.0;0.0;0.0078125;0.0;0.0;0.017578125;0.005859375;0.001953125;0.00341796875;0.01171875;0.0;0.04345703125;0.00390625;0.0;0.0078125;0.8;0.171875;0.234375;0.53125;0.12109375;0.0703125;0.328125;0.515625;0.11328125;0.453125;0.546875;0.11328125;0.3671875;0.625;0.1171875;0.123046875;0.296875;0.671875;0.15234375;0.3984375;0.609375;0.109375;0.265625;0.1875;0.013671875;0.2109375;0.140625;0.009765625;0.0361328125;0.0390625;0.01171875;0.0009765625;0.03515625;0.0078125;0.0009765625;0.015625;0.0;0.0;0.01953125;0.0;0.0;0.0078125;0.0;0.0;0.015625;0.005859375;0.001953125;0.00341796875;0.01171875;0.0;0.03173828125;0.00390625;0.0;0.00927734375;0.8
74;74;84.05;0.15625;0.234375;0.5625;0.125;0.0703125;0.34375;0.53125;0.11328125;0.453125;0.5625;0.1015625;0.390625;0.640625;0.115234375;0.1328125;0.3046875;0.6875;0.15234375;0.3984375;0.625;0.111328125;0.265625;0.1953125;0.015625;0.21484375;0.14453125;0.0107421875;0.0390625;0.0390625;0.01171875;0.0009765625;0.03125;0.0078125;0.0009765625;0.015625;0.0;0.0;0.015625;0.0;0.0;0.0078125;0.0;0.0;0.015625;0.0078125;0.001953125;0.00341796875;0.01171875;0.0;0.0390625;0.00390625;0.0;0.02490234375;0.8;0.171875;0.234375;0.53125;0.12109375;0.0703125;0.34375;0.515625;0.1171875;0.453125;0.5625;0.11328125;0.375;0.6328125;0.1171875;0.12890625;0.296875;0.6875;0.15234375;0.3984375;0.6171875;0.11328125;0.265625;0.1875;0.013671875;0.2109375;0.140625;0.009765625;0.0380859375;0.0390625;0.01171875;0.001953125;0.03125;0.0078125;0.0009765625;0.015625;0.0;0.0;0.01953125;0.0;0.0;0.0078125;0.0;0.0;0.015625;0.005859375;0.00146484375;0.00341796875;0.01171875;0.0;0.03564453125;0.00390625;0.0;0.01708984375;0.8
75;75;83.41;0.171875;0.234375;0.5625;0.125;0.0703125;0.359375;0.53125;0.1171875;0.453125;0.5625;0.1015625;0.390625;0.640625;0.119140625;0.134765625;0.3046875;0.6875;0.154296875;0.4140625;0.625;0.115234375;0.28125;0.203125;0.015625;0.21875;0.1484375;0.0107421875;0.0419921875;0.0390625;0.01171875;0.0009765625;0.03125;0.0078125;0.0009765625;0.01171875;0.0;0.0;0.015625;0.0;0.0;0.0078125;0.0;0.0;0.015625;0.005859375;0.001953125;0.00341796875;0.01171875;0.0;0.02294921875;0.001953125;0.0;0.01171875;0.7;0.171875;0.234375;0.53125;0.12109375;0.0703125;0.34375;0.515625;0.1171875;0.453125;0.5625;0.1171875;0.375;0.640625;0.119140625;0.12890625;0.296875;0.6875;0.15234375;0.40625;0.6171875;0.115234375;0.2734375;0.1953125;0.015625;0.22265625;0.14453125;0.0107421875;0.041015625;0.0390625;0.01171875;0.0009765625;0.03515625;0.0078125;0.0009765625;0.015625;0.0;0.0;0.01953125;0.0;0.0;0.0078125;0.0;0.0;0.013671875;0.005859375;0.001953125;0.00341796875;0.01171875;0.0;0.02880859375;0.00390625;0.0;0.009765625;0.8
76;76;84.4;0.15625;0.234375;0.5625;0.12890625;0.0703125;0.359375;0.53125;0.1171875;0.453125;0.5625;0.1015625;0.390625;0.6484375;0.119140625;0.134765625;0.3125;0.6953125;0.158203125;0.4140625;0.625;0.115234375;0.2734375;0.203125;0.013671875;0.2265625;0.15234375;0.0107421875;0.041015625;0.0390625;0.01171875;0.0009765625;0.03125;0.0078125;0.0009765625;0.015625;0.0;0.0;0.01953125;0.0;0.0;0.0078125;0.0;0.0;0.015625;0.005859375;0.001953125;0.00341796875;0.01171875;0.0;0.03271484375;0.00390625;0.0;0.00830078125;0.8;0.171875;0.234375;0.53125;0.125;0.0703125;0.34375;0.53125;0.12109375;0.453125;0.5625;0.11328125;0.3828125;0.6328125;0.119140625;0.130859375;0.3046875;0.6875;0.15625;0.40625;0.6171875;0.115234375;0.2734375;0.1953125;0.013671875;0.22265625;0.14453125;0.0107421875;0.041015625;0.0390625;0.01171875;0.0009765625;0.03125;0.0078125;0.0009765625;0.015625;0.0;0.0;0.01953125;0.0;0.0;0.0078125;0.0;0.0;0.015625;0.005859375;0.001953125;0.00341796875;0.01171875;0.0;0.0380859375;0.00390625;0.0;0.015625;0.8
77;77;82.65;0.15625;0.234375;0.5625;0.125;0.0703125;0.34375;0.515625;0.1171875;0.46875;0.5625;0.10546875;0.40625;0.65625;0.12109375;0.138671875;0.3125;0.703125;0.158203125;0.421875;0.640625;0.1171875;0.2734375;0.1953125;0.013671875;0.2265625;0.15625;0.0107421875;0.0419921875;0.0390625;0.01171875;0.0009765625;0.03125;0.0078125;0.0009765625;0.015625;0.0;0.0;0.015625;0.0;0.0;0.0078125;0.0;0.0;0.015625;0.005859375;0.001953125;0.00341796875;0.01171875;0.0;0.02783203125;0.00390625;0.0;0.01220703125;0.7;0.171875;0.234375;0.53125;0.125;0.0703125;0.34375;0.515625;0.12109375;0.453125;0.5625;0.1171875;0.390625;0.6484375;0.119140625;0.1328125;0.3046875;0.6953125;0.158203125;0.4140625;0.6328125;0.1171875;0.2734375;0.1953125;0.013671875;0.22265625;0.14453125;0.0107421875;0.041015625;0.0390625;0.01171875;0.0009765625;0.03515625;0.0078125;0.0009765625;0.01953125;0.0;0.0;0.015625;0.0;0.0;0.0078125;0.0;0.0;0.015625;0.0078125;0.001953125;0.00341796875;0.01171875;0.0;0.02392578125;0.00390625;0.0;0.00732421875;0.8
78;78;85.68;0.171875;0.25;0.5625;0.12890625;0.0703125;0.359375;0.53125;0.1171875;0.484375;0.578125;0.10546875;0.40625;0.65625;0.12109375;0.140625;0.3203125;0.703125;0.162109375;0.4296875;0.640625;0.1171875;0.28125;0.203125;0.015625;0.23046875;0.15625;0.0107421875;0.0419921875;0.0390625;0.01171875;0.0009765625;0.03125;0.00390625;0.0009765625;0.015625;0.0;0.0;0.01953125;0.0;0.0;0.0078125;0.0;0.0;0.015625;0.0078125;0.001953125;0.00390625;0.01171875;0.0;0.03173828125;0.00390625;0.0;0.01513671875;0.8;0.171875;0.25;0.546875;0.12890625;0.07421875;0.359375;0.53125;0.12109375;0.46875;0.578125;0.1171875;0.3984375;0.6484375;0.123046875;0.13671875;0.3125;0.703125;0.16015625;0.421875;0.640625;0.12109375;0.2890625;0.203125;0.015625;0.23046875;0.1484375;0.0107421875;0.04296875;0.0390625;0.01171875;0.0009765625;0.03515625;0.00390625;0.0009765625;0.01953125;0.0;0.0;0.01953125;0.0;0.0;0.0078125;0.0;0.0;0.015625;0.005859375;0.001953125;0.00341796875;0.01171875;0.0;0.05517578125;0.001953125;0.0;0.00439453125;0.8
79;79;85.62;0.15625;0.234375;0.5625;0.125;0.0703125;0.359375;0.53125;0.1171875;0.46875;0.578125;0.109375;0.40625;0.6484375;0.12109375;0.140625;0.3203125;0.703125;0.1640625;0.4296875;0.640625;0.12109375;0.2890625;0.203125;0.015625;0.234375;0.15625;0.0107421875;0.04296875;0.0390625;0.01171875;0.0009765625;0.03125;0.00390625;0.0009765625;0.01171875;0.0;0.0;0.015625;0.0;0.0;0.0078125;0.0;0.0;0.015625;0.0078125;0.001953125;0.00341796875;0.01171875;0.0;0.0400390625;0.00390625;0.0;0.03662109375;0.8;0.171875;0.25;0.546875;0.125;0.07421875;0.34375;0.515625;0.12109375;0.46875;0.5625;0.1171875;0.3984375;0.6484375;0.123046875;0.13671875;0.3125;0.703125;0.1640625;0.4296875;0.6484375;0.123046875;0.2890625;0.1953125;0.015625;0.23828125;0.15234375;0.0107421875;0.04296875;0.0390625;0.01171875;0.0009765625;0.03515625;0.0078125;0.0009765625;0.015625;0.0;0.0;0.01953125;0.0;0.0;0.0078125;0.0;0.0;0.015625;0.0078125;0.001953125;0.00341796875;0.01171875;0.0;0.0546875;0.00390625;0.0;0.013671875;0.8
80;80;85.74;0.15625;0.234375;0.5625;0.12890625;0.0703125;0.359375;0.53125;0.12109375;0.46875;0.578125;0.109375;0.4140625;0.65625;0.12109375;0.142578125;0.3203125;0.703125;0.162109375;0.4375;0.6484375;0.119140625;0.296875;0.203125;0.015625;0.23828125;0.15234375;0.0107421875;0.04296875;0.0390625;0.01171875;0.0009765625;0.03515625;0.00390625;0.0009765625;0.015625;0.0;0.0;0.01953125;0.0;0.0;0.0078125;0.0;0.0;0.017578125;0.0078125;0.001953125;0.00341796875;0.01171875;0.0;0.029296875;0.00390625;0.0;0.013671875;0.8;0.171875;0.25;0.546875;0.12890625;0.07421875;0.359375;0.53125;0.125;0.46875;0.578125;0.1171875;0.3984375;0.6484375;0.123046875;0.140625;0.3203125;0.703125;0.162109375;0.4296875;0.640625;0.119140625;0.2890625;0.1953125;0.015625;0.2421875;0.15234375;0.0107421875;0.04296875;0.0390625;0.01171875;0.0009765625;0.03515625;0.00390625;0.0009765625;0.015625;0.0;0.0;0.0234375;0.0;0.0;0.0078125;0.0;0.0;0.013671875;0.005859375;0.001953125;0.00341796875;0.01171875;0.0;0.02880859375;0.00390625;0.0;0.00439453125;0.8
81;81;84.7;0.171875;0.25;0.578125;0.1328125;0.0703125;0.359375;0.53125;0.12109375;0.46875;0.578125;0.11328125;0.40625;0.6640625;0.125;0.142578125;0.328125;0.71875;0.16796875;0.4453125;0.65625;0.125;0.2890625;0.2109375;0.015625;0.2421875;0.16015625;0.0107421875;0.044921875;0.0390625;0.01171875;0.0009765625;0.03515625;0.00390625;0.0009765625;0.015625;0.0;0.0;0.015625;0.0;0.0;0.0078125;0.0;0.0;0.017578125;0.0078125;0.001953125;0.00341796875;0.01171875;0.0;0.03857421875;0.00390625;0.0;0.01318359375;0.8;0.171875;0.25;0.5625;0.12890625;0.07421875;0.359375;0.53125;0.12109375;0.46875;0.578125;0.12109375;0.3984375;0.6484375;0.123046875;0.138671875;0.3203125;0.7109375;0.16796875;0.4375;0.640625;0.125;0.296875;0.203125;0.015625;0.24609375;0.15625;0.0107421875;0.0439453125;0.0390625;0.01171875;0.0009765625;0.03515625;0.00390625;0.0009765625;0.01953125;0.0;0.0;0.01953125;0.0;0.0;0.0078125;0.0;0.0;0.017578125;0.0078125;0.001953125;0.00341796875;0.01171875;0.0;0.03369140625;0.00390625;0.0;0.013671875;0.8
82;82;85.64;0.171875;0.25;0.578125;0.12890625;0.0703125;0.375;0.546875;0.12109375;0.484375;0.578125;0.109375;0.4140625;0.6484375;0.123046875;0.14453125;0.328125;0.7265625;0.16796875;0.4453125;0.65625;0.125;0.296875;0.203125;0.015625;0.2421875;0.15234375;0.0107421875;0.0439453125;0.0390625;0.01171875;0.0009765625;0.03515625;0.00390625;0.0009765625;0.015625;0.0;0.0;0.015625;0.0;0.0;0.0078125;0.0;0.0;0.017578125;0.0078125;0.001953125;0.00341796875;0.01171875;0.0;0.046875;0.00390625;0.0;0.0146484375;0.8;0.171875;0.25;0.5625;0.12890625;0.07421875;0.359375;0.53125;0.125;0.46875;0.578125;0.125;0.40625;0.65625;0.125;0.142578125;0.328125;0.71875;0.16796875;0.4453125;0.65625;0.126953125;0.296875;0.1953125;0.015625;0.24609375;0.15625;0.0107421875;0.044921875;0.0390625;0.01171875;0.0009765625;0.0390625;0.00390625;0.0009765625;0.01953125;0.0;0.0;0.01953125;0.0;0.0;0.0078125;0.0;0.0;0.015625;0.0078125;0.001953125;0.00341796875;0.01171875;0.0;0.046875;0.00390625;0.0;0.0068359375;0.8
83;83;86.16;0.171875;0.25;0.578125;0.12890625;0.07421875;0.359375;0.53125;0.12109375;0.484375;0.59375;0.11328125;0.4140625;0.6640625;0.125;0.146484375;0.328125;0.71875;0.16796875;0.4453125;0.65625;0.126953125;0.3046875;0.21875;0.017578125;0.24609375;0.15625;0.01171875;0.0478515625;0.0390625;0.01171875;0.0009765625;0.03515625;0.00390625;0.0009765625;0.01171875;0.0;0.0;0.015625;0.0;0.0;0.0078125;0.0;0.0;0.01953125;0.0078125;0.001953125;0.00341796875;0.01171875;0.0;0.02490234375;0.00390625;0.0;0.01025390625;0.8;0.171875;0.25;0.5625;0.12890625;0.07421875;0.359375;0.53125;0.125;0.46875;0.578125;0.125;0.40625;0.65625;0.125;0.140625;0.3203125;0.71875;0.169921875;0.4453125;0.65625;0.12890625;0.3046875;0.2109375;0.015625;0.25;0.16015625;0.01171875;0.046875;0.0390625;0.01171875;0.0009765625;0.0390625;0.00390625;0.0009765625;0.015625;0.0;0.0;0.01953125;0.0;0.0;0.0078125;0.0;0.0;0.017578125;0.0078125;0.001953125;0.00341796875;0.01171875;0.0;0.0302734375;0.00390625;0.0;0.01953125;0.8
84;84;86.29;0.171875;0.25;0.578125;0.1328125;0.0703125;0.375;0.546875;0.12109375;0.484375;0.59375;0.11328125;0.421875;0.6640625;0.125;0.146484375;0.328125;0.71875;0.16796875;0.453125;0.65625;0.130859375;0.3046875;0.2109375;0.017578125;0.25;0.16015625;0.0107421875;0.0478515625;0.0390625;0.01171875;0.0009765625;0.03515625;0.00390625;0.0009765625;0.015625;0.0;0.0;0.01953125;0.0;0.0;0.0078125;0.0;0.0;0.017578125;0.0078125;0.001953125;0.00341796875;0.01171875;0.0;0.0390625;0.00390625;0.0;0.01513671875;0.8;0.171875;0.25;0.5625;0.1328125;0.07421875;0.359375;0.53125;0.125;0.484375;0.59375;0.125;0.4140625;0.65625;0.126953125;0.142578125;0.328125;0.7109375;0.169921875;0.453125;0.65625;0.1328125;0.3046875;0.203125;0.015625;0.25390625;0.15625;0.0107421875;0.046875;0.0390625;0.01171875;0.0009765625;0.0390625;0.00390625;0.0009765625;0.015625;0.0;0.0;0.01953125;0.0;0.0;0.0078125;0.0;0.0;0.017578125;0.0078125;0.001953125;0.00341796875;0.01171875;0.0;0.05419921875;0.00390625;0.0;0.01416015625;0.8
85;85;87.56;0.171875;0.25;0.578125;0.1328125;0.07421875;0.375;0.546875;0.12109375;0.484375;0.59375;0.11328125;0.421875;0.6640625;0.126953125;0.1484375;0.3359375;0.71875;0.169921875;0.4609375;0.6640625;0.130859375;0.3125;0.2109375;0.017578125;0.2578125;0.16015625;0.01171875;0.0458984375;0.0390625;0.01171875;0.0009765625;0.03515625;0.00390625;0.0009765625;0.015625;0.0;0.0;0.015625;0.0;0.0;0.0078125;0.0;0.0;0.01953125;0.0078125;0.001953125;0.00341796875;0.013671875;0.0;0.025390625;0.001953125;0.0;0.021484375;0.8;0.171875;0.25;0.5625;0.1328125;0.07421875;0.359375;0.546875;0.125;0.484375;0.59375;0.125;0.4140625;0.6640625;0.126953125;0.14453125;0.328125;0.71875;0.171875;0.4609375;0.6640625;0.1328125;0.3125;0.2109375;0.017578125;0.2578125;0.15625;0.0107421875;0.046875;0.0390625;0.01171875;0.0009765625;0.03515625;0.00390625;0.0009765625;0.01953125;0.0;0.0;0.01953125;0.0;0.0;0.0078125;0.0;0.0;0.017578125;0.0078125;0.001953125;0.00341796875;0.01171875;0.0;0.02734375;0.00390625;0.0;0.0224609375;0.8
86;86;88.05;0.171875;0.25;0.578125;0.1328125;0.07421875;0.375;0.546875;0.12109375;0.5;0.59375;0.1171875;0.4296875;0.671875;0.12890625;0.1484375;0.3359375;0.7265625;0.171875;0.46875;0.671875;0.134765625;0.3203125;0.21875;0.017578125;0.265625;0.16796875;0.01171875;0.0498046875;0.0390625;0.01171875;0.0009765625;0.03515625;0.00390625;0.0009765625;0.015625;0.0;0.0;0.01953125;0.0;0.0;0.01171875;0.0;0.0;0.01953125;0.009765625;0.001953125;0.00341796875;0.01171875;0.0;0.03515625;0.00390625;0.0;0.0126953125;0.8;0.171875;0.25;0.5625;0.1328125;0.07421875;0.375;0.546875;0.125;0.484375;0.59375;0.125;0.421875;0.6640625;0.12890625;0.146484375;0.328125;0.71875;0.171875;0.4609375;0.6640625;0.1328125;0.3125;0.2109375;0.017578125;0.26171875;0.15625;0.01171875;0.0478515625;0.0390625;0.01171875;0.001953125;0.03515625;0.00390625;0.0009765625;0.015625;0.0;0.0;0.01953125;0.0;0.0;0.0078125;0.0;0.0;0.017578125;0.0078125;0.001953125;0.00341796875;0.013671875;0.0;0.05126953125;0.00390625;0.0;0.01123046875;0.8
87;87;88.17;0.171875;0.25;0.59375;0.1328125;0.07421875;0.375;0.546875;0.12109375;0.5;0.59375;0.11328125;0.4296875;0.671875;0.12890625;0.1484375;0.34375;0.7265625;0.173828125;0.46875;0.671875;0.13671875;0.3125;0.2109375;0.017578125;0.265625;0.16796875;0.01171875;0.048828125;0.0390625;0.01171875;0.0009765625;0.03515625;0.0078125;0.0009765625;0.015625;0.0;0.0;0.01953125;0.0;0.0;0.0078125;0.0;0.0;0.01953125;0.0078125;0.001953125;0.00341796875;0.013671875;0.0;0.033203125;0.005859375;0.0;0.00732421875;0.8;0.171875;0.25;0.5625;0.1328125;0.07421875;0.375;0.546875;0.125;0.484375;0.59375;0.12890625;0.421875;0.6640625;0.130859375;0.14453125;0.3359375;0.7265625;0.173828125;0.46875;0.671875;0.13671875;0.3203125;0.2109375;0.017578125;0.265625;0.16015625;0.01171875;0.0498046875;0.0390625;0.01171875;0.0009765625;0.0390625;0.00390625;0.0009765625;0.015625;0.0;0.0;0.0234375;0.0;0.0;0.0078125;0.0;0.0;0.017578125;0.0078125;0.001953125;0.00341796875;0.01171875;0.0;0.0283203125;0.00390625;0.0;0.009765625;0.8
88;88;88.53;0.171875;0.25;0.59375;0.1328125;0.07421875;0.375;0.546875;0.12109375;0.5;0.59375;0.1171875;0.4296875;0.671875;0.12890625;0.1484375;0.34375;0.7265625;0.173828125;0.46875;0.6796875;0.13671875;0.3203125;0.21875;0.017578125;0.265625;0.1640625;0.01171875;0.05078125;0.0390625;0.01171875;0.0009765625;0.03515625;0.00390625;0.0009765625;0.015625;0.0;0.0;0.01953125;0.0;0.0;0.01171875;0.0;0.0;0.01953125;0.009765625;0.001953125;0.00341796875;0.013671875;0.0;0.03955078125;0.00390625;0.0;0.01220703125;0.8;0.171875;0.25;0.5625;0.1328125;0.07421875;0.375;0.546875;0.125;0.484375;0.59375;0.125;0.421875;0.6640625;0.12890625;0.146484375;0.3359375;0.7265625;0.173828125;0.46875;0.6796875;0.138671875;0.328125;0.2109375;0.017578125;0.265625;0.16015625;0.01171875;0.0498046875;0.0390625;0.01171875;0.001953125;0.03515625;0.00390625;0.0009765625;0.015625;0.0;0.0;0.0234375;0.0;0.0;0.0078125;0.0;0.0;0.017578125;0.0078125;0.001953125;0.00341796875;0.01171875;0.0;0.04150390625;0.00390625;0.0;0.0107421875;0.8
89;89;88.24;0.171875;0.25;0.59375;0.13671875;0.07421875;0.375;0.546875;0.12109375;0.5;0.59375;0.1171875;0.4375;0.6796875;0.130859375;0.15234375;0.34375;0.734375;0.173828125;0.4765625;0.6796875;0.13671875;0.328125;0.21875;0.01953125;0.2734375;0.16796875;0.01171875;0.0517578125;0.0390625;0.01171875;0.001953125;0.03515625;0.0078125;0.0009765625;0.015625;0.0;0.0;0.01953125;0.0;0.0;0.0078125;0.0;0.0;0.01953125;0.009765625;0.001953125;0.00341796875;0.013671875;0.0;0.03271484375;0.005859375;0.0;0.00732421875;0.8;0.171875;0.25;0.578125;0.1328125;0.07421875;0.375;0.546875;0.12890625;0.5;0.59375;0.12890625;0.421875;0.671875;0.130859375;0.1484375;0.3359375;0.7265625;0.17578125;0.4765625;0.6796875;0.138671875;0.328125;0.2109375;0.01953125;0.2734375;0.1640625;0.01171875;0.05078125;0.0390625;0.01171875;0.001953125;0.03515625;0.00390625;0.0009765625;0.015625;0.0;0.0;0.0234375;0.0;0.0;0.0078125;0.0;0.0;0.017578125;0.0078125;0.001953125;0.00341796875;0.013671875;0.0;0.0322265625;0.00390625;0.0;0.0087890625;0.8
90;90;88.82;0.171875;0.25;0.578125;0.1328125;0.07421875;0.375;0.546875;0.12109375;0.5;0.59375;0.1171875;0.4375;0.671875;0.12890625;0.15234375;0.34375;0.734375;0.173828125;0.4765625;0.6796875;0.138671875;0.328125;0.21875;0.01953125;0.2734375;0.16796875;0.01171875;0.05078125;0.0390625;0.01171875;0.001953125;0.03515625;0.0078125;0.0009765625;0.015625;0.0;0.0;0.0234375;0.0;0.0;0.0078125;0.0;0.0;0.01953125;0.009765625;0.001953125;0.00341796875;0.013671875;0.0;0.048828125;0.005859375;0.0;0.0146484375;0.8;0.171875;0.25;0.5625;0.1328125;0.07421875;0.375;0.546875;0.12890625;0.5;0.59375;0.12890625;0.421875;0.671875;0.130859375;0.1484375;0.34375;0.7265625;0.17578125;0.4765625;0.6796875;0.140625;0.3359375;0.2109375;0.01953125;0.27734375;0.16796875;0.01171875;0.05078125;0.0390625;0.01171875;0.001953125;0.03515625;0.00390625;0.0009765625;0.01953125;0.0;0.0;0.0234375;0.0;0.0;0.01171875;0.0;0.0;0.01953125;0.0078125;0.001953125;0.00341796875;0.013671875;0.0;0.04541015625;0.00390625;0.0;0.0146484375;0.8
91;91;89.01;0.15625;0.25;0.59375;0.13671875;0.07421875;0.375;0.546875;0.125;0.5;0.59375;0.1171875;0.4375;0.6796875;0.12890625;0.154296875;0.34375;0.734375;0.173828125;0.4765625;0.6875;0.140625;0.328125;0.21875;0.01953125;0.27734375;0.17578125;0.0126953125;0.05078125;0.0390625;0.01171875;0.0009765625;0.03515625;0.0078125;0.0009765625;0.015625;0.0;0.0;0.01953125;0.0;0.0;0.01171875;0.0;0.0;0.01953125;0.009765625;0.001953125;0.00341796875;0.01171875;0.0;0.03759765625;0.00390625;0.0;0.01171875;0.8;0.171875;0.25;0.5625;0.1328125;0.07421875;0.375;0.546875;0.12890625;0.5;0.59375;0.12890625;0.4296875;0.671875;0.130859375;0.150390625;0.34375;0.7265625;0.17578125;0.4765625;0.6796875;0.142578125;0.3359375;0.2109375;0.01953125;0.27734375;0.171875;0.01171875;0.0517578125;0.0390625;0.01171875;0.0009765625;0.03515625;0.0078125;0.0009765625;0.01953125;0.0;0.0;0.0234375;0.0;0.0;0.01171875;0.0;0.0;0.01953125;0.009765625;0.001953125;0.00341796875;0.013671875;0.0;0.03271484375;0.00390625;0.0;0.00634765625;0.8
92;92;89.42;0.171875;0.25;0.59375;0.13671875;0.07421875;0.390625;0.5625;0.125;0.5;0.59375;0.1171875;0.4375;0.671875;0.12890625;0.15234375;0.34375;0.734375;0.17578125;0.4765625;0.6875;0.142578125;0.328125;0.21875;0.01953125;0.27734375;0.16796875;0.01171875;0.0498046875;0.0390625;0.01171875;0.001953125;0.03515625;0.00390625;0.0009765625;0.015625;0.0;0.0;0.01953125;0.0;0.0;0.01171875;0.0;0.0;0.01953125;0.009765625;0.001953125;0.00341796875;0.013671875;0.0;0.0244140625;0.005859375;0.0;0.01416015625;0.8;0.171875;0.25;0.578125;0.13671875;0.07421875;0.375;0.546875;0.12890625;0.5;0.59375;0.12890625;0.4296875;0.671875;0.130859375;0.15234375;0.34375;0.734375;0.17578125;0.484375;0.6875;0.14453125;0.3359375;0.2109375;0.01953125;0.28125;0.16796875;0.01171875;0.052734375;0.0390625;0.01171875;0.001953125;0.03515625;0.00390625;0.0009765625;0.01953125;0.0;0.0;0.0234375;0.0;0.0;0.01171875;0.0;0.0;0.01953125;0.009765625;0.001953125;0.00341796875;0.013671875;0.0;0.02783203125;0.00390625;0.0;0.01806640625;0.8
93;93;89.41;0.15625;0.25;0.59375;0.13671875;0.07421875;0.375;0.546875;0.125;0.5;0.609375;0.1171875;0.4375;0.6796875;0.130859375;0.154296875;0.3515625;0.734375;0.17578125;0.484375;0.6875;0.142578125;0.3359375;0.21875;0.01953125;0.27734375;0.16796875;0.01171875;0.0498046875;0.0390625;0.01171875;0.0009765625;0.03515625;0.0078125;0.0009765625;0.015625;0.0;0.0;0.01953125;0.0;0.0;0.0078125;0.0;0.0;0.01953125;0.009765625;0.001953125;0.00341796875;0.013671875;0.0;0.0458984375;0.00390625;0.0;0.0126953125;0.8;0.171875;0.25;0.5625;0.13671875;0.07421875;0.375;0.546875;0.12890625;0.5;0.609375;0.1328125;0.4296875;0.671875;0.130859375;0.15234375;0.34375;0.734375;0.17578125;0.484375;0.6875;0.14453125;0.34375;0.21875;0.01953125;0.28125;0.16796875;0.01171875;0.052734375;0.0390625;0.01171875;0.001953125;0.03515625;0.0078125;0.0009765625;0.01953125;0.0;0.0;0.0234375;0.0;0.0;0.01171875;0.0;0.0;0.01953125;0.009765625;0.001953125;0.00341796875;0.013671875;0.0;0.0625;0.00390625;0.0;0.009765625;0.8
94;94;89.73;0.171875;0.25;0.59375;0.13671875;0.07421875;0.390625;0.546875;0.125;0.515625;0.609375;0.1171875;0.4453125;0.6796875;0.130859375;0.154296875;0.3515625;0.734375;0.17578125;0.484375;0.6953125;0.14453125;0.3359375;0.21875;0.01953125;0.28515625;0.171875;0.01171875;0.0517578125;0.0390625;0.01171875;0.0009765625;0.03515625;0.0078125;0.0009765625;0.015625;0.0;0.0;0.01953125;0.0;0.0;0.01171875;0.0;0.0;0.01953125;0.009765625;0.001953125;0.00341796875;0.013671875;0.0;0.0283203125;0.005859375;0.0;0.0087890625;0.8;0.171875;0.25;0.578125;0.13671875;0.07421875;0.375;0.546875;0.12890625;0.5;0.609375;0.12890625;0.4296875;0.671875;0.1328125;0.150390625;0.34375;0.734375;0.177734375;0.484375;0.6875;0.14453125;0.34375;0.21875;0.01953125;0.28125;0.16796875;0.01171875;0.0517578125;0.0390625;0.01171875;0.001953125;0.03515625;0.00390625;0.0009765625;0.01953125;0.0;0.0;0.0234375;0.0;0.0;0.01171875;0.0;0.0;0.01953125;0.009765625;0.001953125;0.00341796875;0.013671875;0.0;0.03369140625;0.00390625;0.0;0.00732421875;0.8
95;95;89.63;0.171875;0.25;0.59375;0.13671875;0.07421875;0.375;0.546875;0.12109375;0.515625;0.609375;0.12109375;0.4375;0.6796875;0.130859375;0.154296875;0.3515625;0.734375;0.17578125;0.484375;0.6953125;0.14453125;0.3359375;0.2265625;0.01953125;0.28125;0.16796875;0.01171875;0.05078125;0.0390625;0.01171875;0.0009765625;0.03515625;0.00390625;0.0009765625;0.015625;0.0;0.0;0.01953125;0.0;0.0;0.01171875;0.0;0.0;0.01953125;0.009765625;0.001953125;0.00341796875;0.01171875;0.0;0.0166015625;0.00390625;0.0;0.01025390625;0.8;0.171875;0.25;0.578125;0.13671875;0.07421875;0.375;0.546875;0.12890625;0.5;0.609375;0.1328125;0.4296875;0.671875;0.1328125;0.15234375;0.34375;0.734375;0.17578125;0.484375;0.6875;0.14453125;0.34375;0.21875;0.01953125;0.28515625;0.171875;0.01171875;0.052734375;0.0390625;0.01171875;0.001953125;0.03515625;0.00390625;0.0009765625;0.01953125;0.0;0.0;0.0234375;0.0;0.0;0.01171875;0.0;0.0;0.01953125;0.009765625;0.001953125;0.00341796875;0.013671875;0.0;0.02294921875;0.005859375;0.0;0.015625;0.8
96;96;89.7;0.171875;0.25;0.59375;0.13671875;0.07421875;0.375;0.546875;0.125;0.515625;0.609375;0.12109375;0.4375;0.6796875;0.130859375;0.15625;0.3515625;0.734375;0.177734375;0.4921875;0.6953125;0.14453125;0.3359375;0.2265625;0.01953125;0.28515625;0.17578125;0.01171875;0.0517578125;0.0390625;0.01171875;0.0009765625;0.03515625;0.0078125;0.0009765625;0.015625;0.0;0.0;0.0234375;0.0;0.0;0.01171875;0.0;0.0;0.01953125;0.009765625;0.001953125;0.00341796875;0.013671875;0.0;0.0185546875;0.005859375;0.0;0.00634765625;0.8;0.171875;0.25;0.578125;0.13671875;0.07421875;0.375;0.546875;0.12890625;0.5;0.609375;0.1328125;0.4296875;0.671875;0.1328125;0.15234375;0.34375;0.734375;0.177734375;0.484375;0.6875;0.14453125;0.34375;0.21875;0.01953125;0.28515625;0.171875;0.01171875;0.052734375;0.0390625;0.01171875;0.0009765625;0.03515625;0.00390625;0.0009765625;0.01953125;0.0;0.0;0.0234375;0.0;0.0;0.01171875;0.0;0.0;0.01953125;0.009765625;0.001953125;0.00341796875;0.013671875;0.0;0.02294921875;0.005859375;0.0;0.0068359375;0.8
97;97;89.81;0.171875;0.25;0.59375;0.13671875;0.07421875;0.390625;0.546875;0.125;0.515625;0.609375;0.12109375;0.4453125;0.6796875;0.130859375;0.15625;0.3515625;0.734375;0.17578125;0.484375;0.6953125;0.14453125;0.34375;0.234375;0.01953125;0.28515625;0.17578125;0.0126953125;0.052734375;0.0390625;0.01171875;0.001953125;0.03515625;0.00390625;0.0009765625;0.015625;0.0;0.0;0.01953125;0.0;0.0;0.01171875;0.0;0.0;0.01953125;0.009765625;0.001953125;0.00341796875;0.013671875;0.0;0.02685546875;0.005859375;0.0;0.0078125;0.8;0.171875;0.25;0.578125;0.13671875;0.07421875;0.375;0.546875;0.12890625;0.5;0.609375;0.1328125;0.4296875;0.671875;0.1328125;0.15234375;0.34375;0.734375;0.177734375;0.484375;0.6953125;0.146484375;0.34375;0.21875;0.01953125;0.28515625;0.171875;0.01171875;0.052734375;0.0390625;0.01171875;0.001953125;0.03515625;0.00390625;0.0009765625;0.01953125;0.0;0.0;0.0234375;0.0;0.0;0.01171875;0.0;0.0;0.01953125;0.009765625;0.001953125;0.00341796875;0.013671875;0.0;0.02734375;0.005859375;0.0;0.0087890625;0.8
98;98;89.81;0.171875;0.25;0.59375;0.13671875;0.07421875;0.390625;0.5625;0.125;0.515625;0.609375;0.12109375;0.4453125;0.6796875;0.1328125;0.15625;0.3515625;0.734375;0.177734375;0.484375;0.6953125;0.14453125;0.3359375;0.21875;0.01953125;0.2890625;0.17578125;0.0126953125;0.052734375;0.0390625;0.01171875;0.001953125;0.03515625;0.00390625;0.0009765625;0.015625;0.0;0.0;0.01953125;0.0;0.0;0.01171875;0.0;0.0;0.01953125;0.009765625;0.001953125;0.00341796875;0.01171875;0.0;0.0341796875;0.00390625;0.0;0.01123046875;0.8;0.171875;0.25;0.578125;0.13671875;0.07421875;0.375;0.546875;0.12890625;0.5;0.609375;0.1328125;0.4296875;0.671875;0.1328125;0.15234375;0.34375;0.734375;0.177734375;0.484375;0.6953125;0.146484375;0.34375;0.21875;0.01953125;0.28515625;0.171875;0.01171875;0.052734375;0.0390625;0.01171875;0.0009765625;0.03515625;0.00390625;0.0009765625;0.01953125;0.0;0.0;0.0234375;0.0;0.0;0.01171875;0.0;0.0;0.01953125;0.009765625;0.001953125;0.00341796875;0.013671875;0.0;0.04052734375;0.005859375;0.0;0.00927734375;0.8
99;99;89.75;0.171875;0.25;0.59375;0.13671875;0.07421875;0.390625;0.5625;0.125;0.515625;0.609375;0.12109375;0.4453125;0.6796875;0.130859375;0.15625;0.3515625;0.734375;0.17578125;0.4921875;0.6953125;0.146484375;0.34375;0.234375;0.01953125;0.28515625;0.17578125;0.01171875;0.0537109375;0.0390625;0.01171875;0.0009765625;0.03515625;0.0078125;0.0009765625;0.015625;0.0;0.0;0.01953125;0.0;0.0;0.0078125;0.0;0.0;0.01953125;0.009765625;0.001953125;0.00341796875;0.013671875;0.0;0.0322265625;0.005859375;0.0;0.017578125;0.8;0.171875;0.25;0.578125;0.13671875;0.07421875;0.375;0.546875;0.12890625;0.5;0.609375;0.1328125;0.4296875;0.671875;0.1328125;0.15234375;0.34375;0.734375;0.177734375;0.484375;0.6953125;0.146484375;0.34375;0.21875;0.01953125;0.28515625;0.171875;0.01171875;0.052734375;0.0390625;0.01171875;0.001953125;0.03515625;0.00390625;0.0009765625;0.01953125;0.0;0.0;0.0234375;0.0;0.0;0.01171875;0.0;0.0;0.01953125;0.009765625;0.001953125;0.00341796875;0.013671875;0.0;0.037109375;0.005859375;0.0;0.02099609375;0.8
