;Epoch;test_accuracy;train-saturation_conv1;train-saturation_layer1-0-conv1;train-saturation_layer1-0-conv2;train-saturation_layer1-0-conv3;train-saturation_layer1-0-shortcut-0;train-saturation_layer1-1-conv1;train-saturation_layer1-1-conv2;train-saturation_layer1-1-conv3;train-saturation_layer1-2-conv1;train-saturation_layer1-2-conv2;train-saturation_layer1-2-conv3;train-saturation_layer2-0-conv1;train-saturation_layer2-0-conv2;train-saturation_layer2-0-conv3;train-saturation_layer2-0-shortcut-0;train-saturation_layer2-1-conv1;train-saturation_layer2-1-conv2;train-saturation_layer2-1-conv3;train-saturation_layer2-2-conv1;train-saturation_layer2-2-conv2;train-saturation_layer2-2-conv3;train-saturation_layer2-3-conv1;train-saturation_layer2-3-conv2;train-saturation_layer2-3-conv3;train-saturation_layer3-0-conv1;train-saturation_layer3-0-conv2;train-saturation_layer3-0-conv3;train-saturation_layer3-0-shortcut-0;train-saturation_layer3-1-conv1;train-saturation_layer3-1-conv2;train-saturation_layer3-1-conv3;train-saturation_layer3-2-conv1;train-saturation_layer3-2-conv2;train-saturation_layer3-2-conv3;train-saturation_layer3-3-conv1;train-saturation_layer3-3-conv2;train-saturation_layer3-3-conv3;train-saturation_layer3-4-conv1;train-saturation_layer3-4-conv2;train-saturation_layer3-4-conv3;train-saturation_layer3-5-conv1;train-saturation_layer3-5-conv2;train-saturation_layer3-5-conv3;train-saturation_layer4-0-conv1;train-saturation_layer4-0-conv2;train-saturation_layer4-0-conv3;train-saturation_layer4-0-shortcut-0;train-saturation_layer4-1-conv1;train-saturation_layer4-1-conv2;train-saturation_layer4-1-conv3;train-saturation_layer4-2-conv1;train-saturation_layer4-2-conv2;train-saturation_layer4-2-conv3;train-saturation_linear;eval-saturation_conv1;eval-saturation_layer1-0-conv1;eval-saturation_layer1-0-conv2;eval-saturation_layer1-0-conv3;eval-saturation_layer1-0-shortcut-0;eval-saturation_layer1-1-conv1;eval-saturation_layer1-1-conv2;eval-saturation_layer1-1-conv3;eval-saturation_layer1-2-conv1;eval-saturation_layer1-2-conv2;eval-saturation_layer1-2-conv3;eval-saturation_layer2-0-conv1;eval-saturation_layer2-0-conv2;eval-saturation_layer2-0-conv3;eval-saturation_layer2-0-shortcut-0;eval-saturation_layer2-1-conv1;eval-saturation_layer2-1-conv2;eval-saturation_layer2-1-conv3;eval-saturation_layer2-2-conv1;eval-saturation_layer2-2-conv2;eval-saturation_layer2-2-conv3;eval-saturation_layer2-3-conv1;eval-saturation_layer2-3-conv2;eval-saturation_layer2-3-conv3;eval-saturation_layer3-0-conv1;eval-saturation_layer3-0-conv2;eval-saturation_layer3-0-conv3;eval-saturation_layer3-0-shortcut-0;eval-saturation_layer3-1-conv1;eval-saturation_layer3-1-conv2;eval-saturation_layer3-1-conv3;eval-saturation_layer3-2-conv1;eval-saturation_layer3-2-conv2;eval-saturation_layer3-2-conv3;eval-saturation_layer3-3-conv1;eval-saturation_layer3-3-conv2;eval-saturation_layer3-3-conv3;eval-saturation_layer3-4-conv1;eval-saturation_layer3-4-conv2;eval-saturation_layer3-4-conv3;eval-saturation_layer3-5-conv1;eval-saturation_layer3-5-conv2;eval-saturation_layer3-5-conv3;eval-saturation_layer4-0-conv1;eval-saturation_layer4-0-conv2;eval-saturation_layer4-0-conv3;eval-saturation_layer4-0-shortcut-0;eval-saturation_layer4-1-conv1;eval-saturation_layer4-1-conv2;eval-saturation_layer4-1-conv3;eval-saturation_layer4-2-conv1;eval-saturation_layer4-2-conv2;eval-saturation_layer4-2-conv3;eval-saturation_linear
0;0;21.54;0.125;0.359375;0.796875;0.203125;0.125;0.8125;0.890625;0.22265625;0.859375;0.921875;0.2265625;0.796875;0.921875;0.2265625;0.365234375;0.90625;0.953125;0.234375;0.9140625;0.9609375;0.234375;0.921875;0.9609375;0.234375;0.8515625;0.94921875;0.232421875;0.3984375;0.921875;0.95703125;0.234375;0.92578125;0.9609375;0.2353515625;0.92578125;0.95703125;0.234375;0.9296875;0.9609375;0.234375;0.9296875;0.9609375;0.234375;0.853515625;0.880859375;0.2138671875;0.3251953125;0.845703125;0.888671875;0.2158203125;0.84375;0.87890625;0.21435546875;0.7;0.109375;0.34375;0.765625;0.19921875;0.1171875;0.796875;0.875;0.21875;0.859375;0.921875;0.22265625;0.78125;0.9140625;0.2265625;0.361328125;0.8984375;0.953125;0.232421875;0.9140625;0.9609375;0.234375;0.921875;0.9609375;0.234375;0.85546875;0.95703125;0.234375;0.404296875;0.92578125;0.9609375;0.2353515625;0.9296875;0.9609375;0.2353515625;0.9296875;0.9609375;0.2353515625;0.93359375;0.9609375;0.2353515625;0.93359375;0.96484375;0.2353515625;0.861328125;0.90625;0.22021484375;0.3505859375;0.87109375;0.912109375;0.2216796875;0.869140625;0.90625;0.22021484375;0.6
1;1;29.0;0.109375;0.34375;0.765625;0.19921875;0.1171875;0.78125;0.875;0.21484375;0.84375;0.90625;0.22265625;0.7734375;0.90625;0.224609375;0.35546875;0.890625;0.9375;0.23046875;0.90625;0.953125;0.232421875;0.9140625;0.953125;0.232421875;0.84375;0.9453125;0.232421875;0.392578125;0.91796875;0.95703125;0.234375;0.921875;0.95703125;0.234375;0.921875;0.95703125;0.234375;0.92578125;0.95703125;0.234375;0.9296875;0.9609375;0.234375;0.849609375;0.876953125;0.2138671875;0.32177734375;0.841796875;0.884765625;0.21533203125;0.841796875;0.876953125;0.21484375;0.4;0.109375;0.34375;0.75;0.19140625;0.1171875;0.78125;0.859375;0.2109375;0.828125;0.90625;0.22265625;0.765625;0.90625;0.22265625;0.3515625;0.8828125;0.9375;0.23046875;0.8984375;0.953125;0.232421875;0.90625;0.953125;0.232421875;0.84375;0.94921875;0.232421875;0.39453125;0.91796875;0.95703125;0.234375;0.921875;0.95703125;0.234375;0.921875;0.95703125;0.2333984375;0.92578125;0.9609375;0.234375;0.9296875;0.9609375;0.234375;0.8515625;0.89453125;0.2177734375;0.34130859375;0.857421875;0.900390625;0.21875;0.857421875;0.892578125;0.2177734375;0.4
2;2;34.37;0.109375;0.359375;0.75;0.1953125;0.12109375;0.78125;0.859375;0.21484375;0.828125;0.90625;0.22265625;0.7734375;0.8984375;0.22265625;0.353515625;0.890625;0.9375;0.23046875;0.8984375;0.9453125;0.232421875;0.90625;0.953125;0.232421875;0.83984375;0.9453125;0.2314453125;0.3916015625;0.9140625;0.953125;0.2333984375;0.91796875;0.95703125;0.234375;0.921875;0.95703125;0.2333984375;0.92578125;0.95703125;0.2333984375;0.9296875;0.95703125;0.2333984375;0.84765625;0.873046875;0.212890625;0.31982421875;0.837890625;0.880859375;0.21435546875;0.837890625;0.873046875;0.21337890625;0.4;0.109375;0.34375;0.734375;0.19140625;0.1171875;0.765625;0.84375;0.20703125;0.8125;0.890625;0.21875;0.75;0.890625;0.21875;0.345703125;0.875;0.9375;0.228515625;0.890625;0.9453125;0.23046875;0.90625;0.9453125;0.232421875;0.83203125;0.9453125;0.23046875;0.3896484375;0.9140625;0.953125;0.2333984375;0.91796875;0.95703125;0.2333984375;0.91796875;0.953125;0.2333984375;0.921875;0.95703125;0.2333984375;0.92578125;0.95703125;0.2333984375;0.845703125;0.892578125;0.21728515625;0.33984375;0.857421875;0.8984375;0.21875;0.85546875;0.892578125;0.21826171875;0.4
3;3;38.84;0.109375;0.34375;0.71875;0.19140625;0.1171875;0.75;0.84375;0.2109375;0.8125;0.890625;0.21875;0.75;0.8828125;0.21875;0.33984375;0.875;0.9296875;0.228515625;0.890625;0.9453125;0.232421875;0.90625;0.9453125;0.232421875;0.83203125;0.94140625;0.23046875;0.3857421875;0.9140625;0.953125;0.234375;0.91796875;0.95703125;0.234375;0.921875;0.95703125;0.2333984375;0.92578125;0.95703125;0.234375;0.9296875;0.95703125;0.234375;0.849609375;0.87890625;0.21484375;0.32421875;0.845703125;0.884765625;0.21630859375;0.845703125;0.880859375;0.2158203125;0.4;0.109375;0.34375;0.703125;0.1875;0.1171875;0.75;0.828125;0.20703125;0.8125;0.890625;0.21875;0.7421875;0.8828125;0.21875;0.34375;0.875;0.9375;0.228515625;0.8984375;0.9453125;0.232421875;0.90625;0.953125;0.232421875;0.8359375;0.9453125;0.2314453125;0.3916015625;0.91796875;0.95703125;0.234375;0.921875;0.95703125;0.234375;0.921875;0.95703125;0.234375;0.92578125;0.95703125;0.234375;0.9296875;0.9609375;0.234375;0.8515625;0.8984375;0.21923828125;0.3447265625;0.861328125;0.90234375;0.2197265625;0.861328125;0.896484375;0.21923828125;0.3
4;4;40.61;0.109375;0.34375;0.703125;0.19140625;0.1171875;0.75;0.84375;0.2109375;0.8125;0.875;0.21875;0.75;0.8828125;0.21875;0.341796875;0.875;0.9296875;0.228515625;0.890625;0.9453125;0.232421875;0.90625;0.9453125;0.232421875;0.8359375;0.94140625;0.2314453125;0.38671875;0.9140625;0.953125;0.234375;0.91796875;0.95703125;0.234375;0.921875;0.95703125;0.2333984375;0.92578125;0.95703125;0.234375;0.9296875;0.95703125;0.234375;0.849609375;0.87890625;0.21533203125;0.32568359375;0.84765625;0.88671875;0.216796875;0.84765625;0.8828125;0.216796875;0.4;0.109375;0.328125;0.6875;0.18359375;0.1171875;0.75;0.828125;0.20703125;0.8125;0.875;0.21484375;0.7421875;0.875;0.216796875;0.33984375;0.8671875;0.9296875;0.2265625;0.890625;0.9453125;0.23046875;0.8984375;0.9453125;0.232421875;0.828125;0.94140625;0.23046875;0.38671875;0.91015625;0.953125;0.2333984375;0.91796875;0.95703125;0.2333984375;0.91796875;0.953125;0.2333984375;0.921875;0.95703125;0.2333984375;0.92578125;0.95703125;0.234375;0.84765625;0.892578125;0.21826171875;0.3427734375;0.859375;0.8984375;0.21923828125;0.859375;0.892578125;0.21875;0.4
5;5;43.39;0.125;0.359375;0.71875;0.19140625;0.125;0.765625;0.84375;0.20703125;0.8125;0.875;0.21875;0.75;0.8828125;0.21875;0.34375;0.875;0.9296875;0.228515625;0.890625;0.9453125;0.23046875;0.90625;0.9453125;0.232421875;0.83203125;0.94140625;0.23046875;0.38671875;0.91015625;0.953125;0.2333984375;0.91796875;0.95703125;0.234375;0.91796875;0.953125;0.2333984375;0.921875;0.95703125;0.2333984375;0.92578125;0.95703125;0.2333984375;0.845703125;0.873046875;0.2138671875;0.32177734375;0.83984375;0.880859375;0.21533203125;0.841796875;0.87890625;0.2158203125;0.4;0.109375;0.34375;0.671875;0.18359375;0.1171875;0.75;0.8125;0.203125;0.796875;0.875;0.21484375;0.7265625;0.8671875;0.21484375;0.333984375;0.859375;0.921875;0.2265625;0.8828125;0.9375;0.23046875;0.8984375;0.9453125;0.23046875;0.82421875;0.94140625;0.2294921875;0.3857421875;0.91015625;0.953125;0.2333984375;0.9140625;0.953125;0.234375;0.91796875;0.953125;0.2333984375;0.921875;0.95703125;0.2333984375;0.92578125;0.95703125;0.234375;0.84765625;0.89453125;0.21923828125;0.34326171875;0.859375;0.900390625;0.22021484375;0.861328125;0.8984375;0.22021484375;0.4
6;6;45.82;0.109375;0.359375;0.71875;0.19140625;0.12109375;0.765625;0.84375;0.20703125;0.8125;0.875;0.21484375;0.75;0.875;0.216796875;0.341796875;0.8671875;0.9296875;0.2265625;0.8828125;0.9375;0.23046875;0.8984375;0.9453125;0.23046875;0.82421875;0.9375;0.2294921875;0.380859375;0.90625;0.94921875;0.232421875;0.91015625;0.953125;0.2333984375;0.9140625;0.953125;0.232421875;0.921875;0.953125;0.2333984375;0.92578125;0.95703125;0.2333984375;0.84375;0.873046875;0.2138671875;0.31982421875;0.83984375;0.880859375;0.21533203125;0.841796875;0.87890625;0.2158203125;0.4;0.109375;0.34375;0.6875;0.18359375;0.1171875;0.75;0.8125;0.203125;0.8125;0.875;0.21484375;0.7265625;0.859375;0.212890625;0.337890625;0.859375;0.921875;0.2265625;0.8828125;0.9375;0.23046875;0.8984375;0.9453125;0.23046875;0.8203125;0.9375;0.2294921875;0.3837890625;0.90625;0.94921875;0.232421875;0.91015625;0.953125;0.2333984375;0.9140625;0.953125;0.232421875;0.91796875;0.953125;0.2333984375;0.92578125;0.95703125;0.2333984375;0.84375;0.890625;0.21826171875;0.33984375;0.85546875;0.896484375;0.21923828125;0.857421875;0.89453125;0.2197265625;0.4
7;7;47.66;0.109375;0.34375;0.71875;0.19140625;0.12109375;0.765625;0.828125;0.20703125;0.8125;0.875;0.21484375;0.7421875;0.8671875;0.21484375;0.33984375;0.859375;0.921875;0.2265625;0.8828125;0.9375;0.228515625;0.890625;0.9375;0.23046875;0.8203125;0.93359375;0.228515625;0.37890625;0.90234375;0.94921875;0.232421875;0.91015625;0.953125;0.2333984375;0.9140625;0.94921875;0.232421875;0.91796875;0.953125;0.2333984375;0.921875;0.953125;0.2333984375;0.83984375;0.8671875;0.212890625;0.31884765625;0.8359375;0.87890625;0.21533203125;0.83984375;0.876953125;0.21630859375;0.4;0.109375;0.34375;0.6875;0.18359375;0.12109375;0.75;0.8125;0.203125;0.796875;0.875;0.21484375;0.734375;0.859375;0.212890625;0.337890625;0.859375;0.9140625;0.224609375;0.875;0.9375;0.228515625;0.890625;0.9375;0.228515625;0.81640625;0.93359375;0.228515625;0.380859375;0.90234375;0.9453125;0.2314453125;0.91015625;0.94921875;0.232421875;0.91015625;0.94921875;0.232421875;0.91796875;0.953125;0.232421875;0.921875;0.953125;0.2333984375;0.83984375;0.88671875;0.21728515625;0.33740234375;0.853515625;0.89453125;0.21923828125;0.857421875;0.896484375;0.22021484375;0.5
8;8;50.21;0.109375;0.359375;0.71875;0.1875;0.125;0.765625;0.828125;0.20703125;0.8125;0.875;0.21484375;0.75;0.8671875;0.216796875;0.33984375;0.859375;0.921875;0.224609375;0.875;0.9296875;0.228515625;0.890625;0.9375;0.228515625;0.81640625;0.9296875;0.2275390625;0.3779296875;0.8984375;0.9453125;0.2314453125;0.90625;0.94921875;0.232421875;0.9140625;0.94921875;0.232421875;0.91796875;0.953125;0.232421875;0.921875;0.953125;0.232421875;0.837890625;0.86328125;0.21240234375;0.31689453125;0.83203125;0.876953125;0.21533203125;0.83984375;0.876953125;0.2158203125;0.5;0.109375;0.34375;0.6875;0.18359375;0.12109375;0.75;0.8125;0.203125;0.8125;0.875;0.21484375;0.734375;0.859375;0.21484375;0.337890625;0.8515625;0.9140625;0.224609375;0.875;0.9296875;0.228515625;0.890625;0.9375;0.228515625;0.80859375;0.9296875;0.2265625;0.3779296875;0.8984375;0.9453125;0.23046875;0.90625;0.94921875;0.232421875;0.91015625;0.94921875;0.2314453125;0.9140625;0.953125;0.232421875;0.91796875;0.953125;0.232421875;0.8359375;0.884765625;0.216796875;0.3349609375;0.8515625;0.892578125;0.21875;0.853515625;0.892578125;0.2197265625;0.5
9;9;51.48;0.109375;0.359375;0.71875;0.19140625;0.12109375;0.765625;0.828125;0.20703125;0.828125;0.875;0.21875;0.75;0.8671875;0.21484375;0.341796875;0.859375;0.921875;0.2265625;0.8828125;0.9375;0.228515625;0.890625;0.9375;0.23046875;0.81640625;0.9296875;0.2275390625;0.37890625;0.90234375;0.9453125;0.232421875;0.91015625;0.94921875;0.2333984375;0.9140625;0.94921875;0.232421875;0.91796875;0.953125;0.2333984375;0.921875;0.953125;0.2333984375;0.83984375;0.8671875;0.21240234375;0.31982421875;0.8359375;0.87890625;0.21533203125;0.841796875;0.87890625;0.21630859375;0.5;0.109375;0.34375;0.6875;0.18359375;0.12109375;0.75;0.8125;0.203125;0.8125;0.875;0.21484375;0.7421875;0.8671875;0.21484375;0.33984375;0.8515625;0.9140625;0.224609375;0.875;0.9296875;0.228515625;0.890625;0.9375;0.228515625;0.8125;0.9296875;0.2275390625;0.3798828125;0.8984375;0.9453125;0.2314453125;0.90625;0.94921875;0.232421875;0.91015625;0.94921875;0.2314453125;0.9140625;0.953125;0.232421875;0.921875;0.953125;0.232421875;0.8359375;0.8828125;0.216796875;0.3369140625;0.849609375;0.892578125;0.21875;0.85546875;0.892578125;0.2197265625;0.5
10;10;53.04;0.125;0.359375;0.71875;0.19140625;0.125;0.765625;0.828125;0.20703125;0.828125;0.875;0.21484375;0.7421875;0.859375;0.212890625;0.33984375;0.859375;0.9140625;0.224609375;0.875;0.9296875;0.2265625;0.8828125;0.9375;0.228515625;0.80859375;0.921875;0.2265625;0.373046875;0.89453125;0.94140625;0.23046875;0.90234375;0.9453125;0.2314453125;0.90625;0.9453125;0.2314453125;0.91015625;0.94921875;0.2314453125;0.91796875;0.94921875;0.2314453125;0.83203125;0.857421875;0.2109375;0.31201171875;0.82421875;0.87109375;0.2138671875;0.833984375;0.87109375;0.21484375;0.5;0.109375;0.34375;0.6875;0.18359375;0.12109375;0.765625;0.8125;0.203125;0.8125;0.875;0.21484375;0.734375;0.859375;0.212890625;0.337890625;0.8515625;0.90625;0.22265625;0.8671875;0.9296875;0.2265625;0.8828125;0.9375;0.2265625;0.80078125;0.921875;0.2255859375;0.3740234375;0.890625;0.94140625;0.2294921875;0.8984375;0.9453125;0.2314453125;0.90625;0.9453125;0.2314453125;0.91015625;0.94921875;0.2314453125;0.91796875;0.94921875;0.232421875;0.83203125;0.87890625;0.2158203125;0.3330078125;0.845703125;0.890625;0.21826171875;0.8515625;0.892578125;0.2197265625;0.5
11;11;54.22;0.109375;0.359375;0.71875;0.19140625;0.125;0.765625;0.828125;0.2109375;0.828125;0.875;0.21484375;0.75;0.8671875;0.21484375;0.34375;0.859375;0.9140625;0.224609375;0.875;0.9296875;0.2265625;0.8828125;0.9375;0.228515625;0.80859375;0.921875;0.2265625;0.3740234375;0.89453125;0.94140625;0.23046875;0.90625;0.94921875;0.232421875;0.91015625;0.9453125;0.2314453125;0.9140625;0.94921875;0.232421875;0.921875;0.94921875;0.232421875;0.8359375;0.86328125;0.2119140625;0.31689453125;0.83203125;0.875;0.21484375;0.83984375;0.87890625;0.216796875;0.5;0.109375;0.34375;0.6875;0.18359375;0.12109375;0.765625;0.8125;0.203125;0.8125;0.875;0.21484375;0.7421875;0.859375;0.212890625;0.33984375;0.8515625;0.90625;0.22265625;0.8671875;0.921875;0.2265625;0.8828125;0.9375;0.228515625;0.8046875;0.921875;0.2255859375;0.375;0.890625;0.9375;0.2294921875;0.8984375;0.9453125;0.2314453125;0.90234375;0.9453125;0.2314453125;0.91015625;0.94921875;0.2314453125;0.9140625;0.94921875;0.2314453125;0.830078125;0.876953125;0.2158203125;0.33251953125;0.84375;0.888671875;0.2177734375;0.8515625;0.892578125;0.21923828125;0.5
12;12;56.07;0.109375;0.359375;0.71875;0.19140625;0.125;0.765625;0.828125;0.20703125;0.828125;0.875;0.21484375;0.75;0.859375;0.212890625;0.33984375;0.859375;0.9140625;0.224609375;0.8671875;0.9296875;0.2265625;0.8828125;0.9296875;0.228515625;0.80859375;0.921875;0.2255859375;0.373046875;0.89453125;0.94140625;0.23046875;0.90234375;0.9453125;0.232421875;0.91015625;0.9453125;0.2314453125;0.9140625;0.94921875;0.232421875;0.91796875;0.953125;0.232421875;0.833984375;0.861328125;0.2119140625;0.31640625;0.83203125;0.875;0.21484375;0.837890625;0.876953125;0.21630859375;0.5;0.109375;0.34375;0.6875;0.1875;0.12109375;0.765625;0.8125;0.203125;0.8125;0.859375;0.21484375;0.734375;0.8515625;0.2109375;0.3359375;0.84375;0.8984375;0.220703125;0.859375;0.921875;0.224609375;0.875;0.9296875;0.2265625;0.796875;0.91796875;0.224609375;0.369140625;0.8828125;0.9375;0.2294921875;0.8984375;0.9453125;0.23046875;0.90234375;0.9453125;0.23046875;0.90625;0.9453125;0.2314453125;0.9140625;0.94921875;0.2314453125;0.828125;0.875;0.21533203125;0.3310546875;0.84375;0.888671875;0.2177734375;0.849609375;0.890625;0.21923828125;0.5
13;13;57.02;0.109375;0.34375;0.71875;0.19140625;0.12109375;0.765625;0.828125;0.20703125;0.8125;0.875;0.21484375;0.75;0.859375;0.212890625;0.33984375;0.8515625;0.90625;0.224609375;0.8671875;0.921875;0.2265625;0.8828125;0.9296875;0.2265625;0.8046875;0.91796875;0.2255859375;0.3701171875;0.890625;0.94140625;0.2294921875;0.8984375;0.9453125;0.2314453125;0.90625;0.9453125;0.23046875;0.91015625;0.94921875;0.2314453125;0.91796875;0.94921875;0.232421875;0.83203125;0.857421875;0.21142578125;0.314453125;0.828125;0.87109375;0.2138671875;0.8359375;0.875;0.2158203125;0.5;0.109375;0.359375;0.703125;0.1875;0.12109375;0.765625;0.8125;0.203125;0.8125;0.875;0.21484375;0.7421875;0.859375;0.212890625;0.341796875;0.8515625;0.90625;0.22265625;0.8671875;0.921875;0.224609375;0.8828125;0.9296875;0.2265625;0.80078125;0.921875;0.224609375;0.3740234375;0.88671875;0.9375;0.2294921875;0.8984375;0.94140625;0.23046875;0.90234375;0.9453125;0.23046875;0.90625;0.9453125;0.2314453125;0.9140625;0.94921875;0.2314453125;0.828125;0.875;0.21533203125;0.33203125;0.841796875;0.888671875;0.2177734375;0.849609375;0.888671875;0.21923828125;0.5
14;14;57.77;0.109375;0.359375;0.734375;0.1953125;0.125;0.78125;0.84375;0.2109375;0.828125;0.875;0.21484375;0.7578125;0.8671875;0.212890625;0.345703125;0.8515625;0.90625;0.22265625;0.8671875;0.921875;0.224609375;0.8828125;0.9296875;0.2265625;0.80078125;0.91796875;0.224609375;0.3701171875;0.88671875;0.9375;0.2294921875;0.8984375;0.94140625;0.23046875;0.90234375;0.9453125;0.23046875;0.91015625;0.9453125;0.2314453125;0.9140625;0.94921875;0.2314453125;0.828125;0.853515625;0.21044921875;0.3125;0.82421875;0.87109375;0.2138671875;0.833984375;0.873046875;0.21533203125;0.5;0.109375;0.359375;0.71875;0.1875;0.12109375;0.765625;0.8125;0.203125;0.8125;0.875;0.21484375;0.7421875;0.8515625;0.2109375;0.34375;0.84375;0.8984375;0.220703125;0.859375;0.921875;0.224609375;0.875;0.9296875;0.2265625;0.796875;0.91796875;0.2236328125;0.37109375;0.8828125;0.93359375;0.228515625;0.89453125;0.94140625;0.23046875;0.8984375;0.94140625;0.23046875;0.90625;0.9453125;0.23046875;0.91015625;0.9453125;0.2314453125;0.826171875;0.873046875;0.21435546875;0.32958984375;0.83984375;0.88671875;0.21728515625;0.84765625;0.890625;0.21923828125;0.5
15;15;59.23;0.109375;0.359375;0.734375;0.1953125;0.12109375;0.78125;0.828125;0.2109375;0.828125;0.875;0.21484375;0.75;0.8671875;0.21484375;0.34375;0.859375;0.9140625;0.224609375;0.875;0.9296875;0.2265625;0.8828125;0.9296875;0.228515625;0.80859375;0.921875;0.2255859375;0.3740234375;0.890625;0.94140625;0.23046875;0.90234375;0.9453125;0.2314453125;0.90625;0.9453125;0.2314453125;0.91015625;0.94921875;0.232421875;0.91796875;0.94921875;0.232421875;0.833984375;0.861328125;0.2119140625;0.31689453125;0.830078125;0.875;0.21484375;0.83984375;0.876953125;0.21630859375;0.6;0.109375;0.359375;0.71875;0.1875;0.12109375;0.765625;0.8125;0.203125;0.8125;0.875;0.21484375;0.7421875;0.8515625;0.2109375;0.341796875;0.84375;0.8984375;0.220703125;0.859375;0.9140625;0.22265625;0.875;0.9296875;0.2265625;0.7890625;0.91015625;0.22265625;0.369140625;0.875;0.9296875;0.2275390625;0.890625;0.9375;0.228515625;0.89453125;0.9375;0.2294921875;0.8984375;0.94140625;0.2294921875;0.90625;0.9453125;0.23046875;0.8203125;0.8671875;0.21337890625;0.326171875;0.8359375;0.8828125;0.216796875;0.84375;0.888671875;0.21875;0.5
16;16;59.59;0.109375;0.34375;0.734375;0.1953125;0.12109375;0.78125;0.84375;0.2109375;0.828125;0.875;0.21484375;0.75;0.8671875;0.212890625;0.341796875;0.8515625;0.90625;0.22265625;0.8671875;0.921875;0.224609375;0.875;0.9296875;0.2265625;0.80078125;0.91796875;0.224609375;0.369140625;0.88671875;0.9375;0.2294921875;0.8984375;0.94140625;0.2314453125;0.90234375;0.9453125;0.23046875;0.90625;0.9453125;0.2314453125;0.9140625;0.9453125;0.2314453125;0.830078125;0.857421875;0.21142578125;0.314453125;0.828125;0.873046875;0.21435546875;0.8359375;0.876953125;0.21630859375;0.6;0.109375;0.359375;0.71875;0.19140625;0.12109375;0.765625;0.828125;0.20703125;0.828125;0.875;0.21484375;0.75;0.8671875;0.212890625;0.34765625;0.8515625;0.90625;0.220703125;0.8671875;0.921875;0.224609375;0.8828125;0.9296875;0.2265625;0.796875;0.9140625;0.2236328125;0.373046875;0.8828125;0.93359375;0.228515625;0.89453125;0.94140625;0.23046875;0.8984375;0.94140625;0.23046875;0.90625;0.9453125;0.23046875;0.91015625;0.9453125;0.2314453125;0.826171875;0.873046875;0.21484375;0.33154296875;0.841796875;0.88671875;0.2177734375;0.8515625;0.892578125;0.2197265625;0.5
17;17;60.29;0.125;0.359375;0.734375;0.1953125;0.125;0.78125;0.84375;0.2109375;0.828125;0.875;0.21484375;0.7578125;0.8671875;0.212890625;0.34375;0.8515625;0.90625;0.224609375;0.8671875;0.921875;0.224609375;0.875;0.9296875;0.2265625;0.796875;0.9140625;0.2236328125;0.369140625;0.8828125;0.93359375;0.228515625;0.89453125;0.94140625;0.23046875;0.90234375;0.94140625;0.2294921875;0.90625;0.9453125;0.23046875;0.91015625;0.9453125;0.23046875;0.82421875;0.849609375;0.20947265625;0.310546875;0.822265625;0.8671875;0.212890625;0.83203125;0.873046875;0.21533203125;0.5;0.125;0.359375;0.71875;0.1875;0.12109375;0.765625;0.828125;0.20703125;0.828125;0.875;0.21484375;0.75;0.859375;0.2109375;0.345703125;0.84375;0.8984375;0.220703125;0.859375;0.9140625;0.22265625;0.875;0.9296875;0.2265625;0.7890625;0.91015625;0.22265625;0.3701171875;0.87890625;0.93359375;0.2275390625;0.890625;0.9375;0.2294921875;0.89453125;0.9375;0.2294921875;0.90234375;0.94140625;0.2294921875;0.90625;0.94140625;0.2294921875;0.8203125;0.8671875;0.2138671875;0.3271484375;0.8359375;0.8828125;0.216796875;0.845703125;0.888671875;0.21875;0.5
18;18;61.47;0.109375;0.359375;0.734375;0.1953125;0.125;0.78125;0.84375;0.2109375;0.828125;0.890625;0.21875;0.75;0.8671875;0.21484375;0.345703125;0.859375;0.9140625;0.224609375;0.8671875;0.921875;0.224609375;0.8828125;0.9296875;0.2265625;0.796875;0.9140625;0.224609375;0.3701171875;0.88671875;0.93359375;0.2294921875;0.8984375;0.94140625;0.2314453125;0.90234375;0.94140625;0.23046875;0.90625;0.9453125;0.2314453125;0.9140625;0.9453125;0.2314453125;0.828125;0.853515625;0.21044921875;0.31298828125;0.82421875;0.869140625;0.21337890625;0.833984375;0.875;0.21533203125;0.6;0.125;0.359375;0.71875;0.19140625;0.12109375;0.765625;0.828125;0.20703125;0.828125;0.875;0.21484375;0.75;0.859375;0.212890625;0.345703125;0.8515625;0.90625;0.22265625;0.859375;0.9140625;0.22265625;0.875;0.9296875;0.2265625;0.79296875;0.9140625;0.22265625;0.3720703125;0.87890625;0.93359375;0.2275390625;0.890625;0.9375;0.2294921875;0.8984375;0.94140625;0.2294921875;0.90234375;0.9453125;0.23046875;0.91015625;0.9453125;0.23046875;0.822265625;0.869140625;0.21435546875;0.3291015625;0.83984375;0.884765625;0.21728515625;0.84765625;0.890625;0.21923828125;0.5
19;19;62.31;0.109375;0.34375;0.734375;0.1953125;0.1171875;0.765625;0.84375;0.2109375;0.828125;0.875;0.21484375;0.75;0.859375;0.212890625;0.34375;0.8515625;0.90625;0.22265625;0.8671875;0.921875;0.224609375;0.875;0.9296875;0.2265625;0.796875;0.91015625;0.2236328125;0.3681640625;0.8828125;0.93359375;0.228515625;0.89453125;0.94140625;0.23046875;0.90234375;0.94140625;0.23046875;0.90625;0.9453125;0.2314453125;0.9140625;0.9453125;0.2314453125;0.828125;0.85546875;0.2109375;0.31396484375;0.826171875;0.87109375;0.21435546875;0.8359375;0.875;0.2158203125;0.6;0.125;0.359375;0.734375;0.19140625;0.12109375;0.78125;0.828125;0.20703125;0.828125;0.875;0.21484375;0.75;0.859375;0.2109375;0.345703125;0.84375;0.8984375;0.220703125;0.859375;0.9140625;0.22265625;0.875;0.921875;0.224609375;0.7890625;0.91015625;0.2216796875;0.369140625;0.875;0.9296875;0.2265625;0.88671875;0.9375;0.228515625;0.89453125;0.9375;0.2294921875;0.90234375;0.94140625;0.2294921875;0.90625;0.94140625;0.23046875;0.8203125;0.8671875;0.2138671875;0.32763671875;0.8359375;0.8828125;0.21728515625;0.84765625;0.888671875;0.21875;0.6
20;20;63.51;0.125;0.359375;0.75;0.1953125;0.125;0.78125;0.84375;0.2109375;0.828125;0.890625;0.21875;0.7578125;0.8671875;0.212890625;0.345703125;0.8515625;0.90625;0.224609375;0.8671875;0.921875;0.22265625;0.875;0.921875;0.2265625;0.79296875;0.91015625;0.2236328125;0.3681640625;0.87890625;0.93359375;0.2275390625;0.89453125;0.9375;0.2294921875;0.8984375;0.94140625;0.2294921875;0.90625;0.9453125;0.23046875;0.91015625;0.9453125;0.23046875;0.82421875;0.849609375;0.20947265625;0.31005859375;0.8203125;0.8671875;0.21337890625;0.83203125;0.875;0.2158203125;0.6;0.125;0.359375;0.734375;0.19140625;0.125;0.78125;0.828125;0.20703125;0.828125;0.875;0.21484375;0.75;0.859375;0.2109375;0.345703125;0.84375;0.8984375;0.220703125;0.859375;0.9140625;0.220703125;0.875;0.921875;0.224609375;0.78515625;0.90625;0.220703125;0.3681640625;0.87109375;0.92578125;0.2265625;0.8828125;0.93359375;0.228515625;0.890625;0.9375;0.228515625;0.8984375;0.94140625;0.2294921875;0.90234375;0.94140625;0.2294921875;0.81640625;0.8671875;0.21337890625;0.326171875;0.833984375;0.880859375;0.216796875;0.845703125;0.888671875;0.21875;0.6
21;21;63.41;0.125;0.375;0.75;0.1953125;0.12890625;0.78125;0.84375;0.2109375;0.828125;0.875;0.21875;0.75;0.859375;0.212890625;0.345703125;0.8515625;0.8984375;0.22265625;0.859375;0.9140625;0.22265625;0.875;0.921875;0.224609375;0.7890625;0.90625;0.2216796875;0.365234375;0.875;0.9296875;0.2275390625;0.890625;0.9375;0.2294921875;0.8984375;0.9375;0.228515625;0.90234375;0.94140625;0.2294921875;0.90625;0.94140625;0.2294921875;0.818359375;0.845703125;0.20849609375;0.30712890625;0.81640625;0.86328125;0.2119140625;0.826171875;0.869140625;0.21435546875;0.6;0.125;0.359375;0.734375;0.19140625;0.125;0.78125;0.8125;0.20703125;0.828125;0.875;0.21484375;0.7421875;0.859375;0.2109375;0.345703125;0.84375;0.8984375;0.21875;0.8515625;0.9140625;0.220703125;0.8671875;0.921875;0.224609375;0.78515625;0.90625;0.220703125;0.3671875;0.87109375;0.92578125;0.2265625;0.8828125;0.93359375;0.228515625;0.89453125;0.9375;0.228515625;0.8984375;0.94140625;0.2294921875;0.90625;0.94140625;0.2294921875;0.81640625;0.8671875;0.21337890625;0.32666015625;0.8359375;0.8828125;0.216796875;0.845703125;0.888671875;0.21875;0.6
22;22;64.81;0.109375;0.359375;0.734375;0.1953125;0.12109375;0.78125;0.84375;0.2109375;0.828125;0.890625;0.21875;0.7578125;0.8671875;0.21484375;0.345703125;0.8515625;0.90625;0.22265625;0.8671875;0.921875;0.224609375;0.8828125;0.9296875;0.2265625;0.796875;0.91015625;0.2236328125;0.3701171875;0.87890625;0.93359375;0.228515625;0.89453125;0.94140625;0.23046875;0.8984375;0.94140625;0.2294921875;0.90625;0.9453125;0.23046875;0.91015625;0.9453125;0.23046875;0.82421875;0.853515625;0.21044921875;0.3125;0.822265625;0.869140625;0.2138671875;0.833984375;0.875;0.2158203125;0.6;0.125;0.359375;0.71875;0.19140625;0.125;0.78125;0.828125;0.20703125;0.828125;0.875;0.21484375;0.7421875;0.8515625;0.2109375;0.345703125;0.84375;0.890625;0.21875;0.8515625;0.90625;0.220703125;0.875;0.921875;0.224609375;0.78515625;0.90625;0.220703125;0.3671875;0.87109375;0.92578125;0.2265625;0.8828125;0.93359375;0.228515625;0.890625;0.9375;0.2294921875;0.8984375;0.94140625;0.2294921875;0.90625;0.94140625;0.2294921875;0.818359375;0.8671875;0.2138671875;0.3271484375;0.8359375;0.884765625;0.2177734375;0.849609375;0.890625;0.2197265625;0.6
23;23;64.96;0.125;0.359375;0.75;0.1953125;0.125;0.78125;0.84375;0.2109375;0.828125;0.875;0.21484375;0.75;0.859375;0.2109375;0.34375;0.84375;0.8984375;0.22265625;0.859375;0.9140625;0.22265625;0.875;0.921875;0.2265625;0.7890625;0.90234375;0.2216796875;0.3662109375;0.875;0.9296875;0.2275390625;0.890625;0.9375;0.2294921875;0.8984375;0.9375;0.2294921875;0.90234375;0.94140625;0.23046875;0.91015625;0.94140625;0.23046875;0.822265625;0.849609375;0.2099609375;0.31103515625;0.82421875;0.869140625;0.2138671875;0.833984375;0.876953125;0.21630859375;0.6;0.125;0.359375;0.734375;0.19140625;0.125;0.78125;0.828125;0.20703125;0.828125;0.875;0.21484375;0.75;0.859375;0.2109375;0.34765625;0.84375;0.8984375;0.220703125;0.859375;0.9140625;0.22265625;0.875;0.921875;0.224609375;0.78515625;0.90234375;0.220703125;0.369140625;0.87109375;0.92578125;0.2255859375;0.8828125;0.93359375;0.228515625;0.890625;0.9375;0.228515625;0.8984375;0.94140625;0.2294921875;0.90234375;0.9375;0.2294921875;0.81640625;0.865234375;0.21337890625;0.32568359375;0.833984375;0.8828125;0.216796875;0.845703125;0.888671875;0.21875;0.6
24;24;66.29;0.109375;0.359375;0.734375;0.1953125;0.125;0.78125;0.828125;0.2109375;0.828125;0.875;0.21484375;0.75;0.8515625;0.2109375;0.341796875;0.84375;0.8984375;0.220703125;0.859375;0.9140625;0.22265625;0.875;0.921875;0.224609375;0.78515625;0.90234375;0.2216796875;0.3642578125;0.87109375;0.92578125;0.2265625;0.88671875;0.93359375;0.2294921875;0.89453125;0.9375;0.2294921875;0.90234375;0.94140625;0.23046875;0.90625;0.94140625;0.2294921875;0.8203125;0.845703125;0.208984375;0.3076171875;0.81640625;0.865234375;0.212890625;0.828125;0.87109375;0.21533203125;0.6;0.125;0.359375;0.734375;0.19140625;0.125;0.78125;0.828125;0.20703125;0.828125;0.875;0.21484375;0.75;0.8515625;0.208984375;0.34765625;0.84375;0.890625;0.21875;0.8515625;0.90625;0.220703125;0.8671875;0.921875;0.224609375;0.78125;0.8984375;0.2197265625;0.3671875;0.8671875;0.921875;0.2255859375;0.8828125;0.93359375;0.2275390625;0.890625;0.93359375;0.228515625;0.89453125;0.9375;0.2294921875;0.90234375;0.9375;0.228515625;0.814453125;0.86328125;0.212890625;0.32470703125;0.83203125;0.880859375;0.216796875;0.845703125;0.888671875;0.21875;0.6
25;25;66.05;0.125;0.375;0.75;0.19921875;0.12890625;0.78125;0.84375;0.21484375;0.828125;0.890625;0.21875;0.7578125;0.8671875;0.212890625;0.349609375;0.8515625;0.90625;0.22265625;0.8671875;0.9140625;0.224609375;0.875;0.921875;0.2265625;0.79296875;0.90625;0.2216796875;0.369140625;0.875;0.9296875;0.2275390625;0.890625;0.9375;0.2294921875;0.89453125;0.9375;0.228515625;0.90234375;0.94140625;0.23046875;0.90625;0.94140625;0.2294921875;0.8203125;0.845703125;0.208984375;0.31005859375;0.8203125;0.8671875;0.21337890625;0.830078125;0.873046875;0.21484375;0.6;0.125;0.359375;0.734375;0.19140625;0.125;0.78125;0.828125;0.20703125;0.828125;0.875;0.21875;0.75;0.859375;0.2109375;0.34765625;0.84375;0.8984375;0.220703125;0.859375;0.9140625;0.22265625;0.875;0.921875;0.224609375;0.7890625;0.90234375;0.2197265625;0.37109375;0.87109375;0.92578125;0.2255859375;0.8828125;0.93359375;0.228515625;0.890625;0.93359375;0.228515625;0.8984375;0.94140625;0.2294921875;0.90234375;0.94140625;0.2294921875;0.81640625;0.865234375;0.21337890625;0.32666015625;0.8359375;0.880859375;0.216796875;0.845703125;0.88671875;0.21875;0.6
26;26;66.96;0.109375;0.359375;0.75;0.1953125;0.12109375;0.78125;0.828125;0.2109375;0.828125;0.875;0.21484375;0.7421875;0.8515625;0.2109375;0.341796875;0.84375;0.8984375;0.220703125;0.859375;0.9140625;0.22265625;0.875;0.921875;0.2265625;0.78515625;0.8984375;0.220703125;0.3642578125;0.87109375;0.92578125;0.2265625;0.88671875;0.9375;0.2294921875;0.89453125;0.9375;0.2294921875;0.90234375;0.94140625;0.23046875;0.90625;0.94140625;0.23046875;0.822265625;0.8515625;0.2099609375;0.31103515625;0.822265625;0.8671875;0.21337890625;0.833984375;0.875;0.2158203125;0.6;0.125;0.375;0.734375;0.1953125;0.125;0.78125;0.828125;0.20703125;0.828125;0.875;0.21484375;0.75;0.8515625;0.2109375;0.34765625;0.84375;0.8984375;0.21875;0.859375;0.90625;0.220703125;0.875;0.921875;0.224609375;0.78515625;0.8984375;0.2197265625;0.3681640625;0.8671875;0.921875;0.2255859375;0.8828125;0.93359375;0.228515625;0.890625;0.93359375;0.228515625;0.89453125;0.9375;0.2294921875;0.90234375;0.9375;0.2294921875;0.81640625;0.865234375;0.21337890625;0.326171875;0.833984375;0.880859375;0.216796875;0.845703125;0.888671875;0.21875;0.6
27;27;66.76;0.109375;0.359375;0.75;0.1953125;0.125;0.78125;0.84375;0.2109375;0.828125;0.875;0.21484375;0.75;0.859375;0.2109375;0.345703125;0.84375;0.8984375;0.220703125;0.859375;0.9140625;0.22265625;0.875;0.921875;0.224609375;0.78515625;0.8984375;0.220703125;0.3642578125;0.87109375;0.92578125;0.2265625;0.88671875;0.93359375;0.2294921875;0.89453125;0.9375;0.228515625;0.90234375;0.94140625;0.23046875;0.90625;0.94140625;0.23046875;0.8203125;0.845703125;0.208984375;0.30908203125;0.81640625;0.86328125;0.212890625;0.828125;0.869140625;0.21484375;0.6;0.125;0.375;0.734375;0.1953125;0.125;0.78125;0.828125;0.20703125;0.828125;0.875;0.21484375;0.75;0.8515625;0.208984375;0.34765625;0.84375;0.890625;0.21875;0.8515625;0.90625;0.220703125;0.8671875;0.921875;0.224609375;0.77734375;0.89453125;0.21875;0.365234375;0.859375;0.91796875;0.224609375;0.87890625;0.9296875;0.2275390625;0.88671875;0.93359375;0.2275390625;0.89453125;0.9375;0.228515625;0.8984375;0.9375;0.228515625;0.810546875;0.859375;0.21240234375;0.3232421875;0.830078125;0.876953125;0.2158203125;0.84375;0.88671875;0.21826171875;0.6
28;28;67.63;0.109375;0.34375;0.75;0.1953125;0.12109375;0.78125;0.84375;0.2109375;0.828125;0.875;0.21875;0.75;0.859375;0.212890625;0.34375;0.84375;0.8984375;0.22265625;0.859375;0.9140625;0.22265625;0.875;0.921875;0.2265625;0.7890625;0.90234375;0.220703125;0.365234375;0.87109375;0.92578125;0.2265625;0.88671875;0.9375;0.2294921875;0.89453125;0.9375;0.228515625;0.90234375;0.94140625;0.23046875;0.90625;0.94140625;0.23046875;0.8203125;0.84765625;0.20947265625;0.310546875;0.8203125;0.865234375;0.212890625;0.830078125;0.873046875;0.21533203125;0.6;0.125;0.375;0.734375;0.1953125;0.125;0.78125;0.828125;0.20703125;0.828125;0.875;0.21484375;0.75;0.8515625;0.2109375;0.34765625;0.84375;0.890625;0.21875;0.8515625;0.90625;0.220703125;0.8671875;0.921875;0.224609375;0.78125;0.8984375;0.21875;0.3671875;0.86328125;0.921875;0.224609375;0.8828125;0.93359375;0.228515625;0.890625;0.93359375;0.228515625;0.8984375;0.94140625;0.2294921875;0.90234375;0.94140625;0.2294921875;0.81640625;0.865234375;0.21337890625;0.32763671875;0.8359375;0.880859375;0.216796875;0.84765625;0.888671875;0.21875;0.6
29;29;67.44;0.109375;0.359375;0.75;0.1953125;0.125;0.78125;0.84375;0.2109375;0.828125;0.875;0.21875;0.75;0.8515625;0.2109375;0.341796875;0.84375;0.8984375;0.220703125;0.859375;0.90625;0.220703125;0.8671875;0.9140625;0.224609375;0.78125;0.89453125;0.2197265625;0.3623046875;0.86328125;0.91796875;0.2255859375;0.8828125;0.93359375;0.228515625;0.890625;0.93359375;0.228515625;0.8984375;0.94140625;0.2294921875;0.90625;0.94140625;0.2294921875;0.81640625;0.845703125;0.208984375;0.30859375;0.818359375;0.86328125;0.212890625;0.830078125;0.87109375;0.21533203125;0.6;0.125;0.375;0.734375;0.1953125;0.125;0.78125;0.828125;0.20703125;0.828125;0.875;0.21484375;0.75;0.8515625;0.208984375;0.34765625;0.84375;0.890625;0.21875;0.8515625;0.90625;0.220703125;0.8671875;0.921875;0.224609375;0.77734375;0.89453125;0.2177734375;0.3662109375;0.859375;0.91796875;0.2236328125;0.87890625;0.9296875;0.2275390625;0.88671875;0.93359375;0.2275390625;0.89453125;0.9375;0.228515625;0.8984375;0.9375;0.228515625;0.8125;0.861328125;0.212890625;0.32421875;0.83203125;0.87890625;0.21630859375;0.84375;0.88671875;0.21875;0.6
30;30;68.68;0.125;0.375;0.765625;0.19921875;0.12890625;0.78125;0.84375;0.2109375;0.828125;0.875;0.21875;0.7578125;0.859375;0.212890625;0.34765625;0.84375;0.8984375;0.220703125;0.859375;0.9140625;0.22265625;0.875;0.921875;0.224609375;0.78515625;0.8984375;0.2197265625;0.365234375;0.8671875;0.921875;0.2255859375;0.88671875;0.93359375;0.228515625;0.89453125;0.93359375;0.228515625;0.8984375;0.94140625;0.23046875;0.90625;0.94140625;0.23046875;0.818359375;0.845703125;0.208984375;0.3095703125;0.81640625;0.86328125;0.212890625;0.83203125;0.87109375;0.21533203125;0.6;0.125;0.375;0.75;0.1953125;0.125;0.78125;0.828125;0.20703125;0.828125;0.875;0.21484375;0.75;0.84375;0.208984375;0.34765625;0.8359375;0.8828125;0.216796875;0.84375;0.8984375;0.21875;0.859375;0.9140625;0.22265625;0.765625;0.88671875;0.216796875;0.3603515625;0.8515625;0.9140625;0.2236328125;0.87109375;0.92578125;0.2265625;0.8828125;0.9296875;0.2265625;0.88671875;0.93359375;0.2275390625;0.89453125;0.93359375;0.2275390625;0.806640625;0.857421875;0.2119140625;0.3203125;0.828125;0.876953125;0.2158203125;0.841796875;0.884765625;0.21826171875;0.6
31;31;69.31;0.109375;0.34375;0.75;0.1953125;0.12109375;0.78125;0.84375;0.2109375;0.828125;0.875;0.21484375;0.75;0.8515625;0.2109375;0.341796875;0.8359375;0.8984375;0.220703125;0.8515625;0.90625;0.220703125;0.8671875;0.9140625;0.224609375;0.77734375;0.89453125;0.21875;0.361328125;0.86328125;0.921875;0.2255859375;0.8828125;0.93359375;0.228515625;0.890625;0.93359375;0.228515625;0.89453125;0.9375;0.2294921875;0.90234375;0.9375;0.2294921875;0.814453125;0.841796875;0.2080078125;0.306640625;0.8125;0.861328125;0.21240234375;0.826171875;0.869140625;0.21435546875;0.6;0.125;0.375;0.75;0.1953125;0.125;0.78125;0.828125;0.20703125;0.828125;0.875;0.21484375;0.75;0.8515625;0.208984375;0.349609375;0.8359375;0.8828125;0.216796875;0.8515625;0.90625;0.220703125;0.8671875;0.9140625;0.224609375;0.7734375;0.890625;0.2177734375;0.36328125;0.859375;0.9140625;0.2236328125;0.875;0.92578125;0.2265625;0.8828125;0.9296875;0.2275390625;0.890625;0.9375;0.228515625;0.8984375;0.93359375;0.228515625;0.80859375;0.859375;0.2119140625;0.322265625;0.828125;0.876953125;0.2158203125;0.841796875;0.884765625;0.21826171875;0.6
32;32;69.36;0.109375;0.375;0.765625;0.19921875;0.125;0.78125;0.84375;0.2109375;0.828125;0.875;0.21875;0.7578125;0.859375;0.2109375;0.34765625;0.84375;0.8984375;0.220703125;0.859375;0.9140625;0.22265625;0.8671875;0.921875;0.224609375;0.78515625;0.8984375;0.2197265625;0.365234375;0.8671875;0.921875;0.2265625;0.88671875;0.93359375;0.2294921875;0.89453125;0.9375;0.228515625;0.8984375;0.94140625;0.23046875;0.90625;0.94140625;0.23046875;0.8203125;0.84765625;0.20947265625;0.3115234375;0.818359375;0.86328125;0.21240234375;0.830078125;0.869140625;0.21435546875;0.6;0.125;0.375;0.75;0.1953125;0.125;0.78125;0.828125;0.20703125;0.828125;0.875;0.21484375;0.75;0.8515625;0.208984375;0.34765625;0.8359375;0.8828125;0.21875;0.8515625;0.90625;0.220703125;0.8671875;0.9140625;0.224609375;0.7734375;0.890625;0.216796875;0.3642578125;0.85546875;0.9140625;0.2236328125;0.875;0.9296875;0.2275390625;0.88671875;0.93359375;0.2275390625;0.890625;0.9375;0.228515625;0.8984375;0.9375;0.228515625;0.8125;0.861328125;0.212890625;0.32421875;0.83203125;0.87890625;0.21630859375;0.845703125;0.884765625;0.21826171875;0.6
33;33;69.43;0.109375;0.359375;0.75;0.19921875;0.125;0.78125;0.84375;0.2109375;0.828125;0.875;0.21875;0.75;0.8515625;0.2109375;0.345703125;0.8359375;0.8984375;0.220703125;0.859375;0.9140625;0.22265625;0.8671875;0.921875;0.224609375;0.78125;0.89453125;0.2197265625;0.3623046875;0.86328125;0.91796875;0.2255859375;0.8828125;0.93359375;0.228515625;0.890625;0.93359375;0.228515625;0.8984375;0.9375;0.2294921875;0.90234375;0.9375;0.2294921875;0.81640625;0.841796875;0.20849609375;0.3076171875;0.814453125;0.861328125;0.21240234375;0.826171875;0.869140625;0.21435546875;0.6;0.125;0.375;0.75;0.1953125;0.12890625;0.78125;0.828125;0.2109375;0.828125;0.875;0.21875;0.75;0.8515625;0.208984375;0.3515625;0.8359375;0.890625;0.21875;0.8515625;0.90625;0.220703125;0.8671875;0.921875;0.224609375;0.77734375;0.890625;0.216796875;0.365234375;0.859375;0.9140625;0.2236328125;0.875;0.92578125;0.2265625;0.8828125;0.9296875;0.2265625;0.890625;0.9375;0.228515625;0.8984375;0.9375;0.228515625;0.810546875;0.859375;0.21240234375;0.3232421875;0.830078125;0.87890625;0.21630859375;0.84375;0.884765625;0.21875;0.6
34;34;69.86;0.109375;0.359375;0.75;0.19921875;0.125;0.78125;0.84375;0.2109375;0.828125;0.875;0.21875;0.75;0.8515625;0.2109375;0.345703125;0.84375;0.8984375;0.220703125;0.859375;0.9140625;0.22265625;0.8671875;0.921875;0.224609375;0.78125;0.89453125;0.2197265625;0.36328125;0.86328125;0.921875;0.2255859375;0.8828125;0.93359375;0.228515625;0.890625;0.93359375;0.228515625;0.8984375;0.94140625;0.2294921875;0.90625;0.94140625;0.23046875;0.818359375;0.845703125;0.20947265625;0.3095703125;0.818359375;0.86328125;0.212890625;0.830078125;0.873046875;0.21533203125;0.6;0.125;0.375;0.75;0.1953125;0.125;0.78125;0.828125;0.20703125;0.828125;0.875;0.21484375;0.75;0.84375;0.208984375;0.34765625;0.8359375;0.8828125;0.216796875;0.84375;0.8984375;0.21875;0.859375;0.9140625;0.22265625;0.76953125;0.88671875;0.2158203125;0.3603515625;0.8515625;0.91015625;0.22265625;0.87109375;0.92578125;0.2265625;0.8828125;0.9296875;0.2265625;0.890625;0.93359375;0.2275390625;0.89453125;0.93359375;0.2275390625;0.806640625;0.85546875;0.21142578125;0.32080078125;0.826171875;0.875;0.21533203125;0.83984375;0.8828125;0.2177734375;0.6
35;35;70.64;0.125;0.375;0.765625;0.19921875;0.12890625;0.796875;0.84375;0.2109375;0.828125;0.875;0.21875;0.75;0.859375;0.2109375;0.34765625;0.84375;0.8984375;0.220703125;0.8515625;0.90625;0.220703125;0.8671875;0.9140625;0.224609375;0.77734375;0.890625;0.21875;0.3623046875;0.859375;0.91796875;0.2255859375;0.8828125;0.9296875;0.228515625;0.890625;0.93359375;0.228515625;0.89453125;0.9375;0.2294921875;0.90234375;0.9375;0.2294921875;0.81640625;0.84375;0.20849609375;0.3076171875;0.81640625;0.861328125;0.212890625;0.828125;0.869140625;0.21435546875;0.7;0.125;0.375;0.75;0.1953125;0.125;0.78125;0.828125;0.20703125;0.828125;0.875;0.21875;0.75;0.8515625;0.208984375;0.34765625;0.8359375;0.8828125;0.216796875;0.84375;0.8984375;0.21875;0.859375;0.9140625;0.22265625;0.76953125;0.88671875;0.2158203125;0.3623046875;0.8515625;0.91015625;0.2236328125;0.87109375;0.92578125;0.2265625;0.8828125;0.9296875;0.2275390625;0.890625;0.93359375;0.228515625;0.8984375;0.9375;0.228515625;0.80859375;0.859375;0.21240234375;0.322265625;0.830078125;0.876953125;0.2158203125;0.841796875;0.884765625;0.21826171875;0.6
36;36;71.0;0.125;0.375;0.765625;0.19921875;0.12890625;0.78125;0.84375;0.21484375;0.828125;0.875;0.21875;0.7578125;0.859375;0.2109375;0.34765625;0.84375;0.8984375;0.220703125;0.859375;0.90625;0.22265625;0.8671875;0.9140625;0.224609375;0.78125;0.890625;0.21875;0.3642578125;0.86328125;0.91796875;0.224609375;0.87890625;0.9296875;0.2275390625;0.890625;0.9296875;0.2275390625;0.89453125;0.9375;0.228515625;0.90234375;0.9375;0.2294921875;0.8125;0.837890625;0.20751953125;0.3056640625;0.810546875;0.859375;0.2119140625;0.82421875;0.865234375;0.2138671875;0.6;0.125;0.375;0.75;0.1953125;0.125;0.78125;0.828125;0.20703125;0.828125;0.875;0.21875;0.75;0.8515625;0.208984375;0.349609375;0.8359375;0.8828125;0.216796875;0.8515625;0.8984375;0.21875;0.8671875;0.9140625;0.22265625;0.7734375;0.88671875;0.216796875;0.3623046875;0.8515625;0.91015625;0.2236328125;0.87109375;0.92578125;0.2265625;0.8828125;0.9296875;0.2275390625;0.890625;0.93359375;0.228515625;0.8984375;0.9375;0.228515625;0.80859375;0.859375;0.2119140625;0.32275390625;0.830078125;0.876953125;0.2158203125;0.841796875;0.8828125;0.2177734375;0.6
37;37;71.06;0.125;0.375;0.75;0.19921875;0.125;0.78125;0.84375;0.2109375;0.828125;0.875;0.21875;0.7578125;0.8515625;0.2109375;0.345703125;0.84375;0.8984375;0.220703125;0.8515625;0.90625;0.220703125;0.8671875;0.9140625;0.224609375;0.77734375;0.88671875;0.2177734375;0.3603515625;0.859375;0.9140625;0.224609375;0.87890625;0.9296875;0.2275390625;0.88671875;0.9296875;0.2275390625;0.89453125;0.9375;0.2294921875;0.90234375;0.9375;0.2294921875;0.8125;0.837890625;0.20751953125;0.30517578125;0.810546875;0.859375;0.2119140625;0.82421875;0.8671875;0.21435546875;0.6;0.125;0.375;0.75;0.1953125;0.125;0.78125;0.828125;0.20703125;0.828125;0.875;0.21484375;0.75;0.8515625;0.208984375;0.34765625;0.8359375;0.8828125;0.216796875;0.84375;0.8984375;0.21875;0.859375;0.9140625;0.22265625;0.765625;0.8828125;0.21484375;0.359375;0.84765625;0.90625;0.2216796875;0.8671875;0.921875;0.2255859375;0.87890625;0.92578125;0.2255859375;0.8828125;0.93359375;0.2265625;0.890625;0.93359375;0.2275390625;0.802734375;0.8515625;0.21044921875;0.318359375;0.82421875;0.873046875;0.21533203125;0.837890625;0.880859375;0.21728515625;0.6
38;38;71.28;0.109375;0.359375;0.75;0.1953125;0.125;0.78125;0.84375;0.2109375;0.8125;0.875;0.21484375;0.7421875;0.84375;0.208984375;0.33984375;0.8359375;0.890625;0.21875;0.84375;0.8984375;0.21875;0.859375;0.90625;0.22265625;0.76953125;0.8828125;0.2158203125;0.3544921875;0.84765625;0.91015625;0.2236328125;0.87109375;0.92578125;0.2265625;0.8828125;0.92578125;0.2265625;0.890625;0.93359375;0.228515625;0.89453125;0.93359375;0.228515625;0.806640625;0.830078125;0.2060546875;0.2998046875;0.8046875;0.853515625;0.2109375;0.818359375;0.865234375;0.2138671875;0.6;0.125;0.375;0.75;0.1953125;0.12890625;0.78125;0.828125;0.20703125;0.8125;0.875;0.21484375;0.7421875;0.84375;0.208984375;0.345703125;0.828125;0.875;0.216796875;0.8359375;0.890625;0.216796875;0.859375;0.90625;0.22265625;0.76171875;0.87890625;0.21484375;0.357421875;0.84375;0.90625;0.2216796875;0.86328125;0.91796875;0.2255859375;0.87890625;0.92578125;0.2255859375;0.8828125;0.9296875;0.2275390625;0.890625;0.9296875;0.2265625;0.80078125;0.8515625;0.21044921875;0.31787109375;0.82421875;0.873046875;0.21533203125;0.837890625;0.880859375;0.21728515625;0.6
39;39;71.59;0.125;0.375;0.75;0.1953125;0.125;0.78125;0.828125;0.2109375;0.828125;0.875;0.21484375;0.75;0.8515625;0.2109375;0.341796875;0.8359375;0.890625;0.220703125;0.8515625;0.90625;0.220703125;0.8671875;0.9140625;0.224609375;0.7734375;0.88671875;0.216796875;0.359375;0.85546875;0.9140625;0.224609375;0.875;0.92578125;0.2275390625;0.88671875;0.9296875;0.2275390625;0.89453125;0.9375;0.2294921875;0.8984375;0.9375;0.2294921875;0.8125;0.837890625;0.20751953125;0.3046875;0.810546875;0.859375;0.2119140625;0.826171875;0.869140625;0.21484375;0.6;0.125;0.375;0.75;0.1953125;0.12890625;0.78125;0.828125;0.20703125;0.8125;0.875;0.21484375;0.7421875;0.84375;0.20703125;0.34375;0.828125;0.875;0.216796875;0.84375;0.8984375;0.216796875;0.859375;0.9140625;0.22265625;0.765625;0.87890625;0.21484375;0.3583984375;0.84375;0.90625;0.2216796875;0.8671875;0.921875;0.2255859375;0.87890625;0.92578125;0.2265625;0.88671875;0.93359375;0.2275390625;0.89453125;0.93359375;0.2275390625;0.802734375;0.853515625;0.2109375;0.31884765625;0.82421875;0.87109375;0.21484375;0.837890625;0.87890625;0.21728515625;0.6
40;40;72.04;0.109375;0.375;0.75;0.19921875;0.12890625;0.78125;0.84375;0.2109375;0.828125;0.875;0.21484375;0.75;0.8515625;0.2109375;0.345703125;0.84375;0.8984375;0.220703125;0.859375;0.90625;0.220703125;0.8671875;0.9140625;0.224609375;0.77734375;0.890625;0.2177734375;0.3623046875;0.859375;0.9140625;0.224609375;0.87890625;0.9296875;0.2275390625;0.88671875;0.93359375;0.2275390625;0.89453125;0.9375;0.2294921875;0.90234375;0.9375;0.2294921875;0.814453125;0.837890625;0.20751953125;0.306640625;0.8125;0.859375;0.2119140625;0.826171875;0.865234375;0.2138671875;0.6;0.125;0.375;0.75;0.1953125;0.12890625;0.78125;0.828125;0.20703125;0.828125;0.875;0.21484375;0.75;0.8515625;0.208984375;0.349609375;0.8359375;0.8828125;0.216796875;0.84375;0.8984375;0.21875;0.859375;0.9140625;0.22265625;0.7734375;0.8828125;0.2158203125;0.3623046875;0.84765625;0.90625;0.22265625;0.8671875;0.921875;0.2255859375;0.87890625;0.92578125;0.2265625;0.88671875;0.93359375;0.2275390625;0.89453125;0.93359375;0.2275390625;0.8046875;0.853515625;0.2109375;0.3203125;0.826171875;0.873046875;0.21533203125;0.83984375;0.880859375;0.21728515625;0.7
41;41;72.3;0.125;0.375;0.765625;0.19921875;0.12890625;0.78125;0.84375;0.2109375;0.828125;0.875;0.21484375;0.75;0.8515625;0.2109375;0.345703125;0.84375;0.8984375;0.220703125;0.859375;0.90625;0.22265625;0.8671875;0.9140625;0.224609375;0.78125;0.890625;0.21875;0.3623046875;0.859375;0.91796875;0.224609375;0.87890625;0.9296875;0.228515625;0.890625;0.93359375;0.228515625;0.89453125;0.9375;0.2294921875;0.90234375;0.9375;0.2294921875;0.814453125;0.83984375;0.20849609375;0.3076171875;0.8125;0.859375;0.21240234375;0.826171875;0.869140625;0.21435546875;0.7;0.125;0.375;0.75;0.1953125;0.12890625;0.78125;0.828125;0.20703125;0.828125;0.875;0.21484375;0.75;0.84375;0.20703125;0.345703125;0.828125;0.875;0.216796875;0.84375;0.8984375;0.216796875;0.859375;0.90625;0.22265625;0.765625;0.87890625;0.21484375;0.3583984375;0.84375;0.90625;0.2216796875;0.86328125;0.921875;0.2255859375;0.87890625;0.92578125;0.2265625;0.8828125;0.93359375;0.2275390625;0.890625;0.9296875;0.2275390625;0.802734375;0.8515625;0.2109375;0.31884765625;0.82421875;0.87109375;0.21484375;0.837890625;0.880859375;0.216796875;0.6
42;42;71.52;0.125;0.375;0.75;0.1953125;0.12890625;0.78125;0.84375;0.2109375;0.8125;0.875;0.21484375;0.75;0.84375;0.208984375;0.34375;0.8359375;0.890625;0.21875;0.8515625;0.90625;0.220703125;0.859375;0.90625;0.22265625;0.76953125;0.8828125;0.216796875;0.357421875;0.8515625;0.91015625;0.2236328125;0.875;0.92578125;0.2265625;0.8828125;0.9296875;0.2275390625;0.890625;0.93359375;0.228515625;0.8984375;0.9375;0.228515625;0.80859375;0.8359375;0.20703125;0.3037109375;0.80859375;0.857421875;0.21142578125;0.822265625;0.86328125;0.21337890625;0.7;0.125;0.375;0.734375;0.1953125;0.12890625;0.78125;0.828125;0.20703125;0.828125;0.875;0.21484375;0.75;0.84375;0.20703125;0.345703125;0.828125;0.875;0.216796875;0.84375;0.8984375;0.21875;0.859375;0.9140625;0.22265625;0.765625;0.87890625;0.21484375;0.359375;0.84375;0.90625;0.2216796875;0.8671875;0.921875;0.2255859375;0.87890625;0.92578125;0.2265625;0.88671875;0.93359375;0.2275390625;0.89453125;0.93359375;0.2275390625;0.8046875;0.85546875;0.21142578125;0.3203125;0.826171875;0.873046875;0.21533203125;0.83984375;0.880859375;0.21728515625;0.7
43;43;72.54;0.109375;0.375;0.75;0.1953125;0.12890625;0.78125;0.84375;0.2109375;0.828125;0.875;0.21484375;0.75;0.8515625;0.2109375;0.34375;0.8359375;0.890625;0.21875;0.8515625;0.8984375;0.21875;0.859375;0.90625;0.22265625;0.76953125;0.8828125;0.216796875;0.3583984375;0.8515625;0.91015625;0.2236328125;0.875;0.92578125;0.2265625;0.88671875;0.9296875;0.2265625;0.890625;0.93359375;0.228515625;0.8984375;0.93359375;0.228515625;0.80859375;0.8359375;0.20703125;0.302734375;0.80859375;0.857421875;0.21142578125;0.822265625;0.865234375;0.2138671875;0.6;0.125;0.375;0.75;0.1953125;0.12890625;0.78125;0.828125;0.20703125;0.828125;0.875;0.21484375;0.75;0.84375;0.20703125;0.34765625;0.828125;0.8828125;0.21484375;0.84375;0.8984375;0.216796875;0.859375;0.90625;0.22265625;0.765625;0.87890625;0.21484375;0.3583984375;0.84375;0.90234375;0.2216796875;0.86328125;0.91796875;0.224609375;0.87890625;0.92578125;0.2255859375;0.8828125;0.9296875;0.2265625;0.890625;0.9296875;0.2265625;0.802734375;0.8515625;0.21044921875;0.318359375;0.82421875;0.87109375;0.21484375;0.837890625;0.87890625;0.216796875;0.7
44;44;72.79;0.125;0.375;0.765625;0.19921875;0.12890625;0.78125;0.84375;0.2109375;0.828125;0.875;0.21484375;0.75;0.8515625;0.208984375;0.345703125;0.8359375;0.890625;0.21875;0.8515625;0.90625;0.220703125;0.859375;0.90625;0.22265625;0.7734375;0.8828125;0.216796875;0.359375;0.8515625;0.9140625;0.224609375;0.875;0.92578125;0.2275390625;0.88671875;0.9296875;0.2275390625;0.890625;0.9375;0.228515625;0.8984375;0.93359375;0.228515625;0.810546875;0.8359375;0.20703125;0.30419921875;0.80859375;0.857421875;0.21142578125;0.822265625;0.865234375;0.21337890625;0.7;0.125;0.375;0.75;0.1953125;0.12890625;0.78125;0.828125;0.20703125;0.828125;0.875;0.21484375;0.75;0.84375;0.208984375;0.34765625;0.828125;0.8828125;0.216796875;0.84375;0.8984375;0.21875;0.859375;0.9140625;0.22265625;0.76953125;0.8828125;0.21484375;0.3603515625;0.84375;0.90625;0.2216796875;0.8671875;0.921875;0.2255859375;0.87890625;0.9296875;0.2265625;0.88671875;0.93359375;0.2275390625;0.89453125;0.93359375;0.2275390625;0.8046875;0.85546875;0.21142578125;0.3203125;0.826171875;0.875;0.21533203125;0.83984375;0.880859375;0.21728515625;0.7
45;45;73.44;0.125;0.375;0.75;0.19921875;0.12890625;0.78125;0.84375;0.2109375;0.828125;0.875;0.21484375;0.75;0.8515625;0.208984375;0.341796875;0.8359375;0.890625;0.21875;0.8515625;0.90625;0.220703125;0.859375;0.90625;0.22265625;0.76953125;0.8828125;0.216796875;0.357421875;0.8515625;0.91015625;0.2236328125;0.875;0.92578125;0.2275390625;0.88671875;0.9296875;0.2275390625;0.89453125;0.9375;0.2294921875;0.8984375;0.9375;0.2294921875;0.8125;0.837890625;0.2080078125;0.30517578125;0.8125;0.859375;0.2119140625;0.826171875;0.8671875;0.21435546875;0.7;0.125;0.375;0.75;0.1953125;0.12890625;0.78125;0.828125;0.20703125;0.828125;0.875;0.21484375;0.7421875;0.84375;0.20703125;0.34765625;0.828125;0.875;0.21484375;0.84375;0.8984375;0.216796875;0.859375;0.90625;0.22265625;0.765625;0.87890625;0.21484375;0.3583984375;0.84375;0.90625;0.2216796875;0.8671875;0.921875;0.2255859375;0.87890625;0.92578125;0.2265625;0.88671875;0.93359375;0.2275390625;0.89453125;0.93359375;0.2275390625;0.8046875;0.85546875;0.21142578125;0.31982421875;0.826171875;0.873046875;0.21533203125;0.837890625;0.880859375;0.21728515625;0.7
46;46;73.5;0.109375;0.359375;0.75;0.1953125;0.125;0.78125;0.84375;0.2109375;0.828125;0.875;0.21484375;0.75;0.8515625;0.2109375;0.341796875;0.8359375;0.890625;0.220703125;0.8515625;0.90625;0.220703125;0.859375;0.9140625;0.224609375;0.7734375;0.8828125;0.216796875;0.357421875;0.8515625;0.9140625;0.224609375;0.875;0.92578125;0.2275390625;0.88671875;0.9296875;0.2275390625;0.890625;0.9375;0.228515625;0.8984375;0.9375;0.2294921875;0.810546875;0.837890625;0.2080078125;0.3046875;0.810546875;0.861328125;0.21240234375;0.826171875;0.8671875;0.21435546875;0.7;0.125;0.375;0.75;0.1953125;0.12890625;0.78125;0.828125;0.20703125;0.828125;0.875;0.21484375;0.75;0.84375;0.20703125;0.345703125;0.828125;0.875;0.21484375;0.84375;0.890625;0.216796875;0.859375;0.90625;0.22265625;0.76171875;0.87890625;0.21484375;0.3583984375;0.84375;0.90625;0.2216796875;0.86328125;0.91796875;0.224609375;0.87890625;0.92578125;0.2265625;0.8828125;0.9296875;0.2265625;0.890625;0.93359375;0.2275390625;0.802734375;0.8515625;0.21044921875;0.31884765625;0.822265625;0.87109375;0.21484375;0.8359375;0.87890625;0.216796875;0.7
47;47;73.48;0.109375;0.375;0.75;0.19921875;0.125;0.78125;0.828125;0.2109375;0.828125;0.875;0.21484375;0.7421875;0.84375;0.208984375;0.33984375;0.8359375;0.890625;0.21875;0.8515625;0.8984375;0.21875;0.859375;0.90625;0.22265625;0.76953125;0.8828125;0.216796875;0.3564453125;0.8515625;0.91015625;0.2236328125;0.875;0.92578125;0.2275390625;0.88671875;0.9296875;0.228515625;0.89453125;0.9375;0.2294921875;0.8984375;0.9375;0.2294921875;0.8125;0.841796875;0.208984375;0.306640625;0.814453125;0.861328125;0.21240234375;0.826171875;0.869140625;0.21435546875;0.7;0.125;0.375;0.75;0.1953125;0.12890625;0.78125;0.828125;0.20703125;0.828125;0.875;0.21484375;0.75;0.84375;0.208984375;0.34765625;0.828125;0.875;0.21484375;0.84375;0.8984375;0.216796875;0.859375;0.9140625;0.22265625;0.765625;0.87890625;0.21484375;0.359375;0.84375;0.90625;0.2216796875;0.8671875;0.921875;0.2255859375;0.87890625;0.92578125;0.2265625;0.88671875;0.93359375;0.2275390625;0.89453125;0.93359375;0.2275390625;0.8046875;0.853515625;0.2109375;0.31982421875;0.82421875;0.873046875;0.21533203125;0.837890625;0.880859375;0.216796875;0.7
48;48;73.43;0.125;0.375;0.75;0.1953125;0.12890625;0.78125;0.828125;0.2109375;0.8125;0.875;0.21484375;0.75;0.84375;0.2109375;0.341796875;0.8359375;0.890625;0.21875;0.8515625;0.8984375;0.21875;0.859375;0.90625;0.22265625;0.76953125;0.87890625;0.2158203125;0.357421875;0.8515625;0.91015625;0.22265625;0.87109375;0.921875;0.2265625;0.8828125;0.92578125;0.2265625;0.88671875;0.93359375;0.228515625;0.89453125;0.93359375;0.228515625;0.8046875;0.830078125;0.20556640625;0.30078125;0.802734375;0.853515625;0.21044921875;0.818359375;0.861328125;0.212890625;0.7;0.125;0.375;0.75;0.1953125;0.12890625;0.78125;0.8125;0.20703125;0.828125;0.875;0.21484375;0.7421875;0.84375;0.20703125;0.345703125;0.828125;0.875;0.21484375;0.8359375;0.890625;0.216796875;0.859375;0.9140625;0.22265625;0.76171875;0.875;0.2138671875;0.357421875;0.83984375;0.90234375;0.2216796875;0.86328125;0.91796875;0.224609375;0.875;0.92578125;0.2255859375;0.8828125;0.9296875;0.2265625;0.890625;0.9296875;0.2275390625;0.80078125;0.853515625;0.2109375;0.318359375;0.822265625;0.873046875;0.21484375;0.837890625;0.87890625;0.216796875;0.7
49;49;74.08;0.109375;0.375;0.75;0.1953125;0.125;0.78125;0.828125;0.2109375;0.8125;0.875;0.21484375;0.75;0.8515625;0.2109375;0.341796875;0.8359375;0.890625;0.21875;0.8515625;0.8984375;0.21875;0.859375;0.9140625;0.224609375;0.76953125;0.8828125;0.216796875;0.357421875;0.8515625;0.91015625;0.2236328125;0.875;0.92578125;0.2275390625;0.8828125;0.9296875;0.2275390625;0.890625;0.93359375;0.228515625;0.8984375;0.9375;0.228515625;0.810546875;0.833984375;0.20703125;0.30322265625;0.806640625;0.857421875;0.21142578125;0.822265625;0.865234375;0.2138671875;0.7;0.125;0.375;0.75;0.1953125;0.12890625;0.78125;0.828125;0.20703125;0.828125;0.875;0.21484375;0.7421875;0.84375;0.208984375;0.345703125;0.828125;0.875;0.21484375;0.8359375;0.890625;0.216796875;0.859375;0.90625;0.22265625;0.76171875;0.875;0.2138671875;0.3564453125;0.83984375;0.90234375;0.220703125;0.86328125;0.91796875;0.224609375;0.875;0.92578125;0.2255859375;0.8828125;0.9296875;0.2265625;0.890625;0.9296875;0.2275390625;0.80078125;0.8515625;0.2109375;0.318359375;0.82421875;0.873046875;0.21484375;0.837890625;0.880859375;0.21728515625;0.7
50;50;74.0;0.125;0.375;0.765625;0.19921875;0.12890625;0.78125;0.84375;0.2109375;0.828125;0.875;0.21484375;0.75;0.8515625;0.2109375;0.34375;0.8359375;0.890625;0.220703125;0.8515625;0.8984375;0.220703125;0.859375;0.9140625;0.224609375;0.76953125;0.87890625;0.216796875;0.3583984375;0.8515625;0.91015625;0.2236328125;0.87109375;0.92578125;0.2275390625;0.8828125;0.9296875;0.2265625;0.890625;0.93359375;0.228515625;0.8984375;0.93359375;0.228515625;0.80859375;0.833984375;0.20703125;0.302734375;0.806640625;0.85546875;0.21142578125;0.822265625;0.86328125;0.21337890625;0.7;0.125;0.375;0.75;0.1953125;0.12890625;0.78125;0.828125;0.20703125;0.828125;0.875;0.21484375;0.75;0.84375;0.208984375;0.345703125;0.828125;0.8828125;0.216796875;0.84375;0.890625;0.216796875;0.859375;0.9140625;0.22265625;0.76171875;0.875;0.2138671875;0.3583984375;0.83984375;0.90234375;0.2216796875;0.86328125;0.91796875;0.2255859375;0.875;0.92578125;0.2265625;0.8828125;0.9296875;0.2275390625;0.890625;0.93359375;0.2275390625;0.802734375;0.85546875;0.2109375;0.31982421875;0.826171875;0.873046875;0.21533203125;0.837890625;0.880859375;0.21728515625;0.7
51;51;74.37;0.125;0.390625;0.765625;0.19921875;0.1328125;0.78125;0.84375;0.2109375;0.828125;0.875;0.21484375;0.75;0.8515625;0.2109375;0.345703125;0.8359375;0.890625;0.21875;0.8515625;0.8984375;0.21875;0.859375;0.90625;0.22265625;0.76953125;0.87890625;0.2158203125;0.357421875;0.84765625;0.91015625;0.2236328125;0.87109375;0.92578125;0.2265625;0.8828125;0.9296875;0.2275390625;0.890625;0.93359375;0.228515625;0.8984375;0.93359375;0.228515625;0.80859375;0.8359375;0.20751953125;0.3037109375;0.806640625;0.857421875;0.21142578125;0.822265625;0.865234375;0.2138671875;0.7;0.125;0.375;0.75;0.1953125;0.12890625;0.78125;0.828125;0.20703125;0.8125;0.875;0.21484375;0.7421875;0.84375;0.208984375;0.345703125;0.828125;0.875;0.21484375;0.8359375;0.890625;0.216796875;0.859375;0.90625;0.22265625;0.76171875;0.875;0.2138671875;0.357421875;0.83984375;0.90234375;0.2216796875;0.86328125;0.91796875;0.224609375;0.875;0.92578125;0.2255859375;0.8828125;0.9296875;0.2265625;0.890625;0.9296875;0.2275390625;0.802734375;0.8515625;0.21044921875;0.31884765625;0.822265625;0.87109375;0.21484375;0.8359375;0.876953125;0.21630859375;0.7
52;52;74.4;0.125;0.375;0.765625;0.19921875;0.12890625;0.78125;0.84375;0.2109375;0.828125;0.875;0.21484375;0.75;0.8515625;0.2109375;0.34375;0.8359375;0.890625;0.220703125;0.8515625;0.8984375;0.21875;0.859375;0.90625;0.22265625;0.76953125;0.87890625;0.2158203125;0.3564453125;0.8515625;0.91015625;0.2236328125;0.87109375;0.92578125;0.2275390625;0.8828125;0.9296875;0.2275390625;0.890625;0.93359375;0.228515625;0.8984375;0.93359375;0.228515625;0.80859375;0.833984375;0.20703125;0.302734375;0.806640625;0.857421875;0.21142578125;0.8203125;0.86328125;0.21337890625;0.7;0.125;0.390625;0.75;0.1953125;0.12890625;0.78125;0.828125;0.20703125;0.828125;0.875;0.21484375;0.75;0.84375;0.208984375;0.345703125;0.828125;0.875;0.21484375;0.8359375;0.890625;0.216796875;0.859375;0.90625;0.22265625;0.76171875;0.875;0.2138671875;0.357421875;0.83984375;0.90234375;0.2216796875;0.86328125;0.91796875;0.224609375;0.875;0.92578125;0.2255859375;0.8828125;0.9296875;0.2275390625;0.890625;0.9296875;0.2275390625;0.802734375;0.853515625;0.2109375;0.3193359375;0.82421875;0.87109375;0.21533203125;0.837890625;0.87890625;0.216796875;0.7
53;53;74.28;0.109375;0.375;0.765625;0.19921875;0.125;0.78125;0.828125;0.2109375;0.828125;0.875;0.21484375;0.75;0.8515625;0.2109375;0.34375;0.8359375;0.890625;0.220703125;0.8515625;0.8984375;0.21875;0.859375;0.90625;0.22265625;0.76953125;0.87890625;0.2158203125;0.3583984375;0.8515625;0.91015625;0.2236328125;0.87109375;0.92578125;0.2275390625;0.8828125;0.9296875;0.2275390625;0.890625;0.93359375;0.228515625;0.8984375;0.93359375;0.228515625;0.810546875;0.8359375;0.20751953125;0.30419921875;0.80859375;0.859375;0.2119140625;0.82421875;0.8671875;0.21435546875;0.7;0.125;0.375;0.75;0.1953125;0.12890625;0.78125;0.828125;0.20703125;0.8125;0.875;0.21484375;0.7421875;0.84375;0.20703125;0.345703125;0.828125;0.875;0.216796875;0.8359375;0.890625;0.216796875;0.859375;0.90625;0.22265625;0.76171875;0.875;0.2138671875;0.357421875;0.83984375;0.90234375;0.2216796875;0.86328125;0.91796875;0.224609375;0.875;0.92578125;0.2255859375;0.8828125;0.9296875;0.2275390625;0.890625;0.9296875;0.2275390625;0.802734375;0.853515625;0.21044921875;0.3193359375;0.82421875;0.87109375;0.21484375;0.8359375;0.87890625;0.216796875;0.7
54;54;74.72;0.109375;0.359375;0.75;0.19921875;0.125;0.78125;0.828125;0.2109375;0.8125;0.875;0.21484375;0.7421875;0.84375;0.208984375;0.33984375;0.828125;0.890625;0.21875;0.8515625;0.8984375;0.220703125;0.859375;0.90625;0.22265625;0.76953125;0.87890625;0.2158203125;0.3564453125;0.84765625;0.91015625;0.2236328125;0.87109375;0.92578125;0.2275390625;0.8828125;0.9296875;0.2275390625;0.890625;0.93359375;0.2294921875;0.8984375;0.9375;0.2294921875;0.810546875;0.837890625;0.20751953125;0.30517578125;0.810546875;0.859375;0.21142578125;0.82421875;0.865234375;0.2138671875;0.7;0.125;0.375;0.75;0.1953125;0.12890625;0.796875;0.828125;0.20703125;0.828125;0.875;0.21484375;0.75;0.84375;0.208984375;0.34765625;0.828125;0.8828125;0.216796875;0.84375;0.8984375;0.216796875;0.859375;0.9140625;0.22265625;0.765625;0.875;0.2138671875;0.3583984375;0.83984375;0.90234375;0.2216796875;0.86328125;0.91796875;0.224609375;0.87890625;0.92578125;0.2255859375;0.8828125;0.9296875;0.2275390625;0.890625;0.93359375;0.2275390625;0.802734375;0.853515625;0.21044921875;0.3193359375;0.82421875;0.87109375;0.21484375;0.837890625;0.87890625;0.216796875;0.7
55;55;74.79;0.109375;0.375;0.765625;0.19921875;0.12890625;0.78125;0.84375;0.2109375;0.828125;0.875;0.21484375;0.75;0.8515625;0.2109375;0.34375;0.8359375;0.890625;0.21875;0.8515625;0.8984375;0.220703125;0.859375;0.90625;0.22265625;0.76953125;0.87890625;0.2158203125;0.357421875;0.84765625;0.91015625;0.22265625;0.87109375;0.921875;0.2265625;0.8828125;0.92578125;0.2265625;0.88671875;0.93359375;0.228515625;0.89453125;0.93359375;0.228515625;0.806640625;0.83203125;0.20703125;0.302734375;0.806640625;0.85546875;0.2109375;0.8203125;0.86328125;0.21337890625;0.7;0.125;0.375;0.75;0.1953125;0.12890625;0.796875;0.828125;0.20703125;0.828125;0.875;0.21484375;0.75;0.84375;0.20703125;0.345703125;0.828125;0.875;0.216796875;0.84375;0.890625;0.216796875;0.859375;0.90625;0.22265625;0.76171875;0.875;0.2138671875;0.357421875;0.83984375;0.90234375;0.2216796875;0.86328125;0.91796875;0.224609375;0.875;0.92578125;0.2265625;0.8828125;0.9296875;0.2275390625;0.890625;0.93359375;0.2275390625;0.802734375;0.853515625;0.2109375;0.3193359375;0.82421875;0.87109375;0.21484375;0.837890625;0.87890625;0.216796875;0.7
56;56;74.92;0.125;0.375;0.765625;0.19921875;0.12890625;0.796875;0.84375;0.2109375;0.828125;0.875;0.21484375;0.75;0.8515625;0.2109375;0.345703125;0.8359375;0.890625;0.220703125;0.8515625;0.90625;0.220703125;0.8671875;0.9140625;0.224609375;0.7734375;0.8828125;0.216796875;0.359375;0.8515625;0.91015625;0.2236328125;0.875;0.92578125;0.2275390625;0.88671875;0.9296875;0.2275390625;0.890625;0.93359375;0.228515625;0.8984375;0.9375;0.2294921875;0.810546875;0.837890625;0.2080078125;0.3046875;0.810546875;0.861328125;0.212890625;0.826171875;0.869140625;0.21484375;0.7;0.125;0.375;0.75;0.1953125;0.12890625;0.78125;0.828125;0.20703125;0.828125;0.875;0.21484375;0.75;0.84375;0.20703125;0.345703125;0.828125;0.875;0.216796875;0.8359375;0.890625;0.216796875;0.859375;0.90625;0.220703125;0.76171875;0.87109375;0.212890625;0.3564453125;0.8359375;0.90234375;0.2216796875;0.86328125;0.91796875;0.224609375;0.875;0.92578125;0.2265625;0.8828125;0.9296875;0.2275390625;0.890625;0.9296875;0.2275390625;0.802734375;0.853515625;0.2109375;0.3193359375;0.826171875;0.873046875;0.21533203125;0.83984375;0.87890625;0.216796875;0.7
57;57;74.94;0.109375;0.375;0.75;0.19921875;0.12890625;0.78125;0.828125;0.2109375;0.828125;0.875;0.21484375;0.7421875;0.84375;0.208984375;0.33984375;0.828125;0.8828125;0.21875;0.84375;0.8984375;0.21875;0.859375;0.90625;0.22265625;0.76953125;0.87890625;0.2158203125;0.3564453125;0.84765625;0.91015625;0.2236328125;0.87109375;0.92578125;0.2265625;0.8828125;0.9296875;0.2275390625;0.890625;0.93359375;0.228515625;0.8984375;0.93359375;0.228515625;0.810546875;0.837890625;0.2080078125;0.30419921875;0.80859375;0.859375;0.2119140625;0.82421875;0.865234375;0.21435546875;0.7;0.125;0.375;0.75;0.1953125;0.12890625;0.78125;0.828125;0.20703125;0.828125;0.875;0.21484375;0.75;0.84375;0.20703125;0.345703125;0.828125;0.875;0.21484375;0.8359375;0.890625;0.216796875;0.8515625;0.90625;0.220703125;0.7578125;0.87109375;0.212890625;0.3564453125;0.8359375;0.90234375;0.220703125;0.86328125;0.91796875;0.224609375;0.875;0.92578125;0.2255859375;0.8828125;0.9296875;0.2265625;0.890625;0.9296875;0.2275390625;0.80078125;0.8515625;0.21044921875;0.318359375;0.82421875;0.87109375;0.21533203125;0.837890625;0.87890625;0.216796875;0.7
58;58;75.43;0.109375;0.375;0.765625;0.19921875;0.12890625;0.78125;0.84375;0.2109375;0.828125;0.875;0.21484375;0.75;0.84375;0.208984375;0.33984375;0.828125;0.890625;0.21875;0.84375;0.8984375;0.21875;0.859375;0.90625;0.22265625;0.765625;0.875;0.2158203125;0.35546875;0.84765625;0.91015625;0.2236328125;0.87109375;0.921875;0.2265625;0.8828125;0.9296875;0.2275390625;0.890625;0.93359375;0.228515625;0.8984375;0.93359375;0.228515625;0.810546875;0.8359375;0.20751953125;0.3046875;0.80859375;0.857421875;0.2119140625;0.82421875;0.865234375;0.2138671875;0.7;0.125;0.390625;0.75;0.1953125;0.12890625;0.796875;0.828125;0.20703125;0.828125;0.875;0.21484375;0.75;0.84375;0.208984375;0.34765625;0.828125;0.875;0.216796875;0.84375;0.890625;0.216796875;0.859375;0.90625;0.220703125;0.76171875;0.87109375;0.212890625;0.357421875;0.8359375;0.90234375;0.220703125;0.86328125;0.91796875;0.224609375;0.875;0.92578125;0.2255859375;0.8828125;0.9296875;0.2265625;0.890625;0.9296875;0.2275390625;0.80078125;0.8515625;0.21044921875;0.318359375;0.82421875;0.87109375;0.21484375;0.837890625;0.876953125;0.216796875;0.7
59;59;75.19;0.125;0.390625;0.765625;0.19921875;0.1328125;0.78125;0.84375;0.2109375;0.828125;0.875;0.21484375;0.75;0.8515625;0.2109375;0.345703125;0.8359375;0.890625;0.220703125;0.8515625;0.8984375;0.21875;0.859375;0.90625;0.22265625;0.76953125;0.87890625;0.2158203125;0.357421875;0.8515625;0.91015625;0.2236328125;0.875;0.92578125;0.2275390625;0.8828125;0.9296875;0.2275390625;0.890625;0.93359375;0.228515625;0.8984375;0.9375;0.2294921875;0.810546875;0.837890625;0.2080078125;0.30419921875;0.8125;0.859375;0.2119140625;0.82421875;0.8671875;0.21484375;0.7;0.125;0.390625;0.75;0.1953125;0.12890625;0.78125;0.828125;0.20703125;0.8125;0.875;0.21484375;0.7421875;0.8359375;0.20703125;0.34375;0.8203125;0.875;0.21484375;0.8359375;0.890625;0.216796875;0.8515625;0.90625;0.220703125;0.75390625;0.8671875;0.212890625;0.3544921875;0.83203125;0.8984375;0.220703125;0.859375;0.9140625;0.224609375;0.875;0.92578125;0.2255859375;0.8828125;0.9296875;0.2265625;0.890625;0.9296875;0.2275390625;0.80078125;0.8515625;0.21044921875;0.31787109375;0.822265625;0.87109375;0.21484375;0.837890625;0.87890625;0.216796875;0.7
60;60;75.59;0.125;0.375;0.765625;0.19921875;0.12890625;0.78125;0.84375;0.2109375;0.828125;0.875;0.21484375;0.75;0.84375;0.208984375;0.341796875;0.828125;0.890625;0.21875;0.8515625;0.8984375;0.220703125;0.859375;0.90625;0.22265625;0.76953125;0.87890625;0.2158203125;0.357421875;0.8515625;0.91015625;0.2236328125;0.875;0.92578125;0.2275390625;0.88671875;0.9296875;0.2275390625;0.890625;0.9375;0.2294921875;0.90234375;0.9375;0.2294921875;0.8125;0.83984375;0.2080078125;0.3056640625;0.814453125;0.861328125;0.212890625;0.826171875;0.869140625;0.21435546875;0.7;0.125;0.390625;0.75;0.1953125;0.12890625;0.78125;0.828125;0.20703125;0.828125;0.875;0.21484375;0.7421875;0.8359375;0.20703125;0.345703125;0.828125;0.875;0.21484375;0.8359375;0.890625;0.216796875;0.8515625;0.90625;0.220703125;0.7578125;0.87109375;0.212890625;0.35546875;0.8359375;0.8984375;0.220703125;0.859375;0.9140625;0.224609375;0.875;0.92578125;0.2255859375;0.8828125;0.9296875;0.2265625;0.890625;0.9296875;0.2275390625;0.80078125;0.8515625;0.21044921875;0.3173828125;0.822265625;0.869140625;0.21484375;0.8359375;0.87890625;0.216796875;0.7
61;61;75.41;0.125;0.375;0.765625;0.19921875;0.12890625;0.78125;0.84375;0.2109375;0.828125;0.875;0.21484375;0.75;0.84375;0.208984375;0.341796875;0.828125;0.8828125;0.21875;0.84375;0.8984375;0.21875;0.859375;0.90625;0.22265625;0.765625;0.875;0.21484375;0.35546875;0.84765625;0.90625;0.22265625;0.87109375;0.921875;0.2265625;0.8828125;0.92578125;0.2265625;0.890625;0.93359375;0.228515625;0.8984375;0.93359375;0.228515625;0.80859375;0.8359375;0.20703125;0.30322265625;0.80859375;0.857421875;0.21142578125;0.822265625;0.865234375;0.2138671875;0.7;0.125;0.390625;0.75;0.1953125;0.12890625;0.78125;0.828125;0.20703125;0.828125;0.875;0.21484375;0.75;0.84375;0.20703125;0.345703125;0.828125;0.875;0.21484375;0.8359375;0.890625;0.216796875;0.8515625;0.90625;0.220703125;0.76171875;0.87109375;0.212890625;0.3564453125;0.8359375;0.8984375;0.220703125;0.86328125;0.91796875;0.224609375;0.875;0.92578125;0.2255859375;0.8828125;0.9296875;0.2265625;0.890625;0.9296875;0.2275390625;0.802734375;0.853515625;0.21044921875;0.31884765625;0.82421875;0.87109375;0.21484375;0.8359375;0.87890625;0.216796875;0.7
62;62;75.38;0.125;0.390625;0.765625;0.19921875;0.1328125;0.78125;0.84375;0.2109375;0.828125;0.875;0.21484375;0.75;0.8515625;0.2109375;0.345703125;0.8359375;0.890625;0.21875;0.8515625;0.8984375;0.21875;0.859375;0.90625;0.22265625;0.76953125;0.87890625;0.2158203125;0.3564453125;0.84375;0.90625;0.22265625;0.87109375;0.921875;0.2265625;0.8828125;0.92578125;0.2265625;0.890625;0.93359375;0.228515625;0.89453125;0.93359375;0.228515625;0.80859375;0.833984375;0.20703125;0.30322265625;0.806640625;0.857421875;0.2119140625;0.822265625;0.865234375;0.2138671875;0.7;0.125;0.390625;0.75;0.1953125;0.12890625;0.78125;0.828125;0.20703125;0.828125;0.875;0.21484375;0.7421875;0.8359375;0.20703125;0.345703125;0.8203125;0.875;0.21484375;0.8359375;0.890625;0.216796875;0.8515625;0.90625;0.220703125;0.7578125;0.87109375;0.212890625;0.3544921875;0.83203125;0.8984375;0.220703125;0.859375;0.9140625;0.224609375;0.875;0.92578125;0.2255859375;0.8828125;0.9296875;0.2265625;0.890625;0.9296875;0.2275390625;0.80078125;0.8515625;0.21044921875;0.318359375;0.82421875;0.87109375;0.21484375;0.837890625;0.87890625;0.216796875;0.7
63;63;75.23;0.109375;0.375;0.765625;0.19921875;0.12890625;0.78125;0.828125;0.2109375;0.828125;0.875;0.21484375;0.7421875;0.84375;0.208984375;0.33984375;0.828125;0.8828125;0.21875;0.84375;0.8984375;0.21875;0.859375;0.90625;0.22265625;0.76953125;0.875;0.2158203125;0.3544921875;0.84765625;0.90625;0.22265625;0.87109375;0.921875;0.2265625;0.8828125;0.9296875;0.2275390625;0.890625;0.93359375;0.2294921875;0.8984375;0.9375;0.2294921875;0.810546875;0.83984375;0.2080078125;0.3046875;0.8125;0.859375;0.21240234375;0.82421875;0.865234375;0.2138671875;0.7;0.125;0.390625;0.75;0.1953125;0.12890625;0.78125;0.828125;0.20703125;0.828125;0.875;0.21484375;0.7421875;0.8359375;0.20703125;0.345703125;0.8203125;0.875;0.21484375;0.8359375;0.890625;0.216796875;0.8515625;0.90625;0.220703125;0.7578125;0.87109375;0.212890625;0.3544921875;0.83203125;0.8984375;0.220703125;0.859375;0.9140625;0.224609375;0.875;0.92578125;0.2255859375;0.8828125;0.9296875;0.2265625;0.890625;0.9296875;0.2265625;0.80078125;0.8515625;0.21044921875;0.3173828125;0.82421875;0.87109375;0.21484375;0.8359375;0.87890625;0.216796875;0.7
64;64;75.76;0.109375;0.359375;0.75;0.19921875;0.125;0.78125;0.828125;0.2109375;0.8125;0.875;0.21484375;0.7421875;0.84375;0.208984375;0.33984375;0.828125;0.890625;0.21875;0.84375;0.8984375;0.21875;0.859375;0.90625;0.22265625;0.765625;0.875;0.2158203125;0.3544921875;0.84375;0.90625;0.2236328125;0.87109375;0.921875;0.2265625;0.8828125;0.9296875;0.2275390625;0.890625;0.93359375;0.228515625;0.8984375;0.9375;0.2294921875;0.80859375;0.837890625;0.20751953125;0.30419921875;0.810546875;0.859375;0.2119140625;0.82421875;0.865234375;0.2138671875;0.7;0.125;0.390625;0.75;0.1953125;0.12890625;0.78125;0.828125;0.20703125;0.828125;0.875;0.21484375;0.7421875;0.84375;0.20703125;0.345703125;0.828125;0.875;0.21484375;0.8359375;0.890625;0.216796875;0.8515625;0.90625;0.220703125;0.7578125;0.87109375;0.212890625;0.35546875;0.83203125;0.8984375;0.220703125;0.859375;0.9140625;0.224609375;0.875;0.92578125;0.2255859375;0.8828125;0.9296875;0.2265625;0.890625;0.9296875;0.2275390625;0.80078125;0.8515625;0.21044921875;0.31787109375;0.822265625;0.87109375;0.21435546875;0.8359375;0.876953125;0.216796875;0.7
65;65;75.55;0.109375;0.375;0.75;0.1953125;0.125;0.78125;0.828125;0.2109375;0.8125;0.859375;0.21484375;0.7421875;0.8359375;0.208984375;0.337890625;0.828125;0.8828125;0.21875;0.84375;0.8984375;0.21875;0.859375;0.90625;0.22265625;0.76171875;0.87109375;0.21484375;0.3525390625;0.84375;0.90625;0.22265625;0.87109375;0.921875;0.2265625;0.8828125;0.92578125;0.2265625;0.890625;0.93359375;0.228515625;0.8984375;0.93359375;0.2294921875;0.80859375;0.8359375;0.20703125;0.30419921875;0.80859375;0.857421875;0.21142578125;0.822265625;0.86328125;0.212890625;0.7;0.125;0.390625;0.75;0.1953125;0.12890625;0.78125;0.828125;0.20703125;0.828125;0.875;0.21484375;0.75;0.84375;0.20703125;0.345703125;0.828125;0.875;0.21484375;0.8359375;0.890625;0.216796875;0.8515625;0.90625;0.220703125;0.76171875;0.87109375;0.212890625;0.3564453125;0.8359375;0.8984375;0.220703125;0.859375;0.9140625;0.224609375;0.875;0.92578125;0.2255859375;0.8828125;0.9296875;0.2265625;0.890625;0.9296875;0.2275390625;0.80078125;0.8515625;0.21044921875;0.318359375;0.822265625;0.869140625;0.21435546875;0.8359375;0.876953125;0.21630859375;0.7
66;66;75.85;0.109375;0.359375;0.75;0.19921875;0.125;0.78125;0.828125;0.2109375;0.8125;0.875;0.21484375;0.7421875;0.84375;0.208984375;0.33984375;0.828125;0.890625;0.21875;0.84375;0.8984375;0.21875;0.859375;0.90625;0.22265625;0.76953125;0.87890625;0.2158203125;0.35546875;0.84765625;0.90625;0.2236328125;0.87109375;0.921875;0.2275390625;0.88671875;0.9296875;0.2275390625;0.890625;0.93359375;0.2294921875;0.8984375;0.9375;0.2294921875;0.8125;0.841796875;0.2080078125;0.30615234375;0.814453125;0.861328125;0.212890625;0.828125;0.869140625;0.21484375;0.7;0.125;0.375;0.75;0.1953125;0.12890625;0.78125;0.828125;0.20703125;0.828125;0.875;0.21484375;0.75;0.84375;0.20703125;0.345703125;0.828125;0.875;0.21484375;0.8359375;0.890625;0.216796875;0.8515625;0.90625;0.220703125;0.7578125;0.87109375;0.212890625;0.3564453125;0.8359375;0.8984375;0.220703125;0.859375;0.9140625;0.224609375;0.875;0.92578125;0.2255859375;0.8828125;0.9296875;0.2265625;0.890625;0.9296875;0.2275390625;0.80078125;0.8515625;0.21044921875;0.31787109375;0.822265625;0.869140625;0.21435546875;0.8359375;0.876953125;0.21630859375;0.7
67;67;76.16;0.125;0.375;0.765625;0.19921875;0.12890625;0.78125;0.828125;0.2109375;0.8125;0.875;0.21484375;0.7421875;0.84375;0.208984375;0.33984375;0.828125;0.8828125;0.21875;0.84375;0.8984375;0.21875;0.859375;0.90625;0.22265625;0.765625;0.875;0.21484375;0.353515625;0.84375;0.90625;0.22265625;0.8671875;0.921875;0.2265625;0.87890625;0.92578125;0.2265625;0.890625;0.93359375;0.228515625;0.8984375;0.93359375;0.228515625;0.80859375;0.83203125;0.20654296875;0.302734375;0.806640625;0.85546875;0.2109375;0.822265625;0.86328125;0.2138671875;0.7;0.125;0.390625;0.75;0.1953125;0.12890625;0.78125;0.8125;0.20703125;0.828125;0.875;0.21484375;0.7421875;0.84375;0.20703125;0.345703125;0.828125;0.875;0.21484375;0.8359375;0.890625;0.216796875;0.8515625;0.90625;0.220703125;0.7578125;0.8671875;0.212890625;0.3544921875;0.83203125;0.8984375;0.220703125;0.859375;0.9140625;0.2236328125;0.875;0.921875;0.2255859375;0.87890625;0.9296875;0.2265625;0.890625;0.9296875;0.2275390625;0.798828125;0.849609375;0.2099609375;0.31689453125;0.822265625;0.869140625;0.21435546875;0.833984375;0.876953125;0.21630859375;0.7
68;68;75.91;0.109375;0.375;0.765625;0.19921875;0.12890625;0.78125;0.84375;0.2109375;0.828125;0.875;0.21484375;0.75;0.84375;0.2109375;0.341796875;0.8359375;0.890625;0.21875;0.84375;0.8984375;0.21875;0.859375;0.90625;0.22265625;0.765625;0.875;0.2158203125;0.3564453125;0.84765625;0.90625;0.22265625;0.87109375;0.921875;0.2265625;0.8828125;0.92578125;0.2265625;0.890625;0.93359375;0.228515625;0.8984375;0.93359375;0.228515625;0.80859375;0.8359375;0.20703125;0.3037109375;0.80859375;0.859375;0.2119140625;0.82421875;0.8671875;0.21435546875;0.7;0.125;0.390625;0.75;0.1953125;0.12890625;0.78125;0.828125;0.20703125;0.828125;0.875;0.21484375;0.75;0.84375;0.20703125;0.345703125;0.828125;0.875;0.216796875;0.84375;0.890625;0.216796875;0.859375;0.90625;0.22265625;0.76171875;0.87109375;0.2138671875;0.357421875;0.8359375;0.8984375;0.220703125;0.86328125;0.91796875;0.224609375;0.875;0.92578125;0.2265625;0.8828125;0.9296875;0.2275390625;0.890625;0.93359375;0.2275390625;0.802734375;0.853515625;0.2109375;0.3193359375;0.82421875;0.87109375;0.21484375;0.8359375;0.876953125;0.216796875;0.7
69;69;76.14;0.109375;0.375;0.765625;0.19921875;0.12890625;0.78125;0.828125;0.2109375;0.8125;0.875;0.21484375;0.7421875;0.84375;0.208984375;0.33984375;0.828125;0.8828125;0.21875;0.84375;0.8984375;0.21875;0.859375;0.90625;0.22265625;0.765625;0.875;0.21484375;0.353515625;0.84375;0.90625;0.22265625;0.87109375;0.921875;0.2265625;0.8828125;0.9296875;0.2275390625;0.890625;0.93359375;0.2294921875;0.8984375;0.9375;0.2294921875;0.810546875;0.83984375;0.2080078125;0.3056640625;0.8125;0.86328125;0.212890625;0.828125;0.869140625;0.21484375;0.7;0.125;0.390625;0.75;0.1953125;0.12890625;0.78125;0.828125;0.20703125;0.828125;0.875;0.21484375;0.75;0.84375;0.20703125;0.345703125;0.828125;0.875;0.216796875;0.8359375;0.890625;0.216796875;0.8515625;0.90625;0.220703125;0.76171875;0.87109375;0.212890625;0.3564453125;0.8359375;0.8984375;0.220703125;0.859375;0.91796875;0.224609375;0.875;0.92578125;0.2255859375;0.8828125;0.9296875;0.2265625;0.890625;0.9296875;0.2275390625;0.802734375;0.8515625;0.2109375;0.31884765625;0.82421875;0.87109375;0.21484375;0.837890625;0.87890625;0.216796875;0.7
70;70;76.09;0.109375;0.359375;0.75;0.1953125;0.125;0.78125;0.828125;0.2109375;0.8125;0.859375;0.21484375;0.7421875;0.8359375;0.20703125;0.3359375;0.828125;0.8828125;0.21875;0.84375;0.890625;0.21875;0.8515625;0.90625;0.22265625;0.7578125;0.87109375;0.21484375;0.3515625;0.83984375;0.90234375;0.2216796875;0.8671875;0.91796875;0.2255859375;0.87890625;0.92578125;0.2265625;0.88671875;0.93359375;0.228515625;0.89453125;0.93359375;0.228515625;0.806640625;0.83203125;0.20654296875;0.30078125;0.806640625;0.857421875;0.21142578125;0.822265625;0.865234375;0.2138671875;0.7;0.125;0.390625;0.75;0.1953125;0.12890625;0.78125;0.828125;0.20703125;0.828125;0.875;0.21484375;0.75;0.8359375;0.20703125;0.345703125;0.8203125;0.875;0.21484375;0.8359375;0.890625;0.21484375;0.8515625;0.90625;0.220703125;0.7578125;0.8671875;0.212890625;0.3544921875;0.83203125;0.8984375;0.220703125;0.859375;0.9140625;0.224609375;0.875;0.92578125;0.2255859375;0.8828125;0.9296875;0.2265625;0.890625;0.9296875;0.2265625;0.798828125;0.8515625;0.21044921875;0.3173828125;0.822265625;0.87109375;0.21484375;0.8359375;0.87890625;0.216796875;0.7
71;71;76.42;0.125;0.375;0.765625;0.19921875;0.12890625;0.78125;0.828125;0.2109375;0.8125;0.875;0.21484375;0.75;0.8359375;0.208984375;0.341796875;0.828125;0.8828125;0.21875;0.84375;0.8984375;0.21875;0.859375;0.90625;0.22265625;0.76171875;0.87109375;0.21484375;0.3525390625;0.83984375;0.90234375;0.2216796875;0.8671875;0.921875;0.2255859375;0.87890625;0.92578125;0.2265625;0.88671875;0.9296875;0.2275390625;0.89453125;0.93359375;0.2275390625;0.802734375;0.828125;0.2060546875;0.2998046875;0.8046875;0.853515625;0.2109375;0.818359375;0.859375;0.212890625;0.7;0.125;0.390625;0.75;0.1953125;0.12890625;0.78125;0.828125;0.20703125;0.828125;0.875;0.21484375;0.7421875;0.8359375;0.20703125;0.345703125;0.8203125;0.875;0.21484375;0.8359375;0.890625;0.216796875;0.8515625;0.90625;0.220703125;0.7578125;0.8671875;0.212890625;0.35546875;0.83203125;0.8984375;0.220703125;0.859375;0.9140625;0.224609375;0.875;0.92578125;0.2255859375;0.8828125;0.9296875;0.2265625;0.890625;0.9296875;0.2275390625;0.80078125;0.8515625;0.21044921875;0.3173828125;0.822265625;0.87109375;0.21484375;0.8359375;0.876953125;0.216796875;0.7
72;72;76.34;0.125;0.375;0.765625;0.19921875;0.12890625;0.78125;0.828125;0.2109375;0.8125;0.875;0.21484375;0.7421875;0.8359375;0.208984375;0.33984375;0.828125;0.8828125;0.21875;0.84375;0.8984375;0.21875;0.859375;0.90625;0.22265625;0.765625;0.875;0.2158203125;0.3544921875;0.84375;0.90625;0.22265625;0.87109375;0.921875;0.2265625;0.8828125;0.92578125;0.2265625;0.890625;0.93359375;0.228515625;0.8984375;0.93359375;0.2294921875;0.810546875;0.83984375;0.20751953125;0.3046875;0.810546875;0.857421875;0.2119140625;0.82421875;0.8671875;0.2138671875;0.7;0.125;0.390625;0.75;0.1953125;0.12890625;0.78125;0.828125;0.20703125;0.828125;0.875;0.21484375;0.75;0.84375;0.20703125;0.345703125;0.828125;0.875;0.21484375;0.8359375;0.890625;0.216796875;0.859375;0.90625;0.22265625;0.76171875;0.87109375;0.212890625;0.3564453125;0.8359375;0.8984375;0.220703125;0.859375;0.91796875;0.224609375;0.875;0.92578125;0.2265625;0.8828125;0.9296875;0.2275390625;0.890625;0.93359375;0.2275390625;0.802734375;0.853515625;0.2109375;0.3193359375;0.82421875;0.873046875;0.21484375;0.837890625;0.87890625;0.216796875;0.7
73;73;76.14;0.125;0.375;0.765625;0.19921875;0.12890625;0.78125;0.84375;0.2109375;0.828125;0.875;0.21484375;0.75;0.84375;0.2109375;0.34375;0.8359375;0.890625;0.220703125;0.8515625;0.8984375;0.21875;0.859375;0.90625;0.22265625;0.76953125;0.875;0.2158203125;0.3564453125;0.84765625;0.90625;0.2236328125;0.87109375;0.921875;0.2265625;0.8828125;0.92578125;0.2275390625;0.890625;0.93359375;0.228515625;0.8984375;0.93359375;0.228515625;0.80859375;0.833984375;0.20703125;0.302734375;0.806640625;0.859375;0.21240234375;0.82421875;0.865234375;0.2138671875;0.7;0.125;0.390625;0.75;0.1953125;0.12890625;0.78125;0.8125;0.20703125;0.8125;0.875;0.21484375;0.7421875;0.8359375;0.20703125;0.34375;0.8203125;0.875;0.21484375;0.8359375;0.8828125;0.21484375;0.8515625;0.90625;0.220703125;0.75390625;0.8671875;0.2119140625;0.353515625;0.83203125;0.8984375;0.220703125;0.85546875;0.9140625;0.2236328125;0.87109375;0.921875;0.2255859375;0.87890625;0.9296875;0.2265625;0.88671875;0.9296875;0.2265625;0.798828125;0.849609375;0.2099609375;0.31689453125;0.822265625;0.869140625;0.21435546875;0.8359375;0.876953125;0.21630859375;0.7
74;74;76.45;0.125;0.375;0.765625;0.19921875;0.12890625;0.78125;0.828125;0.2109375;0.8125;0.875;0.21484375;0.7421875;0.84375;0.208984375;0.341796875;0.828125;0.8828125;0.21875;0.84375;0.890625;0.21875;0.8515625;0.90625;0.22265625;0.76171875;0.87109375;0.21484375;0.3525390625;0.83984375;0.90234375;0.2216796875;0.8671875;0.91796875;0.2255859375;0.87890625;0.92578125;0.2265625;0.88671875;0.93359375;0.2275390625;0.89453125;0.93359375;0.228515625;0.8046875;0.83203125;0.2060546875;0.30126953125;0.806640625;0.853515625;0.2109375;0.818359375;0.859375;0.21240234375;0.7;0.125;0.390625;0.75;0.1953125;0.12890625;0.78125;0.828125;0.20703125;0.828125;0.875;0.21484375;0.75;0.84375;0.20703125;0.345703125;0.828125;0.875;0.216796875;0.8359375;0.890625;0.216796875;0.8515625;0.90625;0.220703125;0.7578125;0.87109375;0.212890625;0.3564453125;0.8359375;0.8984375;0.220703125;0.859375;0.91796875;0.224609375;0.875;0.92578125;0.2265625;0.8828125;0.9296875;0.2275390625;0.890625;0.93359375;0.2275390625;0.802734375;0.853515625;0.2109375;0.3193359375;0.826171875;0.873046875;0.21533203125;0.837890625;0.87890625;0.216796875;0.7
75;75;76.33;0.109375;0.375;0.765625;0.19921875;0.125;0.78125;0.828125;0.2109375;0.8125;0.875;0.21484375;0.75;0.84375;0.208984375;0.341796875;0.828125;0.890625;0.21875;0.84375;0.8984375;0.21875;0.859375;0.90625;0.22265625;0.765625;0.875;0.2158203125;0.35546875;0.84375;0.90625;0.22265625;0.87109375;0.921875;0.2265625;0.8828125;0.92578125;0.2275390625;0.890625;0.93359375;0.228515625;0.8984375;0.93359375;0.2294921875;0.810546875;0.8359375;0.20751953125;0.30517578125;0.810546875;0.857421875;0.21142578125;0.82421875;0.865234375;0.2138671875;0.7;0.125;0.390625;0.75;0.1953125;0.12890625;0.78125;0.828125;0.20703125;0.828125;0.875;0.21484375;0.75;0.84375;0.20703125;0.345703125;0.828125;0.875;0.21484375;0.8359375;0.890625;0.216796875;0.8515625;0.90625;0.220703125;0.7578125;0.8671875;0.212890625;0.35546875;0.83203125;0.8984375;0.220703125;0.859375;0.9140625;0.224609375;0.875;0.92578125;0.2255859375;0.8828125;0.9296875;0.2265625;0.890625;0.9296875;0.2275390625;0.80078125;0.8515625;0.21044921875;0.31787109375;0.822265625;0.87109375;0.21484375;0.8359375;0.876953125;0.21630859375;0.7
76;76;76.67;0.125;0.375;0.765625;0.19921875;0.12890625;0.78125;0.828125;0.2109375;0.828125;0.875;0.21484375;0.75;0.84375;0.2109375;0.341796875;0.828125;0.890625;0.21875;0.84375;0.8984375;0.21875;0.859375;0.90625;0.22265625;0.76953125;0.875;0.2158203125;0.3564453125;0.84765625;0.91015625;0.2236328125;0.87109375;0.921875;0.2275390625;0.8828125;0.9296875;0.2275390625;0.89453125;0.9375;0.2294921875;0.8984375;0.9375;0.2294921875;0.8125;0.841796875;0.20849609375;0.30712890625;0.814453125;0.86328125;0.212890625;0.828125;0.869140625;0.21484375;0.7;0.125;0.390625;0.75;0.1953125;0.12890625;0.78125;0.828125;0.20703125;0.828125;0.875;0.21484375;0.75;0.84375;0.20703125;0.345703125;0.828125;0.875;0.21484375;0.8359375;0.890625;0.216796875;0.8515625;0.90625;0.220703125;0.7578125;0.8671875;0.212890625;0.35546875;0.83203125;0.8984375;0.220703125;0.859375;0.9140625;0.224609375;0.875;0.92578125;0.2255859375;0.8828125;0.9296875;0.2265625;0.890625;0.9296875;0.2275390625;0.80078125;0.8515625;0.21044921875;0.318359375;0.822265625;0.869140625;0.21435546875;0.8359375;0.876953125;0.21630859375;0.7
77;77;76.48;0.125;0.375;0.75;0.19921875;0.12890625;0.78125;0.828125;0.2109375;0.8125;0.859375;0.21484375;0.7421875;0.8359375;0.208984375;0.33984375;0.828125;0.8828125;0.21875;0.84375;0.8984375;0.21875;0.859375;0.90625;0.22265625;0.765625;0.875;0.2158203125;0.3544921875;0.84375;0.90625;0.2236328125;0.87109375;0.92578125;0.2275390625;0.8828125;0.9296875;0.2275390625;0.890625;0.9375;0.2294921875;0.8984375;0.9375;0.2294921875;0.8125;0.83984375;0.2080078125;0.30712890625;0.814453125;0.861328125;0.21240234375;0.828125;0.8671875;0.2138671875;0.7;0.125;0.390625;0.75;0.1953125;0.12890625;0.78125;0.828125;0.20703125;0.828125;0.875;0.21484375;0.7421875;0.8359375;0.20703125;0.345703125;0.8203125;0.875;0.21484375;0.8359375;0.890625;0.216796875;0.8515625;0.90625;0.220703125;0.7578125;0.8671875;0.212890625;0.35546875;0.83203125;0.8984375;0.220703125;0.859375;0.9140625;0.224609375;0.875;0.92578125;0.2255859375;0.8828125;0.9296875;0.2265625;0.890625;0.9296875;0.2275390625;0.80078125;0.8515625;0.21044921875;0.318359375;0.822265625;0.87109375;0.21484375;0.8359375;0.876953125;0.21630859375;0.7
78;78;76.5;0.125;0.375;0.765625;0.19921875;0.12890625;0.78125;0.84375;0.2109375;0.828125;0.875;0.21484375;0.75;0.84375;0.208984375;0.341796875;0.828125;0.890625;0.21875;0.84375;0.8984375;0.21875;0.859375;0.90625;0.22265625;0.76171875;0.87109375;0.21484375;0.3544921875;0.84375;0.90625;0.22265625;0.8671875;0.921875;0.2265625;0.87890625;0.92578125;0.2265625;0.88671875;0.93359375;0.228515625;0.89453125;0.93359375;0.228515625;0.806640625;0.833984375;0.20654296875;0.30224609375;0.80859375;0.857421875;0.2119140625;0.8203125;0.865234375;0.2138671875;0.7;0.125;0.390625;0.75;0.1953125;0.12890625;0.78125;0.8125;0.20703125;0.828125;0.875;0.21484375;0.7421875;0.8359375;0.20703125;0.345703125;0.8203125;0.875;0.21484375;0.8359375;0.890625;0.216796875;0.8515625;0.90625;0.220703125;0.75390625;0.8671875;0.2119140625;0.3544921875;0.83203125;0.8984375;0.220703125;0.859375;0.9140625;0.224609375;0.875;0.92578125;0.2255859375;0.8828125;0.9296875;0.2265625;0.890625;0.9296875;0.2275390625;0.80078125;0.8515625;0.21044921875;0.31787109375;0.822265625;0.869140625;0.21484375;0.8359375;0.876953125;0.21630859375;0.7
79;79;76.6;0.125;0.375;0.765625;0.19921875;0.12890625;0.78125;0.828125;0.2109375;0.8125;0.859375;0.21484375;0.7421875;0.8359375;0.208984375;0.33984375;0.828125;0.8828125;0.21875;0.84375;0.8984375;0.21875;0.859375;0.90625;0.22265625;0.76171875;0.87109375;0.21484375;0.3525390625;0.83984375;0.90234375;0.22265625;0.8671875;0.921875;0.2265625;0.87890625;0.92578125;0.2265625;0.890625;0.93359375;0.228515625;0.8984375;0.93359375;0.2294921875;0.80859375;0.833984375;0.20703125;0.30322265625;0.810546875;0.857421875;0.2119140625;0.82421875;0.865234375;0.2138671875;0.7;0.125;0.390625;0.75;0.1953125;0.12890625;0.78125;0.828125;0.20703125;0.828125;0.875;0.21484375;0.7421875;0.8359375;0.20703125;0.345703125;0.8203125;0.875;0.21484375;0.8359375;0.890625;0.216796875;0.8515625;0.90625;0.220703125;0.75390625;0.8671875;0.2119140625;0.3544921875;0.83203125;0.89453125;0.220703125;0.859375;0.9140625;0.224609375;0.875;0.92578125;0.2255859375;0.8828125;0.9296875;0.2265625;0.890625;0.9296875;0.2275390625;0.80078125;0.8515625;0.21044921875;0.31787109375;0.822265625;0.869140625;0.21484375;0.8359375;0.876953125;0.21630859375;0.7
80;80;76.76;0.125;0.375;0.765625;0.19921875;0.12890625;0.78125;0.84375;0.2109375;0.828125;0.875;0.21484375;0.75;0.84375;0.208984375;0.34375;0.8359375;0.890625;0.21875;0.84375;0.8984375;0.21875;0.859375;0.90625;0.22265625;0.765625;0.875;0.21484375;0.35546875;0.84375;0.90625;0.22265625;0.87109375;0.921875;0.2265625;0.8828125;0.9296875;0.2275390625;0.890625;0.93359375;0.228515625;0.8984375;0.93359375;0.2294921875;0.810546875;0.8359375;0.20751953125;0.3037109375;0.810546875;0.859375;0.21240234375;0.82421875;0.8671875;0.21435546875;0.7;0.125;0.390625;0.75;0.1953125;0.12890625;0.78125;0.828125;0.20703125;0.828125;0.875;0.21484375;0.75;0.84375;0.20703125;0.345703125;0.828125;0.875;0.21484375;0.8359375;0.890625;0.216796875;0.8515625;0.90625;0.220703125;0.7578125;0.87109375;0.212890625;0.3564453125;0.83203125;0.8984375;0.220703125;0.859375;0.91796875;0.224609375;0.875;0.92578125;0.2265625;0.8828125;0.9296875;0.2275390625;0.890625;0.93359375;0.2275390625;0.802734375;0.853515625;0.2109375;0.3193359375;0.82421875;0.87109375;0.21484375;0.837890625;0.876953125;0.21630859375;0.7
81;81;76.65;0.125;0.375;0.765625;0.19921875;0.12890625;0.78125;0.828125;0.2109375;0.828125;0.875;0.21484375;0.75;0.84375;0.208984375;0.341796875;0.828125;0.890625;0.21875;0.84375;0.8984375;0.21875;0.859375;0.90625;0.22265625;0.765625;0.875;0.2158203125;0.3564453125;0.84375;0.90625;0.22265625;0.8671875;0.921875;0.2265625;0.8828125;0.92578125;0.2265625;0.890625;0.93359375;0.228515625;0.8984375;0.93359375;0.228515625;0.80859375;0.8359375;0.20703125;0.3046875;0.810546875;0.857421875;0.2119140625;0.82421875;0.86328125;0.21337890625;0.7;0.125;0.390625;0.75;0.1953125;0.12890625;0.78125;0.8125;0.20703125;0.828125;0.875;0.21484375;0.7421875;0.8359375;0.20703125;0.34375;0.8203125;0.875;0.21484375;0.8359375;0.890625;0.216796875;0.8515625;0.90625;0.220703125;0.75390625;0.8671875;0.2119140625;0.353515625;0.83203125;0.89453125;0.2197265625;0.85546875;0.9140625;0.224609375;0.875;0.92578125;0.2255859375;0.8828125;0.9296875;0.2265625;0.890625;0.9296875;0.2275390625;0.80078125;0.8515625;0.21044921875;0.3173828125;0.822265625;0.869140625;0.21484375;0.8359375;0.876953125;0.21630859375;0.7
82;82;76.68;0.125;0.375;0.765625;0.19921875;0.1328125;0.78125;0.84375;0.2109375;0.828125;0.875;0.21484375;0.75;0.84375;0.208984375;0.341796875;0.828125;0.8828125;0.21875;0.84375;0.8984375;0.21875;0.859375;0.90625;0.22265625;0.765625;0.87109375;0.21484375;0.3544921875;0.84375;0.90625;0.22265625;0.8671875;0.921875;0.2265625;0.8828125;0.92578125;0.2275390625;0.88671875;0.93359375;0.228515625;0.89453125;0.93359375;0.228515625;0.80859375;0.833984375;0.20703125;0.30322265625;0.80859375;0.857421875;0.2119140625;0.822265625;0.86328125;0.2138671875;0.7;0.125;0.390625;0.75;0.1953125;0.12890625;0.78125;0.8125;0.20703125;0.8125;0.875;0.21484375;0.7421875;0.8359375;0.20703125;0.34375;0.8203125;0.875;0.21484375;0.8359375;0.890625;0.216796875;0.8515625;0.90625;0.220703125;0.75390625;0.8671875;0.2119140625;0.353515625;0.828125;0.89453125;0.2197265625;0.85546875;0.9140625;0.2236328125;0.87109375;0.92578125;0.2255859375;0.87890625;0.9296875;0.2265625;0.890625;0.9296875;0.2265625;0.80078125;0.8515625;0.21044921875;0.3173828125;0.822265625;0.869140625;0.21484375;0.8359375;0.876953125;0.21630859375;0.7
83;83;76.53;0.109375;0.375;0.75;0.1953125;0.125;0.78125;0.828125;0.20703125;0.8125;0.859375;0.21484375;0.7421875;0.8359375;0.208984375;0.337890625;0.828125;0.8828125;0.21875;0.84375;0.890625;0.21875;0.8515625;0.90625;0.22265625;0.7578125;0.8671875;0.2138671875;0.3525390625;0.83984375;0.90234375;0.22265625;0.8671875;0.921875;0.2265625;0.87890625;0.92578125;0.2265625;0.88671875;0.93359375;0.228515625;0.89453125;0.93359375;0.228515625;0.80859375;0.837890625;0.20751953125;0.3037109375;0.810546875;0.859375;0.2119140625;0.82421875;0.865234375;0.2138671875;0.7;0.125;0.390625;0.75;0.1953125;0.12890625;0.78125;0.8125;0.20703125;0.828125;0.875;0.21484375;0.7421875;0.84375;0.20703125;0.345703125;0.8203125;0.875;0.21484375;0.8359375;0.890625;0.216796875;0.8515625;0.90625;0.220703125;0.7578125;0.8671875;0.212890625;0.35546875;0.83203125;0.8984375;0.220703125;0.859375;0.9140625;0.224609375;0.875;0.92578125;0.2255859375;0.8828125;0.9296875;0.2265625;0.890625;0.9296875;0.2275390625;0.802734375;0.8515625;0.21044921875;0.318359375;0.822265625;0.87109375;0.21484375;0.8359375;0.876953125;0.21630859375;0.7
84;84;76.7;0.125;0.375;0.765625;0.19921875;0.12890625;0.78125;0.828125;0.2109375;0.828125;0.875;0.21484375;0.75;0.84375;0.208984375;0.341796875;0.828125;0.890625;0.21875;0.84375;0.8984375;0.21875;0.859375;0.90625;0.22265625;0.765625;0.875;0.21484375;0.3564453125;0.84375;0.90625;0.22265625;0.87109375;0.921875;0.2265625;0.8828125;0.92578125;0.2275390625;0.890625;0.93359375;0.228515625;0.8984375;0.93359375;0.2294921875;0.80859375;0.837890625;0.20751953125;0.3046875;0.810546875;0.857421875;0.2119140625;0.82421875;0.86328125;0.21337890625;0.7;0.125;0.390625;0.75;0.1953125;0.12890625;0.78125;0.828125;0.20703125;0.828125;0.875;0.21484375;0.75;0.84375;0.20703125;0.345703125;0.828125;0.875;0.21484375;0.8359375;0.890625;0.216796875;0.8515625;0.90625;0.220703125;0.7578125;0.8671875;0.2119140625;0.35546875;0.83203125;0.8984375;0.220703125;0.859375;0.9140625;0.224609375;0.875;0.92578125;0.2255859375;0.8828125;0.9296875;0.2265625;0.890625;0.9296875;0.2275390625;0.80078125;0.8515625;0.21044921875;0.318359375;0.822265625;0.87109375;0.21484375;0.8359375;0.876953125;0.21630859375;0.7
85;85;76.81;0.125;0.375;0.765625;0.19921875;0.12890625;0.78125;0.828125;0.2109375;0.8125;0.875;0.21484375;0.75;0.84375;0.208984375;0.341796875;0.828125;0.8828125;0.21875;0.84375;0.8984375;0.21875;0.8515625;0.90625;0.220703125;0.76171875;0.87109375;0.21484375;0.353515625;0.84375;0.90625;0.22265625;0.8671875;0.921875;0.2265625;0.87890625;0.92578125;0.2265625;0.88671875;0.93359375;0.228515625;0.89453125;0.93359375;0.228515625;0.806640625;0.833984375;0.20654296875;0.30126953125;0.806640625;0.853515625;0.2109375;0.818359375;0.859375;0.21240234375;0.7;0.125;0.390625;0.75;0.1953125;0.12890625;0.78125;0.828125;0.20703125;0.828125;0.875;0.21484375;0.75;0.84375;0.20703125;0.345703125;0.8203125;0.875;0.21484375;0.8359375;0.890625;0.216796875;0.8515625;0.90625;0.220703125;0.7578125;0.8671875;0.2119140625;0.3544921875;0.83203125;0.89453125;0.2197265625;0.859375;0.9140625;0.224609375;0.875;0.92578125;0.2255859375;0.8828125;0.9296875;0.2265625;0.890625;0.9296875;0.2275390625;0.80078125;0.8515625;0.21044921875;0.31787109375;0.822265625;0.869140625;0.21435546875;0.8359375;0.876953125;0.21630859375;0.7
86;86;76.81;0.125;0.390625;0.765625;0.19921875;0.1328125;0.78125;0.84375;0.2109375;0.828125;0.875;0.21484375;0.75;0.84375;0.208984375;0.341796875;0.828125;0.890625;0.21875;0.8515625;0.8984375;0.21875;0.859375;0.90625;0.22265625;0.765625;0.875;0.2158203125;0.3564453125;0.84375;0.90625;0.22265625;0.87109375;0.921875;0.2265625;0.8828125;0.92578125;0.2275390625;0.890625;0.93359375;0.228515625;0.8984375;0.93359375;0.228515625;0.80859375;0.8359375;0.20751953125;0.30419921875;0.810546875;0.857421875;0.2119140625;0.822265625;0.86328125;0.2138671875;0.7;0.125;0.390625;0.75;0.1953125;0.12890625;0.78125;0.828125;0.20703125;0.828125;0.875;0.21484375;0.75;0.84375;0.20703125;0.345703125;0.8203125;0.875;0.21484375;0.8359375;0.890625;0.216796875;0.8515625;0.90625;0.220703125;0.7578125;0.8671875;0.212890625;0.35546875;0.83203125;0.8984375;0.220703125;0.859375;0.9140625;0.224609375;0.875;0.92578125;0.2255859375;0.8828125;0.9296875;0.2275390625;0.890625;0.9296875;0.2275390625;0.80078125;0.853515625;0.21044921875;0.318359375;0.822265625;0.87109375;0.21484375;0.8359375;0.876953125;0.21630859375;0.7
87;87;76.64;0.125;0.375;0.765625;0.19921875;0.1328125;0.78125;0.84375;0.2109375;0.828125;0.875;0.21484375;0.75;0.84375;0.208984375;0.341796875;0.828125;0.8828125;0.21875;0.84375;0.890625;0.216796875;0.8515625;0.8984375;0.220703125;0.76171875;0.8671875;0.2138671875;0.3525390625;0.83984375;0.90234375;0.2216796875;0.86328125;0.91796875;0.2255859375;0.87890625;0.92578125;0.2255859375;0.88671875;0.9296875;0.2275390625;0.89453125;0.93359375;0.2275390625;0.802734375;0.830078125;0.2060546875;0.2998046875;0.8046875;0.853515625;0.21044921875;0.818359375;0.861328125;0.21240234375;0.7;0.125;0.390625;0.75;0.1953125;0.12890625;0.78125;0.8125;0.20703125;0.8125;0.875;0.21484375;0.7421875;0.8359375;0.20703125;0.34375;0.8203125;0.875;0.21484375;0.8359375;0.890625;0.216796875;0.8515625;0.90625;0.220703125;0.75390625;0.8671875;0.2119140625;0.353515625;0.828125;0.89453125;0.2197265625;0.85546875;0.9140625;0.224609375;0.875;0.92578125;0.2255859375;0.8828125;0.9296875;0.2265625;0.890625;0.9296875;0.2275390625;0.80078125;0.8515625;0.21044921875;0.31787109375;0.822265625;0.87109375;0.21484375;0.8359375;0.876953125;0.21630859375;0.7
88;88;76.83;0.125;0.375;0.765625;0.19921875;0.12890625;0.78125;0.828125;0.2109375;0.828125;0.875;0.21484375;0.7421875;0.84375;0.208984375;0.341796875;0.828125;0.8828125;0.21875;0.84375;0.8984375;0.21875;0.859375;0.90625;0.22265625;0.765625;0.875;0.21484375;0.353515625;0.84375;0.90625;0.22265625;0.87109375;0.921875;0.2265625;0.8828125;0.9296875;0.2275390625;0.890625;0.93359375;0.228515625;0.8984375;0.9375;0.2294921875;0.80859375;0.837890625;0.20751953125;0.3046875;0.810546875;0.857421875;0.2119140625;0.82421875;0.865234375;0.2138671875;0.7;0.125;0.390625;0.75;0.1953125;0.12890625;0.78125;0.828125;0.20703125;0.828125;0.875;0.21484375;0.7421875;0.8359375;0.20703125;0.345703125;0.8203125;0.875;0.21484375;0.8359375;0.890625;0.216796875;0.8515625;0.90625;0.220703125;0.7578125;0.8671875;0.2119140625;0.3544921875;0.83203125;0.8984375;0.220703125;0.859375;0.9140625;0.224609375;0.875;0.92578125;0.2255859375;0.8828125;0.9296875;0.2265625;0.890625;0.9296875;0.2275390625;0.80078125;0.8515625;0.21044921875;0.31787109375;0.822265625;0.87109375;0.21484375;0.8359375;0.876953125;0.21630859375;0.7
89;89;76.71;0.109375;0.375;0.765625;0.19921875;0.12890625;0.78125;0.828125;0.2109375;0.8125;0.875;0.21484375;0.7421875;0.84375;0.208984375;0.33984375;0.828125;0.890625;0.21875;0.84375;0.8984375;0.21875;0.8515625;0.90625;0.22265625;0.76171875;0.87109375;0.21484375;0.353515625;0.84375;0.90625;0.22265625;0.8671875;0.921875;0.2265625;0.8828125;0.92578125;0.2275390625;0.890625;0.93359375;0.228515625;0.8984375;0.93359375;0.2294921875;0.80859375;0.837890625;0.20703125;0.3037109375;0.80859375;0.857421875;0.2119140625;0.82421875;0.865234375;0.21435546875;0.7;0.125;0.390625;0.75;0.1953125;0.12890625;0.78125;0.828125;0.20703125;0.828125;0.875;0.21484375;0.75;0.84375;0.20703125;0.345703125;0.828125;0.875;0.21484375;0.8359375;0.890625;0.216796875;0.8515625;0.90625;0.220703125;0.7578125;0.8671875;0.212890625;0.35546875;0.83203125;0.8984375;0.220703125;0.859375;0.9140625;0.224609375;0.875;0.92578125;0.2255859375;0.8828125;0.9296875;0.2265625;0.890625;0.9296875;0.2275390625;0.80078125;0.8515625;0.21044921875;0.318359375;0.822265625;0.87109375;0.21484375;0.8359375;0.876953125;0.21630859375;0.7
90;90;76.77;0.125;0.375;0.765625;0.19921875;0.12890625;0.78125;0.828125;0.2109375;0.8125;0.875;0.21484375;0.7421875;0.8359375;0.20703125;0.337890625;0.828125;0.8828125;0.21875;0.84375;0.890625;0.21875;0.8515625;0.90625;0.22265625;0.76171875;0.87109375;0.21484375;0.3525390625;0.83984375;0.90234375;0.2216796875;0.8671875;0.921875;0.2255859375;0.87890625;0.92578125;0.2265625;0.88671875;0.93359375;0.228515625;0.89453125;0.93359375;0.228515625;0.80859375;0.833984375;0.20703125;0.302734375;0.80859375;0.857421875;0.2119140625;0.822265625;0.865234375;0.21337890625;0.7;0.125;0.390625;0.75;0.1953125;0.12890625;0.78125;0.8125;0.20703125;0.828125;0.875;0.21484375;0.7421875;0.8359375;0.20703125;0.345703125;0.8203125;0.875;0.21484375;0.8359375;0.890625;0.216796875;0.8515625;0.90625;0.220703125;0.75390625;0.8671875;0.2119140625;0.3544921875;0.83203125;0.89453125;0.2197265625;0.859375;0.9140625;0.224609375;0.875;0.92578125;0.2255859375;0.8828125;0.9296875;0.2265625;0.890625;0.9296875;0.2275390625;0.80078125;0.8515625;0.21044921875;0.31787109375;0.82421875;0.87109375;0.21484375;0.8359375;0.87890625;0.21630859375;0.7
91;91;76.9;0.125;0.375;0.765625;0.19921875;0.1328125;0.78125;0.84375;0.2109375;0.828125;0.875;0.21484375;0.75;0.84375;0.208984375;0.34375;0.828125;0.890625;0.21875;0.84375;0.8984375;0.220703125;0.859375;0.90625;0.22265625;0.765625;0.87890625;0.2158203125;0.3564453125;0.84765625;0.90625;0.2236328125;0.87109375;0.921875;0.2265625;0.8828125;0.9296875;0.2275390625;0.890625;0.93359375;0.228515625;0.8984375;0.9375;0.228515625;0.810546875;0.837890625;0.20751953125;0.30517578125;0.810546875;0.859375;0.2119140625;0.82421875;0.86328125;0.21337890625;0.7;0.125;0.390625;0.75;0.1953125;0.12890625;0.78125;0.8125;0.20703125;0.828125;0.875;0.21484375;0.7421875;0.8359375;0.20703125;0.34375;0.8203125;0.875;0.21484375;0.8359375;0.890625;0.216796875;0.8515625;0.90625;0.220703125;0.75390625;0.8671875;0.2119140625;0.3544921875;0.83203125;0.89453125;0.220703125;0.859375;0.9140625;0.224609375;0.875;0.92578125;0.2255859375;0.8828125;0.9296875;0.2265625;0.890625;0.9296875;0.2275390625;0.80078125;0.8515625;0.21044921875;0.31787109375;0.822265625;0.87109375;0.21484375;0.8359375;0.876953125;0.21630859375;0.7
92;92;76.82;0.125;0.375;0.765625;0.19921875;0.12890625;0.78125;0.84375;0.2109375;0.828125;0.875;0.21484375;0.75;0.84375;0.208984375;0.34375;0.828125;0.8828125;0.21875;0.84375;0.8984375;0.21875;0.859375;0.90625;0.22265625;0.76171875;0.87109375;0.21484375;0.3544921875;0.84375;0.90234375;0.22265625;0.8671875;0.91796875;0.2255859375;0.87890625;0.92578125;0.2265625;0.88671875;0.9296875;0.228515625;0.89453125;0.93359375;0.228515625;0.8046875;0.83203125;0.2060546875;0.3017578125;0.8046875;0.853515625;0.2109375;0.818359375;0.861328125;0.212890625;0.7;0.125;0.390625;0.75;0.1953125;0.12890625;0.78125;0.8125;0.20703125;0.828125;0.875;0.21484375;0.7421875;0.8359375;0.20703125;0.345703125;0.8203125;0.875;0.21484375;0.8359375;0.890625;0.216796875;0.8515625;0.90625;0.220703125;0.7578125;0.8671875;0.2119140625;0.3544921875;0.83203125;0.8984375;0.220703125;0.859375;0.9140625;0.224609375;0.875;0.92578125;0.2255859375;0.8828125;0.9296875;0.2265625;0.890625;0.9296875;0.2275390625;0.80078125;0.8515625;0.21044921875;0.318359375;0.82421875;0.87109375;0.21484375;0.8359375;0.876953125;0.21630859375;0.7
93;93;76.89;0.125;0.375;0.765625;0.19921875;0.12890625;0.78125;0.828125;0.2109375;0.8125;0.875;0.21484375;0.7421875;0.84375;0.208984375;0.341796875;0.828125;0.890625;0.21875;0.84375;0.8984375;0.21875;0.8515625;0.90625;0.22265625;0.76171875;0.87109375;0.21484375;0.353515625;0.83984375;0.90234375;0.22265625;0.8671875;0.921875;0.2265625;0.87890625;0.92578125;0.2265625;0.88671875;0.93359375;0.228515625;0.89453125;0.93359375;0.228515625;0.806640625;0.833984375;0.20703125;0.30126953125;0.806640625;0.853515625;0.2109375;0.822265625;0.86328125;0.21337890625;0.7;0.125;0.390625;0.75;0.1953125;0.12890625;0.78125;0.8125;0.20703125;0.828125;0.875;0.21484375;0.7421875;0.8359375;0.20703125;0.34375;0.8203125;0.875;0.21484375;0.8359375;0.890625;0.21484375;0.8515625;0.90625;0.220703125;0.75390625;0.86328125;0.2119140625;0.353515625;0.828125;0.89453125;0.2197265625;0.85546875;0.9140625;0.2236328125;0.87109375;0.921875;0.2255859375;0.87890625;0.9296875;0.2265625;0.890625;0.9296875;0.2275390625;0.798828125;0.8515625;0.21044921875;0.31689453125;0.822265625;0.869140625;0.21484375;0.8359375;0.876953125;0.21630859375;0.7
94;94;76.84;0.109375;0.375;0.765625;0.19921875;0.125;0.78125;0.84375;0.2109375;0.828125;0.875;0.21484375;0.75;0.84375;0.208984375;0.341796875;0.828125;0.890625;0.21875;0.84375;0.8984375;0.21875;0.859375;0.90625;0.22265625;0.765625;0.87109375;0.21484375;0.35546875;0.84375;0.90625;0.22265625;0.8671875;0.921875;0.2265625;0.87890625;0.92578125;0.2265625;0.88671875;0.93359375;0.228515625;0.89453125;0.93359375;0.228515625;0.806640625;0.833984375;0.20654296875;0.3017578125;0.806640625;0.85546875;0.21142578125;0.8203125;0.86328125;0.21337890625;0.7;0.125;0.390625;0.75;0.1953125;0.12890625;0.78125;0.828125;0.20703125;0.828125;0.875;0.21484375;0.7421875;0.8359375;0.20703125;0.345703125;0.8203125;0.875;0.21484375;0.8359375;0.890625;0.216796875;0.8515625;0.90625;0.220703125;0.7578125;0.8671875;0.212890625;0.3544921875;0.83203125;0.8984375;0.220703125;0.859375;0.9140625;0.224609375;0.875;0.92578125;0.2255859375;0.8828125;0.9296875;0.2265625;0.890625;0.9296875;0.2275390625;0.80078125;0.8515625;0.21044921875;0.318359375;0.822265625;0.87109375;0.21484375;0.8359375;0.876953125;0.21630859375;0.7
95;95;77.01;0.109375;0.375;0.765625;0.19921875;0.12890625;0.78125;0.828125;0.2109375;0.8125;0.875;0.21484375;0.75;0.84375;0.208984375;0.33984375;0.828125;0.8828125;0.21875;0.84375;0.8984375;0.21875;0.859375;0.90625;0.22265625;0.76171875;0.87109375;0.21484375;0.3525390625;0.83984375;0.90234375;0.22265625;0.8671875;0.921875;0.2265625;0.87890625;0.92578125;0.2265625;0.88671875;0.93359375;0.228515625;0.8984375;0.93359375;0.228515625;0.80859375;0.8359375;0.20751953125;0.302734375;0.806640625;0.85546875;0.21142578125;0.8203125;0.861328125;0.212890625;0.7;0.125;0.390625;0.75;0.1953125;0.12890625;0.78125;0.828125;0.20703125;0.828125;0.875;0.21484375;0.75;0.84375;0.20703125;0.345703125;0.828125;0.875;0.216796875;0.8359375;0.890625;0.216796875;0.8515625;0.90625;0.220703125;0.7578125;0.87109375;0.212890625;0.3564453125;0.83203125;0.8984375;0.220703125;0.859375;0.9140625;0.224609375;0.875;0.92578125;0.2255859375;0.8828125;0.9296875;0.2265625;0.890625;0.9296875;0.2275390625;0.802734375;0.853515625;0.21044921875;0.31884765625;0.822265625;0.87109375;0.21484375;0.8359375;0.876953125;0.21630859375;0.7
96;96;77.02;0.125;0.375;0.765625;0.19921875;0.12890625;0.78125;0.828125;0.2109375;0.8125;0.859375;0.21484375;0.7421875;0.8359375;0.208984375;0.33984375;0.828125;0.8828125;0.21875;0.84375;0.890625;0.21875;0.8515625;0.8984375;0.22265625;0.7578125;0.8671875;0.2138671875;0.3505859375;0.83984375;0.90234375;0.2216796875;0.8671875;0.921875;0.2265625;0.87890625;0.92578125;0.2265625;0.88671875;0.93359375;0.228515625;0.89453125;0.93359375;0.228515625;0.806640625;0.8359375;0.20703125;0.3017578125;0.80859375;0.859375;0.2119140625;0.82421875;0.865234375;0.2138671875;0.7;0.125;0.390625;0.75;0.1953125;0.12890625;0.78125;0.828125;0.20703125;0.828125;0.875;0.21484375;0.75;0.84375;0.20703125;0.34765625;0.828125;0.875;0.216796875;0.84375;0.890625;0.216796875;0.859375;0.90625;0.220703125;0.76171875;0.87109375;0.212890625;0.357421875;0.8359375;0.8984375;0.220703125;0.86328125;0.91796875;0.224609375;0.875;0.92578125;0.2265625;0.8828125;0.9296875;0.2275390625;0.890625;0.93359375;0.2275390625;0.8046875;0.85546875;0.2109375;0.31982421875;0.82421875;0.87109375;0.21484375;0.837890625;0.876953125;0.21630859375;0.7
97;97;76.82;0.125;0.375;0.765625;0.19921875;0.12890625;0.78125;0.828125;0.2109375;0.8125;0.875;0.21484375;0.7421875;0.84375;0.208984375;0.33984375;0.828125;0.8828125;0.21875;0.84375;0.8984375;0.21875;0.859375;0.90625;0.22265625;0.765625;0.875;0.2158203125;0.3544921875;0.84375;0.90625;0.22265625;0.87109375;0.921875;0.2265625;0.8828125;0.9296875;0.2275390625;0.890625;0.93359375;0.228515625;0.8984375;0.9375;0.2294921875;0.810546875;0.837890625;0.2080078125;0.30517578125;0.8125;0.857421875;0.2119140625;0.82421875;0.865234375;0.21337890625;0.7;0.125;0.390625;0.75;0.1953125;0.12890625;0.78125;0.828125;0.20703125;0.828125;0.875;0.21484375;0.75;0.84375;0.20703125;0.345703125;0.828125;0.875;0.21484375;0.8359375;0.890625;0.216796875;0.8515625;0.90625;0.220703125;0.7578125;0.8671875;0.212890625;0.35546875;0.83203125;0.8984375;0.220703125;0.859375;0.9140625;0.224609375;0.875;0.92578125;0.2255859375;0.8828125;0.9296875;0.2265625;0.890625;0.9296875;0.2275390625;0.802734375;0.853515625;0.2109375;0.31884765625;0.82421875;0.87109375;0.21484375;0.837890625;0.876953125;0.21630859375;0.7
98;98;76.98;0.125;0.375;0.765625;0.19921875;0.12890625;0.78125;0.828125;0.2109375;0.8125;0.859375;0.21484375;0.7421875;0.8359375;0.208984375;0.33984375;0.828125;0.8828125;0.21875;0.84375;0.8984375;0.21875;0.8515625;0.90625;0.22265625;0.76171875;0.87109375;0.21484375;0.3544921875;0.83984375;0.90234375;0.22265625;0.8671875;0.921875;0.2265625;0.87890625;0.92578125;0.2275390625;0.88671875;0.93359375;0.228515625;0.8984375;0.93359375;0.2294921875;0.80859375;0.837890625;0.20751953125;0.30419921875;0.810546875;0.857421875;0.2119140625;0.82421875;0.865234375;0.2138671875;0.7;0.125;0.390625;0.75;0.1953125;0.12890625;0.78125;0.8125;0.20703125;0.828125;0.875;0.21484375;0.7421875;0.8359375;0.20703125;0.345703125;0.8203125;0.875;0.21484375;0.8359375;0.890625;0.216796875;0.8515625;0.90625;0.220703125;0.7578125;0.8671875;0.212890625;0.3544921875;0.83203125;0.8984375;0.220703125;0.859375;0.9140625;0.224609375;0.875;0.92578125;0.2255859375;0.8828125;0.9296875;0.2265625;0.890625;0.9296875;0.2275390625;0.80078125;0.8515625;0.21044921875;0.318359375;0.82421875;0.87109375;0.21484375;0.8359375;0.876953125;0.21630859375;0.7
99;99;76.75;0.109375;0.359375;0.75;0.1953125;0.12109375;0.78125;0.828125;0.20703125;0.8125;0.859375;0.21484375;0.7421875;0.8359375;0.208984375;0.337890625;0.828125;0.8828125;0.21875;0.84375;0.8984375;0.21875;0.8515625;0.90625;0.22265625;0.76171875;0.87109375;0.21484375;0.3525390625;0.84375;0.90234375;0.22265625;0.8671875;0.921875;0.2265625;0.8828125;0.9296875;0.2275390625;0.890625;0.93359375;0.228515625;0.8984375;0.9375;0.2294921875;0.8125;0.83984375;0.20849609375;0.30615234375;0.8125;0.861328125;0.21240234375;0.826171875;0.869140625;0.21435546875;0.7;0.125;0.390625;0.75;0.1953125;0.12890625;0.78125;0.828125;0.20703125;0.828125;0.875;0.21484375;0.75;0.84375;0.20703125;0.345703125;0.828125;0.875;0.21484375;0.8359375;0.890625;0.216796875;0.8515625;0.90625;0.220703125;0.7578125;0.8671875;0.212890625;0.3564453125;0.83203125;0.8984375;0.220703125;0.859375;0.9140625;0.224609375;0.875;0.92578125;0.2265625;0.8828125;0.9296875;0.2275390625;0.890625;0.93359375;0.2275390625;0.802734375;0.853515625;0.2109375;0.3193359375;0.82421875;0.87109375;0.21484375;0.837890625;0.876953125;0.21630859375;0.7
