Epoch,sparse_flops,val_set_gradient_magnitude,val_accuracy,test_set_gradient_magnitude,test_accuracy,individual,sigma,Architecture,Pruner,Dataset,Pruning Rate
-1,498487681.0,468.7420959472656,0.232,514.2774047851562,0.242,1,0.001,resnet18,GMP,imagenet,0.9
0,18693786525181.0,7.258557319641113,38.93,22.064144134521484,43.866,1,0.001,resnet18,GMP,imagenet,0.9
1,18693786525181.0,6.830765247344971,38.562,22.064144134521484,43.866,1,0.001,resnet18,GMP,imagenet,0.9
-1,498425647.0,505.120361328125,0.206,551.0372314453125,0.218,4,0.001,resnet18,GMP,imagenet,0.9
0,4673238866272.0,6.414182186126709,34.158,26.67059898376465,39.04,4,0.001,resnet18,GMP,imagenet,0.9
5,28036941069397.0,4.9091901779174805,44.634,16.573688507080078,48.74,4,0.001,resnet18,GMP,imagenet,0.9
10,51400643272522.0,6.262746334075928,47.39,17.657657623291016,50.706,4,0.001,resnet18,GMP,imagenet,0.9
15,70091605035022.0,6.603851318359375,48.702,14.056270599365234,51.506,4,0.001,resnet18,GMP,imagenet,0.9
