Epoch,sparse_flops,val_set_gradient_magnitude,val_accuracy,test_set_gradient_magnitude,test_accuracy,individual,sigma,Pruner,Architecture,Dataset,Pruning Rate
-1,0.0,74.17760467529297,0.312,83.59683990478516,0.466,0,0,LAMP,resnet18,imagenet,0.9
0,712749514935.0,1.753487229347229,9.77,5.1031880378723145,11.302,0,0,LAMP,resnet18,imagenet,0.9
2,1425499029870.0,1.4760125875473022,18.738,5.297394752502441,21.604,0,0,LAMP,resnet18,imagenet,0.9
-1,0.0,74.02769470214844,0.318,83.59683990478516,0.466,1,0,LAMP,resnet18,imagenet,0.9
0,712749514935.0,1.6489362716674805,10.242,5.0270094871521,11.596,1,0,LAMP,resnet18,imagenet,0.9
2,1425499029870.0,1.5760383605957031,18.644,5.247076988220215,21.462,1,0,LAMP,resnet18,imagenet,0.9
-1,0.0,74.12527465820312,0.376,83.59683990478516,0.466,2,0,LAMP,resnet18,imagenet,0.9
0,712749514935.0,1.5389121770858765,9.838,5.017680168151856,11.364,2,0,LAMP,resnet18,imagenet,0.9
2,1425499029870.0,1.4531594514846802,18.642,5.336127281188965,21.738,2,0,LAMP,resnet18,imagenet,0.9
