layer_names,pr
conv1,0.0
layer1.0.conv1,0.05517578
layer1.0.conv2,0.33587646
layer1.0.shortcut.0,0.12438965
layer2.0.conv1,0.053649902
layer2.0.conv2,0.14416674
layer2.0.shortcut.0,0.12371826
layer3.0.conv1,0.06062317
layer3.0.conv2,0.37341648
layer3.0.shortcut.0,0.26156044
linear,0.0
