layer_names,pr
features.0,0.0
features.4,0.5632324
features.8,0.43669975
features.11,0.44288465
features.15,0.34838867
features.18,0.44348484
features.21,0.42292786
features.24,0.380995
features.28,0.4118059
features.31,0.5016683
features.34,0.50804394
features.37,0.49934134
features.40,0.47875214
features.43,0.45307076
features.46,0.4644716
features.49,0.7254083
classifier,0.0
