layer_names,pr
features.0,0.0
features.4,0.150255
features.8,0.099839956
features.11,0.03893365
features.15,0.01586575
features.18,0.00034417046
features.21,0.00048828125
features.24,0.004820082
features.28,0.030537076
features.31,0.98166656
features.34,0.9993451
features.37,0.9990442
features.40,0.9668109
features.43,0.21453053
features.46,0.04762904
features.49,0.006595188
classifier,0.0
