layer_names,pr
features.0,0.0
features.4,0.0010850695
features.8,0.0017089844
features.11,0.0008002387
features.15,0.0021328395
features.18,0.0037197536
features.21,0.022193061
features.24,0.03582255
features.28,0.4881651
features.31,0.691519
features.34,0.6911019
features.37,0.6903695
features.40,0.68954766
features.43,0.68894196
features.46,0.6885452
features.49,0.6906963
classifier,0.0
