layer_names,pr
features.0,0.0
features.4,0.18104383
features.8,0.06816949
features.11,0.10120307
features.15,0.09529284
features.18,0.070165
features.21,0.08594428
features.24,0.11097039
features.28,0.25114357
features.31,0.6134118
features.34,0.9949744
features.37,0.99978215
features.40,0.98962486
features.43,0.86124843
features.46,0.6983092
features.49,0.566174
classifier,0.0
