layer_names,pr
features.0,0.0
features.4,0.10446506
features.8,0.004543728
features.11,0.0053032767
features.15,0.0057203504
features.18,0.011589898
features.21,0.015370687
features.24,0.0214013
features.28,0.07261234
features.31,0.18793021
features.34,0.5864635
features.37,0.796989
features.40,0.8117015
features.43,0.7826674
features.46,0.6587554
features.49,0.36646312
classifier,0.0
