layer_names,pr
features.0,0.0
features.4,0.006076389
features.8,0.006008572
features.11,0.008511013
features.15,0.019626193
features.18,0.010911729
features.21,0.008405898
features.24,0.020645142
features.28,0.48874748
features.31,0.691981
features.34,0.69098705
features.37,0.6903076
features.40,0.6898346
features.43,0.6896252
features.46,0.6888411
features.49,0.691416
classifier,0.0
