layer_names,pr
features.0,0.0
features.4,0.23868816
features.8,0.11223687
features.11,0.12072076
features.15,0.08795166
features.18,0.10530768
features.21,0.10769992
features.24,0.116495766
features.28,0.17166393
features.31,0.3528667
features.34,0.7924754
features.37,0.9529593
features.40,0.940147
features.43,0.8506978
features.46,0.5554733
features.49,0.45202172
classifier,0.0
