layer_names,pr
features.0,0.0
features.4,0.0672743
features.8,0.067884654
features.11,0.031155057
features.15,0.053870305
features.18,0.17992146
features.21,0.7179549
features.24,0.81830513
features.28,0.9731996
features.31,0.98384094
features.34,0.99161655
features.37,0.99274784
features.40,0.9780354
features.43,0.9362763
features.46,0.91179615
features.49,0.9141257
classifier,0.0
