layer_names,pr
features.0,0.0
features.4,0.19566515
features.8,0.071899414
features.11,0.078423396
features.15,0.07902697
features.18,0.093682185
features.21,0.101247154
features.24,0.11110263
features.28,0.16838074
features.31,0.35308287
features.34,0.8171272
features.37,0.9608205
features.40,0.9433339
features.43,0.84623635
features.46,0.5521524
features.49,0.4370893
classifier,0.0
