layer_names,pr
features.0,0.0
features.3,0.7576226
features.7,0.6121148
features.10,0.53953046
features.14,0.4341024
features.17,0.5313585
features.20,0.4939236
features.23,0.42314658
features.27,0.4395023
features.30,0.53999454
features.33,0.57277805
features.36,0.6406924
features.39,0.6703682
features.42,0.62066054
features.45,0.57469684
features.48,0.77062607
classifier,0.0
