layer_names,pr
features.0,0.0
features.3,0.7696669
features.7,0.62158203
features.10,0.5439046
features.14,0.46617973
features.17,0.5582411
features.20,0.50846016
features.23,0.42582533
features.27,0.456231
features.30,0.56572175
features.33,0.5865402
features.36,0.6237289
features.39,0.63955647
features.42,0.6007182
features.45,0.57410306
features.48,0.7752923
classifier,0.0
