layer_names,pr
features.0,0.0
features.3,0.8109267
features.7,0.7301975
features.10,0.679579
features.14,0.62834334
features.17,0.73283726
features.20,0.6991509
features.23,0.6248491
features.27,0.64917076
features.30,0.75698346
features.33,0.7835189
features.36,0.8332969
features.39,0.85497284
features.42,0.8310428
features.45,0.8050859
features.48,0.92729867
classifier,0.0
