layer_names,pr
features.0,0.0
features.3,0.6349555
features.7,0.3146566
features.10,0.1718343
features.14,0.064571805
features.17,0.0821991
features.20,0.07431708
features.23,0.061277602
features.27,0.063978404
features.30,0.08508471
features.33,0.09264967
features.36,0.107549034
features.39,0.11601257
features.42,0.09794024
features.45,0.08590189
features.48,0.13829634
classifier,0.0
