layer_names,pr
features.0,0.0
features.3,0.25279406
features.7,0.06068251
features.10,0.012491862
features.14,0.016496446
features.17,0.021136813
features.20,0.024958292
features.23,0.038697984
features.27,0.09534793
features.30,0.22570801
features.33,0.35632026
features.36,0.5266783
features.39,0.6130672
features.42,0.5828506
features.45,0.5478418
features.48,0.46372265
classifier,0.0
