layer_names,pr
features.0,0.0
features.3,0.7237685
features.7,0.58186847
features.10,0.49299452
features.14,0.3723789
features.17,0.46646458
features.20,0.42728847
features.23,0.35629612
features.27,0.37107933
features.30,0.4656779
features.33,0.49747214
features.36,0.5282199
features.39,0.52481335
features.42,0.48587078
features.45,0.46192592
features.48,0.67330384
classifier,0.0
