layer_names,pr
features.0,0.0
features.3,0.23857965
features.7,0.04188368
features.10,0.0022040473
features.14,0.006398519
features.17,0.0069647897
features.20,0.0048862034
features.23,0.0076378714
features.27,0.019333733
features.30,0.04390674
features.33,0.08469815
features.36,0.13521618
features.39,0.14975823
features.42,0.13988325
features.45,0.1408009
features.48,0.13366063
classifier,0.0
