layer_names,pr
features.0,0.0
features.3,0.3528917
features.7,0.043511286
features.10,0.016886393
features.14,0.017215304
features.17,0.024012247
features.20,0.037250094
features.23,0.05526564
features.27,0.12984297
features.30,0.29081598
features.33,0.4697062
features.36,0.69008553
features.39,0.7739639
features.42,0.7135387
features.45,0.6533364
features.48,0.5466063
classifier,0.0
