layer_names,pr
features.0,0.0
features.3,0.79386395
features.7,0.64366317
features.10,0.5394423
features.14,0.43321738
features.17,0.5298801
features.20,0.4840359
features.23,0.42094252
features.27,0.4519365
features.30,0.5617926
features.33,0.594688
features.36,0.6308441
features.39,0.6503961
features.42,0.60695267
features.45,0.56830895
features.48,0.7725737
classifier,0.0
