layer_names,pr
features.0,0.0
features.3,0.49433053
features.7,0.11996799
features.10,0.068868004
features.14,0.073638916
features.17,0.09821574
features.20,0.13438585
features.23,0.20320469
features.27,0.46945953
features.30,0.77560765
features.33,0.909356
features.36,0.9623006
features.39,0.970929
features.42,0.9646827
features.45,0.93327075
features.48,0.90269005
classifier,0.0
