layer_names,pr
features.0,0.0
features.3,0.34955513
features.7,0.05695258
features.10,0.025546603
features.14,0.02629598
features.17,0.036168415
features.20,0.051076252
features.23,0.07772997
features.27,0.19232263
features.30,0.40302446
features.33,0.5938721
features.36,0.79108304
features.39,0.8565233
features.42,0.83322483
features.45,0.7874658
features.48,0.6759012
classifier,0.0
