layer_names,pr
features.0,0.0
features.3,0.40318468
features.7,0.07027181
features.10,0.038343642
features.14,0.039839003
features.17,0.054840088
features.20,0.08031379
features.23,0.11956957
features.27,0.28786892
features.30,0.5625958
features.33,0.76265633
features.36,0.8972766
features.39,0.92824936
features.42,0.906403
features.45,0.8637882
features.48,0.7946057
classifier,0.0
