layer_names,pr
features.0,0.0
features.3,0.8194716
features.7,0.7600911
features.10,0.69648576
features.14,0.6477051
features.17,0.7558136
features.20,0.7237023
features.23,0.63397896
features.27,0.6658122
features.30,0.77147037
features.33,0.791882
features.36,0.82568955
features.39,0.8353555
features.42,0.81379914
features.45,0.7973514
features.48,0.9296218
classifier,0.0
