layer_names,pr
features.0,0.0
features.3,0.32137045
features.7,0.028455947
features.10,0.010945638
features.14,0.015702989
features.17,0.023610434
features.20,0.026319716
features.23,0.034245808
features.27,0.08655633
features.30,0.19325383
features.33,0.36608845
features.36,0.6045566
features.39,0.7086385
features.42,0.59829587
features.45,0.46078408
features.48,0.389253
classifier,0.0
