layer_names,pr
features.0,0.0
features.3,0.7775608
features.7,0.66486275
features.10,0.5524021
features.14,0.45020887
features.17,0.55008274
features.20,0.5115102
features.23,0.4308777
features.27,0.44804212
features.30,0.54710174
features.33,0.56794524
features.36,0.62940896
features.39,0.6539756
features.42,0.6113006
features.45,0.58209187
features.48,0.7779346
classifier,0.0
