layer_names,pr
features.0,0.0
features.3,0.3513726
features.7,0.028605143
features.10,0.025946723
features.14,0.025200738
features.17,0.034361098
features.20,0.04878235
features.23,0.07850477
features.27,0.19178517
features.30,0.41004646
features.33,0.65071106
features.36,0.8088591
features.39,0.865704
features.42,0.8172391
features.45,0.7258839
features.48,0.6647208
classifier,0.0
