layer_names,pr
features.0,0.0
features.3,0.68806964
features.7,0.34895834
features.10,0.18533665
features.14,0.07118395
features.17,0.093182035
features.20,0.080841064
features.23,0.0641666
features.27,0.06476339
features.30,0.08183331
features.33,0.0900667
features.36,0.10020828
features.39,0.10606512
features.42,0.09995312
features.45,0.090963155
features.48,0.14528105
classifier,0.0
