layer_names,pr
features.0,0.0
features.3,0.38848197
features.7,0.14948188
features.10,0.06665717
features.14,0.06777954
features.17,0.09344652
features.20,0.12982348
features.23,0.1972368
features.27,0.46734366
features.30,0.7775595
features.33,0.9038794
features.36,0.95885
features.39,0.96906406
features.42,0.96208787
features.45,0.9404305
features.48,0.9134505
classifier,0.0
