layer_names,pr
features.0,0.0
features.3,0.3295356
features.7,0.038601346
features.10,0.0060356986
features.14,0.006527371
features.17,0.012573242
features.20,0.016626993
features.23,0.020702787
features.27,0.05148485
features.30,0.13068093
features.33,0.28614596
features.36,0.48727587
features.39,0.5614391
features.42,0.460996
features.45,0.32749727
features.48,0.24551095
classifier,0.0
