layer_names,pr
features.0,0.0
features.3,0.74020725
features.7,0.5151503
features.10,0.40463597
features.14,0.28531224
features.17,0.36029053
features.20,0.33223978
features.23,0.2789137
features.27,0.29224396
features.30,0.370636
features.33,0.39357123
features.36,0.4201266
features.39,0.4241032
features.42,0.38946915
features.45,0.36548063
features.48,0.5527623
classifier,0.0
