layer_names,pr
features.0,0.0
features.3,0.85839844
features.7,0.81070966
features.10,0.7723931
features.14,0.77888995
features.17,0.86583966
features.20,0.8407881
features.23,0.7691311
features.27,0.8010228
features.30,0.8896773
features.33,0.8986999
features.36,0.91316307
features.39,0.9212799
features.42,0.9172821
features.45,0.91793525
features.48,0.974066
classifier,0.0
