layer_names,pr
features.0,0.0
features.3,0.6835395
features.7,0.38907877
features.10,0.24201795
features.14,0.13438585
features.17,0.17503527
features.20,0.1607666
features.23,0.12956916
features.27,0.13632117
features.30,0.17479451
features.33,0.1940295
features.36,0.21668413
features.39,0.21966553
features.42,0.19345856
features.45,0.17588721
features.48,0.28308868
classifier,0.0
