layer_names,pr
features.0,0.0
features.3,0.69954425
features.7,0.5214708
features.10,0.4236518
features.14,0.29290092
features.17,0.37324014
features.20,0.33761597
features.23,0.27860513
features.27,0.28962284
features.30,0.36861885
features.33,0.39712355
features.36,0.42446688
features.39,0.42014313
features.42,0.38381916
features.45,0.36191347
features.48,0.55517113
classifier,0.0
