layer_names,pr
features.0,0.0
features.3,0.554362
features.7,0.19694011
features.10,0.1545071
features.14,0.16235012
features.17,0.22519429
features.20,0.31981742
features.23,0.48085868
features.27,0.8297204
features.30,0.9714076
features.33,0.993109
features.36,0.995068
features.39,0.99454623
features.42,0.9940665
features.45,0.988466
features.48,0.98317975
classifier,0.0
