layer_names,pr
features.0,0.0
features.3,0.81811523
features.7,0.7031657
features.10,0.66710067
features.14,0.59105426
features.17,0.6833598
features.20,0.63105434
features.23,0.53457475
features.27,0.56634015
features.30,0.67521626
features.33,0.6799732
features.36,0.703367
features.39,0.72113377
features.42,0.7002148
features.45,0.6919433
features.48,0.8714642
classifier,0.0
