layer_names,pr
features.0,0.0
features.3,0.39274088
features.7,0.060750324
features.10,0.038479276
features.14,0.044474285
features.17,0.061979506
features.20,0.081351385
features.23,0.11920166
features.27,0.29156324
features.30,0.56510377
features.33,0.7756479
features.36,0.9210964
features.39,0.94731647
features.42,0.90785474
features.45,0.83054185
features.48,0.76408726
classifier,0.0
