layer_names,pr
features.0,0.0
features.3,0.76657444
features.7,0.4720459
features.10,0.34720188
features.14,0.22737291
features.17,0.2814314
features.20,0.24199422
features.23,0.19552273
features.27,0.21133678
features.30,0.26836312
features.33,0.29387748
features.36,0.32041633
features.39,0.317983
features.42,0.2899403
features.45,0.26950794
features.48,0.42296812
classifier,0.0
