layer_names,pr
features.0,0.0
features.3,0.7976074
features.7,0.54051375
features.10,0.49487305
features.14,0.37823486
features.17,0.47479078
features.20,0.41952175
features.23,0.3428718
features.27,0.37009346
features.30,0.47325814
features.33,0.50329506
features.36,0.5250299
features.39,0.52411354
features.42,0.48177084
features.45,0.4607298
features.48,0.6720848
classifier,0.0
