PR,Sigma,P value (greater than),Diff with mean (det-sto),Det performance
0.8,0.001,0.999999999999851,20.284999999999997,55.72
0.8,0.003,1.0,45.72,55.72
0.8,0.005,1.0,45.72,55.72
0.85,0.001,0.9999999999960257,16.03,33.0
0.85,0.003,1.0,23.0,33.0
0.85,0.005,1.0,23.0,33.0
0.9,0.001,,0.0,10.0
0.9,0.003,,0.0,10.0
0.9,0.005,,0.0,10.0
0.95,0.001,,0.0,10.0
0.95,0.003,,0.0,10.0
0.95,0.005,,0.0,10.0
