layer_names,pr
features.0,0.0
features.3,0.7167155
features.7,0.5455051
features.10,0.4112074
features.14,0.26280722
features.17,0.33666992
features.20,0.31879342
features.23,0.26983812
features.27,0.28706613
features.30,0.35926226
features.33,0.3875372
features.36,0.4321789
features.39,0.44339794
features.42,0.39697987
features.45,0.36483425
features.48,0.54790413
classifier,0.0
