layer_names,pr
features.0,0.0
features.3,0.7942708
features.7,0.64316136
features.10,0.55911595
features.14,0.46748182
features.17,0.5718486
features.20,0.5174001
features.23,0.43467033
features.27,0.46615684
features.30,0.57183963
features.33,0.5966763
features.36,0.6218995
features.39,0.62265736
features.42,0.5873816
features.45,0.56980217
features.48,0.78042096
classifier,0.0
