layer_names,pr
features.0,0.0
features.3,0.8300239
features.7,0.7574056
features.10,0.67786324
features.14,0.6428731
features.17,0.75527275
features.20,0.7201996
features.23,0.63234967
features.27,0.6674076
features.30,0.77491
features.33,0.7990358
features.36,0.82883877
features.39,0.8316265
features.42,0.80648845
features.45,0.7969589
features.48,0.92961884
classifier,0.0
