layer_names,pr
features.0,0.0
features.3,0.6484104
features.7,0.43393284
features.10,0.26470947
features.14,0.12953694
features.17,0.1658766
features.20,0.15333049
features.23,0.12879436
features.27,0.13550738
features.30,0.17622884
features.33,0.19426346
features.36,0.21903737
features.39,0.22636455
features.42,0.19459915
features.45,0.17180718
features.48,0.27839196
classifier,0.0
