layer_names,pr
features.0,0.0
features.3,0.36102974
features.7,0.025173612
features.10,0.007663303
features.14,0.008266873
features.17,0.015209622
features.20,0.01934984
features.23,0.023269653
features.27,0.06010776
features.30,0.14384164
features.33,0.25826985
features.36,0.39981207
features.39,0.50091004
features.42,0.4751536
features.45,0.3880204
features.48,0.32685387
classifier,0.0
