layer_names,pr
features.0,0.0
features.3,0.24533421
features.7,0.037027996
features.10,0.0049031577
features.14,0.0047776964
features.17,0.0065171984
features.20,0.009099324
features.23,0.014277141
features.27,0.035543654
features.30,0.08494398
features.33,0.17219967
features.36,0.30522454
features.39,0.36392593
features.42,0.29077613
features.45,0.24449158
features.48,0.20417362
classifier,0.0
