layer_names,pr
features.0,0.0
features.3,0.3012153
features.7,0.06796604
features.10,0.011793349
features.14,0.011732314
features.17,0.016062418
features.20,0.021414863
features.23,0.032443576
features.27,0.086256236
features.30,0.19591692
features.33,0.3233223
features.36,0.5043339
features.39,0.6180195
features.42,0.6195344
features.45,0.5803392
features.48,0.48264143
classifier,0.0
