layer_names,pr
features.0,0.0
features.3,0.79286027
features.7,0.7221137
features.10,0.6574368
features.14,0.6262071
features.17,0.732137
features.20,0.69770813
features.23,0.6274753
features.27,0.6595349
features.30,0.77416015
features.33,0.7956119
features.36,0.8298819
features.39,0.8474477
features.42,0.8185031
features.45,0.79683685
features.48,0.9266408
classifier,0.0
