layer_names,pr
features.0,0.0
features.3,0.33580187
features.7,0.08638509
features.10,0.040445965
features.14,0.041663274
features.17,0.056193035
features.20,0.081593834
features.23,0.11840481
features.27,0.29886627
features.30,0.5871459
features.33,0.77078885
features.36,0.8884519
features.39,0.929618
features.42,0.91019315
features.45,0.8439437
features.48,0.7797576
classifier,0.0
