layer_names,pr
features.0,0.0
features.3,0.7548557
features.7,0.5563965
features.10,0.3947822
features.14,0.28911337
features.17,0.37799412
features.20,0.34040323
features.23,0.274292
features.27,0.29099867
features.30,0.36601937
features.33,0.39450285
features.36,0.42887837
features.39,0.4200126
features.42,0.38088268
features.45,0.3650038
features.48,0.5547837
classifier,0.0
