layer_names,pr
features.0,0.0
features.3,0.7423503
features.7,0.6015489
features.10,0.54521346
features.14,0.4631958
features.17,0.56142
features.20,0.5148231
features.23,0.42947727
features.27,0.45565966
features.30,0.5527704
features.33,0.5711712
features.36,0.6103728
features.39,0.64052457
features.42,0.61562985
features.45,0.5885192
features.48,0.7850041
classifier,0.0
