layer_names,pr
features.0,0.0
features.3,0.36013454
features.7,0.052897137
features.10,0.004638672
features.14,0.005259196
features.17,0.006754557
features.20,0.009362115
features.23,0.013888889
features.27,0.036450703
features.30,0.08976576
features.33,0.17465591
features.36,0.2668139
features.39,0.33999676
features.42,0.30589676
features.45,0.26219898
features.48,0.22359255
classifier,0.0
