layer_names,pr
features.0,0.0
features.3,0.37708876
features.7,0.055799697
features.10,0.007229275
features.14,0.007548014
features.17,0.0179952
features.20,0.02234904
features.23,0.023293389
features.27,0.061757404
features.30,0.13602489
features.33,0.25085196
features.36,0.41311392
features.39,0.52885437
features.42,0.45604494
features.45,0.3790173
features.48,0.3255861
classifier,0.0
