layer_names,pr
features.0,0.0
features.3,0.26220703
features.7,0.0051405164
features.10,0.0041910806
features.14,0.004421658
features.17,0.0060017905
features.20,0.008463542
features.23,0.013361613
features.27,0.033553228
features.30,0.08005905
features.33,0.17639457
features.36,0.30422
features.39,0.37754652
features.42,0.29949868
features.45,0.22811
features.48,0.20224041
classifier,0.0
