layer_names,pr
features.0,0.0
features.3,0.7618544
features.7,0.64523655
features.10,0.53582764
features.14,0.41768053
features.17,0.51994324
features.20,0.49521384
features.23,0.42927212
features.27,0.4561335
features.30,0.5558103
features.33,0.5865991
features.36,0.6378517
features.39,0.6527019
features.42,0.60649276
features.45,0.57092583
features.48,0.7733023
classifier,0.0
