layer_names,pr
features.0,0.0
features.3,0.725179
features.7,0.4446479
features.10,0.3196072
features.14,0.23266602
features.17,0.28761292
features.20,0.26408386
features.23,0.21190558
features.27,0.22159916
features.30,0.28470147
features.33,0.2890163
features.36,0.30451837
features.39,0.30391228
features.42,0.27956602
features.45,0.27149072
features.48,0.43612248
classifier,0.0
