layer_names,pr
features.0,0.0
features.3,0.85264754
features.7,0.82280815
features.10,0.7697415
features.14,0.7635634
features.17,0.853675
features.20,0.83046126
features.23,0.76386005
features.27,0.79367995
features.30,0.88055843
features.33,0.8910607
features.36,0.91753554
features.39,0.9316139
features.42,0.9263912
features.45,0.923495
features.48,0.97385406
classifier,0.0
