layer_names,pr
features.0,0.0
features.3,0.72751194
features.7,0.52019584
features.10,0.39570448
features.14,0.27624512
features.17,0.35450065
features.20,0.32947457
features.23,0.26956517
features.27,0.28396267
features.30,0.35813946
features.33,0.39162233
features.36,0.43128458
features.39,0.43746608
features.42,0.39431846
features.45,0.36366484
features.48,0.5500022
classifier,0.0
