layer_names,pr
features.0,0.0
features.3,0.8302138
features.7,0.6835259
features.10,0.63694257
features.14,0.55845135
features.17,0.66515094
features.20,0.6282467
features.23,0.538564
features.27,0.56106144
features.30,0.6803089
features.33,0.6962526
features.36,0.7204297
features.39,0.7306099
features.42,0.69294995
features.45,0.6746686
features.48,0.8613739
classifier,0.0
