layer_names,pr
features.0,0.0
features.3,0.36309135
features.7,0.087524414
features.10,0.025363497
features.14,0.02533298
features.17,0.03827752
features.20,0.054100886
features.23,0.078562416
features.27,0.19521077
features.30,0.43220437
features.33,0.6386795
features.36,0.7916815
features.39,0.8519406
features.42,0.8196873
features.45,0.7450612
features.48,0.6578696
classifier,0.0
