layer_names,pr
features.0,0.0
features.3,0.23882379
features.7,0.019354926
features.10,0.0021837023
features.14,0.0020684137
features.17,0.0028771295
features.20,0.0055321585
features.23,0.008205838
features.27,0.015702989
features.30,0.037710402
features.33,0.06894514
features.36,0.13777034
features.39,0.19619115
features.42,0.161115
features.45,0.1332851
features.48,0.0966835
classifier,0.0
