layer_names,pr
features.0,0.0
features.3,0.76820207
features.7,0.60791016
features.10,0.51245797
features.14,0.37956747
features.17,0.4744551
features.20,0.42656624
features.23,0.34809706
features.27,0.35671574
features.30,0.43899283
features.33,0.46588558
features.36,0.5071513
features.39,0.5384852
features.42,0.52021366
features.45,0.48641333
features.48,0.68393326
classifier,0.0
