layer_names,pr
features.0,0.0
features.3,0.4283854
features.7,0.09754774
features.10,0.017537436
features.14,0.019120958
features.17,0.029917398
features.20,0.03974745
features.23,0.055058796
features.27,0.14290959
features.30,0.32141665
features.33,0.49558598
features.36,0.6582828
features.39,0.7204755
features.42,0.7117068
features.45,0.6545236
features.48,0.5643323
classifier,0.0
