layer_names,pr
features.0,0.0
features.3,0.30932617
features.7,0.013156467
features.10,0.0115153
features.14,0.011454265
features.17,0.015608046
features.20,0.021843804
features.23,0.03532579
features.27,0.087520175
features.30,0.20376036
features.33,0.3939972
features.36,0.5790503
features.39,0.6682167
features.42,0.58057237
features.45,0.47511208
features.48,0.4236908
classifier,0.0
