layer_names,pr
features.0,0.0
features.3,0.4430881
features.7,0.24861653
features.10,0.16674805
features.14,0.16889784
features.17,0.22904968
features.20,0.3130527
features.23,0.4583147
features.27,0.82444507
features.30,0.9729483
features.33,0.99418133
features.36,0.9953872
features.39,0.9946353
features.42,0.9948226
features.45,0.99122363
features.48,0.98418593
classifier,0.0
