layer_names,pr
features.0,0.0
features.3,0.81724715
features.7,0.6952989
features.10,0.6276313
features.14,0.55303276
features.17,0.6595442
features.20,0.6059231
features.23,0.518119
features.27,0.5436723
features.30,0.6535916
features.33,0.6850925
features.36,0.73233753
features.39,0.74613273
features.42,0.71020633
features.45,0.6857876
features.48,0.8653276
classifier,0.0
