layer_names,pr
features.0,0.0
features.3,0.79570854
features.7,0.6541341
features.10,0.56361896
features.14,0.4697062
features.17,0.5716553
features.20,0.5271861
features.23,0.43951416
features.27,0.46068743
features.30,0.5591049
features.33,0.57131153
features.36,0.6144265
features.39,0.62842435
features.42,0.6018422
features.45,0.5852725
features.48,0.78849626
classifier,0.0
