layer_names,pr
features.0,0.0
features.3,0.78255206
features.7,0.5920817
features.10,0.5285848
features.14,0.4133979
features.17,0.4927131
features.20,0.4396057
features.23,0.35819668
features.27,0.37920126
features.30,0.47251087
features.33,0.4775772
features.36,0.4997317
features.39,0.514417
features.42,0.48821893
features.45,0.47522652
features.48,0.6868346
classifier,0.0
