layer_names,pr
features.0,0.0
features.3,0.77194554
features.7,0.6070421
features.10,0.46910265
features.14,0.36924574
features.17,0.47164407
features.20,0.42938742
features.23,0.35133192
features.27,0.37213218
features.30,0.4629682
features.33,0.49444538
features.36,0.5326771
features.39,0.52518463
features.42,0.48259693
features.45,0.46479926
features.48,0.6738527
classifier,0.0
