layer_names,pr
features.0,0.0
features.3,0.6962348
features.7,0.35076225
features.10,0.17393664
features.14,0.07461887
features.17,0.09693909
features.20,0.08137342
features.23,0.064702354
features.27,0.06922828
features.30,0.08950594
features.33,0.096193105
features.36,0.10311423
features.39,0.10187827
features.42,0.09201389
features.45,0.08628888
features.48,0.14203686
classifier,0.0
