layer_names,pr
features.0,0.0
features.3,0.3197971
features.7,0.027886285
features.10,0.0021091038
features.14,0.0062018503
features.17,0.0069240993
features.20,0.0041537816
features.23,0.0063798693
features.27,0.01621755
features.30,0.03817961
features.33,0.07940081
features.36,0.14104165
features.39,0.19711219
features.42,0.16436344
features.45,0.11361143
features.48,0.09547976
classifier,0.0
