layer_names,pr
features.0,0.0
features.3,0.72721356
features.7,0.4657932
features.10,0.3196411
features.14,0.23286946
features.17,0.28959146
features.20,0.2526703
features.23,0.20448811
features.27,0.21369594
features.30,0.27436575
features.33,0.2919642
features.36,0.30852592
features.39,0.30708313
features.42,0.28659186
features.45,0.27318826
features.48,0.43505308
classifier,0.0
