layer_names,pr
features.0,0.0
features.3,0.27818468
features.7,0.08181424
features.10,0.0049370658
features.14,0.0049743652
features.17,0.0067019993
features.20,0.00928243
features.23,0.014382256
features.27,0.037139043
features.30,0.09313626
features.33,0.17606099
features.36,0.2798182
features.39,0.3105032
features.42,0.28046587
features.45,0.28663507
features.48,0.23626031
classifier,0.0
