layer_names,pr
features.0,0.0
features.3,0.32411024
features.7,0.13674587
features.10,0.065585665
features.14,0.06618246
features.17,0.09073385
features.20,0.12571546
features.23,0.19224888
features.27,0.45828247
features.30,0.76966095
features.33,0.9123374
features.36,0.9673928
features.39,0.97580844
features.42,0.96599793
features.45,0.9403148
features.48,0.90296257
classifier,0.0
