layer_names,pr
features.0,0.0
features.3,0.8343913
features.7,0.7467041
features.10,0.67493355
features.14,0.6229045
features.17,0.72798836
features.20,0.68800694
features.23,0.620775
features.27,0.6616448
features.30,0.7752516
features.33,0.7997178
features.36,0.82867897
features.39,0.8442158
features.42,0.8186934
features.45,0.7972747
features.48,0.92723465
classifier,0.0
