layer_names,pr
features.0,0.0
features.3,0.40535483
features.7,0.11804199
features.10,0.036621094
features.14,0.04208035
features.17,0.056828815
features.20,0.077190824
features.23,0.123304576
features.27,0.29348502
features.30,0.5628162
features.33,0.76927483
features.36,0.8993149
features.39,0.9371715
features.42,0.91322243
features.45,0.8377698
features.48,0.7908478
classifier,0.0
