layer_names,pr
features.0,0.0
features.3,0.36680773
features.7,0.07519531
features.10,0.010057237
features.14,0.010677761
features.17,0.014639961
features.20,0.021255493
features.23,0.032462224
features.27,0.084227666
features.30,0.19512558
features.33,0.36270183
features.36,0.57516986
features.39,0.71308476
features.42,0.6444766
features.45,0.4647043
features.48,0.3692394
classifier,0.0
