layer_names,pr
features.0,0.0
features.3,0.7484538
features.7,0.55230033
features.10,0.44126382
features.14,0.29877725
features.17,0.3798845
features.20,0.33719212
features.23,0.2710995
features.27,0.27809906
features.30,0.34514958
features.33,0.36922878
features.36,0.40519798
features.39,0.43219927
features.42,0.41431427
features.45,0.38266543
features.48,0.5650211
classifier,0.0
