layer_names,pr
features.0,0.0
features.3,0.40782335
features.7,0.07043457
features.10,0.01812066
features.14,0.01961602
features.17,0.026067099
features.20,0.036124334
features.23,0.05445014
features.27,0.13716973
features.30,0.30255848
features.33,0.47063828
features.36,0.6585312
features.39,0.7462425
features.42,0.70561856
features.45,0.670091
features.48,0.5786044
classifier,0.0
