layer_names,pr
features.0,0.0
features.3,0.77053493
features.7,0.587538
features.10,0.51486546
features.14,0.3882921
features.17,0.4760369
features.20,0.43585885
features.23,0.35881212
features.27,0.37865365
features.30,0.47977787
features.33,0.4880015
features.36,0.50784004
features.39,0.51788116
features.42,0.48409188
features.45,0.46762297
features.48,0.6788525
classifier,0.0
