layer_names,pr
features.0,0.0
features.3,0.7074653
features.7,0.4592014
features.10,0.2598131
features.14,0.14041816
features.17,0.17957391
features.20,0.16172451
features.23,0.12932163
features.27,0.13569641
features.30,0.1712371
features.33,0.18077892
features.36,0.21303813
features.39,0.22432964
features.42,0.19600677
features.45,0.1808408
features.48,0.28594548
classifier,0.0
