layer_names,pr
features.0,0.0
features.3,0.7190484
features.7,0.45567492
features.10,0.32887778
features.14,0.21024916
features.17,0.26937526
features.20,0.24645488
features.23,0.20550877
features.27,0.2152888
features.30,0.27522787
features.33,0.29412758
features.36,0.31575775
features.39,0.31816992
features.42,0.28955248
features.45,0.26947868
features.48,0.4227083
classifier,0.0
