layer_names,pr
features.0,0.0
features.3,0.74121094
features.7,0.3508979
features.10,0.24759929
features.14,0.14892578
features.17,0.19271003
features.20,0.17338902
features.23,0.13695441
features.27,0.14272563
features.30,0.18683413
features.33,0.19790523
features.36,0.20882542
features.39,0.20783997
features.42,0.18540022
features.45,0.17363273
features.48,0.2826733
classifier,0.0
