layer_names,pr
features.0,0.0
features.3,0.6848958
features.7,0.31659615
features.10,0.1529541
features.14,0.07821655
features.17,0.09748501
features.20,0.08214484
features.23,0.065468684
features.27,0.068741694
features.30,0.08888711
features.33,0.09547467
features.36,0.10102505
features.39,0.09999932
features.42,0.09320577
features.45,0.08764437
features.48,0.14662382
classifier,0.0
