layer_names,pr
features.0,0.0
features.3,0.44371203
features.7,0.1481391
features.10,0.063456215
features.14,0.07095676
features.17,0.0958608
features.20,0.1332906
features.23,0.21085443
features.27,0.4734794
features.30,0.77536774
features.33,0.9108336
features.36,0.96194583
features.39,0.97185516
features.42,0.9637985
features.45,0.92954594
features.48,0.9030143
classifier,0.0
