layer_names,pr
features.0,0.0
features.3,0.28735352
features.7,0.008409288
features.10,0.007710775
features.14,0.007398817
features.17,0.0100911455
features.20,0.014122857
features.23,0.022801718
features.27,0.05695004
features.30,0.13461092
features.33,0.28028998
features.36,0.44610596
features.39,0.5342462
features.42,0.44375357
features.45,0.3495369
features.48,0.31038073
classifier,0.0
