layer_names,pr
features.0,0.0
features.3,0.7659505
features.7,0.585829
features.10,0.47164577
features.14,0.39435154
features.17,0.4794091
features.20,0.43102518
features.23,0.35514492
features.27,0.37160745
features.30,0.46765476
features.33,0.4904035
features.36,0.5141716
features.39,0.51543003
features.42,0.48859236
features.45,0.47065014
features.48,0.68403965
classifier,0.0
