layer_names,pr
features.0,0.0
features.3,0.30810547
features.7,0.054185655
features.10,0.004340278
features.14,0.0047166613
features.17,0.01047092
features.20,0.012951321
features.23,0.014368693
features.27,0.03671519
features.30,0.097012416
features.33,0.18247223
features.36,0.291058
features.39,0.33667374
features.42,0.30059135
features.45,0.25116095
features.48,0.2027325
classifier,0.0
