layer_names,pr
features.0,0.0
features.3,0.6749946
features.7,0.45732963
features.10,0.34882948
features.14,0.21684773
features.17,0.2796563
features.20,0.24973212
features.23,0.20451525
features.27,0.21288045
features.30,0.2739919
features.33,0.29729715
features.36,0.3194245
features.39,0.3147316
features.42,0.28467008
features.45,0.26670414
features.48,0.42483097
classifier,0.0
