layer_names,pr
features.0,0.0
features.3,0.71188694
features.7,0.26165092
features.10,0.14801025
features.14,0.07505968
features.17,0.09650675
features.20,0.08578152
features.23,0.06693014
features.27,0.0705897
features.30,0.09300783
features.33,0.09781223
features.36,0.10340881
features.39,0.102645874
features.42,0.090788096
features.45,0.084789276
features.48,0.14045292
classifier,0.0
