layer_names,pr
features.0,0.0
features.3,0.79136825
features.7,0.6520725
features.10,0.5450168
features.14,0.45662096
features.17,0.55888027
features.20,0.52372235
features.23,0.44422913
features.27,0.4582672
features.30,0.5670009
features.33,0.594624
features.36,0.6267128
features.39,0.62979084
features.42,0.592347
features.45,0.5689977
features.48,0.77642655
classifier,0.0
