layer_names,pr
features.0,0.0
features.3,0.76538086
features.7,0.5326335
features.10,0.45069715
features.14,0.3283793
features.17,0.39587232
features.20,0.34772745
features.23,0.27968004
features.27,0.29675716
features.30,0.37477916
features.33,0.37954712
features.36,0.39829636
features.39,0.4103546
features.42,0.38637584
features.45,0.3734453
features.48,0.56893325
classifier,0.0
