layer_names,pr
features.0,0.0
features.3,0.7977431
features.7,0.58355033
features.10,0.50233966
features.14,0.38615587
features.17,0.4691857
features.20,0.41626656
features.23,0.342353
features.27,0.3677631
features.30,0.45848042
features.33,0.49105752
features.36,0.527579
features.39,0.5300933
features.42,0.49435636
features.45,0.46648958
features.48,0.6729321
classifier,0.0
