layer_names,pr
features.0,0.0
features.3,0.6439887
features.7,0.43722874
features.10,0.30156115
features.14,0.20218235
features.17,0.26049635
features.20,0.23576355
features.23,0.19685364
features.27,0.20589787
features.30,0.2693579
features.33,0.290546
features.36,0.32345963
features.39,0.33656058
features.42,0.2936927
features.45,0.26602894
features.48,0.42159355
classifier,0.0
