layer_names,pr
features.0,0.0
features.3,0.23779297
features.7,0.043945312
features.10,0.007866753
features.14,0.00825331
features.17,0.011154175
features.20,0.017154269
features.23,0.025234647
features.27,0.062920466
features.30,0.15259086
features.33,0.26623282
features.36,0.40794882
features.39,0.5132968
features.42,0.47113377
features.45,0.36829928
features.48,0.31435224
classifier,0.0
