layer_names,pr
features.0,0.0
features.3,0.35126412
features.7,0.034288194
features.10,0.01739502
features.14,0.01804606
features.17,0.024636162
features.20,0.033684626
features.23,0.050452337
features.27,0.12911479
features.30,0.30272758
features.33,0.4867257
features.36,0.6534237
features.39,0.7633048
features.42,0.72382057
features.45,0.64914024
features.48,0.5613912
classifier,0.0
