layer_names,pr
features.0,0.0
features.3,0.2413737
features.7,0.047254775
features.10,0.004380968
features.14,0.004330105
features.17,0.006145901
features.20,0.008119371
features.23,0.012225681
features.27,0.032666523
features.30,0.075634
features.33,0.13276757
features.36,0.23670408
features.39,0.33517498
features.42,0.3262541
features.45,0.31365374
features.48,0.2476671
classifier,0.0
