layer_names,pr
features.0,0.0
features.3,0.37972006
features.7,0.044759113
features.10,0.039286297
features.14,0.039594863
features.17,0.05344306
features.20,0.07620917
features.23,0.12176853
features.27,0.2914488
features.30,0.56769305
features.33,0.7895851
features.36,0.8988266
features.39,0.9284405
features.42,0.9062072
features.45,0.83922577
features.48,0.78576785
classifier,0.0
