layer_names,pr
features.0,0.0
features.3,0.29484048
features.7,0.05278863
features.10,0.017367892
features.14,0.01792399
features.17,0.023829142
features.20,0.033884685
features.23,0.052864924
features.27,0.13107808
features.30,0.29501173
features.33,0.49526936
features.36,0.7059873
features.39,0.7749333
features.42,0.7047204
features.45,0.6169247
features.48,0.5465745
classifier,0.0
