layer_names,pr
features.0,0.0
features.3,0.6939833
features.7,0.3874376
features.10,0.24758571
features.14,0.13883124
features.17,0.17892796
features.20,0.16270617
features.23,0.13501994
features.27,0.14122687
features.30,0.18172032
features.33,0.19500647
features.36,0.21033563
features.39,0.21185091
features.42,0.19122018
features.45,0.17668322
features.48,0.28450224
classifier,0.0
