layer_names,pr
features.0,0.0
features.3,0.7167155
features.7,0.531467
features.10,0.41130236
features.14,0.29123265
features.17,0.3710022
features.20,0.3390571
features.23,0.27416313
features.27,0.28955588
features.30,0.36203808
features.33,0.38530648
features.36,0.42596352
features.39,0.43216407
features.42,0.39111838
features.45,0.36409888
features.48,0.5523097
classifier,0.0
