layer_names,pr
features.0,0.0
features.3,0.33626303
features.7,0.074408635
features.10,0.02452935
features.14,0.02911038
features.17,0.03875224
features.20,0.052710637
features.23,0.08491855
features.27,0.2069787
features.30,0.4258389
features.33,0.63517594
features.36,0.79349476
features.39,0.82996964
features.42,0.7991189
features.45,0.75279915
features.48,0.69389176
classifier,0.0
