layer_names,pr
features.0,0.0
features.3,0.38446724
features.7,0.10092502
features.10,0.032409668
features.14,0.03454251
features.17,0.050460815
features.20,0.0792745
features.23,0.13406202
features.27,0.30165017
features.30,0.5621342
features.33,0.8078872
features.36,0.9196544
features.39,0.936462
features.42,0.9018398
features.45,0.829881
features.48,0.7489247
classifier,0.0
