layer_names,pr
features.0,0.0
features.3,0.6599121
features.7,0.30767143
features.10,0.15961371
features.14,0.068240695
features.17,0.08861118
features.20,0.080091685
features.23,0.066331655
features.27,0.06925371
features.30,0.08946821
features.33,0.09617148
features.36,0.1040997
features.39,0.10469691
features.42,0.094109856
features.45,0.08649233
features.48,0.14158164
classifier,0.0
