layer_names,pr
features.0,0.0
features.3,0.7701552
features.7,0.5578749
features.10,0.41215006
features.14,0.35058594
features.17,0.43008423
features.20,0.38807338
features.23,0.33247206
features.27,0.35316467
features.30,0.4425727
features.33,0.47320896
features.36,0.5376693
features.39,0.5719121
features.42,0.51588225
features.45,0.47037718
features.48,0.6672753
classifier,0.0
