layer_names,pr
features.0,0.0
features.3,0.6626248
features.7,0.41824
features.10,0.3171726
features.14,0.22087945
features.17,0.27871534
features.20,0.2472246
features.23,0.19816929
features.27,0.21343316
features.30,0.2676739
features.33,0.27842882
features.36,0.30289418
features.39,0.3244917
features.42,0.30199856
features.45,0.27996445
features.48,0.43126044
classifier,0.0
