layer_names,pr
features.0,0.0
features.3,0.77175564
features.7,0.6914741
features.10,0.6248033
features.14,0.54551864
features.17,0.6571248
features.20,0.61857945
features.23,0.533571
features.27,0.55685085
features.30,0.6695311
features.33,0.6981388
features.36,0.7296448
features.39,0.73061836
features.42,0.6981159
features.45,0.6782104
features.48,0.86315155
classifier,0.0
