layer_names,pr
features.0,0.0
features.3,0.3821072
features.7,0.09157986
features.10,0.013149685
features.14,0.013810899
features.17,0.018437704
features.20,0.025497437
features.23,0.0395813
features.27,0.101882935
features.30,0.22682656
features.33,0.37412813
features.36,0.5337584
features.39,0.6105521
features.42,0.5811149
features.45,0.5145972
features.48,0.46957186
classifier,0.0
