layer_names,pr
features.0,0.0
features.3,0.3749186
features.7,0.054389104
features.10,0.024875216
features.14,0.025828043
features.17,0.03554111
features.20,0.05348036
features.23,0.07947625
features.27,0.19017622
features.30,0.4060652
features.33,0.60952675
features.36,0.8037372
features.39,0.8627633
features.42,0.82192105
features.45,0.76565975
features.48,0.67139816
classifier,0.0
