layer_names,pr
features.0,0.0
features.3,0.26774088
features.7,0.020629883
features.10,0.0041775173
features.14,0.008100722
features.17,0.013558282
features.20,0.01230367
features.23,0.012964885
features.27,0.0323427
features.30,0.07357703
features.33,0.16045973
features.36,0.30486596
features.39,0.4129931
features.42,0.31972715
features.45,0.20760642
features.48,0.18566555
classifier,0.0
