layer_names,pr
features.0,0.0
features.3,0.7417806
features.7,0.5675456
features.10,0.41442192
features.14,0.28860813
features.17,0.3637814
features.20,0.33088684
features.23,0.2707384
features.27,0.2820053
features.30,0.35231698
features.33,0.36967978
features.36,0.42476866
features.39,0.44487464
features.42,0.40008503
features.45,0.373422
features.48,0.55494523
classifier,0.0
