layer_names,pr
features.0,0.0
features.3,0.4577908
features.7,0.09752062
features.10,0.03842502
features.14,0.043080647
features.17,0.057451036
features.20,0.07951694
features.23,0.119121976
features.27,0.29190403
features.30,0.5713836
features.33,0.7601543
features.36,0.88228524
features.39,0.9210006
features.42,0.9058139
features.45,0.86328465
features.48,0.8071785
classifier,0.0
