layer_names,pr
features.0,0.0
features.3,0.25276694
features.7,0.06673177
features.10,0.004699707
features.14,0.004587809
features.17,0.00767178
features.20,0.011510213
features.23,0.014339871
features.27,0.036246404
features.30,0.09285566
features.33,0.1730317
features.36,0.26405758
features.39,0.35142264
features.42,0.32299933
features.45,0.2587899
features.48,0.2003123
classifier,0.0
