layer_names,pr
features.0,0.0
features.3,0.7981228
features.7,0.74778914
features.10,0.6934001
features.14,0.6460673
features.17,0.75546265
features.20,0.7220595
features.23,0.6402554
features.27,0.66825527
features.30,0.77733064
features.33,0.7995427
features.36,0.8268505
features.39,0.8296081
features.42,0.80704796
features.45,0.7946837
features.48,0.9289296
classifier,0.0
