layer_names,pr
features.0,0.0
features.3,0.74609375
features.7,0.47836643
features.10,0.3453098
features.14,0.2234531
features.17,0.28756204
features.20,0.25075278
features.23,0.20081922
features.27,0.21663073
features.30,0.27671686
features.33,0.29561234
features.36,0.31368765
features.39,0.31159973
features.42,0.28384483
features.45,0.26909298
features.48,0.42553923
classifier,0.0
