layer_names,pr
features.0,0.0
features.3,0.8289931
features.7,0.74852157
features.10,0.6867676
features.14,0.6665175
features.17,0.7651689
features.20,0.7259742
features.23,0.63715106
features.27,0.667578
features.30,0.7783339
features.33,0.7944908
features.36,0.8167627
features.39,0.8245553
features.42,0.8097721
features.45,0.80276996
features.48,0.9323709
classifier,0.0
