{"val_set_accuracy": 10.0, "sparse_flops": 61977120.0, "_timestamp": 1674226451.2306063, "_runtime": 350.6763973236084, "_step": 0, "_wandb": {"runtime": 752}}