{"val_set_accuracy": 0.921875, "sparse_flops": 433147152.0, "_timestamp": 1673461780.2769005, "_runtime": 50.342222452163696, "_step": 0, "_wandb": {"runtime": 71}}