Epoch,sparse_flops,val_set_gradient_magnitude,val_accuracy,test_set_gradient_magnitude,test_accuracy
-1,0,0.6534404754638672,28.02,0.6375495791435242,29.07
0,15882810240.0,0.5839501023292542,33.5,0.5721950531005859,34.52
10,174710912640.0,0.3005707561969757,81.36,0.31366288661956787,79.12
20,333539015040.0,0.25680312514305115,83.34,0.2704184353351593,82.39
30,492367117440.0,0.2557651698589325,84.86,0.2133912891149521,83.39
40,651195219840.0,0.33909857273101807,87.7,0.4384237825870514,85.13
50,810023322240.0,0.3236471712589264,90.34,0.2511301636695862,87.09
