layer_names,pr
features.0,0.0
features.4,0.08365885
features.8,0.09016927
features.11,0.13924153
features.15,0.49876234
features.18,0.79174465
features.21,0.8965556
features.24,0.9371948
features.28,0.9699444
features.31,0.9839185
features.34,0.98478484
features.37,0.9833671
features.40,0.97970414
features.43,0.972758
features.46,0.9700966
features.49,0.96900815
classifier,0.0
