layer_names,pr
features.0,0.0
features.4,0.13850911
features.8,0.05505371
features.11,0.10242377
features.15,0.27416652
features.18,0.6158583
features.21,0.8851013
features.24,0.94115025
features.28,0.9970542
features.31,0.99875516
features.34,0.99756706
features.37,0.99666214
features.40,0.9943297
features.43,0.98372436
features.46,0.9666591
features.49,0.96884704
classifier,0.0
