layer_names,pr
features.0,0.0
features.4,0.033610027
features.8,0.016289605
features.11,0.024291992
features.15,0.017015245
features.18,0.010989719
features.21,0.007066515
features.24,0.027182685
features.28,0.08079953
features.31,0.52776337
features.34,0.85947883
features.37,0.898329
features.40,0.82879215
features.43,0.52565086
features.46,0.2839258
features.49,0.2618586
classifier,0.0
