layer_names,pr
features.0,0.0
features.4,0.13834636
features.8,0.061550565
features.11,0.0641683
features.15,0.046495225
features.18,0.058451336
features.21,0.059292264
features.24,0.061347112
features.28,0.100249395
features.31,0.2645251
features.34,0.7088301
features.37,0.9337298
features.40,0.8848178
features.43,0.71591485
features.46,0.3720419
features.49,0.25352308
classifier,0.0
