layer_names,pr
features.0,0.0
features.4,0.5422092
features.8,0.4761963
features.11,0.49464247
features.15,0.3541904
features.18,0.43063185
features.21,0.40161303
features.24,0.36386448
features.28,0.38544717
features.31,0.45645353
features.34,0.46280754
features.37,0.48919213
features.40,0.50582206
features.43,0.4914093
features.46,0.5016289
features.49,0.744581
classifier,0.0
