layer_names,pr
features.0,0.0
features.4,0.14059788
features.8,0.07803006
features.11,0.18806288
features.15,0.1580302
features.18,0.035508897
features.21,0.013259888
features.24,0.032940336
features.28,0.10638513
features.31,0.36941358
features.34,0.79983056
features.37,0.9078208
features.40,0.8520783
features.43,0.6210124
features.46,0.37258828
features.49,0.20968077
classifier,0.0
