layer_names,pr
features.0,0.0
features.4,0.27989367
features.8,0.20027669
features.11,0.19905598
features.15,0.2253418
features.18,0.29045275
features.21,0.37031725
features.24,0.5303684
features.28,0.8822225
features.31,0.98764205
features.34,0.99846864
features.37,0.9990921
features.40,0.9953007
features.43,0.98373836
features.46,0.94995624
features.49,0.9316029
classifier,0.0
