layer_names,pr
features.0,0.0
features.4,0.0053710938
features.8,0.008748372
features.11,0.0011393229
features.15,0.0028381348
features.18,0.00017971463
features.21,0.023139106
features.24,0.042904325
features.28,0.56988186
features.31,0.8068398
features.34,0.8064461
features.37,0.80532414
features.40,0.8045616
features.43,0.80398136
features.46,0.80393517
features.49,0.80569416
classifier,0.0
