layer_names,pr
features.0,0.0
features.4,0.0025227864
features.8,0.0
features.11,0.0009087457
features.15,0.0021938747
features.18,0.00057813857
features.21,0.0061628553
features.24,0.008292304
features.28,0.4080378
features.31,0.577563
features.34,0.5776524
features.37,0.57806563
features.40,0.57670677
features.43,0.5751512
features.46,0.5746227
features.49,0.5742781
classifier,0.0
