layer_names,pr
features.0,0.0
features.4,0.0045844186
features.8,0.00519477
features.11,0.0030721028
features.15,0.007978652
features.18,0.0007866754
features.21,0.0116831465
features.24,0.013687134
features.28,0.57013446
features.31,0.80745995
features.34,0.808083
features.37,0.807215
features.40,0.806221
features.43,0.80569416
features.46,0.8054788
features.49,0.80588067
classifier,0.0
