layer_names,pr
features.0,0.0
features.4,0.0014105903
features.8,0.0017903646
features.11,0.0007527669
features.15,0.002963596
features.18,0.0032958984
features.21,0.017515395
features.24,0.023866441
features.28,0.48917136
features.31,0.69087857
features.34,0.691555
features.37,0.6905992
features.40,0.68986213
features.43,0.6901601
features.46,0.6905369
features.49,0.6907823
classifier,0.0
