layer_names,pr
features.0,0.0
features.4,0.0
features.8,0.0
features.11,0.0004272461
features.15,0.001244439
features.18,0.0
features.21,0.013495551
features.24,0.024934556
features.28,0.40735033
features.31,0.5766394
features.34,0.57649827
features.37,0.57569546
features.40,0.57532716
features.43,0.5751525
features.46,0.5749325
features.49,0.5744773
classifier,0.0
