layer_names,pr
features.0,0.0
features.4,0.0010036892
features.8,0.0013834635
features.11,0.0007188585
features.15,0.001780192
features.18,0.0031246608
features.21,0.018503824
features.24,0.029871622
features.28,0.4067205
features.31,0.57634395
features.34,0.57589465
features.37,0.5752678
features.40,0.5748134
features.43,0.57375634
features.46,0.57373005
features.49,0.5758197
classifier,0.0
