layer_names,pr
features.0,0.0
features.4,0.017795138
features.8,0.0
features.11,0.0056084525
features.15,0.012803819
features.18,0.0041859946
features.21,0.06398688
features.24,0.09122382
features.28,0.89992267
features.31,0.9112443
features.34,0.90755
features.37,0.90101963
features.40,0.89527935
features.43,0.8913036
features.46,0.88947636
features.49,0.8995874
classifier,0.0
