layer_names,pr
features.0,0.0
features.4,0.001546224
features.8,0.0
features.11,0.0
features.15,3.390842e-06
features.18,0.000890096
features.21,0.019512601
features.24,0.028394911
features.28,0.48870426
features.31,0.69154525
features.34,0.69099975
features.37,0.6911515
features.40,0.690108
features.43,0.68984306
features.46,0.68979263
features.49,0.69060856
classifier,0.0
