layer_names,pr
features.0,0.0
features.4,0.20795356
features.8,0.123806424
features.11,0.23560926
features.15,0.22661336
features.18,0.21303982
features.21,0.36587524
features.24,0.59566754
features.28,0.8801914
features.31,0.97289956
features.34,0.98982835
features.37,0.9952676
features.40,0.99244857
features.43,0.9850697
features.46,0.9679887
features.49,0.9485232
classifier,0.0
