Original Pruning Rate,Soup then Prune accuracy,Prune then Soup accuracy,Original with new pruning rate,New pruning rate
0.95,1.0,1.0,1.0,0.9229689240455627
0.95,1.0,1.18,1.0,0.9229682087898254
0.95,1.0,1.0,1.0,0.9230101108551025
0.95,1.0,0.88,1.0,0.9229846000671387
0.95,1.0,0.99,1.0,0.9229888916015625
0.95,1.0,0.95,1.0,0.9229831099510193
0.95,1.0,1.04,1.0,0.9230188727378845
0.95,1.0,0.82,1.0,0.9229863286018372
0.95,1.0,0.84,1.0,0.9229941964149475
0.95,1.0,0.84,1.0,0.9229958057403564
