Original Pruning Rate,Soup then Prune accuracy,Prune then Soup accuracy,Original with new pruning rate,New pruning rate
0.95,1.0,1.0,1.0,0.9424816966056824
0.95,1.0,1.05,1.0,0.9424884915351868
0.95,1.0,1.0,1.0,0.9424773454666138
0.95,1.0,1.0,1.0,0.9424816966056824
0.95,1.0,1.01,1.0,0.9424777030944824
0.95,1.0,1.0,1.0,0.9424944519996643
0.95,1.0,1.0,1.0,0.9424805045127869
0.95,1.0,1.0,1.0,0.9424747228622437
0.95,1.0,1.04,1.0,0.9424898624420166
0.95,1.0,1.0,1.0,0.942474365234375
