,conv1,layer1.0.conv1,layer1.0.conv2,layer1.0.conv3,layer1.0.shortcut.0,layer1.1.conv1,layer1.1.conv2,layer1.1.conv3,layer1.2.conv1,layer1.2.conv2,layer1.2.conv3,layer2.0.conv1,layer2.0.conv2,layer2.0.conv3,layer2.0.shortcut.0,layer2.1.conv1,layer2.1.conv2,layer2.1.conv3,layer2.2.conv1,layer2.2.conv2,layer2.2.conv3,layer2.3.conv1,layer2.3.conv2,layer2.3.conv3,layer3.0.conv1,layer3.0.conv2,layer3.0.conv3,layer3.0.shortcut.0,layer3.1.conv1,layer3.1.conv2,layer3.1.conv3,layer3.2.conv1,layer3.2.conv2,layer3.2.conv3,layer3.3.conv1,layer3.3.conv2,layer3.3.conv3,layer3.4.conv1,layer3.4.conv2,layer3.4.conv3,layer3.5.conv1,layer3.5.conv2,layer3.5.conv3,layer4.0.conv1,layer4.0.conv2,layer4.0.conv3,layer4.0.shortcut.0,layer4.1.conv1,layer4.1.conv2,layer4.1.conv3,layer4.2.conv1,layer4.2.conv2,layer4.2.conv3,linear
0,0.12206866,4.3158207e-07,9.057764e-06,8.90023e-07,2.5454228e-05,1.93679e-06,4.2069655e-06,5.8482566e-08,5.864471e-07,1.0912167e-06,2.3574529e-08,6.5930553e-06,6.678699e-05,1.1413657e-06,0.0003224087,8.825142e-05,1.7591062e-06,1.0986976e-06,8.020146e-05,1.0915525e-05,1.5508595e-06,3.53928e-06,1.0418853e-05,5.539693e-08,5.5330456e-05,0.00020943368,9.879517e-06,0.00010620634,1.8160044e-05,2.918749e-06,7.942974e-08,8.772649e-06,5.81069e-07,3.357148e-08,1.1100029e-05,2.6150542e-06,5.14225e-07,3.177719e-05,1.1206888e-05,6.026298e-07,2.7674203e-05,1.590755e-05,9.016814e-07,0.00019565756,0.00022705758,2.0798581e-05,5.703874e-06,0.0016930625,0.00038620838,2.03437e-06,0.0020421403,1.6376643e-07,3.7807234e-07,9.875623
