,conv1,layer1.0.conv1,layer1.0.conv2,layer1.0.conv3,layer1.0.shortcut.0,layer1.1.conv1,layer1.1.conv2,layer1.1.conv3,layer1.2.conv1,layer1.2.conv2,layer1.2.conv3,layer2.0.conv1,layer2.0.conv2,layer2.0.conv3,layer2.0.shortcut.0,layer2.1.conv1,layer2.1.conv2,layer2.1.conv3,layer2.2.conv1,layer2.2.conv2,layer2.2.conv3,layer2.3.conv1,layer2.3.conv2,layer2.3.conv3,layer3.0.conv1,layer3.0.conv2,layer3.0.conv3,layer3.0.shortcut.0,layer3.1.conv1,layer3.1.conv2,layer3.1.conv3,layer3.2.conv1,layer3.2.conv2,layer3.2.conv3,layer3.3.conv1,layer3.3.conv2,layer3.3.conv3,layer3.4.conv1,layer3.4.conv2,layer3.4.conv3,layer3.5.conv1,layer3.5.conv2,layer3.5.conv3,layer4.0.conv1,layer4.0.conv2,layer4.0.conv3,layer4.0.shortcut.0,layer4.1.conv1,layer4.1.conv2,layer4.1.conv3,layer4.2.conv1,layer4.2.conv2,layer4.2.conv3,linear
0,0.24321763,5.5219573e-07,8.6678265e-06,8.2114383e-07,2.9374007e-05,2.0425273e-06,4.3046175e-06,6.957697e-08,6.063384e-07,1.0642489e-06,2.003219e-08,6.143462e-06,0.00010444096,1.959502e-06,0.00044569894,0.0002892699,2.4584282e-05,8.253718e-06,0.00010317112,5.0613184e-05,4.8641205e-06,1.0621983e-05,2.0224641e-05,2.843754e-07,0.00014790309,0.001670371,4.864343e-05,0.0004295258,0.00027366137,0.00010486017,2.4923788e-06,0.0001021866,1.9337782e-05,1.2942385e-06,5.402068e-05,1.1981303e-05,1.0295679e-06,0.00016050483,0.00013192304,7.912777e-06,9.61032e-05,0.00014342049,1.1776309e-05,0.00036461296,0.0006290583,6.362227e-05,9.050151e-05,0.009501167,0.0012988789,1.9139567e-05,0.07082078,0.00034845216,1.9489324e-05,36.047554
