,conv1,layer1.0.conv1,layer1.0.conv2,layer1.0.conv3,layer1.0.shortcut.0,layer1.1.conv1,layer1.1.conv2,layer1.1.conv3,layer1.2.conv1,layer1.2.conv2,layer1.2.conv3,layer2.0.conv1,layer2.0.conv2,layer2.0.conv3,layer2.0.shortcut.0,layer2.1.conv1,layer2.1.conv2,layer2.1.conv3,layer2.2.conv1,layer2.2.conv2,layer2.2.conv3,layer2.3.conv1,layer2.3.conv2,layer2.3.conv3,layer3.0.conv1,layer3.0.conv2,layer3.0.conv3,layer3.0.shortcut.0,layer3.1.conv1,layer3.1.conv2,layer3.1.conv3,layer3.2.conv1,layer3.2.conv2,layer3.2.conv3,layer3.3.conv1,layer3.3.conv2,layer3.3.conv3,layer3.4.conv1,layer3.4.conv2,layer3.4.conv3,layer3.5.conv1,layer3.5.conv2,layer3.5.conv3,layer4.0.conv1,layer4.0.conv2,layer4.0.conv3,layer4.0.shortcut.0,layer4.1.conv1,layer4.1.conv2,layer4.1.conv3,layer4.2.conv1,layer4.2.conv2,layer4.2.conv3,linear
0,0.20604801,3.8213226e-08,4.9120947e-09,6.497528e-10,6.9600455e-06,5.182087e-07,1.6671204e-07,1.6634718e-08,6.195867e-07,1.5644015e-06,4.408647e-08,3.4124828e-06,0.0001370251,4.3572386e-06,5.0847106e-05,3.4355828e-05,9.988157e-07,2.58409e-07,1.9390338e-05,9.750946e-06,3.9861501e-07,3.2229102e-06,3.9924353e-06,4.181075e-08,1.0402834e-05,3.6405534e-05,9.210438e-07,4.0032795e-05,1.1629717e-05,7.914266e-06,4.7339023e-07,2.5109323e-06,2.4216083e-06,1.4508997e-07,1.6340291e-06,1.4375998e-06,1.3192742e-07,1.003979e-06,5.934002e-07,2.199983e-08,5.6082797e-07,2.2763288e-07,5.1496682e-09,2.5873686e-07,8.24787e-09,5.0352494e-10,1.2236552e-08,8.0882575e-07,1.1365385e-12,8.369797e-14,2.4711863e-07,2.3850727e-14,4.6296273e-14,0.0039992025
