,conv1,layer1.0.conv1,layer1.0.conv2,layer1.0.conv3,layer1.0.shortcut.0,layer1.1.conv1,layer1.1.conv2,layer1.1.conv3,layer1.2.conv1,layer1.2.conv2,layer1.2.conv3,layer2.0.conv1,layer2.0.conv2,layer2.0.conv3,layer2.0.shortcut.0,layer2.1.conv1,layer2.1.conv2,layer2.1.conv3,layer2.2.conv1,layer2.2.conv2,layer2.2.conv3,layer2.3.conv1,layer2.3.conv2,layer2.3.conv3,layer3.0.conv1,layer3.0.conv2,layer3.0.conv3,layer3.0.shortcut.0,layer3.1.conv1,layer3.1.conv2,layer3.1.conv3,layer3.2.conv1,layer3.2.conv2,layer3.2.conv3,layer3.3.conv1,layer3.3.conv2,layer3.3.conv3,layer3.4.conv1,layer3.4.conv2,layer3.4.conv3,layer3.5.conv1,layer3.5.conv2,layer3.5.conv3,layer4.0.conv1,layer4.0.conv2,layer4.0.conv3,layer4.0.shortcut.0,layer4.1.conv1,layer4.1.conv2,layer4.1.conv3,layer4.2.conv1,layer4.2.conv2,layer4.2.conv3,linear
0,0.23812763,3.8560952e-07,8.887206e-06,9.825131e-07,5.972488e-05,1.9985077e-06,2.741544e-06,3.855455e-08,7.3233207e-07,1.3270679e-06,4.4595254e-08,9.145964e-06,7.065681e-05,1.511984e-06,0.0007820376,0.00013653061,7.3271467e-06,5.6827075e-06,0.00014605706,3.136585e-05,3.172036e-06,8.0077825e-06,6.4774185e-06,3.7656086e-08,0.00021904921,0.0003952799,1.8461276e-05,0.00041351188,5.6141598e-05,1.1419504e-05,3.0459887e-07,7.274741e-06,3.301938e-07,2.5318206e-08,2.1182084e-05,2.9116957e-06,4.7629504e-07,2.539425e-05,8.957848e-06,4.913236e-07,4.2050415e-05,1.7842416e-05,8.5278145e-07,0.0004741557,0.00038136402,3.9250335e-05,1.1606623e-05,0.006006995,0.00060414814,1.6443468e-06,0.003057643,1.2480896e-07,3.3990167e-07,10.425828
