,conv1,layer1.0.conv1,layer1.0.conv2,layer1.0.conv3,layer1.0.shortcut.0,layer1.1.conv1,layer1.1.conv2,layer1.1.conv3,layer1.2.conv1,layer1.2.conv2,layer1.2.conv3,layer2.0.conv1,layer2.0.conv2,layer2.0.conv3,layer2.0.shortcut.0,layer2.1.conv1,layer2.1.conv2,layer2.1.conv3,layer2.2.conv1,layer2.2.conv2,layer2.2.conv3,layer2.3.conv1,layer2.3.conv2,layer2.3.conv3,layer3.0.conv1,layer3.0.conv2,layer3.0.conv3,layer3.0.shortcut.0,layer3.1.conv1,layer3.1.conv2,layer3.1.conv3,layer3.2.conv1,layer3.2.conv2,layer3.2.conv3,layer3.3.conv1,layer3.3.conv2,layer3.3.conv3,layer3.4.conv1,layer3.4.conv2,layer3.4.conv3,layer3.5.conv1,layer3.5.conv2,layer3.5.conv3,layer4.0.conv1,layer4.0.conv2,layer4.0.conv3,layer4.0.shortcut.0,layer4.1.conv1,layer4.1.conv2,layer4.1.conv3,layer4.2.conv1,layer4.2.conv2,layer4.2.conv3,linear
0,0.13486013,3.1532616e-07,4.6877385e-06,4.3824713e-07,2.0783526e-05,1.1127706e-06,3.0192662e-06,4.0703874e-08,6.050773e-07,1.3273263e-06,2.825026e-08,5.475239e-06,7.439421e-05,2.1033352e-06,0.00030835834,0.00026586017,2.3504797e-05,7.205611e-06,0.00014241792,7.240039e-05,7.1474306e-06,9.562444e-06,2.3161336e-05,3.3593446e-07,0.00014034993,0.0019930347,5.4543507e-05,0.00021875257,0.00013770798,5.7411777e-05,1.3510986e-06,7.762755e-05,1.1858181e-05,9.1326547e-07,6.805697e-05,2.2330943e-05,1.9373915e-06,0.00019980213,0.00013989465,8.535312e-06,9.683621e-05,8.239409e-05,4.1477206e-06,0.00039324973,0.0009961977,5.957206e-05,7.2249146e-05,0.011668509,0.0012239477,1.4814423e-05,0.08097334,0.0005804642,1.8474762e-05,51.36611
