,conv1,layer1.0.conv1,layer1.0.conv2,layer1.1.conv1,layer1.1.conv2,layer2.0.conv1,layer2.0.conv2,layer2.0.shortcut.0,layer2.1.conv1,layer2.1.conv2,layer3.0.conv1,layer3.0.conv2,layer3.0.shortcut.0,layer3.1.conv1,layer3.1.conv2,layer4.0.conv1,layer4.0.conv2,layer4.0.shortcut.0,layer4.1.conv1,layer4.1.conv2,linear
0,0.06380935,1.317737e-05,1.1826265e-05,0.00015639579,1.5222945e-06,0.0004554235,6.5614644e-05,6.946562e-06,0.00014033243,3.4702884e-06,0.0010096045,0.00012800664,1.6908645e-05,0.00030909135,4.469024e-06,0.00093067065,4.928503e-05,1.0304913e-05,0.00051955954,6.733683e-06,24.261446
