,conv1,layer1.0.conv1,layer1.0.conv2,layer1.1.conv1,layer1.1.conv2,layer2.0.conv1,layer2.0.conv2,layer2.0.shortcut.0,layer2.1.conv1,layer2.1.conv2,layer3.0.conv1,layer3.0.conv2,layer3.0.shortcut.0,layer3.1.conv1,layer3.1.conv2,layer4.0.conv1,layer4.0.conv2,layer4.0.shortcut.0,layer4.1.conv1,layer4.1.conv2,linear
0,10.887784,0.27037567,0.29180726,0.59692013,0.108162805,1.0584733,0.49095926,0.1282546,0.7324665,0.06350847,1.5565282,0.73814976,0.14443551,0.5824935,0.077560864,0.49323162,0.09166815,0.05262143,0.048821185,0.003869377,1.5588402
1,10.894244,0.26733494,0.29169315,0.60896814,0.095274165,1.0895569,0.5035416,0.12852511,0.7236367,0.05896797,1.5471313,0.7359443,0.14168613,0.5880715,0.07774472,0.52547264,0.10284585,0.055505026,0.05141492,0.0041266275,1.6401322
2,10.879727,0.26832312,0.28369397,0.61265385,0.105395004,1.1161658,0.49821416,0.13293464,0.7199931,0.06562126,1.5571153,0.7599654,0.14476793,0.6221906,0.08779065,0.52361894,0.10219316,0.05526086,0.05474616,0.004149207,1.6229092
3,10.921544,0.2662788,0.28240794,0.5893403,0.11233634,1.0675609,0.48011646,0.12799327,0.6971711,0.061483294,1.4781933,0.69624275,0.13799176,0.56245625,0.07337866,0.4983533,0.1004132,0.051692933,0.051798023,0.0042369394,1.5891815
4,10.879608,0.2701405,0.2874131,0.6098932,0.10661967,1.0836685,0.51228154,0.1320074,0.7205832,0.0671909,1.5107219,0.68780524,0.14619097,0.54076654,0.06949525,0.46893135,0.09396906,0.049619284,0.048305955,0.0041966923,1.5385625
