,features.0,features.3,features.7,features.10,features.14,features.17,features.20,features.23,features.27,features.30,features.33,features.36,features.40,features.43,features.46,features.49,classifier
0,3.570792e-12,1.4286334e-13,1.7326379e-12,5.22517e-13,2.2315975e-12,1.8023984e-12,1.4424598e-12,1.84376e-12,1.6445385e-11,2.0392155e-09,5.5898584e-09,1.4047219e-10,2.816594e-08,2.0080174e-10,4.2242703e-09,1.1260181e-10,0.024856655
