,features.0,features.3,features.7,features.10,features.14,features.17,features.20,features.23,features.27,features.30,features.33,features.36,features.40,features.43,features.46,features.49,classifier
0,3.4623981e-10,1.2088903e-11,5.6174097e-11,4.1501438e-11,4.543478e-11,7.2720385e-11,2.5709646e-10,3.0903067e-09,8.570726e-09,4.6469335e-09,5.4377076e-12,3.0510993e-12,1.334251e-10,2.2951512e-11,1.00364723e-10,4.7625952e-11,0.6343237
