,features.0,features.3,features.7,features.10,features.14,features.17,features.20,features.23,features.27,features.30,features.33,features.36,features.40,features.43,features.46,features.49,classifier
0,0.3819786,0.029303212,0.05221461,0.0037293404,0.015217617,0.0014873187,0.00036487723,0.00019356581,7.1932576e-05,4.5321084e-07,2.6674812e-10,1.1052118e-10,2.7492066e-09,2.6649011e-11,7.703546e-09,1.6601186e-08,5.5447517e-06
