,features.0,features.3,features.7,features.10,features.14,features.17,features.20,features.23,features.27,features.30,features.33,features.36,features.40,features.43,features.46,features.49,classifier
0,1.114609,0.23045993,0.7301379,0.0680319,0.6230284,0.17102107,0.04274993,0.032491468,0.0717864,0.012223279,0.0020435045,0.0001872493,0.0053913775,9.076392e-05,0.00016588047,1.2309279e-05,115.66282
