,features.0,features.3,features.7,features.10,features.14,features.17,features.20,features.23,features.27,features.30,features.33,features.36,features.40,features.43,features.46,features.49,classifier
0,2.1735646e-05,3.5130379e-06,3.8638614e-06,3.3258802e-06,4.0588116e-06,2.3750017e-06,1.7311174e-06,1.7959501e-06,4.2679976e-06,3.5515768e-05,6.3505504e-05,9.788482e-05,0.0003590143,4.5456425e-05,0.00021544634,0.000268882,0.54466283
