,features.0,features.3,features.7,features.10,features.14,features.17,features.20,features.23,features.27,features.30,features.33,features.36,features.40,features.43,features.46,features.49,classifier
0,0.4088568,0.03788397,0.07093183,0.0047559394,0.011038525,0.0018501816,0.0004339124,0.00069419993,0.0027354301,0.0003405477,2.5948098e-06,1.089071e-06,3.0800275e-05,4.0715067e-06,8.441167e-06,4.6511095e-06,7.0898848
