,features.0,features.3,features.7,features.10,features.14,features.17,features.20,features.23,features.27,features.30,features.33,features.36,features.40,features.43,features.46,features.49,classifier
0,5.048631e-10,2.1185975e-11,1.1616575e-10,8.474468e-11,1.05974944e-10,1.3768309e-10,2.9416417e-10,2.1629072e-09,6.6171286e-09,4.5140482e-09,6.610327e-12,3.002009e-12,1.3773196e-10,2.391312e-11,1.07087e-10,5.3771636e-11,0.6278964
