,features.0,features.3,features.7,features.10,features.14,features.17,features.20,features.23,features.27,features.30,features.33,features.36,features.40,features.43,features.46,features.49,classifier
0,0.56433517,0.038011122,0.09627499,0.009095617,0.027009103,0.004645986,0.000920124,0.0010255186,0.001736583,0.0002339008,3.0459742e-06,1.9718807e-06,1.8865094e-05,1.9237148e-06,2.2027373e-06,2.4768153e-06,1.3836356
1,0.5411042,0.050844483,0.08316605,0.0053873183,0.0143045485,0.0018238539,0.00037299155,0.00092601345,0.0024242762,0.00036410984,1.0976571e-06,7.7056427e-07,1.4486519e-05,1.2337957e-06,3.3925753e-06,1.5793024e-06,6.4472322
2,0.45022506,0.068655595,0.13554202,0.0125596,0.009870945,0.0011875352,0.00020400342,0.0006125842,0.001264238,0.00019357758,1.1200889e-06,8.612377e-07,3.5767713e-05,1.4769724e-06,2.5477934e-06,3.0614058e-06,2.2568848
3,0.52903384,0.02813377,0.04040934,0.0024180664,0.009896673,0.0028748482,0.0006777874,0.0010228306,0.0017157014,0.00022538952,9.418113e-07,8.444361e-07,2.5392608e-05,1.8650655e-06,5.0837025e-06,2.6843572e-06,5.039475
4,0.7821852,0.05452624,0.074250355,0.0037921388,0.014380494,0.0030839117,0.0005808243,0.0006017184,0.0016225793,0.00028181303,1.4783811e-06,2.7119995e-06,2.910988e-05,3.0921979e-06,3.009824e-06,2.5806974e-06,6.818534
