,features.0,features.3,features.7,features.10,features.14,features.17,features.20,features.23,features.27,features.30,features.33,features.36,features.40,features.43,features.46,features.49,classifier
0,1.0145037,0.19182363,0.49822474,0.042093344,0.44388336,0.14703687,0.040090073,0.03523577,0.060351938,0.004692962,0.0002452223,1.7908567e-05,0.00024871243,9.7662836e-05,4.776392e-05,2.2281267e-06,108.309494
