Epoch,sparse_flops,val_set_gradient_magnitude,val_accuracy,test_set_gradient_magnitude,test_accuracy
-1,0,0.6690855026245117,28.14,0.6375495791435242,29.07
0,15882810240.0,0.6013826131820679,33.48,0.5715277791023254,34.13
10,174710912640.0,0.31315892934799194,82.34,0.31221550703048706,80.19
20,333539015040.0,0.2577221393585205,84.32,0.29358115792274475,82.08
30,492367117440.0,0.40290576219558716,85.58,0.409694641828537,82.63
40,651195219840.0,0.2773294746875763,87.86,0.31251001358032227,85.06
50,810023322240.0,0.19853459298610687,89.74,0.26969385147094727,86.59
