Epoch,sparse_flops,val_set_gradient_magnitude,val_accuracy,test_set_gradient_magnitude,test_accuracy
-1,0,0.656987190246582,27.92,0.6375495791435242,29.07
0,15882810240.0,0.5884095430374146,33.22,0.5727991461753845,34.36
10,174710912640.0,0.3064018487930298,83.28,0.2937525510787964,81.83
20,333539015040.0,0.24052242934703827,84.14,0.26626425981521606,82.49
30,492367117440.0,0.23883715271949768,85.72,0.21544742584228516,83.62
40,651195219840.0,0.2481261044740677,87.66,0.25105714797973633,85.5
50,810023322240.0,0.2894349992275238,89.78,0.3864452838897705,86.69
